player,team,position,scenario,player_key,pass_attempts,completions,pass_yards,pass_tds,interceptions,rush_attempts,rush_yards,rush_tds,fumbles_lost,fantasypros_points,receptions,receiving_yards,receiving_tds,field_goals_made,field_goal_attempts,extra_points_made,sacks,defensive_interceptions,fumble_recoveries,forced_fumbles,defensive_tds,safeties,points_allowed,yards_allowed,historical_made_kicks,modeled_average_fg_distance,kicker_distance_source,expected_pa_bucket_points,passing_points,rushing_points,receiving_points,fumble_points,kicking_points,dst_event_points,custom_projected_points
Aaron Rodgers,PIT,QB,consensus,aaronrodgers,527.1,339.3,3484.5,21.7,9.4,26.0,82.6,0.6,2.7,223.5,0.0,0.0,0.0,0.0,0.0,0.0,0.0,0.0,0.0,0.0,0.0,0.0,0.0,0.0,,,,0.0,250.78,11.86,0.0,-5.4,,0.0,257.24
Aaron Rodgers,PIT,QB,high,aaronrodgers,568.2,362.9,3772.6,23.0,8.0,29.0,99.7,1.0,2.0,246.0,0.0,0.0,0.0,0.0,0.0,0.0,0.0,0.0,0.0,0.0,0.0,0.0,0.0,0.0,,,,0.0,272.904,15.97,0.0,-4.0,,0.0,284.874
Aaron Rodgers,PIT,QB,low,aaronrodgers,476.0,301.0,3032.0,20.2,11.1,21.0,68.0,0.0,3.5,219.2,0.0,0.0,0.0,0.0,0.0,0.0,0.0,0.0,0.0,0.0,0.0,0.0,0.0,0.0,,,,0.0,220.28,6.8,0.0,-7.0,,0.0,220.08
Adrian Martinez,SF,QB,consensus,adrianmartinez,16.0,11.0,115.0,1.0,0.0,3.0,7.0,0.0,0.0,9.3,0.0,0.0,0.0,0.0,0.0,0.0,0.0,0.0,0.0,0.0,0.0,0.0,0.0,0.0,,,,0.0,10.6,0.7,0.0,-0.0,,0.0,11.3
Adrian Martinez,SF,QB,high,adrianmartinez,16.0,11.0,115.0,1.0,0.0,3.0,7.0,0.0,0.0,8.0,0.0,0.0,0.0,0.0,0.0,0.0,0.0,0.0,0.0,0.0,0.0,0.0,0.0,0.0,,,,0.0,10.6,0.7,0.0,-0.0,,0.0,11.3
Adrian Martinez,SF,QB,low,adrianmartinez,16.0,11.0,115.0,1.0,0.0,3.0,7.0,0.0,0.0,8.0,0.0,0.0,0.0,0.0,0.0,0.0,0.0,0.0,0.0,0.0,0.0,0.0,0.0,0.0,,,,0.0,10.6,0.7,0.0,-0.0,,0.0,11.3
Aidan O'Connell,LV,QB,consensus,aidanoconnell,0.0,0.0,0.0,0.0,0.0,0.0,0.0,0.0,0.0,0.0,0.0,0.0,0.0,0.0,0.0,0.0,0.0,0.0,0.0,0.0,0.0,0.0,0.0,0.0,,,,0.0,0.0,0.0,0.0,-0.0,,0.0,0.0
Aidan O'Connell,LV,QB,high,aidanoconnell,0.0,0.0,0.0,0.0,0.0,0.0,0.0,0.0,0.0,0.0,0.0,0.0,0.0,0.0,0.0,0.0,0.0,0.0,0.0,0.0,0.0,0.0,0.0,0.0,,,,0.0,0.0,0.0,0.0,-0.0,,0.0,0.0
Aidan O'Connell,LV,QB,low,aidanoconnell,0.0,0.0,0.0,0.0,0.0,0.0,0.0,0.0,0.0,0.0,0.0,0.0,0.0,0.0,0.0,0.0,0.0,0.0,0.0,0.0,0.0,0.0,0.0,0.0,,,,0.0,0.0,0.0,0.0,-0.0,,0.0,0.0
Andy Dalton,PHI,QB,consensus,andydalton,19.0,13.0,140.0,1.0,0.0,5.0,23.0,0.0,1.0,9.9,0.0,0.0,0.0,0.0,0.0,0.0,0.0,0.0,0.0,0.0,0.0,0.0,0.0,0.0,,,,0.0,11.6,2.3,0.0,-2.0,,0.0,11.9
Andy Dalton,PHI,QB,high,andydalton,19.0,13.0,140.0,1.0,0.0,5.0,23.0,0.0,1.0,7.0,0.0,0.0,0.0,0.0,0.0,0.0,0.0,0.0,0.0,0.0,0.0,0.0,0.0,0.0,,,,0.0,11.6,2.3,0.0,-2.0,,0.0,11.9
Andy Dalton,PHI,QB,low,andydalton,19.0,13.0,140.0,1.0,0.0,5.0,23.0,0.0,1.0,7.0,0.0,0.0,0.0,0.0,0.0,0.0,0.0,0.0,0.0,0.0,0.0,0.0,0.0,0.0,,,,0.0,11.6,2.3,0.0,-2.0,,0.0,11.9
Anthony Richardson Sr.,IND,QB,consensus,anthonyrichardson,16.0,10.0,109.0,1.0,0.0,5.0,20.0,0.0,0.0,10.4,0.0,0.0,0.0,0.0,0.0,0.0,0.0,0.0,0.0,0.0,0.0,0.0,0.0,0.0,,,,0.0,10.36,2.0,0.0,-0.0,,0.0,12.36
Anthony Richardson Sr.,IND,QB,high,anthonyrichardson,16.0,10.0,109.0,1.0,0.0,5.0,20.0,0.0,0.0,8.0,0.0,0.0,0.0,0.0,0.0,0.0,0.0,0.0,0.0,0.0,0.0,0.0,0.0,0.0,,,,0.0,10.36,2.0,0.0,-0.0,,0.0,12.36
Anthony Richardson Sr.,IND,QB,low,anthonyrichardson,16.0,10.0,109.0,1.0,0.0,5.0,20.0,0.0,0.0,8.0,0.0,0.0,0.0,0.0,0.0,0.0,0.0,0.0,0.0,0.0,0.0,0.0,0.0,0.0,,,,0.0,10.36,2.0,0.0,-0.0,,0.0,12.36
Baker Mayfield,TB,QB,consensus,bakermayfield,540.9,349.2,3842.2,25.9,12.9,57.7,362.1,1.5,3.7,281.9,0.0,0.0,0.0,0.0,0.0,0.0,0.0,0.0,0.0,0.0,0.0,0.0,0.0,0.0,,,,0.0,283.288,45.21,0.0,-7.4,,0.0,321.098
Baker Mayfield,TB,QB,high,bakermayfield,553.0,356.0,3953.0,29.0,11.6,60.0,397.0,2.0,3.0,333.0,0.0,0.0,0.0,0.0,0.0,0.0,0.0,0.0,0.0,0.0,0.0,0.0,0.0,0.0,,,,0.0,308.92,51.7,0.0,-6.0,,0.0,354.62
Baker Mayfield,TB,QB,low,bakermayfield,526.7,338.6,3750.0,24.0,15.0,54.1,323.2,1.0,4.4,264.8,0.0,0.0,0.0,0.0,0.0,0.0,0.0,0.0,0.0,0.0,0.0,0.0,0.0,0.0,,,,0.0,264.0,38.32,0.0,-8.8,,0.0,293.52
Behren Morton,NE,QB,consensus,behrenmorton,15.0,10.0,118.0,1.0,0.0,2.0,9.0,0.0,0.0,9.6,0.0,0.0,0.0,0.0,0.0,0.0,0.0,0.0,0.0,0.0,0.0,0.0,0.0,0.0,,,,0.0,10.72,0.9,0.0,-0.0,,0.0,11.62
Behren Morton,NE,QB,high,behrenmorton,15.0,10.0,118.0,1.0,0.0,2.0,9.0,0.0,0.0,8.0,0.0,0.0,0.0,0.0,0.0,0.0,0.0,0.0,0.0,0.0,0.0,0.0,0.0,0.0,,,,0.0,10.72,0.9,0.0,-0.0,,0.0,11.62
Behren Morton,NE,QB,low,behrenmorton,15.0,10.0,118.0,1.0,0.0,2.0,9.0,0.0,0.0,8.0,0.0,0.0,0.0,0.0,0.0,0.0,0.0,0.0,0.0,0.0,0.0,0.0,0.0,0.0,,,,0.0,10.72,0.9,0.0,-0.0,,0.0,11.62
Bo Nix,DEN,QB,consensus,bonix,555.2,355.3,3745.5,26.8,11.0,79.1,341.4,3.7,2.0,298.2,0.0,0.0,0.0,0.0,0.0,0.0,0.0,0.0,0.0,0.0,0.0,0.0,0.0,0.0,,,,0.0,288.62,56.34,0.0,-4.0,,0.0,340.96
Bo Nix,DEN,QB,high,bonix,574.0,364.0,3877.4,27.0,10.0,82.3,362.0,4.0,1.0,322.2,0.0,0.0,0.0,0.0,0.0,0.0,0.0,0.0,0.0,0.0,0.0,0.0,0.0,0.0,,,,0.0,297.096,60.2,0.0,-2.0,,0.0,355.296
Bo Nix,DEN,QB,low,bonix,527.0,338.0,3509.0,26.5,12.0,73.0,306.0,3.0,3.1,296.2,0.0,0.0,0.0,0.0,0.0,0.0,0.0,0.0,0.0,0.0,0.0,0.0,0.0,0.0,,,,0.0,275.36,48.6,0.0,-6.2,,0.0,317.76
Brady Cook,NYJ,QB,consensus,bradycook,10.0,6.5,60.0,0.5,0.5,2.0,10.5,0.0,0.0,5.0,0.0,0.0,0.0,0.0,0.0,0.0,0.0,0.0,0.0,0.0,0.0,0.0,0.0,0.0,,,,0.0,4.4,1.05,0.0,-0.0,,0.0,5.45
Brady Cook,NYJ,QB,high,bradycook,20.0,13.0,120.0,1.0,0.0,4.0,21.0,0.0,0.0,7.0,0.0,0.0,0.0,0.0,0.0,0.0,0.0,0.0,0.0,0.0,0.0,0.0,0.0,0.0,,,,0.0,10.8,2.1,0.0,-0.0,,0.0,12.9
Brady Cook,NYJ,QB,low,bradycook,0.0,0.0,0.0,0.0,1.0,0.0,0.0,0.0,0.0,0.0,0.0,0.0,0.0,0.0,0.0,0.0,0.0,0.0,0.0,0.0,0.0,0.0,0.0,0.0,,,,0.0,-2.0,0.0,0.0,-0.0,,0.0,-2.0
Brock Purdy,SF,QB,consensus,brockpurdy,547.6,369.7,4156.9,27.7,14.3,70.5,304.1,3.8,4.3,307.5,0.0,0.0,0.0,0.0,0.0,0.0,0.0,0.0,0.0,0.0,0.0,0.0,0.0,0.0,,,,0.0,303.876,53.21,0.0,-8.6,,0.0,348.486
Brock Purdy,SF,QB,high,brockpurdy,558.0,380.0,4180.8,30.0,13.0,81.0,349.0,5.0,3.7,350.0,0.0,0.0,0.0,0.0,0.0,0.0,0.0,0.0,0.0,0.0,0.0,0.0,0.0,0.0,,,,0.0,321.232,64.9,0.0,-7.4,,0.0,378.732
Brock Purdy,SF,QB,low,brockpurdy,529.7,352.0,4131.0,26.0,16.0,65.0,277.3,3.0,5.0,292.5,0.0,0.0,0.0,0.0,0.0,0.0,0.0,0.0,0.0,0.0,0.0,0.0,0.0,0.0,,,,0.0,289.24,45.73,0.0,-10.0,,0.0,324.97
Bryce Young,CAR,QB,consensus,bryceyoung,520.6,331.0,3424.0,22.8,12.0,57.9,261.1,3.0,3.0,254.4,0.0,0.0,0.0,0.0,0.0,0.0,0.0,0.0,0.0,0.0,0.0,0.0,0.0,0.0,,,,0.0,249.76,44.11,0.0,-6.0,,0.0,287.87
Bryce Young,CAR,QB,high,bryceyoung,539.8,335.9,3640.1,26.0,10.0,61.0,282.0,4.0,2.0,292.0,0.0,0.0,0.0,0.0,0.0,0.0,0.0,0.0,0.0,0.0,0.0,0.0,0.0,0.0,,,,0.0,281.604,52.2,0.0,-4.0,,0.0,329.804
Bryce Young,CAR,QB,low,bryceyoung,509.0,326.0,3255.0,20.3,14.0,55.0,229.0,2.1,4.0,237.5,0.0,0.0,0.0,0.0,0.0,0.0,0.0,0.0,0.0,0.0,0.0,0.0,0.0,0.0,,,,0.0,224.0,35.5,0.0,-8.0,,0.0,251.5
C.J. Stroud,HOU,QB,consensus,cjstroud,550.9,347.4,3878.4,23.5,11.4,54.4,238.8,1.0,3.5,260.9,0.0,0.0,0.0,0.0,0.0,0.0,0.0,0.0,0.0,0.0,0.0,0.0,0.0,0.0,,,,0.0,273.336,29.88,0.0,-7.0,,0.0,296.216
C.J. Stroud,HOU,QB,high,cjstroud,573.0,352.0,3950.1,28.0,10.0,57.1,249.3,1.1,3.0,310.0,0.0,0.0,0.0,0.0,0.0,0.0,0.0,0.0,0.0,0.0,0.0,0.0,0.0,0.0,,,,0.0,306.004,31.53,0.0,-6.0,,0.0,331.534
C.J. Stroud,HOU,QB,low,cjstroud,529.0,339.0,3759.0,21.0,12.1,51.0,218.0,1.0,3.9,246.6,0.0,0.0,0.0,0.0,0.0,0.0,0.0,0.0,0.0,0.0,0.0,0.0,0.0,0.0,,,,0.0,252.16,27.8,0.0,-7.8,,0.0,272.16
Cade Klubnik,NYJ,QB,consensus,cadeklubnik,20.6,13.0,136.8,0.9,0.6,1.8,8.2,0.0,0.1,9.4,0.0,0.0,0.0,0.0,0.0,0.0,0.0,0.0,0.0,0.0,0.0,0.0,0.0,0.0,,,,0.0,9.672,0.82,0.0,-0.2,,0.0,10.292
Cade Klubnik,NYJ,QB,high,cadeklubnik,25.0,16.0,177.0,1.0,0.0,2.0,9.0,0.1,0.0,12.0,0.0,0.0,0.0,0.0,0.0,0.0,0.0,0.0,0.0,0.0,0.0,0.0,0.0,0.0,,,,0.0,13.08,1.5,0.0,-0.0,,0.0,14.58
Cade Klubnik,NYJ,QB,low,cadeklubnik,15.0,10.0,90.0,0.8,1.0,1.5,6.7,0.0,0.2,7.0,0.0,0.0,0.0,0.0,0.0,0.0,0.0,0.0,0.0,0.0,0.0,0.0,0.0,0.0,,,,0.0,6.4,0.67,0.0,-0.4,,0.0,6.67
Caleb Williams,CHI,QB,consensus,calebwilliams,548.5,329.5,3867.7,27.4,9.3,79.0,398.3,2.1,3.0,301.4,0.0,0.0,0.0,0.0,0.0,0.0,0.0,0.0,0.0,0.0,0.0,0.0,0.0,0.0,,,,0.0,300.508,52.43,0.0,-6.0,,0.0,346.938
Caleb Williams,CHI,QB,high,calebwilliams,579.0,339.0,3911.0,30.0,8.0,88.0,412.0,2.3,2.0,350.0,0.0,0.0,0.0,0.0,0.0,0.0,0.0,0.0,0.0,0.0,0.0,0.0,0.0,0.0,,,,0.0,320.44,55.0,0.0,-4.0,,0.0,371.44
Caleb Williams,CHI,QB,low,calebwilliams,528.5,316.6,3821.1,25.3,10.0,71.1,381.8,2.0,4.0,281.7,0.0,0.0,0.0,0.0,0.0,0.0,0.0,0.0,0.0,0.0,0.0,0.0,0.0,0.0,,,,0.0,284.644,50.18,0.0,-8.0,,0.0,326.824
Cam Ward,TEN,QB,consensus,camward,563.6,345.0,3588.0,19.9,10.4,44.2,185.3,2.0,5.4,232.4,0.0,0.0,0.0,0.0,0.0,0.0,0.0,0.0,0.0,0.0,0.0,0.0,0.0,0.0,,,,0.0,242.12,30.53,0.0,-10.8,,0.0,261.85
Cam Ward,TEN,QB,high,camward,572.0,355.1,3759.9,24.0,10.0,49.0,207.0,3.0,4.8,259.0,0.0,0.0,0.0,0.0,0.0,0.0,0.0,0.0,0.0,0.0,0.0,0.0,0.0,0.0,,,,0.0,274.396,38.7,0.0,-9.6,,0.0,303.496
Cam Ward,TEN,QB,low,camward,557.7,331.0,3342.0,16.6,11.0,37.0,148.0,1.0,6.0,219.9,0.0,0.0,0.0,0.0,0.0,0.0,0.0,0.0,0.0,0.0,0.0,0.0,0.0,0.0,,,,0.0,211.28,20.8,0.0,-12.0,,0.0,220.08
Carson Beck,ARI,QB,consensus,carsonbeck,49.0,30.9,338.5,2.2,1.2,5.2,20.1,0.1,0.2,23.2,0.0,0.0,0.0,0.0,0.0,0.0,0.0,0.0,0.0,0.0,0.0,0.0,0.0,0.0,,,,0.0,24.34,2.61,0.0,-0.4,,0.0,26.55
Carson Beck,ARI,QB,high,carsonbeck,66.1,40.8,450.5,3.0,0.0,7.0,29.4,0.3,0.0,32.4,0.0,0.0,0.0,0.0,0.0,0.0,0.0,0.0,0.0,0.0,0.0,0.0,0.0,0.0,,,,0.0,36.02,4.74,0.0,-0.0,,0.0,40.76
Carson Beck,ARI,QB,low,carsonbeck,18.0,12.0,116.0,1.0,2.0,2.0,7.0,0.0,0.5,8.0,0.0,0.0,0.0,0.0,0.0,0.0,0.0,0.0,0.0,0.0,0.0,0.0,0.0,0.0,,,,0.0,6.64,0.7,0.0,-1.0,,0.0,6.34
Chris Oladokun,KC,QB,consensus,chrisoladokun,23.0,14.0,148.0,1.0,0.0,4.0,18.0,0.0,1.0,9.7,0.0,0.0,0.0,0.0,0.0,0.0,0.0,0.0,0.0,0.0,0.0,0.0,0.0,0.0,,,,0.0,11.92,1.8,0.0,-2.0,,0.0,11.72
Chris Oladokun,KC,QB,high,chrisoladokun,23.0,14.0,148.0,1.0,0.0,4.0,18.0,0.0,1.0,7.0,0.0,0.0,0.0,0.0,0.0,0.0,0.0,0.0,0.0,0.0,0.0,0.0,0.0,0.0,,,,0.0,11.92,1.8,0.0,-2.0,,0.0,11.72
Chris Oladokun,KC,QB,low,chrisoladokun,23.0,14.0,148.0,1.0,0.0,4.0,18.0,0.0,1.0,7.0,0.0,0.0,0.0,0.0,0.0,0.0,0.0,0.0,0.0,0.0,0.0,0.0,0.0,0.0,,,,0.0,11.92,1.8,0.0,-2.0,,0.0,11.72
Cole Payton,PHI,QB,consensus,colepayton,14.0,9.0,105.0,1.0,0.0,2.0,10.0,0.0,0.0,9.2,0.0,0.0,0.0,0.0,0.0,0.0,0.0,0.0,0.0,0.0,0.0,0.0,0.0,0.0,,,,0.0,10.2,1.0,0.0,-0.0,,0.0,11.2
Cole Payton,PHI,QB,high,colepayton,14.0,9.0,105.0,1.0,0.0,2.0,10.0,0.0,0.0,8.0,0.0,0.0,0.0,0.0,0.0,0.0,0.0,0.0,0.0,0.0,0.0,0.0,0.0,0.0,,,,0.0,10.2,1.0,0.0,-0.0,,0.0,11.2
Cole Payton,PHI,QB,low,colepayton,14.0,9.0,105.0,1.0,0.0,2.0,10.0,0.0,0.0,8.0,0.0,0.0,0.0,0.0,0.0,0.0,0.0,0.0,0.0,0.0,0.0,0.0,0.0,0.0,,,,0.0,10.2,1.0,0.0,-0.0,,0.0,11.2
Dak Prescott,DAL,QB,consensus,dakprescott,581.4,384.1,4291.9,30.9,11.3,49.1,173.4,1.7,2.8,306.2,0.0,0.0,0.0,0.0,0.0,0.0,0.0,0.0,0.0,0.0,0.0,0.0,0.0,0.0,,,,0.0,334.476,27.54,0.0,-5.6,,0.0,356.416
Dak Prescott,DAL,QB,high,dakprescott,614.0,401.0,4434.0,33.0,10.0,51.3,186.3,2.1,2.0,361.0,0.0,0.0,0.0,0.0,0.0,0.0,0.0,0.0,0.0,0.0,0.0,0.0,0.0,0.0,,,,0.0,355.36,31.23,0.0,-4.0,,0.0,382.59
Dak Prescott,DAL,QB,low,dakprescott,553.2,370.3,4112.6,29.8,12.0,45.0,161.0,1.0,3.6,286.8,0.0,0.0,0.0,0.0,0.0,0.0,0.0,0.0,0.0,0.0,0.0,0.0,0.0,0.0,,,,0.0,319.304,22.1,0.0,-7.2,,0.0,334.204
Daniel Jones,IND,QB,consensus,danieljones,513.4,337.4,3761.2,23.5,11.4,66.0,250.7,4.0,3.8,274.6,0.0,0.0,0.0,0.0,0.0,0.0,0.0,0.0,0.0,0.0,0.0,0.0,0.0,0.0,,,,0.0,268.648,49.07,0.0,-7.6,,0.0,310.118
Daniel Jones,IND,QB,high,danieljones,529.1,350.3,3845.0,30.0,11.0,73.0,307.2,5.9,3.0,324.0,0.0,0.0,0.0,0.0,0.0,0.0,0.0,0.0,0.0,0.0,0.0,0.0,0.0,0.0,,,,0.0,311.8,66.12,0.0,-6.0,,0.0,371.92
Daniel Jones,IND,QB,low,danieljones,492.0,329.0,3688.0,19.6,12.0,52.0,167.0,3.0,4.5,267.2,0.0,0.0,0.0,0.0,0.0,0.0,0.0,0.0,0.0,0.0,0.0,0.0,0.0,0.0,,,,0.0,241.12,34.7,0.0,-9.0,,0.0,266.82
Davis Mills,HOU,QB,consensus,davismills,27.1,16.7,182.5,1.3,0.5,2.7,9.0,0.0,0.1,12.7,0.0,0.0,0.0,0.0,0.0,0.0,0.0,0.0,0.0,0.0,0.0,0.0,0.0,0.0,,,,0.0,14.1,0.9,0.0,-0.2,,0.0,14.8
Davis Mills,HOU,QB,high,davismills,35.0,22.0,241.0,2.0,0.0,5.0,19.0,0.0,0.0,18.0,0.0,0.0,0.0,0.0,0.0,0.0,0.0,0.0,0.0,0.0,0.0,0.0,0.0,0.0,,,,0.0,21.64,1.9,0.0,-0.0,,0.0,23.54
Davis Mills,HOU,QB,low,davismills,23.0,14.0,146.6,0.8,1.0,1.0,3.9,0.0,0.1,8.4,0.0,0.0,0.0,0.0,0.0,0.0,0.0,0.0,0.0,0.0,0.0,0.0,0.0,0.0,,,,0.0,8.664,0.39,0.0,-0.2,,0.0,8.854
Deshaun Watson,CLE,QB,consensus,deshaunwatson,342.4,210.5,2245.8,11.8,8.3,49.7,218.6,1.3,3.8,150.7,0.0,0.0,0.0,0.0,0.0,0.0,0.0,0.0,0.0,0.0,0.0,0.0,0.0,0.0,,,,0.0,144.032,29.66,0.0,-7.6,,0.0,166.092
Deshaun Watson,CLE,QB,high,deshaunwatson,428.0,256.0,2652.0,17.0,7.0,60.0,256.0,2.0,2.7,200.0,0.0,0.0,0.0,0.0,0.0,0.0,0.0,0.0,0.0,0.0,0.0,0.0,0.0,0.0,,,,0.0,194.08,37.6,0.0,-5.4,,0.0,226.28
Deshaun Watson,CLE,QB,low,deshaunwatson,288.0,184.0,2040.4,8.3,11.0,42.0,189.0,1.0,5.0,123.9,0.0,0.0,0.0,0.0,0.0,0.0,0.0,0.0,0.0,0.0,0.0,0.0,0.0,0.0,,,,0.0,109.416,24.9,0.0,-10.0,,0.0,124.316
Drake Maye,NE,QB,consensus,drakemaye,499.5,343.3,4027.0,28.0,10.4,99.3,493.0,3.7,5.6,323.0,0.0,0.0,0.0,0.0,0.0,0.0,0.0,0.0,0.0,0.0,0.0,0.0,0.0,0.0,,,,0.0,308.28,71.5,0.0,-11.2,,0.0,368.58
Drake Maye,NE,QB,high,drakemaye,519.6,355.0,4140.0,29.0,9.0,101.0,531.9,4.1,5.1,349.0,0.0,0.0,0.0,0.0,0.0,0.0,0.0,0.0,0.0,0.0,0.0,0.0,0.0,0.0,,,,0.0,321.6,77.79,0.0,-10.2,,0.0,389.19
Drake Maye,NE,QB,low,drakemaye,474.0,327.0,3845.0,27.0,11.2,96.0,433.0,3.0,6.0,319.4,0.0,0.0,0.0,0.0,0.0,0.0,0.0,0.0,0.0,0.0,0.0,0.0,0.0,0.0,,,,0.0,293.4,61.3,0.0,-12.0,,0.0,342.7
Drew Allar,PIT,QB,consensus,drewallar,19.5,12.5,130.7,0.9,0.3,1.6,6.8,0.0,0.1,9.4,0.0,0.0,0.0,0.0,0.0,0.0,0.0,0.0,0.0,0.0,0.0,0.0,0.0,0.0,,,,0.0,10.028,0.68,0.0,-0.2,,0.0,10.508
Drew Allar,PIT,QB,high,drewallar,23.0,14.9,160.3,1.0,0.0,2.0,8.0,0.1,0.0,9.5,0.0,0.0,0.0,0.0,0.0,0.0,0.0,0.0,0.0,0.0,0.0,0.0,0.0,0.0,,,,0.0,12.412,1.4,0.0,-0.0,,0.0,13.812
Drew Allar,PIT,QB,low,drewallar,16.0,10.0,101.0,0.9,0.5,1.3,5.7,0.0,0.2,7.0,0.0,0.0,0.0,0.0,0.0,0.0,0.0,0.0,0.0,0.0,0.0,0.0,0.0,0.0,,,,0.0,8.44,0.57,0.0,-0.4,,0.0,8.61
Drew Lock,SEA,QB,consensus,drewlock,20.6,13.0,146.7,0.9,0.8,3.1,13.1,0.0,0.1,10.0,0.0,0.0,0.0,0.0,0.0,0.0,0.0,0.0,0.0,0.0,0.0,0.0,0.0,0.0,,,,0.0,9.668,1.31,0.0,-0.2,,0.0,10.778
Drew Lock,SEA,QB,high,drewlock,21.2,13.0,159.0,1.0,0.6,5.0,21.0,0.1,0.0,8.0,0.0,0.0,0.0,0.0,0.0,0.0,0.0,0.0,0.0,0.0,0.0,0.0,0.0,0.0,,,,0.0,11.16,2.7,0.0,-0.0,,0.0,13.86
Drew Lock,SEA,QB,low,drewlock,20.0,12.9,134.3,0.8,1.0,1.2,5.2,0.0,0.2,7.0,0.0,0.0,0.0,0.0,0.0,0.0,0.0,0.0,0.0,0.0,0.0,0.0,0.0,0.0,,,,0.0,8.172,0.52,0.0,-0.4,,0.0,8.292
Fernando Mendoza,LV,QB,consensus,fernandomendoza,431.6,276.2,2892.0,16.1,12.2,50.4,227.4,1.3,2.7,192.9,0.0,0.0,0.0,0.0,0.0,0.0,0.0,0.0,0.0,0.0,0.0,0.0,0.0,0.0,,,,0.0,187.88,30.54,0.0,-5.4,,0.0,213.02
Fernando Mendoza,LV,QB,high,fernandomendoza,449.8,284.6,3058.9,19.0,10.0,52.1,239.0,1.9,2.0,206.9,0.0,0.0,0.0,0.0,0.0,0.0,0.0,0.0,0.0,0.0,0.0,0.0,0.0,0.0,,,,0.0,216.356,35.3,0.0,-4.0,,0.0,247.656
Fernando Mendoza,LV,QB,low,fernandomendoza,419.0,264.0,2638.0,14.2,16.0,48.0,217.0,1.0,3.4,187.5,0.0,0.0,0.0,0.0,0.0,0.0,0.0,0.0,0.0,0.0,0.0,0.0,0.0,0.0,,,,0.0,158.72,27.7,0.0,-6.8,,0.0,179.62
Gardner Minshew II,ARI,QB,consensus,gardnerminshew,22.9,14.3,147.8,0.8,0.3,2.4,9.3,0.0,0.1,9.7,0.0,0.0,0.0,0.0,0.0,0.0,0.0,0.0,0.0,0.0,0.0,0.0,0.0,0.0,,,,0.0,10.112,0.93,0.0,-0.2,,0.0,10.842
Gardner Minshew II,ARI,QB,high,gardnerminshew,24.0,15.0,154.0,1.0,0.0,4.0,16.0,0.0,0.0,8.0,0.0,0.0,0.0,0.0,0.0,0.0,0.0,0.0,0.0,0.0,0.0,0.0,0.0,0.0,,,,0.0,12.16,1.6,0.0,-0.0,,0.0,13.76
Gardner Minshew II,ARI,QB,low,gardnerminshew,21.7,13.6,141.6,0.6,0.6,0.9,2.6,0.0,0.2,7.2,0.0,0.0,0.0,0.0,0.0,0.0,0.0,0.0,0.0,0.0,0.0,0.0,0.0,0.0,,,,0.0,8.064,0.26,0.0,-0.4,,0.0,7.924
Garrett Nussmeier,KC,QB,consensus,garrettnussmeier,17.0,11.0,111.0,1.0,0.0,2.0,8.0,0.0,0.0,9.2,0.0,0.0,0.0,0.0,0.0,0.0,0.0,0.0,0.0,0.0,0.0,0.0,0.0,0.0,,,,0.0,10.44,0.8,0.0,-0.0,,0.0,11.24
Garrett Nussmeier,KC,QB,high,garrettnussmeier,17.0,11.0,111.0,1.0,0.0,2.0,8.0,0.0,0.0,8.0,0.0,0.0,0.0,0.0,0.0,0.0,0.0,0.0,0.0,0.0,0.0,0.0,0.0,0.0,,,,0.0,10.44,0.8,0.0,-0.0,,0.0,11.24
Garrett Nussmeier,KC,QB,low,garrettnussmeier,17.0,11.0,111.0,1.0,0.0,2.0,8.0,0.0,0.0,8.0,0.0,0.0,0.0,0.0,0.0,0.0,0.0,0.0,0.0,0.0,0.0,0.0,0.0,0.0,,,,0.0,10.44,0.8,0.0,-0.0,,0.0,11.24
Geno Smith,NYJ,QB,consensus,genosmith,520.8,340.7,3459.8,22.1,14.8,57.3,210.7,1.0,2.2,234.9,0.0,0.0,0.0,0.0,0.0,0.0,0.0,0.0,0.0,0.0,0.0,0.0,0.0,0.0,,,,0.0,241.392,27.07,0.0,-4.4,,0.0,264.062
Geno Smith,NYJ,QB,high,genosmith,540.0,361.2,3815.3,25.0,14.0,58.0,255.0,1.0,1.0,250.5,0.0,0.0,0.0,0.0,0.0,0.0,0.0,0.0,0.0,0.0,0.0,0.0,0.0,0.0,,,,0.0,274.612,31.5,0.0,-2.0,,0.0,304.112
Geno Smith,NYJ,QB,low,genosmith,492.0,310.0,2945.0,20.4,16.0,56.0,157.0,1.0,3.4,232.3,0.0,0.0,0.0,0.0,0.0,0.0,0.0,0.0,0.0,0.0,0.0,0.0,0.0,0.0,,,,0.0,208.2,21.7,0.0,-6.8,,0.0,223.1
J.J. McCarthy,MIN,QB,consensus,jjmccarthy,48.6,30.2,340.6,1.8,1.4,5.9,27.0,0.2,0.4,22.5,0.0,0.0,0.0,0.0,0.0,0.0,0.0,0.0,0.0,0.0,0.0,0.0,0.0,0.0,,,,0.0,21.624,3.9,0.0,-0.8,,0.0,24.724
J.J. McCarthy,MIN,QB,high,jjmccarthy,85.7,54.5,598.8,3.4,1.0,9.8,43.9,0.6,0.0,39.8,0.0,0.0,0.0,0.0,0.0,0.0,0.0,0.0,0.0,0.0,0.0,0.0,0.0,0.0,,,,0.0,42.352,7.99,0.0,-0.0,,0.0,50.342
J.J. McCarthy,MIN,QB,low,jjmccarthy,19.0,12.0,137.0,1.0,2.3,4.0,18.0,0.0,0.8,7.0,0.0,0.0,0.0,0.0,0.0,0.0,0.0,0.0,0.0,0.0,0.0,0.0,0.0,0.0,,,,0.0,6.88,1.8,0.0,-1.6,,0.0,7.08
Jacoby Brissett,ARI,QB,consensus,jacobybrissett,541.6,347.3,3591.5,19.6,10.4,48.7,214.3,1.4,4.8,232.2,0.0,0.0,0.0,0.0,0.0,0.0,0.0,0.0,0.0,0.0,0.0,0.0,0.0,0.0,,,,0.0,240.46,29.83,0.0,-9.6,,0.0,260.69
Jacoby Brissett,ARI,QB,high,jacobybrissett,587.0,377.0,3775.0,25.0,9.2,56.0,255.0,2.0,3.7,285.0,0.0,0.0,0.0,0.0,0.0,0.0,0.0,0.0,0.0,0.0,0.0,0.0,0.0,0.0,,,,0.0,282.6,37.5,0.0,-7.4,,0.0,312.7
Jacoby Brissett,ARI,QB,low,jacobybrissett,516.8,326.8,3354.5,14.9,12.0,43.0,178.0,1.0,6.0,198.9,0.0,0.0,0.0,0.0,0.0,0.0,0.0,0.0,0.0,0.0,0.0,0.0,0.0,0.0,,,,0.0,199.58,23.8,0.0,-12.0,,0.0,211.38
Jake Browning,TB,QB,consensus,jakebrowning,22.5,14.3,157.4,1.0,0.9,3.1,15.7,0.0,0.1,11.2,0.0,0.0,0.0,0.0,0.0,0.0,0.0,0.0,0.0,0.0,0.0,0.0,0.0,0.0,,,,0.0,10.496,1.57,0.0,-0.2,,0.0,11.866
Jake Browning,TB,QB,high,jakebrowning,23.0,14.6,162.8,1.1,0.7,5.0,26.0,0.1,0.0,10.3,0.0,0.0,0.0,0.0,0.0,0.0,0.0,0.0,0.0,0.0,0.0,0.0,0.0,0.0,,,,0.0,11.712,3.2,0.0,-0.0,,0.0,14.912
Jake Browning,TB,QB,low,jakebrowning,21.9,14.0,152.0,1.0,1.0,1.3,5.5,0.0,0.1,7.0,0.0,0.0,0.0,0.0,0.0,0.0,0.0,0.0,0.0,0.0,0.0,0.0,0.0,0.0,,,,0.0,10.08,0.55,0.0,-0.2,,0.0,10.43
Jalen Hurts,PHI,QB,consensus,jalenhurts,488.0,316.9,3570.2,24.2,7.4,111.8,461.3,8.4,4.0,320.5,0.0,0.0,0.0,0.0,0.0,0.0,0.0,0.0,0.0,0.0,0.0,0.0,0.0,0.0,,,,0.0,273.208,96.53,0.0,-8.0,,0.0,361.738
Jalen Hurts,PHI,QB,high,jalenhurts,499.1,327.6,3778.7,26.0,6.0,118.0,490.0,9.2,4.0,348.0,0.0,0.0,0.0,0.0,0.0,0.0,0.0,0.0,0.0,0.0,0.0,0.0,0.0,0.0,,,,0.0,295.148,104.2,0.0,-8.0,,0.0,391.348
Jalen Hurts,PHI,QB,low,jalenhurts,471.0,302.0,3376.0,23.0,9.2,106.3,437.8,8.0,4.1,320.3,0.0,0.0,0.0,0.0,0.0,0.0,0.0,0.0,0.0,0.0,0.0,0.0,0.0,0.0,,,,0.0,254.64,91.78,0.0,-8.2,,0.0,338.22
Jalen Milroe,SEA,QB,consensus,jalenmilroe,11.0,7.0,90.0,1.0,0.0,5.0,15.0,0.0,0.0,9.1,0.0,0.0,0.0,0.0,0.0,0.0,0.0,0.0,0.0,0.0,0.0,0.0,0.0,0.0,,,,0.0,9.6,1.5,0.0,-0.0,,0.0,11.1
Jalen Milroe,SEA,QB,high,jalenmilroe,11.0,7.0,90.0,1.0,0.0,5.0,15.0,0.0,0.0,7.0,0.0,0.0,0.0,0.0,0.0,0.0,0.0,0.0,0.0,0.0,0.0,0.0,0.0,0.0,,,,0.0,9.6,1.5,0.0,-0.0,,0.0,11.1
Jalen Milroe,SEA,QB,low,jalenmilroe,11.0,7.0,90.0,1.0,0.0,5.0,15.0,0.0,0.0,7.0,0.0,0.0,0.0,0.0,0.0,0.0,0.0,0.0,0.0,0.0,0.0,0.0,0.0,0.0,,,,0.0,9.6,1.5,0.0,-0.0,,0.0,11.1
Jameis Winston,NYG,QB,consensus,jameiswinston,26.1,15.5,194.7,1.3,1.3,2.6,10.9,0.0,0.6,11.7,0.0,0.0,0.0,0.0,0.0,0.0,0.0,0.0,0.0,0.0,0.0,0.0,0.0,0.0,,,,0.0,12.988,1.09,0.0,-1.2,,0.0,12.878
Jameis Winston,NYG,QB,high,jameiswinston,35.0,20.0,277.0,2.0,0.9,5.0,22.0,0.0,0.2,19.9,0.0,0.0,0.0,0.0,0.0,0.0,0.0,0.0,0.0,0.0,0.0,0.0,0.0,0.0,,,,0.0,21.28,2.2,0.0,-0.4,,0.0,23.08
Jameis Winston,NYG,QB,low,jameiswinston,21.0,13.0,144.0,0.9,2.0,0.7,2.7,0.0,1.0,5.0,0.0,0.0,0.0,0.0,0.0,0.0,0.0,0.0,0.0,0.0,0.0,0.0,0.0,0.0,,,,0.0,7.16,0.27,0.0,-2.0,,0.0,5.43
Jared Goff,DET,QB,consensus,jaredgoff,547.0,373.8,4308.1,31.7,10.0,23.7,48.2,0.2,3.7,287.8,0.0,0.0,0.0,0.0,0.0,0.0,0.0,0.0,0.0,0.0,0.0,0.0,0.0,0.0,,,,0.0,342.524,6.02,0.0,-7.4,,0.0,341.144
Jared Goff,DET,QB,high,jaredgoff,572.0,383.0,4459.0,34.0,10.0,27.2,50.0,0.7,3.5,337.0,0.0,0.0,0.0,0.0,0.0,0.0,0.0,0.0,0.0,0.0,0.0,0.0,0.0,0.0,,,,0.0,362.36,9.2,0.0,-7.0,,0.0,364.56
Jared Goff,DET,QB,low,jaredgoff,525.0,367.0,4216.2,29.1,10.0,21.0,45.0,0.0,4.0,268.5,0.0,0.0,0.0,0.0,0.0,0.0,0.0,0.0,0.0,0.0,0.0,0.0,0.0,0.0,,,,0.0,323.248,4.5,0.0,-8.0,,0.0,319.748
Jarrett Stidham,DEN,QB,consensus,jarrettstidham,23.1,14.4,152.3,1.1,0.3,3.3,12.9,0.0,0.1,11.2,0.0,0.0,0.0,0.0,0.0,0.0,0.0,0.0,0.0,0.0,0.0,0.0,0.0,0.0,,,,0.0,12.092,1.29,0.0,-0.2,,0.0,13.182
Jarrett Stidham,DEN,QB,high,jarrettstidham,24.0,15.0,161.5,1.1,0.0,5.0,19.0,0.1,0.0,10.4,0.0,0.0,0.0,0.0,0.0,0.0,0.0,0.0,0.0,0.0,0.0,0.0,0.0,0.0,,,,0.0,13.06,2.5,0.0,-0.0,,0.0,15.56
Jarrett Stidham,DEN,QB,low,jarrettstidham,22.2,13.8,143.0,1.0,0.6,1.7,6.8,0.0,0.2,9.0,0.0,0.0,0.0,0.0,0.0,0.0,0.0,0.0,0.0,0.0,0.0,0.0,0.0,0.0,,,,0.0,10.52,0.68,0.0,-0.4,,0.0,10.8
Jaxson Dart,NYG,QB,consensus,jaxsondart,510.0,324.7,3591.5,22.3,11.1,100.9,549.1,6.5,2.9,310.0,0.0,0.0,0.0,0.0,0.0,0.0,0.0,0.0,0.0,0.0,0.0,0.0,0.0,0.0,,,,0.0,255.26,93.91,0.0,-5.8,,0.0,343.37
Jaxson Dart,NYG,QB,high,jaxsondart,517.0,331.0,3685.4,26.0,9.0,103.0,564.0,7.0,2.0,346.0,0.0,0.0,0.0,0.0,0.0,0.0,0.0,0.0,0.0,0.0,0.0,0.0,0.0,0.0,,,,0.0,285.416,98.4,0.0,-4.0,,0.0,379.816
Jaxson Dart,NYG,QB,low,jaxsondart,504.0,316.0,3519.0,20.0,14.0,99.0,531.0,6.0,3.7,300.6,0.0,0.0,0.0,0.0,0.0,0.0,0.0,0.0,0.0,0.0,0.0,0.0,0.0,0.0,,,,0.0,232.76,89.1,0.0,-7.4,,0.0,314.46
Jayden Daniels,WAS,QB,consensus,jaydendaniels,492.8,322.3,3681.3,23.8,11.0,130.0,685.7,4.7,2.8,322.6,0.0,0.0,0.0,0.0,0.0,0.0,0.0,0.0,0.0,0.0,0.0,0.0,0.0,0.0,,,,0.0,268.052,96.77,0.0,-5.6,,0.0,359.222
Jayden Daniels,WAS,QB,high,jaydendaniels,519.4,346.8,3850.9,26.0,9.9,140.0,745.0,5.1,2.0,354.0,0.0,0.0,0.0,0.0,0.0,0.0,0.0,0.0,0.0,0.0,0.0,0.0,0.0,0.0,,,,0.0,290.236,105.1,0.0,-4.0,,0.0,391.336
Jayden Daniels,WAS,QB,low,jaydendaniels,463.0,293.0,3423.0,22.4,12.0,119.0,642.0,4.0,3.7,318.3,0.0,0.0,0.0,0.0,0.0,0.0,0.0,0.0,0.0,0.0,0.0,0.0,0.0,0.0,,,,0.0,247.32,88.2,0.0,-7.4,,0.0,328.12
Joe Burrow,CIN,QB,consensus,joeburrow,591.0,395.4,4175.0,33.3,11.6,48.2,178.6,1.4,1.9,310.9,0.0,0.0,0.0,0.0,0.0,0.0,0.0,0.0,0.0,0.0,0.0,0.0,0.0,0.0,,,,0.0,343.6,26.26,0.0,-3.8,,0.0,366.06
Joe Burrow,CIN,QB,high,joeburrow,620.0,409.0,4265.0,34.0,10.0,61.0,188.8,2.1,1.0,350.0,0.0,0.0,0.0,0.0,0.0,0.0,0.0,0.0,0.0,0.0,0.0,0.0,0.0,0.0,,,,0.0,354.6,31.48,0.0,-2.0,,0.0,384.08
Joe Burrow,CIN,QB,low,joeburrow,571.9,387.2,4128.0,33.0,14.0,32.0,165.0,1.0,2.9,304.7,0.0,0.0,0.0,0.0,0.0,0.0,0.0,0.0,0.0,0.0,0.0,0.0,0.0,0.0,,,,0.0,335.12,22.5,0.0,-5.8,,0.0,351.82
Joe Flacco,CIN,QB,consensus,joeflacco,24.9,16.1,169.4,1.2,0.8,2.2,8.6,0.0,0.6,10.3,0.0,0.0,0.0,0.0,0.0,0.0,0.0,0.0,0.0,0.0,0.0,0.0,0.0,0.0,,,,0.0,12.376,0.86,0.0,-1.2,,0.0,12.036
Joe Flacco,CIN,QB,high,joeflacco,25.0,17.0,174.0,1.3,0.7,4.0,16.0,0.0,0.2,10.5,0.0,0.0,0.0,0.0,0.0,0.0,0.0,0.0,0.0,0.0,0.0,0.0,0.0,0.0,,,,0.0,13.36,1.6,0.0,-0.4,,0.0,14.56
Joe Flacco,CIN,QB,low,joeflacco,24.7,15.3,164.8,1.0,1.0,0.4,1.2,0.0,1.0,4.0,0.0,0.0,0.0,0.0,0.0,0.0,0.0,0.0,0.0,0.0,0.0,0.0,0.0,0.0,,,,0.0,10.592,0.12,0.0,-2.0,,0.0,8.712
Joe Milton III,DAL,QB,consensus,joemilton,16.3,10.3,119.3,0.7,0.3,3.0,14.3,0.0,0.0,8.5,0.0,0.0,0.0,0.0,0.0,0.0,0.0,0.0,0.0,0.0,0.0,0.0,0.0,0.0,,,,0.0,8.372,1.43,0.0,-0.0,,0.0,9.802
Joe Milton III,DAL,QB,high,joemilton,25.0,16.0,181.0,1.0,0.0,5.0,22.0,0.0,0.0,13.3,0.0,0.0,0.0,0.0,0.0,0.0,0.0,0.0,0.0,0.0,0.0,0.0,0.0,0.0,,,,0.0,13.24,2.2,0.0,-0.0,,0.0,15.44
Joe Milton III,DAL,QB,low,joemilton,0.0,0.0,0.0,0.0,1.0,0.0,0.0,0.0,0.0,0.0,0.0,0.0,0.0,0.0,0.0,0.0,0.0,0.0,0.0,0.0,0.0,0.0,0.0,0.0,,,,0.0,-2.0,0.0,0.0,-0.0,,0.0,-2.0
Jordan Love,GB,QB,consensus,jordanlove,511.1,331.3,3846.3,26.7,10.2,46.5,194.9,0.6,3.0,267.7,0.0,0.0,0.0,0.0,0.0,0.0,0.0,0.0,0.0,0.0,0.0,0.0,0.0,0.0,,,,0.0,293.652,23.09,0.0,-6.0,,0.0,310.742
Jordan Love,GB,QB,high,jordanlove,531.3,343.0,3990.8,29.0,10.0,50.4,212.6,1.0,2.0,300.0,0.0,0.0,0.0,0.0,0.0,0.0,0.0,0.0,0.0,0.0,0.0,0.0,0.0,0.0,,,,0.0,313.632,27.26,0.0,-4.0,,0.0,336.892
Jordan Love,GB,QB,low,jordanlove,474.0,309.0,3692.0,25.0,10.7,43.0,185.0,0.0,4.0,259.0,0.0,0.0,0.0,0.0,0.0,0.0,0.0,0.0,0.0,0.0,0.0,0.0,0.0,0.0,,,,0.0,276.28,18.5,0.0,-8.0,,0.0,286.78
Josh Allen,BUF,QB,consensus,joshallen,491.9,333.4,3816.5,27.4,11.2,118.1,586.0,11.8,4.1,372.5,0.0,0.0,0.0,0.0,0.0,0.0,0.0,0.0,0.0,0.0,0.0,0.0,0.0,0.0,,,,0.0,294.66,129.4,0.0,-8.2,,0.0,415.86
Josh Allen,BUF,QB,high,joshallen,508.7,340.1,3946.4,30.0,9.0,125.0,611.0,12.5,4.0,402.0,0.0,0.0,0.0,0.0,0.0,0.0,0.0,0.0,0.0,0.0,0.0,0.0,0.0,0.0,,,,0.0,319.856,136.1,0.0,-8.0,,0.0,447.956
Josh Allen,BUF,QB,low,joshallen,479.0,326.0,3716.0,26.0,13.0,113.0,567.0,11.0,4.2,369.7,0.0,0.0,0.0,0.0,0.0,0.0,0.0,0.0,0.0,0.0,0.0,0.0,0.0,0.0,,,,0.0,278.64,122.7,0.0,-8.4,,0.0,392.94
Josh Johnson,CIN,QB,consensus,joshjohnson,0.0,0.0,0.0,0.0,0.0,0.0,0.0,0.0,0.0,0.0,0.0,0.0,0.0,0.0,0.0,0.0,0.0,0.0,0.0,0.0,0.0,0.0,0.0,0.0,,,,0.0,0.0,0.0,0.0,-0.0,,0.0,0.0
Josh Johnson,CIN,QB,high,joshjohnson,0.0,0.0,0.0,0.0,0.0,0.0,0.0,0.0,0.0,0.0,0.0,0.0,0.0,0.0,0.0,0.0,0.0,0.0,0.0,0.0,0.0,0.0,0.0,0.0,,,,0.0,0.0,0.0,0.0,-0.0,,0.0,0.0
Josh Johnson,CIN,QB,low,joshjohnson,0.0,0.0,0.0,0.0,0.0,0.0,0.0,0.0,0.0,0.0,0.0,0.0,0.0,0.0,0.0,0.0,0.0,0.0,0.0,0.0,0.0,0.0,0.0,0.0,,,,0.0,0.0,0.0,0.0,-0.0,,0.0,0.0
Joshua Dobbs,DET,QB,consensus,joshuadobbs,21.7,14.8,156.5,1.0,0.3,3.3,7.9,0.1,0.1,10.7,0.0,0.0,0.0,0.0,0.0,0.0,0.0,0.0,0.0,0.0,0.0,0.0,0.0,0.0,,,,0.0,11.66,1.39,0.0,-0.2,,0.0,12.85
Joshua Dobbs,DET,QB,high,joshuadobbs,22.0,16.0,180.0,1.0,0.0,5.0,9.0,0.1,0.0,8.7,0.0,0.0,0.0,0.0,0.0,0.0,0.0,0.0,0.0,0.0,0.0,0.0,0.0,0.0,,,,0.0,13.2,1.5,0.0,-0.0,,0.0,14.7
Joshua Dobbs,DET,QB,low,joshuadobbs,21.3,13.5,132.9,0.9,0.6,1.5,6.8,0.0,0.2,8.0,0.0,0.0,0.0,0.0,0.0,0.0,0.0,0.0,0.0,0.0,0.0,0.0,0.0,0.0,,,,0.0,9.516,0.68,0.0,-0.4,,0.0,9.796
Justin Fields,KC,QB,consensus,justinfields,26.2,16.3,175.2,1.0,0.8,3.6,18.4,0.1,0.1,12.1,0.0,0.0,0.0,0.0,0.0,0.0,0.0,0.0,0.0,0.0,0.0,0.0,0.0,0.0,,,,0.0,11.408,2.44,0.0,-0.2,,0.0,13.648
Justin Fields,KC,QB,high,justinfields,35.0,22.0,237.0,1.0,0.4,4.0,21.0,0.2,0.0,15.4,0.0,0.0,0.0,0.0,0.0,0.0,0.0,0.0,0.0,0.0,0.0,0.0,0.0,0.0,,,,0.0,14.68,3.3,0.0,-0.0,,0.0,17.98
Justin Fields,KC,QB,low,justinfields,20.6,12.8,140.5,0.9,1.0,2.8,15.3,0.0,0.2,7.0,0.0,0.0,0.0,0.0,0.0,0.0,0.0,0.0,0.0,0.0,0.0,0.0,0.0,0.0,,,,0.0,9.02,1.53,0.0,-0.4,,0.0,10.15
Justin Herbert,LAC,QB,consensus,justinherbert,529.5,349.8,3858.6,26.2,11.7,78.4,450.5,2.1,2.8,299.6,0.0,0.0,0.0,0.0,0.0,0.0,0.0,0.0,0.0,0.0,0.0,0.0,0.0,0.0,,,,0.0,288.144,57.65,0.0,-5.6,,0.0,340.194
Justin Herbert,LAC,QB,high,justinherbert,534.0,352.0,3952.0,28.0,11.0,83.0,518.0,2.4,2.0,335.0,0.0,0.0,0.0,0.0,0.0,0.0,0.0,0.0,0.0,0.0,0.0,0.0,0.0,0.0,,,,0.0,304.08,66.2,0.0,-4.0,,0.0,366.28
Justin Herbert,LAC,QB,low,justinherbert,527.0,345.4,3774.0,25.0,13.0,74.0,406.5,2.0,3.6,283.6,0.0,0.0,0.0,0.0,0.0,0.0,0.0,0.0,0.0,0.0,0.0,0.0,0.0,0.0,,,,0.0,274.96,52.65,0.0,-7.2,,0.0,320.41
Kenny Pickett,CAR,QB,consensus,kennypickett,22.9,14.4,157.9,1.0,0.8,2.8,10.6,0.0,0.1,10.3,0.0,0.0,0.0,0.0,0.0,0.0,0.0,0.0,0.0,0.0,0.0,0.0,0.0,0.0,,,,0.0,10.716,1.06,0.0,-0.2,,0.0,11.576
Kenny Pickett,CAR,QB,high,kennypickett,25.0,16.0,185.0,1.0,0.5,4.0,22.0,0.0,0.0,12.0,0.0,0.0,0.0,0.0,0.0,0.0,0.0,0.0,0.0,0.0,0.0,0.0,0.0,0.0,,,,0.0,12.4,2.2,0.0,-0.0,,0.0,14.6
Kenny Pickett,CAR,QB,low,kennypickett,21.0,13.0,135.0,0.9,1.0,1.3,3.7,0.0,0.2,7.0,0.0,0.0,0.0,0.0,0.0,0.0,0.0,0.0,0.0,0.0,0.0,0.0,0.0,0.0,,,,0.0,8.8,0.37,0.0,-0.4,,0.0,8.77
Kirk Cousins,LV,QB,consensus,kirkcousins,114.3,74.6,784.5,5.0,3.9,5.2,9.0,0.1,0.9,47.2,0.0,0.0,0.0,0.0,0.0,0.0,0.0,0.0,0.0,0.0,0.0,0.0,0.0,0.0,,,,0.0,53.58,1.5,0.0,-1.8,,0.0,53.28
Kirk Cousins,LV,QB,high,kirkcousins,121.0,78.7,844.0,6.0,2.7,7.0,11.0,0.3,0.9,58.5,0.0,0.0,0.0,0.0,0.0,0.0,0.0,0.0,0.0,0.0,0.0,0.0,0.0,0.0,,,,0.0,64.36,2.9,0.0,-1.8,,0.0,65.46
Kirk Cousins,LV,QB,low,kirkcousins,103.0,70.0,677.0,4.1,5.0,3.0,7.0,0.0,1.0,38.0,0.0,0.0,0.0,0.0,0.0,0.0,0.0,0.0,0.0,0.0,0.0,0.0,0.0,0.0,,,,0.0,41.68,0.7,0.0,-2.0,,0.0,40.38
Kyle Allen,BUF,QB,consensus,kyleallen,21.0,12.4,138.4,1.0,0.6,2.0,3.6,0.0,0.1,9.1,0.0,0.0,0.0,0.0,0.0,0.0,0.0,0.0,0.0,0.0,0.0,0.0,0.0,0.0,,,,0.0,10.336,0.36,0.0,-0.2,,0.0,10.496
Kyle Allen,BUF,QB,high,kyleallen,26.0,16.0,181.0,1.0,0.0,3.0,6.0,0.0,0.0,11.8,0.0,0.0,0.0,0.0,0.0,0.0,0.0,0.0,0.0,0.0,0.0,0.0,0.0,0.0,,,,0.0,13.24,0.6,0.0,-0.0,,0.0,13.84
Kyle Allen,BUF,QB,low,kyleallen,15.0,8.0,96.0,0.9,1.0,1.1,2.0,0.0,0.2,7.0,0.0,0.0,0.0,0.0,0.0,0.0,0.0,0.0,0.0,0.0,0.0,0.0,0.0,0.0,,,,0.0,7.24,0.2,0.0,-0.4,,0.0,7.04
Kyler Murray,MIN,QB,consensus,kylermurray,497.7,329.9,3499.1,23.5,14.0,79.6,476.3,3.4,3.8,280.2,0.0,0.0,0.0,0.0,0.0,0.0,0.0,0.0,0.0,0.0,0.0,0.0,0.0,0.0,,,,0.0,252.964,68.03,0.0,-7.6,,0.0,313.394
Kyler Murray,MIN,QB,high,kylermurray,525.0,346.0,3672.0,28.0,10.0,85.0,494.0,4.0,3.5,315.0,0.0,0.0,0.0,0.0,0.0,0.0,0.0,0.0,0.0,0.0,0.0,0.0,0.0,0.0,,,,0.0,294.88,73.4,0.0,-7.0,,0.0,361.28
Kyler Murray,MIN,QB,low,kylermurray,478.0,313.0,3347.4,19.5,20.0,70.9,443.8,3.0,4.0,250.6,0.0,0.0,0.0,0.0,0.0,0.0,0.0,0.0,0.0,0.0,0.0,0.0,0.0,0.0,,,,0.0,210.896,62.38,0.0,-8.0,,0.0,265.276
Lamar Jackson,BAL,QB,consensus,lamarjackson,448.9,292.0,3651.9,28.3,9.6,118.4,639.7,3.2,4.2,324.9,0.0,0.0,0.0,0.0,0.0,0.0,0.0,0.0,0.0,0.0,0.0,0.0,0.0,0.0,,,,0.0,296.676,83.17,0.0,-8.4,,0.0,371.446
Lamar Jackson,BAL,QB,high,lamarjackson,475.0,304.0,3887.7,33.0,8.0,127.0,671.2,3.7,4.0,362.0,0.0,0.0,0.0,0.0,0.0,0.0,0.0,0.0,0.0,0.0,0.0,0.0,0.0,0.0,,,,0.0,337.508,89.32,0.0,-8.0,,0.0,418.828
Lamar Jackson,BAL,QB,low,lamarjackson,405.0,269.0,3364.0,26.0,11.0,106.0,602.0,3.0,4.3,322.9,0.0,0.0,0.0,0.0,0.0,0.0,0.0,0.0,0.0,0.0,0.0,0.0,0.0,0.0,,,,0.0,268.56,78.2,0.0,-8.6,,0.0,338.16
Mac Jones,SF,QB,consensus,macjones,22.5,14.9,160.2,1.0,0.5,2.7,8.4,0.0,0.1,10.5,0.0,0.0,0.0,0.0,0.0,0.0,0.0,0.0,0.0,0.0,0.0,0.0,0.0,0.0,,,,0.0,11.408,0.84,0.0,-0.2,,0.0,12.048
Mac Jones,SF,QB,high,macjones,23.0,15.0,168.0,1.0,0.0,5.0,18.0,0.0,0.0,11.2,0.0,0.0,0.0,0.0,0.0,0.0,0.0,0.0,0.0,0.0,0.0,0.0,0.0,0.0,,,,0.0,12.72,1.8,0.0,-0.0,,0.0,14.52
Mac Jones,SF,QB,low,macjones,22.0,14.8,145.7,1.0,1.0,1.0,2.2,0.0,0.1,7.0,0.0,0.0,0.0,0.0,0.0,0.0,0.0,0.0,0.0,0.0,0.0,0.0,0.0,0.0,,,,0.0,9.828,0.22,0.0,-0.2,,0.0,9.848
Malik Willis,MIA,QB,consensus,malikwillis,493.3,318.2,3371.4,18.1,12.5,124.9,642.4,4.1,6.1,271.5,0.0,0.0,0.0,0.0,0.0,0.0,0.0,0.0,0.0,0.0,0.0,0.0,0.0,0.0,,,,0.0,218.456,88.84,0.0,-12.2,,0.0,295.096
Malik Willis,MIA,QB,high,malikwillis,515.0,322.6,3560.2,26.0,10.0,145.0,724.0,5.0,6.0,321.0,0.0,0.0,0.0,0.0,0.0,0.0,0.0,0.0,0.0,0.0,0.0,0.0,0.0,0.0,,,,0.0,278.408,102.4,0.0,-12.0,,0.0,368.808
Malik Willis,MIA,QB,low,malikwillis,460.0,313.0,3104.0,13.2,17.0,105.6,546.3,3.4,6.2,239.1,0.0,0.0,0.0,0.0,0.0,0.0,0.0,0.0,0.0,0.0,0.0,0.0,0.0,0.0,,,,0.0,169.36,75.03,0.0,-12.4,,0.0,231.99
Marcus Mariota,WAS,QB,consensus,marcusmariota,34.3,21.7,254.0,2.0,0.8,1.4,7.9,0.0,0.1,18.0,0.0,0.0,0.0,0.0,0.0,0.0,0.0,0.0,0.0,0.0,0.0,0.0,0.0,0.0,,,,0.0,20.56,0.79,0.0,-0.2,,0.0,21.15
Marcus Mariota,WAS,QB,high,marcusmariota,46.0,29.0,342.0,3.0,0.7,1.8,9.8,0.1,0.0,21.0,0.0,0.0,0.0,0.0,0.0,0.0,0.0,0.0,0.0,0.0,0.0,0.0,0.0,0.0,,,,0.0,30.28,1.58,0.0,-0.0,,0.0,31.86
Marcus Mariota,WAS,QB,low,marcusmariota,22.6,14.3,166.1,1.0,1.0,1.0,6.0,0.0,0.2,10.2,0.0,0.0,0.0,0.0,0.0,0.0,0.0,0.0,0.0,0.0,0.0,0.0,0.0,0.0,,,,0.0,10.644,0.6,0.0,-0.4,,0.0,10.844
Mason Rudolph,PIT,QB,consensus,masonrudolph,10.5,6.5,67.5,0.5,0.0,2.0,8.5,0.0,0.0,5.6,0.0,0.0,0.0,0.0,0.0,0.0,0.0,0.0,0.0,0.0,0.0,0.0,0.0,0.0,,,,0.0,5.7,0.85,0.0,-0.0,,0.0,6.55
Mason Rudolph,PIT,QB,high,masonrudolph,21.0,13.0,135.0,1.0,0.0,4.0,17.0,0.0,0.0,9.0,0.0,0.0,0.0,0.0,0.0,0.0,0.0,0.0,0.0,0.0,0.0,0.0,0.0,0.0,,,,0.0,11.4,1.7,0.0,-0.0,,0.0,13.1
Mason Rudolph,PIT,QB,low,masonrudolph,0.0,0.0,0.0,0.0,0.0,0.0,0.0,0.0,0.0,0.0,0.0,0.0,0.0,0.0,0.0,0.0,0.0,0.0,0.0,0.0,0.0,0.0,0.0,0.0,,,,0.0,0.0,0.0,0.0,-0.0,,0.0,0.0
Matthew Stafford,LAR,QB,consensus,matthewstafford,546.9,352.7,4190.9,34.0,8.6,23.7,33.1,0.2,2.8,294.0,0.0,0.0,0.0,0.0,0.0,0.0,0.0,0.0,0.0,0.0,0.0,0.0,0.0,0.0,,,,0.0,354.436,4.51,0.0,-5.6,,0.0,353.346
Matthew Stafford,LAR,QB,high,matthewstafford,557.8,359.0,4281.7,34.9,7.0,27.0,39.4,0.6,2.0,341.0,0.0,0.0,0.0,0.0,0.0,0.0,0.0,0.0,0.0,0.0,0.0,0.0,0.0,0.0,,,,0.0,366.668,7.54,0.0,-4.0,,0.0,370.208
Matthew Stafford,LAR,QB,low,matthewstafford,539.0,343.0,4049.0,33.0,9.7,17.0,22.0,0.0,3.5,293.2,0.0,0.0,0.0,0.0,0.0,0.0,0.0,0.0,0.0,0.0,0.0,0.0,0.0,0.0,,,,0.0,340.56,2.2,0.0,-7.0,,0.0,335.76
Michael Penix Jr.,ATL,QB,consensus,michaelpenix,188.7,119.1,1349.5,7.2,3.7,13.5,46.9,0.3,1.0,83.5,0.0,0.0,0.0,0.0,0.0,0.0,0.0,0.0,0.0,0.0,0.0,0.0,0.0,0.0,,,,0.0,89.78,6.49,0.0,-2.0,,0.0,94.27
Michael Penix Jr.,ATL,QB,high,michaelpenix,265.2,168.3,1884.4,9.5,2.0,19.4,76.8,0.9,0.0,113.6,0.0,0.0,0.0,0.0,0.0,0.0,0.0,0.0,0.0,0.0,0.0,0.0,0.0,0.0,,,,0.0,128.376,13.08,0.0,-0.0,,0.0,141.456
Michael Penix Jr.,ATL,QB,low,michaelpenix,82.0,53.0,609.0,4.0,5.1,6.0,18.0,0.0,1.9,37.0,0.0,0.0,0.0,0.0,0.0,0.0,0.0,0.0,0.0,0.0,0.0,0.0,0.0,0.0,,,,0.0,38.16,1.8,0.0,-3.8,,0.0,36.16
Mitchell Trubisky,TEN,QB,consensus,mitchelltrubisky,23.3,13.5,138.6,0.8,0.4,2.6,4.8,0.0,0.1,9.0,0.0,0.0,0.0,0.0,0.0,0.0,0.0,0.0,0.0,0.0,0.0,0.0,0.0,0.0,,,,0.0,9.544,0.48,0.0,-0.2,,0.0,9.824
Mitchell Trubisky,TEN,QB,high,mitchelltrubisky,23.6,15.0,154.2,1.0,0.0,4.0,7.0,0.1,0.0,8.0,0.0,0.0,0.0,0.0,0.0,0.0,0.0,0.0,0.0,0.0,0.0,0.0,0.0,0.0,,,,0.0,12.168,1.3,0.0,-0.0,,0.0,13.468
Mitchell Trubisky,TEN,QB,low,mitchelltrubisky,23.0,12.0,123.0,0.7,0.7,1.1,2.5,0.0,0.1,7.8,0.0,0.0,0.0,0.0,0.0,0.0,0.0,0.0,0.0,0.0,0.0,0.0,0.0,0.0,,,,0.0,7.72,0.25,0.0,-0.2,,0.0,7.77
Nick Mullens,JAC,QB,consensus,nickmullens,19.3,13.2,140.7,1.1,0.4,3.1,3.7,0.0,0.1,9.8,0.0,0.0,0.0,0.0,0.0,0.0,0.0,0.0,0.0,0.0,0.0,0.0,0.0,0.0,,,,0.0,11.428,0.37,0.0,-0.2,,0.0,11.598
Nick Mullens,JAC,QB,high,nickmullens,23.7,15.4,179.5,1.1,0.0,5.0,4.0,0.0,0.0,10.3,0.0,0.0,0.0,0.0,0.0,0.0,0.0,0.0,0.0,0.0,0.0,0.0,0.0,0.0,,,,0.0,13.78,0.4,0.0,-0.0,,0.0,14.18
Nick Mullens,JAC,QB,low,nickmullens,15.0,11.0,102.0,1.0,0.9,1.1,3.4,0.0,0.2,8.0,0.0,0.0,0.0,0.0,0.0,0.0,0.0,0.0,0.0,0.0,0.0,0.0,0.0,0.0,,,,0.0,8.28,0.34,0.0,-0.4,,0.0,8.22
Patrick Mahomes II,KC,QB,consensus,patrickmahomes,554.9,353.8,3839.7,27.5,11.6,60.4,359.3,3.4,2.0,304.3,0.0,0.0,0.0,0.0,0.0,0.0,0.0,0.0,0.0,0.0,0.0,0.0,0.0,0.0,,,,0.0,295.388,56.33,0.0,-4.0,,0.0,347.718
Patrick Mahomes II,KC,QB,high,patrickmahomes,567.0,358.3,4001.0,29.0,11.0,71.0,436.0,4.0,1.0,345.0,0.0,0.0,0.0,0.0,0.0,0.0,0.0,0.0,0.0,0.0,0.0,0.0,0.0,0.0,,,,0.0,312.04,67.6,0.0,-2.0,,0.0,377.64
Patrick Mahomes II,KC,QB,low,patrickmahomes,547.0,350.0,3687.0,26.4,12.0,53.1,315.0,3.0,3.0,291.3,0.0,0.0,0.0,0.0,0.0,0.0,0.0,0.0,0.0,0.0,0.0,0.0,0.0,0.0,,,,0.0,281.88,49.5,0.0,-6.0,,0.0,325.38
Quinn Ewers,MIA,QB,consensus,quinnewers,24.5,16.0,167.7,1.2,0.9,3.0,11.7,0.0,0.1,11.6,0.0,0.0,0.0,0.0,0.0,0.0,0.0,0.0,0.0,0.0,0.0,0.0,0.0,0.0,,,,0.0,12.108,1.17,0.0,-0.2,,0.0,13.078
Quinn Ewers,MIA,QB,high,quinnewers,32.0,21.0,226.0,2.0,0.6,4.0,19.0,0.0,0.0,18.2,0.0,0.0,0.0,0.0,0.0,0.0,0.0,0.0,0.0,0.0,0.0,0.0,0.0,0.0,,,,0.0,19.84,1.9,0.0,-0.0,,0.0,21.74
Quinn Ewers,MIA,QB,low,quinnewers,19.0,13.0,124.0,0.6,1.0,1.0,4.0,0.0,0.2,7.0,0.0,0.0,0.0,0.0,0.0,0.0,0.0,0.0,0.0,0.0,0.0,0.0,0.0,0.0,,,,0.0,6.56,0.4,0.0,-0.4,,0.0,6.56
Riley Leonard,IND,QB,consensus,rileyleonard,27.3,17.2,192.8,1.3,0.5,2.7,11.5,0.0,0.6,12.4,0.0,0.0,0.0,0.0,0.0,0.0,0.0,0.0,0.0,0.0,0.0,0.0,0.0,0.0,,,,0.0,14.512,1.15,0.0,-1.2,,0.0,14.462
Riley Leonard,IND,QB,high,rileyleonard,37.0,23.0,259.0,2.0,0.0,5.0,20.0,0.1,0.2,19.3,0.0,0.0,0.0,0.0,0.0,0.0,0.0,0.0,0.0,0.0,0.0,0.0,0.0,0.0,,,,0.0,22.36,2.6,0.0,-0.4,,0.0,24.56
Riley Leonard,IND,QB,low,rileyleonard,22.0,14.0,158.5,0.8,1.0,1.2,5.5,0.0,1.0,7.0,0.0,0.0,0.0,0.0,0.0,0.0,0.0,0.0,0.0,0.0,0.0,0.0,0.0,0.0,,,,0.0,9.14,0.55,0.0,-2.0,,0.0,7.69
Sam Darnold,SEA,QB,consensus,samdarnold,506.9,337.0,4090.7,27.3,12.8,44.0,131.9,0.6,5.3,266.6,0.0,0.0,0.0,0.0,0.0,0.0,0.0,0.0,0.0,0.0,0.0,0.0,0.0,0.0,,,,0.0,301.828,16.79,0.0,-10.6,,0.0,308.018
Sam Darnold,SEA,QB,high,samdarnold,512.6,339.0,4130.0,32.0,12.4,48.0,145.0,1.0,4.6,315.0,0.0,0.0,0.0,0.0,0.0,0.0,0.0,0.0,0.0,0.0,0.0,0.0,0.0,0.0,,,,0.0,332.4,20.5,0.0,-9.2,,0.0,343.7
Sam Darnold,SEA,QB,low,samdarnold,498.0,335.1,4013.2,24.0,13.0,40.0,125.0,0.0,6.0,242.6,0.0,0.0,0.0,0.0,0.0,0.0,0.0,0.0,0.0,0.0,0.0,0.0,0.0,0.0,,,,0.0,278.528,12.5,0.0,-12.0,,0.0,279.028
Sam Howell,DAL,QB,consensus,samhowell,21.9,13.8,144.5,1.1,0.7,1.3,6.9,0.1,0.1,10.2,0.0,0.0,0.0,0.0,0.0,0.0,0.0,0.0,0.0,0.0,0.0,0.0,0.0,0.0,,,,0.0,10.98,1.29,0.0,-0.2,,0.0,12.07
Sam Howell,DAL,QB,high,samhowell,21.9,13.8,144.5,1.1,0.7,1.3,6.9,0.1,0.1,9.6,0.0,0.0,0.0,0.0,0.0,0.0,0.0,0.0,0.0,0.0,0.0,0.0,0.0,0.0,,,,0.0,10.98,1.29,0.0,-0.2,,0.0,12.07
Sam Howell,DAL,QB,low,samhowell,21.9,13.8,144.5,1.1,0.7,1.3,6.9,0.1,0.1,9.6,0.0,0.0,0.0,0.0,0.0,0.0,0.0,0.0,0.0,0.0,0.0,0.0,0.0,0.0,,,,0.0,10.98,1.29,0.0,-0.2,,0.0,12.07
Shane Buechele,BUF,QB,consensus,shanebuechele,20.0,14.0,151.0,1.0,0.0,4.0,20.0,0.0,0.0,12.0,0.0,0.0,0.0,0.0,0.0,0.0,0.0,0.0,0.0,0.0,0.0,0.0,0.0,0.0,,,,0.0,12.04,2.0,0.0,-0.0,,0.0,14.04
Shane Buechele,BUF,QB,high,shanebuechele,20.0,14.0,151.0,1.0,0.0,4.0,20.0,0.0,0.0,9.0,0.0,0.0,0.0,0.0,0.0,0.0,0.0,0.0,0.0,0.0,0.0,0.0,0.0,0.0,,,,0.0,12.04,2.0,0.0,-0.0,,0.0,14.04
Shane Buechele,BUF,QB,low,shanebuechele,20.0,14.0,151.0,1.0,0.0,4.0,20.0,0.0,0.0,9.0,0.0,0.0,0.0,0.0,0.0,0.0,0.0,0.0,0.0,0.0,0.0,0.0,0.0,0.0,,,,0.0,12.04,2.0,0.0,-0.0,,0.0,14.04
Shedeur Sanders,CLE,QB,consensus,shedeursanders,202.2,122.4,1364.2,7.1,5.5,21.1,122.3,0.5,1.2,90.7,0.0,0.0,0.0,0.0,0.0,0.0,0.0,0.0,0.0,0.0,0.0,0.0,0.0,0.0,,,,0.0,86.168,15.23,0.0,-2.4,,0.0,98.998
Shedeur Sanders,CLE,QB,high,shedeursanders,268.0,156.0,1798.0,10.0,3.0,32.0,182.0,1.0,1.0,136.1,0.0,0.0,0.0,0.0,0.0,0.0,0.0,0.0,0.0,0.0,0.0,0.0,0.0,0.0,,,,0.0,125.92,24.2,0.0,-2.0,,0.0,148.12
Shedeur Sanders,CLE,QB,low,shedeursanders,107.0,64.0,663.0,4.0,8.0,10.0,65.0,0.0,1.4,36.0,0.0,0.0,0.0,0.0,0.0,0.0,0.0,0.0,0.0,0.0,0.0,0.0,0.0,0.0,,,,0.0,34.52,6.5,0.0,-2.8,,0.0,38.22
Spencer Rattler,NO,QB,consensus,spencerrattler,22.9,14.9,157.2,0.9,0.8,2.7,12.1,0.0,0.1,10.2,0.0,0.0,0.0,0.0,0.0,0.0,0.0,0.0,0.0,0.0,0.0,0.0,0.0,0.0,,,,0.0,10.088,1.21,0.0,-0.2,,0.0,11.098
Spencer Rattler,NO,QB,high,spencerrattler,23.0,15.0,161.0,1.0,0.5,4.0,17.0,0.0,0.0,9.0,0.0,0.0,0.0,0.0,0.0,0.0,0.0,0.0,0.0,0.0,0.0,0.0,0.0,0.0,,,,0.0,11.44,1.7,0.0,-0.0,,0.0,13.14
Spencer Rattler,NO,QB,low,spencerrattler,22.8,14.9,153.5,0.8,1.0,1.3,7.1,0.0,0.2,7.0,0.0,0.0,0.0,0.0,0.0,0.0,0.0,0.0,0.0,0.0,0.0,0.0,0.0,0.0,,,,0.0,8.94,0.71,0.0,-0.4,,0.0,9.25
Stetson Bennett IV,LAR,QB,consensus,stetsonbennett,0.0,0.0,0.0,0.0,0.0,0.0,0.0,0.0,0.0,0.0,0.0,0.0,0.0,0.0,0.0,0.0,0.0,0.0,0.0,0.0,0.0,0.0,0.0,0.0,,,,0.0,0.0,0.0,0.0,-0.0,,0.0,0.0
Stetson Bennett IV,LAR,QB,high,stetsonbennett,0.0,0.0,0.0,0.0,0.0,0.0,0.0,0.0,0.0,0.0,0.0,0.0,0.0,0.0,0.0,0.0,0.0,0.0,0.0,0.0,0.0,0.0,0.0,0.0,,,,0.0,0.0,0.0,0.0,-0.0,,0.0,0.0
Stetson Bennett IV,LAR,QB,low,stetsonbennett,0.0,0.0,0.0,0.0,0.0,0.0,0.0,0.0,0.0,0.0,0.0,0.0,0.0,0.0,0.0,0.0,0.0,0.0,0.0,0.0,0.0,0.0,0.0,0.0,,,,0.0,0.0,0.0,0.0,-0.0,,0.0,0.0
Tanner McKee,PHI,QB,consensus,tannermckee,20.3,12.8,141.0,1.0,0.2,3.0,9.9,0.0,0.0,10.3,0.0,0.0,0.0,0.0,0.0,0.0,0.0,0.0,0.0,0.0,0.0,0.0,0.0,0.0,,,,0.0,11.24,0.99,0.0,-0.0,,0.0,12.23
Tanner McKee,PHI,QB,high,tannermckee,21.7,13.7,153.0,1.0,0.0,5.0,16.0,0.0,0.0,9.5,0.0,0.0,0.0,0.0,0.0,0.0,0.0,0.0,0.0,0.0,0.0,0.0,0.0,0.0,,,,0.0,12.12,1.6,0.0,-0.0,,0.0,13.72
Tanner McKee,PHI,QB,low,tannermckee,19.0,12.0,129.0,1.0,0.5,1.0,3.7,0.0,0.1,8.0,0.0,0.0,0.0,0.0,0.0,0.0,0.0,0.0,0.0,0.0,0.0,0.0,0.0,0.0,,,,0.0,10.16,0.37,0.0,-0.2,,0.0,10.33
Tommy DeVito,NE,QB,consensus,tommydevito,22.5,14.7,149.9,1.0,0.4,1.9,9.5,0.1,0.1,10.6,0.0,0.0,0.0,0.0,0.0,0.0,0.0,0.0,0.0,0.0,0.0,0.0,0.0,0.0,,,,0.0,11.196,1.55,0.0,-0.2,,0.0,12.546
Tommy DeVito,NE,QB,high,tommydevito,22.5,14.7,149.9,1.0,0.4,1.9,9.5,0.1,0.1,10.3,0.0,0.0,0.0,0.0,0.0,0.0,0.0,0.0,0.0,0.0,0.0,0.0,0.0,0.0,,,,0.0,11.196,1.55,0.0,-0.2,,0.0,12.546
Tommy DeVito,NE,QB,low,tommydevito,22.5,14.7,149.9,1.0,0.4,1.9,9.5,0.1,0.1,10.3,0.0,0.0,0.0,0.0,0.0,0.0,0.0,0.0,0.0,0.0,0.0,0.0,0.0,0.0,,,,0.0,11.196,1.55,0.0,-0.2,,0.0,12.546
Trevor Lawrence,JAC,QB,consensus,trevorlawrence,546.0,336.1,3908.5,27.0,13.0,72.5,321.9,4.9,3.4,306.2,0.0,0.0,0.0,0.0,0.0,0.0,0.0,0.0,0.0,0.0,0.0,0.0,0.0,0.0,,,,0.0,292.34,61.59,0.0,-6.8,,0.0,347.13
Trevor Lawrence,JAC,QB,high,trevorlawrence,560.0,347.3,3948.0,31.0,11.0,77.0,334.8,6.0,3.0,357.0,0.0,0.0,0.0,0.0,0.0,0.0,0.0,0.0,0.0,0.0,0.0,0.0,0.0,0.0,,,,0.0,321.92,69.48,0.0,-6.0,,0.0,385.4
Trevor Lawrence,JAC,QB,low,trevorlawrence,537.0,326.0,3845.0,24.9,15.0,67.0,301.0,4.0,3.8,288.3,0.0,0.0,0.0,0.0,0.0,0.0,0.0,0.0,0.0,0.0,0.0,0.0,0.0,0.0,,,,0.0,273.2,54.1,0.0,-7.6,,0.0,319.7
Trey Lance,LAC,QB,consensus,treylance,22.2,13.6,148.3,1.0,0.8,2.7,12.9,0.0,0.1,10.4,0.0,0.0,0.0,0.0,0.0,0.0,0.0,0.0,0.0,0.0,0.0,0.0,0.0,0.0,,,,0.0,10.332,1.29,0.0,-0.2,,0.0,11.422
Trey Lance,LAC,QB,high,treylance,22.4,14.0,149.0,1.0,0.6,4.0,19.0,0.1,0.0,9.4,0.0,0.0,0.0,0.0,0.0,0.0,0.0,0.0,0.0,0.0,0.0,0.0,0.0,0.0,,,,0.0,10.76,2.5,0.0,-0.0,,0.0,13.26
Trey Lance,LAC,QB,low,treylance,22.0,13.2,147.5,1.0,1.0,1.5,6.8,0.0,0.1,7.0,0.0,0.0,0.0,0.0,0.0,0.0,0.0,0.0,0.0,0.0,0.0,0.0,0.0,0.0,,,,0.0,9.9,0.68,0.0,-0.2,,0.0,10.38
Tua Tagovailoa,ATL,QB,consensus,tuatagovailoa,378.9,248.7,2722.6,15.8,8.3,19.6,46.6,0.1,2.3,164.5,0.0,0.0,0.0,0.0,0.0,0.0,0.0,0.0,0.0,0.0,0.0,0.0,0.0,0.0,,,,0.0,187.104,5.26,0.0,-4.6,,0.0,187.764
Tua Tagovailoa,ATL,QB,high,tuatagovailoa,466.0,299.0,3453.0,24.0,7.0,25.0,54.0,0.3,2.0,254.0,0.0,0.0,0.0,0.0,0.0,0.0,0.0,0.0,0.0,0.0,0.0,0.0,0.0,0.0,,,,0.0,268.12,7.2,0.0,-4.0,,0.0,271.32
Tua Tagovailoa,ATL,QB,low,tuatagovailoa,301.7,204.1,2170.7,10.4,10.0,15.9,42.0,0.0,2.5,114.9,0.0,0.0,0.0,0.0,0.0,0.0,0.0,0.0,0.0,0.0,0.0,0.0,0.0,0.0,,,,0.0,129.228,4.2,0.0,-5.0,,0.0,128.428
Ty Simpson,LAR,QB,consensus,tysimpson,40.9,25.8,298.2,2.6,0.8,4.1,18.4,0.0,0.1,23.4,0.0,0.0,0.0,0.0,0.0,0.0,0.0,0.0,0.0,0.0,0.0,0.0,0.0,0.0,,,,0.0,25.928,1.84,0.0,-0.2,,0.0,27.568
Ty Simpson,LAR,QB,high,tysimpson,60.0,38.0,450.0,4.0,0.6,7.0,32.0,0.1,0.0,34.0,0.0,0.0,0.0,0.0,0.0,0.0,0.0,0.0,0.0,0.0,0.0,0.0,0.0,0.0,,,,0.0,40.8,3.8,0.0,-0.0,,0.0,44.6
Ty Simpson,LAR,QB,low,tysimpson,21.9,13.5,146.4,1.2,1.0,1.1,4.8,0.0,0.2,10.0,0.0,0.0,0.0,0.0,0.0,0.0,0.0,0.0,0.0,0.0,0.0,0.0,0.0,0.0,,,,0.0,11.056,0.48,0.0,-0.4,,0.0,11.136
Tyler Huntley,BAL,QB,consensus,tylerhuntley,18.3,11.8,130.9,0.9,0.3,3.5,18.7,0.0,0.1,10.6,0.0,0.0,0.0,0.0,0.0,0.0,0.0,0.0,0.0,0.0,0.0,0.0,0.0,0.0,,,,0.0,10.036,1.87,0.0,-0.2,,0.0,11.706
Tyler Huntley,BAL,QB,high,tylerhuntley,19.5,12.6,133.0,1.0,0.0,5.0,28.0,0.1,0.0,9.0,0.0,0.0,0.0,0.0,0.0,0.0,0.0,0.0,0.0,0.0,0.0,0.0,0.0,0.0,,,,0.0,11.32,3.4,0.0,-0.0,,0.0,14.72
Tyler Huntley,BAL,QB,low,tylerhuntley,17.0,11.0,128.7,0.9,0.5,2.0,9.5,0.0,0.1,8.7,0.0,0.0,0.0,0.0,0.0,0.0,0.0,0.0,0.0,0.0,0.0,0.0,0.0,0.0,,,,0.0,9.548,0.95,0.0,-0.2,,0.0,10.298
Tyler Shough,NO,QB,consensus,tylershough,554.8,365.7,3984.1,22.2,11.7,78.2,329.9,4.1,3.6,286.7,0.0,0.0,0.0,0.0,0.0,0.0,0.0,0.0,0.0,0.0,0.0,0.0,0.0,0.0,,,,0.0,269.164,57.59,0.0,-7.2,,0.0,319.554
Tyler Shough,NO,QB,high,tylershough,563.0,371.0,4051.0,24.0,10.0,94.0,377.0,4.3,3.2,311.7,0.0,0.0,0.0,0.0,0.0,0.0,0.0,0.0,0.0,0.0,0.0,0.0,0.0,0.0,,,,0.0,286.04,63.5,0.0,-6.4,,0.0,343.14
Tyler Shough,NO,QB,low,tylershough,545.3,355.0,3886.4,20.5,14.0,65.7,285.6,4.0,4.0,266.1,0.0,0.0,0.0,0.0,0.0,0.0,0.0,0.0,0.0,0.0,0.0,0.0,0.0,0.0,,,,0.0,250.456,52.56,0.0,-8.0,,0.0,295.016
Tyrod Taylor,GB,QB,consensus,tyrodtaylor,25.0,15.4,173.5,0.9,0.8,2.1,10.7,0.0,0.2,10.9,0.0,0.0,0.0,0.0,0.0,0.0,0.0,0.0,0.0,0.0,0.0,0.0,0.0,0.0,,,,0.0,10.74,1.07,0.0,-0.4,,0.0,11.41
Tyrod Taylor,GB,QB,high,tyrodtaylor,30.0,18.0,211.0,1.0,0.5,2.3,12.4,0.1,0.2,13.3,0.0,0.0,0.0,0.0,0.0,0.0,0.0,0.0,0.0,0.0,0.0,0.0,0.0,0.0,,,,0.0,13.44,1.84,0.0,-0.4,,0.0,14.88
Tyrod Taylor,GB,QB,low,tyrodtaylor,20.0,12.7,135.9,0.9,1.0,2.0,9.0,0.0,0.2,9.2,0.0,0.0,0.0,0.0,0.0,0.0,0.0,0.0,0.0,0.0,0.0,0.0,0.0,0.0,,,,0.0,8.836,0.9,0.0,-0.4,,0.0,9.336
Tyson Bagent,CHI,QB,consensus,tysonbagent,23.0,15.1,169.6,1.0,0.2,2.8,8.6,0.0,0.1,11.5,0.0,0.0,0.0,0.0,0.0,0.0,0.0,0.0,0.0,0.0,0.0,0.0,0.0,0.0,,,,0.0,12.384,0.86,0.0,-0.2,,0.0,13.044
Tyson Bagent,CHI,QB,high,tysonbagent,26.0,17.0,195.0,1.0,0.0,5.0,14.0,0.1,0.0,12.4,0.0,0.0,0.0,0.0,0.0,0.0,0.0,0.0,0.0,0.0,0.0,0.0,0.0,0.0,,,,0.0,13.8,2.0,0.0,-0.0,,0.0,15.8
Tyson Bagent,CHI,QB,low,tysonbagent,21.0,14.0,155.9,1.0,0.6,1.5,5.9,0.0,0.2,8.0,0.0,0.0,0.0,0.0,0.0,0.0,0.0,0.0,0.0,0.0,0.0,0.0,0.0,0.0,,,,0.0,11.036,0.59,0.0,-0.4,,0.0,11.226
Will Howard,PIT,QB,consensus,willhoward,14.0,8.7,95.7,0.7,0.3,1.3,5.0,0.0,0.0,6.7,0.0,0.0,0.0,0.0,0.0,0.0,0.0,0.0,0.0,0.0,0.0,0.0,0.0,0.0,,,,0.0,7.428,0.5,0.0,-0.0,,0.0,7.928
Will Howard,PIT,QB,high,willhoward,26.0,16.0,186.0,1.0,0.0,2.0,8.0,0.0,0.0,12.1,0.0,0.0,0.0,0.0,0.0,0.0,0.0,0.0,0.0,0.0,0.0,0.0,0.0,0.0,,,,0.0,13.44,0.8,0.0,-0.0,,0.0,14.24
Will Howard,PIT,QB,low,willhoward,0.0,0.0,0.0,0.0,1.0,0.0,0.0,0.0,0.0,0.0,0.0,0.0,0.0,0.0,0.0,0.0,0.0,0.0,0.0,0.0,0.0,0.0,0.0,0.0,,,,0.0,-2.0,0.0,0.0,-0.0,,0.0,-2.0
Will Levis,TEN,QB,consensus,willlevis,23.0,14.0,136.0,1.0,0.0,4.0,19.0,0.0,0.0,11.3,0.0,0.0,0.0,0.0,0.0,0.0,0.0,0.0,0.0,0.0,0.0,0.0,0.0,0.0,,,,0.0,11.44,1.9,0.0,-0.0,,0.0,13.34
Will Levis,TEN,QB,high,willlevis,23.0,14.0,136.0,1.0,0.0,4.0,19.0,0.0,0.0,9.0,0.0,0.0,0.0,0.0,0.0,0.0,0.0,0.0,0.0,0.0,0.0,0.0,0.0,0.0,,,,0.0,11.44,1.9,0.0,-0.0,,0.0,13.34
Will Levis,TEN,QB,low,willlevis,23.0,14.0,136.0,1.0,0.0,4.0,19.0,0.0,0.0,9.0,0.0,0.0,0.0,0.0,0.0,0.0,0.0,0.0,0.0,0.0,0.0,0.0,0.0,0.0,,,,0.0,11.44,1.9,0.0,-0.0,,0.0,13.34
AJ Dillon,CAR,RB,consensus,ajdillon,0.0,0.0,0.0,0.0,0.0,120.0,529.0,3.0,5.0,99.5,18.0,146.0,1.0,0.0,0.0,0.0,0.0,0.0,0.0,0.0,0.0,0.0,0.0,0.0,,,,0.0,0.0,70.9,38.6,-10.0,,0.0,99.5
AJ Dillon,CAR,RB,high,ajdillon,0.0,0.0,0.0,0.0,0.0,120.0,529.0,3.0,5.0,84.0,18.0,146.0,1.0,0.0,0.0,0.0,0.0,0.0,0.0,0.0,0.0,0.0,0.0,0.0,,,,0.0,0.0,70.9,38.6,-10.0,,0.0,99.5
AJ Dillon,CAR,RB,low,ajdillon,0.0,0.0,0.0,0.0,0.0,120.0,529.0,3.0,5.0,84.0,18.0,146.0,1.0,0.0,0.0,0.0,0.0,0.0,0.0,0.0,0.0,0.0,0.0,0.0,,,,0.0,0.0,70.9,38.6,-10.0,,0.0,99.5
Aaron Jones Sr.,MIN,RB,consensus,aaronjones,0.0,0.0,0.0,0.0,0.0,149.9,638.1,3.1,1.0,161.1,40.7,300.7,1.7,0.0,0.0,0.0,0.0,0.0,0.0,0.0,0.0,0.0,0.0,0.0,,,,0.0,0.0,82.41,80.97,-2.0,,0.0,161.38
Aaron Jones Sr.,MIN,RB,high,aaronjones,0.0,0.0,0.0,0.0,0.0,157.0,660.0,3.2,1.0,170.7,47.0,344.2,2.1,0.0,0.0,0.0,0.0,0.0,0.0,0.0,0.0,0.0,0.0,0.0,,,,0.0,0.0,85.2,94.02,-2.0,,0.0,177.22
Aaron Jones Sr.,MIN,RB,low,aaronjones,0.0,0.0,0.0,0.0,0.0,143.0,602.0,3.0,1.0,145.7,37.0,268.0,1.0,0.0,0.0,0.0,0.0,0.0,0.0,0.0,0.0,0.0,0.0,0.0,,,,0.0,0.0,78.2,69.8,-2.0,,0.0,146.0
Adam Prentice,DEN,RB,consensus,adamprentice,0.0,0.0,0.0,0.0,0.0,4.1,17.4,0.1,0.0,10.5,4.1,29.9,0.2,0.0,0.0,0.0,0.0,0.0,0.0,0.0,0.0,0.0,0.0,0.0,,,,0.0,0.0,2.34,8.29,-0.0,,0.0,10.63
Adam Prentice,DEN,RB,high,adamprentice,0.0,0.0,0.0,0.0,0.0,4.1,17.4,0.1,0.0,10.5,4.1,29.9,0.2,0.0,0.0,0.0,0.0,0.0,0.0,0.0,0.0,0.0,0.0,0.0,,,,0.0,0.0,2.34,8.29,-0.0,,0.0,10.63
Adam Prentice,DEN,RB,low,adamprentice,0.0,0.0,0.0,0.0,0.0,4.1,17.4,0.1,0.0,10.5,4.1,29.9,0.2,0.0,0.0,0.0,0.0,0.0,0.0,0.0,0.0,0.0,0.0,0.0,,,,0.0,0.0,2.34,8.29,-0.0,,0.0,10.63
Adam Randall,BAL,RB,consensus,adamrandall,0.0,0.0,0.0,0.0,0.0,55.1,281.2,2.0,0.6,67.0,10.8,108.4,1.1,0.0,0.0,0.0,0.0,0.0,0.0,0.0,0.0,0.0,0.0,0.0,,,,0.0,0.0,40.12,28.24,-1.2,,0.0,67.16
Adam Randall,BAL,RB,high,adamrandall,0.0,0.0,0.0,0.0,0.0,81.0,441.0,3.0,0.1,85.8,18.0,188.0,2.0,0.0,0.0,0.0,0.0,0.0,0.0,0.0,0.0,0.0,0.0,0.0,,,,0.0,0.0,62.1,48.8,-0.2,,0.0,110.7
Adam Randall,BAL,RB,low,adamrandall,0.0,0.0,0.0,0.0,0.0,29.3,121.3,0.9,1.0,32.3,3.6,28.8,0.2,0.0,0.0,0.0,0.0,0.0,0.0,0.0,0.0,0.0,0.0,0.0,,,,0.0,0.0,17.53,7.68,-2.0,,0.0,23.21
Alec Ingold,LAC,RB,consensus,alecingold,0.0,0.0,0.0,0.0,0.0,2.1,8.6,0.1,0.1,16.4,7.9,58.7,0.2,0.0,0.0,0.0,0.0,0.0,0.0,0.0,0.0,0.0,0.0,0.0,,,,0.0,0.0,1.46,14.97,-0.2,,0.0,16.23
Alec Ingold,LAC,RB,high,alecingold,0.0,0.0,0.0,0.0,0.0,2.1,8.6,0.1,0.1,16.4,7.9,58.7,0.2,0.0,0.0,0.0,0.0,0.0,0.0,0.0,0.0,0.0,0.0,0.0,,,,0.0,0.0,1.46,14.97,-0.2,,0.0,16.23
Alec Ingold,LAC,RB,low,alecingold,0.0,0.0,0.0,0.0,0.0,2.1,8.6,0.1,0.1,16.4,7.9,58.7,0.2,0.0,0.0,0.0,0.0,0.0,0.0,0.0,0.0,0.0,0.0,0.0,,,,0.0,0.0,1.46,14.97,-0.2,,0.0,16.23
Alvin Kamara,NO,RB,consensus,alvinkamara,0.0,0.0,0.0,0.0,0.0,128.2,493.7,2.8,0.8,131.7,35.0,244.2,1.3,0.0,0.0,0.0,0.0,0.0,0.0,0.0,0.0,0.0,0.0,0.0,,,,0.0,0.0,66.17,67.22,-1.6,,0.0,131.79
Alvin Kamara,NO,RB,high,alvinkamara,0.0,0.0,0.0,0.0,0.0,146.0,549.0,4.0,0.7,142.3,36.0,262.0,2.0,0.0,0.0,0.0,0.0,0.0,0.0,0.0,0.0,0.0,0.0,0.0,,,,0.0,0.0,78.9,74.2,-1.4,,0.0,151.7
Alvin Kamara,NO,RB,low,alvinkamara,0.0,0.0,0.0,0.0,0.0,113.0,428.0,2.0,1.0,127.6,34.0,235.0,1.0,0.0,0.0,0.0,0.0,0.0,0.0,0.0,0.0,0.0,0.0,0.0,,,,0.0,0.0,54.8,63.5,-2.0,,0.0,116.3
Andrew Beck,NYJ,RB,consensus,andrewbeck,0.0,0.0,0.0,0.0,0.0,0.5,4.0,0.0,0.0,14.8,4.6,31.8,1.1,0.0,0.0,0.0,0.0,0.0,0.0,0.0,0.0,0.0,0.0,0.0,,,,0.0,0.0,0.4,14.38,-0.0,,0.0,14.78
Andrew Beck,NYJ,RB,high,andrewbeck,0.0,0.0,0.0,0.0,0.0,1.0,8.0,0.0,0.0,17.6,5.0,35.0,2.0,0.0,0.0,0.0,0.0,0.0,0.0,0.0,0.0,0.0,0.0,0.0,,,,0.0,0.0,0.8,20.5,-0.0,,0.0,21.3
Andrew Beck,NYJ,RB,low,andrewbeck,0.0,0.0,0.0,0.0,0.0,0.0,0.0,0.0,0.0,8.8,4.2,28.6,0.2,0.0,0.0,0.0,0.0,0.0,0.0,0.0,0.0,0.0,0.0,0.0,,,,0.0,0.0,0.0,8.26,-0.0,,0.0,8.26
Ashton Jeanty,LV,RB,consensus,ashtonjeanty,0.0,0.0,0.0,0.0,0.0,281.0,1105.2,8.0,1.1,276.7,58.7,414.6,3.3,0.0,0.0,0.0,0.0,0.0,0.0,0.0,0.0,0.0,0.0,0.0,,,,0.0,0.0,158.52,119.96,-2.2,,0.0,276.28
Ashton Jeanty,LV,RB,high,ashtonjeanty,0.0,0.0,0.0,0.0,0.0,293.0,1137.0,10.0,1.0,295.0,65.2,495.8,6.0,0.0,0.0,0.0,0.0,0.0,0.0,0.0,0.0,0.0,0.0,0.0,,,,0.0,0.0,173.7,150.78,-2.0,,0.0,322.48
Ashton Jeanty,LV,RB,low,ashtonjeanty,0.0,0.0,0.0,0.0,0.0,271.0,1051.0,7.0,1.2,274.4,55.0,342.0,2.0,0.0,0.0,0.0,0.0,0.0,0.0,0.0,0.0,0.0,0.0,0.0,,,,0.0,0.0,147.1,101.2,-2.4,,0.0,245.9
Audric Estime,NO,RB,consensus,audricestime,0.0,0.0,0.0,0.0,0.0,30.0,122.0,1.0,0.0,23.6,3.0,24.0,0.0,0.0,0.0,0.0,0.0,0.0,0.0,0.0,0.0,0.0,0.0,0.0,,,,0.0,0.0,18.2,5.4,-0.0,,0.0,23.6
Audric Estime,NO,RB,high,audricestime,0.0,0.0,0.0,0.0,0.0,30.0,122.0,1.0,0.0,15.0,3.0,24.0,0.0,0.0,0.0,0.0,0.0,0.0,0.0,0.0,0.0,0.0,0.0,0.0,,,,0.0,0.0,18.2,5.4,-0.0,,0.0,23.6
Audric Estime,NO,RB,low,audricestime,0.0,0.0,0.0,0.0,0.0,30.0,122.0,1.0,0.0,15.0,3.0,24.0,0.0,0.0,0.0,0.0,0.0,0.0,0.0,0.0,0.0,0.0,0.0,0.0,,,,0.0,0.0,18.2,5.4,-0.0,,0.0,23.6
Bam Knight,ARI,RB,consensus,bamknight,0.0,0.0,0.0,0.0,0.0,0.0,0.0,0.0,0.0,0.0,0.0,0.0,0.0,0.0,0.0,0.0,0.0,0.0,0.0,0.0,0.0,0.0,0.0,0.0,,,,0.0,0.0,0.0,0.0,-0.0,,0.0,0.0
Bam Knight,ARI,RB,high,bamknight,0.0,0.0,0.0,0.0,0.0,0.0,0.0,0.0,0.0,0.8,0.0,0.0,0.0,0.0,0.0,0.0,0.0,0.0,0.0,0.0,0.0,0.0,0.0,0.0,,,,0.0,0.0,0.0,0.0,-0.0,,0.0,0.0
Bam Knight,ARI,RB,low,bamknight,0.0,0.0,0.0,0.0,0.0,0.0,0.0,0.0,0.0,0.8,0.0,0.0,0.0,0.0,0.0,0.0,0.0,0.0,0.0,0.0,0.0,0.0,0.0,0.0,,,,0.0,0.0,0.0,0.0,-0.0,,0.0,0.0
Bhayshul Tuten,JAC,RB,consensus,bhayshultuten,0.0,0.0,0.0,0.0,0.0,239.4,979.6,8.2,2.2,207.3,29.2,222.1,2.1,0.0,0.0,0.0,0.0,0.0,0.0,0.0,0.0,0.0,0.0,0.0,,,,0.0,0.0,147.16,64.01,-4.4,,0.0,206.77
Bhayshul Tuten,JAC,RB,high,bhayshultuten,0.0,0.0,0.0,0.0,0.0,257.0,1055.0,11.0,1.4,236.5,38.0,288.0,3.0,0.0,0.0,0.0,0.0,0.0,0.0,0.0,0.0,0.0,0.0,0.0,,,,0.0,0.0,171.5,84.8,-2.8,,0.0,253.5
Bhayshul Tuten,JAC,RB,low,bhayshultuten,0.0,0.0,0.0,0.0,0.0,224.0,890.0,6.7,3.0,193.2,16.0,128.0,1.4,0.0,0.0,0.0,0.0,0.0,0.0,0.0,0.0,0.0,0.0,0.0,,,,0.0,0.0,129.2,37.2,-6.0,,0.0,160.4
Bijan Robinson,ATL,RB,consensus,bijanrobinson,0.0,0.0,0.0,0.0,0.0,289.5,1426.5,9.5,1.8,369.5,79.3,735.9,3.5,0.0,0.0,0.0,0.0,0.0,0.0,0.0,0.0,0.0,0.0,0.0,,,,0.0,0.0,199.65,173.89,-3.6,,0.0,369.94
Bijan Robinson,ATL,RB,high,bijanrobinson,0.0,0.0,0.0,0.0,0.0,302.0,1505.0,11.0,1.6,404.2,84.0,793.0,4.0,0.0,0.0,0.0,0.0,0.0,0.0,0.0,0.0,0.0,0.0,0.0,,,,0.0,0.0,216.5,187.3,-3.2,,0.0,400.6
Bijan Robinson,ATL,RB,low,bijanrobinson,0.0,0.0,0.0,0.0,0.0,280.0,1372.4,8.4,2.0,356.3,75.8,707.0,3.0,0.0,0.0,0.0,0.0,0.0,0.0,0.0,0.0,0.0,0.0,0.0,,,,0.0,0.0,187.64,164.5,-4.0,,0.0,348.14
Blake Corum,LAR,RB,consensus,blakecorum,0.0,0.0,0.0,0.0,0.0,167.6,801.5,6.4,0.7,138.6,11.9,80.4,0.2,0.0,0.0,0.0,0.0,0.0,0.0,0.0,0.0,0.0,0.0,0.0,,,,0.0,0.0,118.55,21.14,-1.4,,0.0,138.29
Blake Corum,LAR,RB,high,blakecorum,0.0,0.0,0.0,0.0,0.0,181.9,837.5,7.3,0.4,154.6,16.7,117.1,0.6,0.0,0.0,0.0,0.0,0.0,0.0,0.0,0.0,0.0,0.0,0.0,,,,0.0,0.0,127.55,32.01,-0.8,,0.0,158.76
Blake Corum,LAR,RB,low,blakecorum,0.0,0.0,0.0,0.0,0.0,159.0,745.0,6.0,1.0,119.9,6.0,35.0,0.0,0.0,0.0,0.0,0.0,0.0,0.0,0.0,0.0,0.0,0.0,0.0,,,,0.0,0.0,110.5,9.5,-2.0,,0.0,118.0
Braelon Allen,NYJ,RB,consensus,braelonallen,0.0,0.0,0.0,0.0,0.0,111.8,449.0,4.5,1.7,96.5,13.9,100.8,0.7,0.0,0.0,0.0,0.0,0.0,0.0,0.0,0.0,0.0,0.0,0.0,,,,0.0,0.0,71.9,28.18,-3.4,,0.0,96.68
Braelon Allen,NYJ,RB,high,braelonallen,0.0,0.0,0.0,0.0,0.0,141.0,550.0,6.0,0.4,100.9,15.0,111.0,1.0,0.0,0.0,0.0,0.0,0.0,0.0,0.0,0.0,0.0,0.0,0.0,,,,0.0,0.0,91.0,32.1,-0.8,,0.0,122.3
Braelon Allen,NYJ,RB,low,braelonallen,0.0,0.0,0.0,0.0,0.0,82.6,348.1,2.9,3.0,77.8,12.7,90.5,0.4,0.0,0.0,0.0,0.0,0.0,0.0,0.0,0.0,0.0,0.0,0.0,,,,0.0,0.0,52.21,24.15,-6.0,,0.0,70.36
Brashard Smith,KC,RB,consensus,brashardsmith,0.0,0.0,0.0,0.0,0.0,25.0,89.0,0.5,0.0,32.5,10.5,71.0,0.5,0.0,0.0,0.0,0.0,0.0,0.0,0.0,0.0,0.0,0.0,0.0,,,,0.0,0.0,11.9,20.6,-0.0,,0.0,32.5
Brashard Smith,KC,RB,high,brashardsmith,0.0,0.0,0.0,0.0,0.0,50.0,178.0,1.0,0.0,38.5,21.0,142.0,1.0,0.0,0.0,0.0,0.0,0.0,0.0,0.0,0.0,0.0,0.0,0.0,,,,0.0,0.0,23.8,41.2,-0.0,,0.0,65.0
Brashard Smith,KC,RB,low,brashardsmith,0.0,0.0,0.0,0.0,0.0,0.0,0.0,0.0,0.0,11.5,0.0,0.0,0.0,0.0,0.0,0.0,0.0,0.0,0.0,0.0,0.0,0.0,0.0,0.0,,,,0.0,0.0,0.0,0.0,-0.0,,0.0,0.0
Breece Hall,NYJ,RB,consensus,breecehall,0.0,0.0,0.0,0.0,0.0,249.0,1113.2,6.2,1.7,245.4,46.4,404.6,2.3,0.0,0.0,0.0,0.0,0.0,0.0,0.0,0.0,0.0,0.0,0.0,,,,0.0,0.0,148.52,100.66,-3.4,,0.0,245.78
Breece Hall,NYJ,RB,high,breecehall,0.0,0.0,0.0,0.0,0.0,265.1,1164.5,7.6,1.4,268.5,52.1,440.7,2.8,0.0,0.0,0.0,0.0,0.0,0.0,0.0,0.0,0.0,0.0,0.0,,,,0.0,0.0,162.05,112.97,-2.8,,0.0,272.22
Breece Hall,NYJ,RB,low,breecehall,0.0,0.0,0.0,0.0,0.0,224.0,1013.0,5.0,2.0,211.4,40.0,370.0,2.0,0.0,0.0,0.0,0.0,0.0,0.0,0.0,0.0,0.0,0.0,0.0,,,,0.0,0.0,131.3,89.0,-4.0,,0.0,216.3
Brian Robinson Jr.,ATL,RB,consensus,brianrobinson,0.0,0.0,0.0,0.0,0.0,129.8,564.2,4.3,0.7,93.0,6.9,43.1,0.1,0.0,0.0,0.0,0.0,0.0,0.0,0.0,0.0,0.0,0.0,0.0,,,,0.0,0.0,82.22,11.81,-1.4,,0.0,92.63
Brian Robinson Jr.,ATL,RB,high,brianrobinson,0.0,0.0,0.0,0.0,0.0,134.6,568.0,5.0,0.5,92.1,8.8,59.1,0.3,0.0,0.0,0.0,0.0,0.0,0.0,0.0,0.0,0.0,0.0,0.0,,,,0.0,0.0,86.8,16.51,-1.0,,0.0,102.31
Brian Robinson Jr.,ATL,RB,low,brianrobinson,0.0,0.0,0.0,0.0,0.0,125.0,560.4,3.7,1.0,84.9,5.0,27.0,0.0,0.0,0.0,0.0,0.0,0.0,0.0,0.0,0.0,0.0,0.0,0.0,,,,0.0,0.0,78.24,7.7,-2.0,,0.0,83.94
British Brooks,HOU,RB,consensus,britishbrooks,0.0,0.0,0.0,0.0,0.0,4.2,18.0,0.1,0.0,2.4,0.0,0.0,0.0,0.0,0.0,0.0,0.0,0.0,0.0,0.0,0.0,0.0,0.0,0.0,,,,0.0,0.0,2.4,0.0,-0.0,,0.0,2.4
British Brooks,HOU,RB,high,britishbrooks,0.0,0.0,0.0,0.0,0.0,4.2,18.0,0.1,0.0,2.4,0.0,0.0,0.0,0.0,0.0,0.0,0.0,0.0,0.0,0.0,0.0,0.0,0.0,0.0,,,,0.0,0.0,2.4,0.0,-0.0,,0.0,2.4
British Brooks,HOU,RB,low,britishbrooks,0.0,0.0,0.0,0.0,0.0,4.2,18.0,0.1,0.0,2.4,0.0,0.0,0.0,0.0,0.0,0.0,0.0,0.0,0.0,0.0,0.0,0.0,0.0,0.0,,,,0.0,0.0,2.4,0.0,-0.0,,0.0,2.4
Bucky Irving,TB,RB,consensus,buckyirving,0.0,0.0,0.0,0.0,0.0,256.1,1019.7,6.1,1.0,223.7,39.9,336.7,2.2,0.0,0.0,0.0,0.0,0.0,0.0,0.0,0.0,0.0,0.0,0.0,,,,0.0,0.0,138.57,86.77,-2.0,,0.0,223.34
Bucky Irving,TB,RB,high,buckyirving,0.0,0.0,0.0,0.0,0.0,263.0,1045.0,7.0,1.0,249.4,44.0,401.0,3.0,0.0,0.0,0.0,0.0,0.0,0.0,0.0,0.0,0.0,0.0,0.0,,,,0.0,0.0,146.5,102.1,-2.0,,0.0,246.6
Bucky Irving,TB,RB,low,buckyirving,0.0,0.0,0.0,0.0,0.0,244.2,991.2,5.3,1.0,210.2,36.8,294.1,1.7,0.0,0.0,0.0,0.0,0.0,0.0,0.0,0.0,0.0,0.0,0.0,,,,0.0,0.0,130.92,76.41,-2.0,,0.0,205.33
Cam Skattebo,NYG,RB,consensus,camskattebo,0.0,0.0,0.0,0.0,0.0,240.0,1000.1,8.1,1.6,239.2,44.0,350.0,2.5,0.0,0.0,0.0,0.0,0.0,0.0,0.0,0.0,0.0,0.0,0.0,,,,0.0,0.0,148.61,94.0,-3.2,,0.0,239.41
Cam Skattebo,NYG,RB,high,camskattebo,0.0,0.0,0.0,0.0,0.0,262.0,1048.0,9.0,1.2,268.4,46.0,366.0,4.0,0.0,0.0,0.0,0.0,0.0,0.0,0.0,0.0,0.0,0.0,0.0,,,,0.0,0.0,158.8,106.6,-2.4,,0.0,263.0
Cam Skattebo,NYG,RB,low,camskattebo,0.0,0.0,0.0,0.0,0.0,209.0,908.0,7.2,2.0,228.0,41.0,331.9,1.5,0.0,0.0,0.0,0.0,0.0,0.0,0.0,0.0,0.0,0.0,0.0,,,,0.0,0.0,134.0,83.19,-4.0,,0.0,213.19
Chase Brown,CIN,RB,consensus,chasebrown,0.0,0.0,0.0,0.0,0.0,238.5,1036.8,7.8,1.1,278.5,63.8,427.6,4.0,0.0,0.0,0.0,0.0,0.0,0.0,0.0,0.0,0.0,0.0,0.0,,,,0.0,0.0,150.48,130.56,-2.2,,0.0,278.84
Chase Brown,CIN,RB,high,chasebrown,0.0,0.0,0.0,0.0,0.0,242.0,1066.0,9.0,1.0,301.6,72.0,471.0,5.0,0.0,0.0,0.0,0.0,0.0,0.0,0.0,0.0,0.0,0.0,0.0,,,,0.0,0.0,160.6,149.1,-2.0,,0.0,307.7
Chase Brown,CIN,RB,low,chasebrown,0.0,0.0,0.0,0.0,0.0,235.0,1006.0,7.0,1.2,271.6,55.0,377.0,2.9,0.0,0.0,0.0,0.0,0.0,0.0,0.0,0.0,0.0,0.0,0.0,,,,0.0,0.0,142.6,110.1,-2.4,,0.0,250.3
Chris Brooks,GB,RB,consensus,chrisbrooks,0.0,0.0,0.0,0.0,0.0,72.7,324.1,1.3,0.6,63.2,13.4,93.3,0.2,0.0,0.0,0.0,0.0,0.0,0.0,0.0,0.0,0.0,0.0,0.0,,,,0.0,0.0,40.21,23.93,-1.2,,0.0,62.94
Chris Brooks,GB,RB,high,chrisbrooks,0.0,0.0,0.0,0.0,0.0,123.0,550.0,2.0,0.1,74.4,15.0,104.0,0.4,0.0,0.0,0.0,0.0,0.0,0.0,0.0,0.0,0.0,0.0,0.0,,,,0.0,0.0,67.0,27.8,-0.2,,0.0,94.6
Chris Brooks,GB,RB,low,chrisbrooks,0.0,0.0,0.0,0.0,0.0,22.4,98.3,0.6,1.0,37.6,11.8,82.5,0.0,0.0,0.0,0.0,0.0,0.0,0.0,0.0,0.0,0.0,0.0,0.0,,,,0.0,0.0,13.43,20.05,-2.0,,0.0,31.48
Chris Collier,LV,RB,consensus,chriscollier,0.0,0.0,0.0,0.0,0.0,0.0,0.0,0.0,0.0,0.0,0.0,0.0,0.0,0.0,0.0,0.0,0.0,0.0,0.0,0.0,0.0,0.0,0.0,0.0,,,,0.0,0.0,0.0,0.0,-0.0,,0.0,0.0
Chris Collier,LV,RB,high,chriscollier,0.0,0.0,0.0,0.0,0.0,0.0,0.0,0.0,0.0,0.0,0.0,0.0,0.0,0.0,0.0,0.0,0.0,0.0,0.0,0.0,0.0,0.0,0.0,0.0,,,,0.0,0.0,0.0,0.0,-0.0,,0.0,0.0
Chris Collier,LV,RB,low,chriscollier,0.0,0.0,0.0,0.0,0.0,0.0,0.0,0.0,0.0,0.0,0.0,0.0,0.0,0.0,0.0,0.0,0.0,0.0,0.0,0.0,0.0,0.0,0.0,0.0,,,,0.0,0.0,0.0,0.0,-0.0,,0.0,0.0
Chris Rodriguez Jr.,JAC,RB,consensus,chrisrodriguez,0.0,0.0,0.0,0.0,0.0,135.5,560.8,5.1,0.6,95.6,5.4,42.8,0.1,0.0,0.0,0.0,0.0,0.0,0.0,0.0,0.0,0.0,0.0,0.0,,,,0.0,0.0,86.68,10.28,-1.2,,0.0,95.76
Chris Rodriguez Jr.,JAC,RB,high,chrisrodriguez,0.0,0.0,0.0,0.0,0.0,177.0,694.0,8.0,0.3,113.4,10.0,76.0,0.2,0.0,0.0,0.0,0.0,0.0,0.0,0.0,0.0,0.0,0.0,0.0,,,,0.0,0.0,117.4,18.8,-0.6,,0.0,135.6
Chris Rodriguez Jr.,JAC,RB,low,chrisrodriguez,0.0,0.0,0.0,0.0,0.0,100.5,432.3,3.4,1.0,72.7,2.0,23.0,0.0,0.0,0.0,0.0,0.0,0.0,0.0,0.0,0.0,0.0,0.0,0.0,,,,0.0,0.0,63.63,4.3,-2.0,,0.0,65.93
Christian McCaffrey,SF,RB,consensus,christianmccaffrey,0.0,0.0,0.0,0.0,0.0,269.4,1093.6,8.7,1.1,334.8,78.4,694.0,4.6,0.0,0.0,0.0,0.0,0.0,0.0,0.0,0.0,0.0,0.0,0.0,,,,0.0,0.0,161.56,175.4,-2.2,,0.0,334.76
Christian McCaffrey,SF,RB,high,christianmccaffrey,0.0,0.0,0.0,0.0,0.0,279.0,1144.0,9.2,1.0,383.3,82.0,715.0,5.0,0.0,0.0,0.0,0.0,0.0,0.0,0.0,0.0,0.0,0.0,0.0,,,,0.0,0.0,169.6,183.5,-2.0,,0.0,351.1
Christian McCaffrey,SF,RB,low,christianmccaffrey,0.0,0.0,0.0,0.0,0.0,255.0,1006.0,8.0,1.2,307.4,74.0,683.0,4.0,0.0,0.0,0.0,0.0,0.0,0.0,0.0,0.0,0.0,0.0,0.0,,,,0.0,0.0,148.6,166.3,-2.4,,0.0,312.5
Chuba Hubbard,CAR,RB,consensus,chubahubbard,0.0,0.0,0.0,0.0,0.0,186.5,761.6,5.0,0.9,176.5,36.1,256.0,1.8,0.0,0.0,0.0,0.0,0.0,0.0,0.0,0.0,0.0,0.0,0.0,,,,0.0,0.0,106.16,72.5,-1.8,,0.0,176.86
Chuba Hubbard,CAR,RB,high,chubahubbard,0.0,0.0,0.0,0.0,0.0,217.0,867.0,6.0,0.8,207.6,41.3,300.1,3.0,0.0,0.0,0.0,0.0,0.0,0.0,0.0,0.0,0.0,0.0,0.0,,,,0.0,0.0,122.7,89.31,-1.6,,0.0,210.41
Chuba Hubbard,CAR,RB,low,chubahubbard,0.0,0.0,0.0,0.0,0.0,166.0,708.7,3.9,1.0,158.1,33.0,210.0,1.0,0.0,0.0,0.0,0.0,0.0,0.0,0.0,0.0,0.0,0.0,0.0,,,,0.0,0.0,94.27,60.0,-2.0,,0.0,152.27
Connor Heyward,LV,RB,consensus,connorheyward,0.0,0.0,0.0,0.0,0.0,4.2,17.4,0.1,0.0,10.2,4.0,29.0,0.2,0.0,0.0,0.0,0.0,0.0,0.0,0.0,0.0,0.0,0.0,0.0,,,,0.0,0.0,2.34,8.1,-0.0,,0.0,10.44
Connor Heyward,LV,RB,high,connorheyward,0.0,0.0,0.0,0.0,0.0,4.2,17.4,0.1,0.0,10.3,4.0,29.0,0.2,0.0,0.0,0.0,0.0,0.0,0.0,0.0,0.0,0.0,0.0,0.0,,,,0.0,0.0,2.34,8.1,-0.0,,0.0,10.44
Connor Heyward,LV,RB,low,connorheyward,0.0,0.0,0.0,0.0,0.0,4.2,17.4,0.1,0.0,10.3,4.0,29.0,0.2,0.0,0.0,0.0,0.0,0.0,0.0,0.0,0.0,0.0,0.0,0.0,,,,0.0,0.0,2.34,8.1,-0.0,,0.0,10.44
D'Andre Swift,CHI,RB,consensus,dandreswift,0.0,0.0,0.0,0.0,0.0,233.1,1053.4,8.0,1.0,223.4,35.1,303.5,1.0,0.0,0.0,0.0,0.0,0.0,0.0,0.0,0.0,0.0,0.0,0.0,,,,0.0,0.0,153.34,71.45,-2.0,,0.0,222.79
D'Andre Swift,CHI,RB,high,dandreswift,0.0,0.0,0.0,0.0,0.0,247.0,1117.0,9.0,1.0,239.1,39.0,325.0,1.1,0.0,0.0,0.0,0.0,0.0,0.0,0.0,0.0,0.0,0.0,0.0,,,,0.0,0.0,165.7,78.1,-2.0,,0.0,241.8
D'Andre Swift,CHI,RB,low,dandreswift,0.0,0.0,0.0,0.0,0.0,219.3,994.3,7.0,1.0,216.4,30.4,269.4,1.0,0.0,0.0,0.0,0.0,0.0,0.0,0.0,0.0,0.0,0.0,0.0,,,,0.0,0.0,141.43,63.34,-2.0,,0.0,202.77
DJ Giddens,IND,RB,consensus,djgiddens,0.0,0.0,0.0,0.0,0.0,33.3,140.5,1.0,0.2,35.8,8.4,58.3,0.3,0.0,0.0,0.0,0.0,0.0,0.0,0.0,0.0,0.0,0.0,0.0,,,,0.0,0.0,20.05,16.03,-0.4,,0.0,35.68
DJ Giddens,IND,RB,high,djgiddens,0.0,0.0,0.0,0.0,0.0,33.3,140.5,1.0,0.2,36.0,8.4,58.3,0.3,0.0,0.0,0.0,0.0,0.0,0.0,0.0,0.0,0.0,0.0,0.0,,,,0.0,0.0,20.05,16.03,-0.4,,0.0,35.68
DJ Giddens,IND,RB,low,djgiddens,0.0,0.0,0.0,0.0,0.0,33.3,140.5,1.0,0.2,36.0,8.4,58.3,0.3,0.0,0.0,0.0,0.0,0.0,0.0,0.0,0.0,0.0,0.0,0.0,,,,0.0,0.0,20.05,16.03,-0.4,,0.0,35.68
Dameon Pierce,PHI,RB,consensus,dameonpierce,0.0,0.0,0.0,0.0,0.0,35.0,161.0,1.0,0.0,22.1,0.0,0.0,0.0,0.0,0.0,0.0,0.0,0.0,0.0,0.0,0.0,0.0,0.0,0.0,,,,0.0,0.0,22.1,0.0,-0.0,,0.0,22.1
Dameon Pierce,PHI,RB,high,dameonpierce,0.0,0.0,0.0,0.0,0.0,35.0,161.0,1.0,0.0,13.0,0.0,0.0,0.0,0.0,0.0,0.0,0.0,0.0,0.0,0.0,0.0,0.0,0.0,0.0,,,,0.0,0.0,22.1,0.0,-0.0,,0.0,22.1
Dameon Pierce,PHI,RB,low,dameonpierce,0.0,0.0,0.0,0.0,0.0,35.0,161.0,1.0,0.0,13.0,0.0,0.0,0.0,0.0,0.0,0.0,0.0,0.0,0.0,0.0,0.0,0.0,0.0,0.0,,,,0.0,0.0,22.1,0.0,-0.0,,0.0,22.1
David Montgomery,HOU,RB,consensus,davidmontgomery,0.0,0.0,0.0,0.0,0.0,231.5,959.7,7.7,1.5,195.9,30.8,228.7,0.5,0.0,0.0,0.0,0.0,0.0,0.0,0.0,0.0,0.0,0.0,0.0,,,,0.0,0.0,142.17,56.67,-3.0,,0.0,195.84
David Montgomery,HOU,RB,high,davidmontgomery,0.0,0.0,0.0,0.0,0.0,263.0,1012.0,9.0,1.0,213.7,34.0,244.0,1.0,0.0,0.0,0.0,0.0,0.0,0.0,0.0,0.0,0.0,0.0,0.0,,,,0.0,0.0,155.2,64.4,-2.0,,0.0,217.6
David Montgomery,HOU,RB,low,davidmontgomery,0.0,0.0,0.0,0.0,0.0,214.6,932.0,7.0,2.0,185.8,27.0,211.0,0.0,0.0,0.0,0.0,0.0,0.0,0.0,0.0,0.0,0.0,0.0,0.0,,,,0.0,0.0,135.2,48.1,-4.0,,0.0,179.3
De'Von Achane,MIA,RB,consensus,devonachane,0.0,0.0,0.0,0.0,0.0,238.3,1199.8,6.0,1.0,292.4,65.3,491.1,4.0,0.0,0.0,0.0,0.0,0.0,0.0,0.0,0.0,0.0,0.0,0.0,,,,0.0,0.0,155.98,138.41,-2.0,,0.0,292.39
De'Von Achane,MIA,RB,high,devonachane,0.0,0.0,0.0,0.0,0.0,258.0,1308.5,7.0,1.0,304.5,75.0,551.0,6.0,0.0,0.0,0.0,0.0,0.0,0.0,0.0,0.0,0.0,0.0,0.0,,,,0.0,0.0,172.85,166.1,-2.0,,0.0,336.95
De'Von Achane,MIA,RB,low,devonachane,0.0,0.0,0.0,0.0,0.0,228.0,1130.0,5.0,1.0,292.3,56.0,411.0,3.0,0.0,0.0,0.0,0.0,0.0,0.0,0.0,0.0,0.0,0.0,0.0,,,,0.0,0.0,143.0,115.1,-2.0,,0.0,256.1
DeeJay Dallas,JAC,RB,consensus,deejaydallas,0.0,0.0,0.0,0.0,0.0,0.0,0.0,0.0,0.0,0.0,0.0,0.0,0.0,0.0,0.0,0.0,0.0,0.0,0.0,0.0,0.0,0.0,0.0,0.0,,,,0.0,0.0,0.0,0.0,-0.0,,0.0,0.0
DeeJay Dallas,JAC,RB,high,deejaydallas,0.0,0.0,0.0,0.0,0.0,0.0,0.0,0.0,0.0,0.2,0.0,0.0,0.0,0.0,0.0,0.0,0.0,0.0,0.0,0.0,0.0,0.0,0.0,0.0,,,,0.0,0.0,0.0,0.0,-0.0,,0.0,0.0
DeeJay Dallas,JAC,RB,low,deejaydallas,0.0,0.0,0.0,0.0,0.0,0.0,0.0,0.0,0.0,0.2,0.0,0.0,0.0,0.0,0.0,0.0,0.0,0.0,0.0,0.0,0.0,0.0,0.0,0.0,,,,0.0,0.0,0.0,0.0,-0.0,,0.0,0.0
Demond Claiborne,MIN,RB,consensus,demondclaiborne,0.0,0.0,0.0,0.0,0.0,21.6,96.1,0.7,0.0,20.0,3.3,25.2,0.1,0.0,0.0,0.0,0.0,0.0,0.0,0.0,0.0,0.0,0.0,0.0,,,,0.0,0.0,13.81,6.42,-0.0,,0.0,20.23
Demond Claiborne,MIN,RB,high,demondclaiborne,0.0,0.0,0.0,0.0,0.0,29.0,133.0,1.0,0.0,15.5,4.5,29.4,0.2,0.0,0.0,0.0,0.0,0.0,0.0,0.0,0.0,0.0,0.0,0.0,,,,0.0,0.0,19.3,8.64,-0.0,,0.0,27.94
Demond Claiborne,MIN,RB,low,demondclaiborne,0.0,0.0,0.0,0.0,0.0,14.2,59.3,0.4,0.1,15.3,2.0,21.0,0.0,0.0,0.0,0.0,0.0,0.0,0.0,0.0,0.0,0.0,0.0,0.0,,,,0.0,0.0,8.33,4.1,-0.2,,0.0,12.23
Derrick Henry,BAL,RB,consensus,derrickhenry,0.0,0.0,0.0,0.0,0.0,314.0,1568.8,13.4,1.7,273.7,18.1,175.1,0.7,0.0,0.0,0.0,0.0,0.0,0.0,0.0,0.0,0.0,0.0,0.0,,,,0.0,0.0,237.28,39.81,-3.4,,0.0,273.69
Derrick Henry,BAL,RB,high,derrickhenry,0.0,0.0,0.0,0.0,0.0,321.0,1651.0,15.0,1.5,277.1,21.4,210.4,1.2,0.0,0.0,0.0,0.0,0.0,0.0,0.0,0.0,0.0,0.0,0.0,,,,0.0,0.0,255.1,49.64,-3.0,,0.0,301.74
Derrick Henry,BAL,RB,low,derrickhenry,0.0,0.0,0.0,0.0,0.0,304.0,1483.5,12.0,2.0,269.7,16.0,144.0,0.0,0.0,0.0,0.0,0.0,0.0,0.0,0.0,0.0,0.0,0.0,0.0,,,,0.0,0.0,220.35,30.4,-4.0,,0.0,246.75
Devin Neal,NO,RB,consensus,devinneal,0.0,0.0,0.0,0.0,0.0,22.5,90.0,1.0,0.0,19.3,2.5,17.5,0.0,0.0,0.0,0.0,0.0,0.0,0.0,0.0,0.0,0.0,0.0,0.0,,,,0.0,0.0,15.0,4.25,-0.0,,0.0,19.25
Devin Neal,NO,RB,high,devinneal,0.0,0.0,0.0,0.0,0.0,45.0,180.0,2.0,0.0,25.5,5.0,35.0,0.0,0.0,0.0,0.0,0.0,0.0,0.0,0.0,0.0,0.0,0.0,0.0,,,,0.0,0.0,30.0,8.5,-0.0,,0.0,38.5
Devin Neal,NO,RB,low,devinneal,0.0,0.0,0.0,0.0,0.0,0.0,0.0,0.0,0.0,2.5,0.0,0.0,0.0,0.0,0.0,0.0,0.0,0.0,0.0,0.0,0.0,0.0,0.0,0.0,,,,0.0,0.0,0.0,0.0,-0.0,,0.0,0.0
Devin Singletary,NYG,RB,consensus,devinsingletary,0.0,0.0,0.0,0.0,0.0,22.2,88.9,0.6,0.1,19.8,4.2,26.3,0.1,0.0,0.0,0.0,0.0,0.0,0.0,0.0,0.0,0.0,0.0,0.0,,,,0.0,0.0,12.49,7.43,-0.2,,0.0,19.72
Devin Singletary,NYG,RB,high,devinsingletary,0.0,0.0,0.0,0.0,0.0,22.2,88.9,0.6,0.1,19.8,4.2,26.3,0.1,0.0,0.0,0.0,0.0,0.0,0.0,0.0,0.0,0.0,0.0,0.0,,,,0.0,0.0,12.49,7.43,-0.2,,0.0,19.72
Devin Singletary,NYG,RB,low,devinsingletary,0.0,0.0,0.0,0.0,0.0,22.2,88.9,0.6,0.1,19.8,4.2,26.3,0.1,0.0,0.0,0.0,0.0,0.0,0.0,0.0,0.0,0.0,0.0,0.0,,,,0.0,0.0,12.49,7.43,-0.2,,0.0,19.72
Donovan Edwards,MIA,RB,consensus,donovanedwards,0.0,0.0,0.0,0.0,0.0,31.0,130.0,1.0,0.0,22.9,2.0,19.0,0.0,0.0,0.0,0.0,0.0,0.0,0.0,0.0,0.0,0.0,0.0,0.0,,,,0.0,0.0,19.0,3.9,-0.0,,0.0,22.9
Donovan Edwards,MIA,RB,high,donovanedwards,0.0,0.0,0.0,0.0,0.0,31.0,130.0,1.0,0.0,14.0,2.0,19.0,0.0,0.0,0.0,0.0,0.0,0.0,0.0,0.0,0.0,0.0,0.0,0.0,,,,0.0,0.0,19.0,3.9,-0.0,,0.0,22.9
Donovan Edwards,MIA,RB,low,donovanedwards,0.0,0.0,0.0,0.0,0.0,31.0,130.0,1.0,0.0,14.0,2.0,19.0,0.0,0.0,0.0,0.0,0.0,0.0,0.0,0.0,0.0,0.0,0.0,0.0,,,,0.0,0.0,19.0,3.9,-0.0,,0.0,22.9
Dylan Laube,LV,RB,consensus,dylanlaube,0.0,0.0,0.0,0.0,0.0,0.0,0.0,0.0,0.0,0.0,0.0,0.0,0.0,0.0,0.0,0.0,0.0,0.0,0.0,0.0,0.0,0.0,0.0,0.0,,,,0.0,0.0,0.0,0.0,-0.0,,0.0,0.0
Dylan Laube,LV,RB,high,dylanlaube,0.0,0.0,0.0,0.0,0.0,0.0,0.0,0.0,0.0,0.7,0.0,0.0,0.0,0.0,0.0,0.0,0.0,0.0,0.0,0.0,0.0,0.0,0.0,0.0,,,,0.0,0.0,0.0,0.0,-0.0,,0.0,0.0
Dylan Laube,LV,RB,low,dylanlaube,0.0,0.0,0.0,0.0,0.0,0.0,0.0,0.0,0.0,0.7,0.0,0.0,0.0,0.0,0.0,0.0,0.0,0.0,0.0,0.0,0.0,0.0,0.0,0.0,,,,0.0,0.0,0.0,0.0,-0.0,,0.0,0.0
Dylan Sampson,CLE,RB,consensus,dylansampson,0.0,0.0,0.0,0.0,0.0,73.5,254.1,1.4,1.2,107.9,35.9,285.1,2.1,0.0,0.0,0.0,0.0,0.0,0.0,0.0,0.0,0.0,0.0,0.0,,,,0.0,0.0,33.81,77.01,-2.4,,0.0,108.42
Dylan Sampson,CLE,RB,high,dylansampson,0.0,0.0,0.0,0.0,0.0,105.0,289.0,2.0,0.4,130.0,40.0,332.0,3.0,0.0,0.0,0.0,0.0,0.0,0.0,0.0,0.0,0.0,0.0,0.0,,,,0.0,0.0,40.9,91.2,-0.8,,0.0,131.3
Dylan Sampson,CLE,RB,low,dylansampson,0.0,0.0,0.0,0.0,0.0,54.6,228.4,1.0,2.0,93.2,29.6,207.2,1.2,0.0,0.0,0.0,0.0,0.0,0.0,0.0,0.0,0.0,0.0,0.0,,,,0.0,0.0,28.84,57.52,-4.0,,0.0,82.36
Emanuel Wilson,SEA,RB,consensus,emanuelwilson,0.0,0.0,0.0,0.0,0.0,70.2,290.5,1.7,0.5,51.3,7.7,52.1,0.0,0.0,0.0,0.0,0.0,0.0,0.0,0.0,0.0,0.0,0.0,0.0,,,,0.0,0.0,39.25,12.91,-1.0,,0.0,51.16
Emanuel Wilson,SEA,RB,high,emanuelwilson,0.0,0.0,0.0,0.0,0.0,129.0,533.0,3.0,0.1,73.7,14.0,94.0,0.1,0.0,0.0,0.0,0.0,0.0,0.0,0.0,0.0,0.0,0.0,0.0,,,,0.0,0.0,71.3,24.0,-0.2,,0.0,95.1
Emanuel Wilson,SEA,RB,low,emanuelwilson,0.0,0.0,0.0,0.0,0.0,11.4,48.0,0.4,1.0,16.2,1.4,10.3,0.0,0.0,0.0,0.0,0.0,0.0,0.0,0.0,0.0,0.0,0.0,0.0,,,,0.0,0.0,7.2,2.43,-2.0,,0.0,7.63
Emari Demercado,KC,RB,consensus,emaridemercado,0.0,0.0,0.0,0.0,0.0,76.8,427.0,1.7,1.7,82.7,16.4,119.7,0.8,0.0,0.0,0.0,0.0,0.0,0.0,0.0,0.0,0.0,0.0,0.0,,,,0.0,0.0,52.9,33.17,-3.4,,0.0,82.67
Emari Demercado,KC,RB,high,emaridemercado,0.0,0.0,0.0,0.0,0.0,100.0,598.0,2.0,0.3,85.4,17.0,131.0,1.0,0.0,0.0,0.0,0.0,0.0,0.0,0.0,0.0,0.0,0.0,0.0,,,,0.0,0.0,71.8,36.1,-0.6,,0.0,107.3
Emari Demercado,KC,RB,low,emaridemercado,0.0,0.0,0.0,0.0,0.0,53.7,255.9,1.4,3.0,64.4,15.7,108.3,0.6,0.0,0.0,0.0,0.0,0.0,0.0,0.0,0.0,0.0,0.0,0.0,,,,0.0,0.0,33.99,30.13,-6.0,,0.0,58.12
Emmett Johnson,KC,RB,consensus,emmettjohnson,0.0,0.0,0.0,0.0,0.0,39.8,166.2,1.3,0.1,35.1,5.7,41.2,0.2,0.0,0.0,0.0,0.0,0.0,0.0,0.0,0.0,0.0,0.0,0.0,,,,0.0,0.0,24.42,11.02,-0.2,,0.0,35.24
Emmett Johnson,KC,RB,high,emmettjohnson,0.0,0.0,0.0,0.0,0.0,49.5,206.3,1.6,0.0,43.9,8.4,59.4,0.4,0.0,0.0,0.0,0.0,0.0,0.0,0.0,0.0,0.0,0.0,0.0,,,,0.0,0.0,30.23,16.74,-0.0,,0.0,46.97
Emmett Johnson,KC,RB,low,emmettjohnson,0.0,0.0,0.0,0.0,0.0,30.0,126.0,1.0,0.2,17.7,3.0,23.0,0.0,0.0,0.0,0.0,0.0,0.0,0.0,0.0,0.0,0.0,0.0,0.0,,,,0.0,0.0,18.6,5.3,-0.4,,0.0,23.5
Frank Gore Jr.,BUF,RB,consensus,frankgore,0.0,0.0,0.0,0.0,0.0,37.0,174.0,2.0,0.0,35.0,3.0,26.0,0.0,0.0,0.0,0.0,0.0,0.0,0.0,0.0,0.0,0.0,0.0,0.0,,,,0.0,0.0,29.4,5.6,-0.0,,0.0,35.0
Frank Gore Jr.,BUF,RB,high,frankgore,0.0,0.0,0.0,0.0,0.0,37.0,174.0,2.0,0.0,26.0,3.0,26.0,0.0,0.0,0.0,0.0,0.0,0.0,0.0,0.0,0.0,0.0,0.0,0.0,,,,0.0,0.0,29.4,5.6,-0.0,,0.0,35.0
Frank Gore Jr.,BUF,RB,low,frankgore,0.0,0.0,0.0,0.0,0.0,37.0,174.0,2.0,0.0,26.0,3.0,26.0,0.0,0.0,0.0,0.0,0.0,0.0,0.0,0.0,0.0,0.0,0.0,0.0,,,,0.0,0.0,29.4,5.6,-0.0,,0.0,35.0
George Holani,SEA,RB,consensus,georgeholani,0.0,0.0,0.0,0.0,0.0,38.9,164.1,1.5,0.2,41.1,8.0,62.2,0.3,0.0,0.0,0.0,0.0,0.0,0.0,0.0,0.0,0.0,0.0,0.0,,,,0.0,0.0,25.41,16.02,-0.4,,0.0,41.03
George Holani,SEA,RB,high,georgeholani,0.0,0.0,0.0,0.0,0.0,38.9,164.1,1.5,0.2,41.5,8.0,62.2,0.3,0.0,0.0,0.0,0.0,0.0,0.0,0.0,0.0,0.0,0.0,0.0,,,,0.0,0.0,25.41,16.02,-0.4,,0.0,41.03
George Holani,SEA,RB,low,georgeholani,0.0,0.0,0.0,0.0,0.0,38.9,164.1,1.5,0.2,41.5,8.0,62.2,0.3,0.0,0.0,0.0,0.0,0.0,0.0,0.0,0.0,0.0,0.0,0.0,,,,0.0,0.0,25.41,16.02,-0.4,,0.0,41.03
Hunter Luepke,DAL,RB,consensus,hunterluepke,0.0,0.0,0.0,0.0,0.0,13.4,56.5,0.4,0.1,25.0,8.6,61.6,0.4,0.0,0.0,0.0,0.0,0.0,0.0,0.0,0.0,0.0,0.0,0.0,,,,0.0,0.0,8.05,17.16,-0.2,,0.0,25.01
Hunter Luepke,DAL,RB,high,hunterluepke,0.0,0.0,0.0,0.0,0.0,13.4,56.5,0.4,0.1,25.0,8.6,61.6,0.4,0.0,0.0,0.0,0.0,0.0,0.0,0.0,0.0,0.0,0.0,0.0,,,,0.0,0.0,8.05,17.16,-0.2,,0.0,25.01
Hunter Luepke,DAL,RB,low,hunterluepke,0.0,0.0,0.0,0.0,0.0,13.4,56.5,0.4,0.1,25.0,8.6,61.6,0.4,0.0,0.0,0.0,0.0,0.0,0.0,0.0,0.0,0.0,0.0,0.0,,,,0.0,0.0,8.05,17.16,-0.2,,0.0,25.01
Isaac Guerendo,SF,RB,consensus,isaacguerendo,0.0,0.0,0.0,0.0,0.0,16.5,80.0,0.5,0.0,14.9,2.0,18.5,0.0,0.0,0.0,0.0,0.0,0.0,0.0,0.0,0.0,0.0,0.0,0.0,,,,0.0,0.0,11.0,3.85,-0.0,,0.0,14.85
Isaac Guerendo,SF,RB,high,isaacguerendo,0.0,0.0,0.0,0.0,0.0,33.0,160.0,1.0,0.0,16.0,4.0,37.0,0.0,0.0,0.0,0.0,0.0,0.0,0.0,0.0,0.0,0.0,0.0,0.0,,,,0.0,0.0,22.0,7.7,-0.0,,0.0,29.7
Isaac Guerendo,SF,RB,low,isaacguerendo,0.0,0.0,0.0,0.0,0.0,0.0,0.0,0.0,0.0,3.1,0.0,0.0,0.0,0.0,0.0,0.0,0.0,0.0,0.0,0.0,0.0,0.0,0.0,0.0,,,,0.0,0.0,0.0,0.0,-0.0,,0.0,0.0
Isaiah Davis,NYJ,RB,consensus,isaiahdavis,0.0,0.0,0.0,0.0,0.0,35.1,174.7,1.2,0.1,43.4,9.9,78.7,0.2,0.0,0.0,0.0,0.0,0.0,0.0,0.0,0.0,0.0,0.0,0.0,,,,0.0,0.0,24.67,18.97,-0.2,,0.0,43.44
Isaiah Davis,NYJ,RB,high,isaiahdavis,0.0,0.0,0.0,0.0,0.0,39.1,178.4,1.3,0.0,48.1,12.9,96.5,0.4,0.0,0.0,0.0,0.0,0.0,0.0,0.0,0.0,0.0,0.0,0.0,,,,0.0,0.0,25.64,24.95,-0.0,,0.0,50.59
Isaiah Davis,NYJ,RB,low,isaiahdavis,0.0,0.0,0.0,0.0,0.0,31.0,171.0,1.0,0.1,27.9,7.0,61.0,0.0,0.0,0.0,0.0,0.0,0.0,0.0,0.0,0.0,0.0,0.0,0.0,,,,0.0,0.0,23.1,13.1,-0.2,,0.0,36.0
Isiah Pacheco,DET,RB,consensus,isiahpacheco,0.0,0.0,0.0,0.0,0.0,139.5,581.8,3.5,0.8,116.0,21.1,136.4,0.6,0.0,0.0,0.0,0.0,0.0,0.0,0.0,0.0,0.0,0.0,0.0,,,,0.0,0.0,79.18,38.34,-1.6,,0.0,115.92
Isiah Pacheco,DET,RB,high,isiahpacheco,0.0,0.0,0.0,0.0,0.0,148.5,639.3,4.5,0.5,127.4,26.0,156.0,1.0,0.0,0.0,0.0,0.0,0.0,0.0,0.0,0.0,0.0,0.0,0.0,,,,0.0,0.0,90.93,47.6,-1.0,,0.0,137.53
Isiah Pacheco,DET,RB,low,isiahpacheco,0.0,0.0,0.0,0.0,0.0,122.0,489.0,3.0,1.0,103.1,17.2,114.2,0.0,0.0,0.0,0.0,0.0,0.0,0.0,0.0,0.0,0.0,0.0,0.0,,,,0.0,0.0,66.9,28.62,-2.0,,0.0,93.52
Israel Abanikanda,DAL,RB,consensus,israelabanikanda,0.0,0.0,0.0,0.0,0.0,32.0,146.0,1.0,0.0,23.0,1.0,14.0,0.0,0.0,0.0,0.0,0.0,0.0,0.0,0.0,0.0,0.0,0.0,0.0,,,,0.0,0.0,20.6,2.4,-0.0,,0.0,23.0
Israel Abanikanda,DAL,RB,high,israelabanikanda,0.0,0.0,0.0,0.0,0.0,32.0,146.0,1.0,0.0,13.0,1.0,14.0,0.0,0.0,0.0,0.0,0.0,0.0,0.0,0.0,0.0,0.0,0.0,0.0,,,,0.0,0.0,20.6,2.4,-0.0,,0.0,23.0
Israel Abanikanda,DAL,RB,low,israelabanikanda,0.0,0.0,0.0,0.0,0.0,32.0,146.0,1.0,0.0,13.0,1.0,14.0,0.0,0.0,0.0,0.0,0.0,0.0,0.0,0.0,0.0,0.0,0.0,0.0,,,,0.0,0.0,20.6,2.4,-0.0,,0.0,23.0
J.K. Dobbins,DEN,RB,consensus,jkdobbins,0.0,0.0,0.0,0.0,0.0,219.6,1027.5,6.9,0.7,176.1,19.5,104.5,0.6,0.0,0.0,0.0,0.0,0.0,0.0,0.0,0.0,0.0,0.0,0.0,,,,0.0,0.0,144.15,33.55,-1.4,,0.0,176.3
J.K. Dobbins,DEN,RB,high,jkdobbins,0.0,0.0,0.0,0.0,0.0,248.0,1136.0,7.0,0.5,184.7,21.4,132.4,1.0,0.0,0.0,0.0,0.0,0.0,0.0,0.0,0.0,0.0,0.0,0.0,,,,0.0,0.0,155.6,40.64,-1.0,,0.0,195.24
J.K. Dobbins,DEN,RB,low,jkdobbins,0.0,0.0,0.0,0.0,0.0,204.8,958.4,6.6,1.0,166.5,16.0,77.0,0.0,0.0,0.0,0.0,0.0,0.0,0.0,0.0,0.0,0.0,0.0,0.0,,,,0.0,0.0,135.44,23.7,-2.0,,0.0,157.14
Jacob Saylors,DET,RB,consensus,jacobsaylors,0.0,0.0,0.0,0.0,0.0,0.0,0.0,0.0,0.0,0.0,0.0,0.0,0.0,0.0,0.0,0.0,0.0,0.0,0.0,0.0,0.0,0.0,0.0,0.0,,,,0.0,0.0,0.0,0.0,-0.0,,0.0,0.0
Jacob Saylors,DET,RB,high,jacobsaylors,0.0,0.0,0.0,0.0,0.0,0.0,0.0,0.0,0.0,0.3,0.0,0.0,0.0,0.0,0.0,0.0,0.0,0.0,0.0,0.0,0.0,0.0,0.0,0.0,,,,0.0,0.0,0.0,0.0,-0.0,,0.0,0.0
Jacob Saylors,DET,RB,low,jacobsaylors,0.0,0.0,0.0,0.0,0.0,0.0,0.0,0.0,0.0,0.3,0.0,0.0,0.0,0.0,0.0,0.0,0.0,0.0,0.0,0.0,0.0,0.0,0.0,0.0,,,,0.0,0.0,0.0,0.0,-0.0,,0.0,0.0
Jacory Croskey-Merritt,WAS,RB,consensus,jacorycroskeymerritt,0.0,0.0,0.0,0.0,0.0,182.8,821.7,7.5,1.8,145.8,12.0,89.0,0.2,0.0,0.0,0.0,0.0,0.0,0.0,0.0,0.0,0.0,0.0,0.0,,,,0.0,0.0,127.17,22.1,-3.6,,0.0,145.67
Jacory Croskey-Merritt,WAS,RB,high,jacorycroskeymerritt,0.0,0.0,0.0,0.0,0.0,196.3,859.0,8.0,1.5,155.5,16.1,119.0,0.7,0.0,0.0,0.0,0.0,0.0,0.0,0.0,0.0,0.0,0.0,0.0,,,,0.0,0.0,133.9,32.2,-3.0,,0.0,163.1
Jacory Croskey-Merritt,WAS,RB,low,jacorycroskeymerritt,0.0,0.0,0.0,0.0,0.0,172.0,758.0,7.0,2.0,137.0,9.0,71.0,0.0,0.0,0.0,0.0,0.0,0.0,0.0,0.0,0.0,0.0,0.0,0.0,,,,0.0,0.0,117.8,16.1,-4.0,,0.0,129.9
Jadarian Price,SEA,RB,consensus,jadarianprice,0.0,0.0,0.0,0.0,0.0,215.5,913.2,8.0,2.0,189.6,26.0,220.1,1.1,0.0,0.0,0.0,0.0,0.0,0.0,0.0,0.0,0.0,0.0,0.0,,,,0.0,0.0,139.32,54.61,-4.0,,0.0,189.93
Jadarian Price,SEA,RB,high,jadarianprice,0.0,0.0,0.0,0.0,0.0,229.0,980.0,9.0,1.0,195.8,31.0,226.0,1.3,0.0,0.0,0.0,0.0,0.0,0.0,0.0,0.0,0.0,0.0,0.0,,,,0.0,0.0,152.0,61.4,-2.0,,0.0,211.4
Jadarian Price,SEA,RB,low,jadarianprice,0.0,0.0,0.0,0.0,0.0,195.0,837.0,7.0,3.0,184.0,20.0,212.4,1.0,0.0,0.0,0.0,0.0,0.0,0.0,0.0,0.0,0.0,0.0,0.0,,,,0.0,0.0,125.7,47.24,-6.0,,0.0,166.94
Jahmyr Gibbs,DET,RB,consensus,jahmyrgibbs,0.0,0.0,0.0,0.0,0.0,274.7,1381.5,13.8,1.1,372.9,71.3,581.0,4.1,0.0,0.0,0.0,0.0,0.0,0.0,0.0,0.0,0.0,0.0,0.0,,,,0.0,0.0,220.95,154.0,-2.2,,0.0,372.75
Jahmyr Gibbs,DET,RB,high,jahmyrgibbs,0.0,0.0,0.0,0.0,0.0,283.1,1422.0,15.0,1.0,402.7,74.0,625.0,5.0,0.0,0.0,0.0,0.0,0.0,0.0,0.0,0.0,0.0,0.0,0.0,,,,0.0,0.0,232.2,166.5,-2.0,,0.0,396.7
Jahmyr Gibbs,DET,RB,low,jahmyrgibbs,0.0,0.0,0.0,0.0,0.0,262.0,1350.0,12.0,1.3,368.3,67.8,545.9,3.4,0.0,0.0,0.0,0.0,0.0,0.0,0.0,0.0,0.0,0.0,0.0,,,,0.0,0.0,207.0,142.79,-2.6,,0.0,347.19
Jam Miller,NE,RB,consensus,jammiller,0.0,0.0,0.0,0.0,0.0,34.0,145.0,1.0,0.0,25.0,2.0,25.0,0.0,0.0,0.0,0.0,0.0,0.0,0.0,0.0,0.0,0.0,0.0,0.0,,,,0.0,0.0,20.5,4.5,-0.0,,0.0,25.0
Jam Miller,NE,RB,high,jammiller,0.0,0.0,0.0,0.0,0.0,34.0,145.0,1.0,0.0,15.0,2.0,25.0,0.0,0.0,0.0,0.0,0.0,0.0,0.0,0.0,0.0,0.0,0.0,0.0,,,,0.0,0.0,20.5,4.5,-0.0,,0.0,25.0
Jam Miller,NE,RB,low,jammiller,0.0,0.0,0.0,0.0,0.0,34.0,145.0,1.0,0.0,15.0,2.0,25.0,0.0,0.0,0.0,0.0,0.0,0.0,0.0,0.0,0.0,0.0,0.0,0.0,,,,0.0,0.0,20.5,4.5,-0.0,,0.0,25.0
James Conner,ARI,RB,consensus,jamesconner,0.0,0.0,0.0,0.0,0.0,42.5,153.5,1.5,0.0,61.5,18.0,131.5,1.0,0.0,0.0,0.0,0.0,0.0,0.0,0.0,0.0,0.0,0.0,0.0,,,,0.0,0.0,24.35,37.15,-0.0,,0.0,61.5
James Conner,ARI,RB,high,jamesconner,0.0,0.0,0.0,0.0,0.0,85.0,307.0,3.0,0.0,88.0,36.0,263.0,2.0,0.0,0.0,0.0,0.0,0.0,0.0,0.0,0.0,0.0,0.0,0.0,,,,0.0,0.0,48.7,74.3,-0.0,,0.0,123.0
James Conner,ARI,RB,low,jamesconner,0.0,0.0,0.0,0.0,0.0,0.0,0.0,0.0,0.0,18.0,0.0,0.0,0.0,0.0,0.0,0.0,0.0,0.0,0.0,0.0,0.0,0.0,0.0,0.0,,,,0.0,0.0,0.0,0.0,-0.0,,0.0,0.0
James Cook III,BUF,RB,consensus,jamescook,0.0,0.0,0.0,0.0,0.0,287.7,1405.1,10.3,2.4,270.6,33.3,283.7,1.9,0.0,0.0,0.0,0.0,0.0,0.0,0.0,0.0,0.0,0.0,0.0,,,,0.0,0.0,202.31,73.07,-4.8,,0.0,270.58
James Cook III,BUF,RB,high,jamescook,0.0,0.0,0.0,0.0,0.0,300.0,1437.0,11.0,1.8,292.5,35.9,302.1,2.0,0.0,0.0,0.0,0.0,0.0,0.0,0.0,0.0,0.0,0.0,0.0,,,,0.0,0.0,209.7,78.11,-3.6,,0.0,284.21
James Cook III,BUF,RB,low,jamescook,0.0,0.0,0.0,0.0,0.0,275.0,1377.0,9.0,3.0,247.3,32.0,274.0,1.6,0.0,0.0,0.0,0.0,0.0,0.0,0.0,0.0,0.0,0.0,0.0,,,,0.0,0.0,191.7,69.0,-6.0,,0.0,254.7
Javonte Williams,DAL,RB,consensus,javontewilliams,0.0,0.0,0.0,0.0,0.0,256.2,1160.0,10.4,1.6,234.1,33.0,192.0,1.2,0.0,0.0,0.0,0.0,0.0,0.0,0.0,0.0,0.0,0.0,0.0,,,,0.0,0.0,178.4,59.4,-3.2,,0.0,234.6
Javonte Williams,DAL,RB,high,javontewilliams,0.0,0.0,0.0,0.0,0.0,289.5,1266.1,11.1,1.2,255.4,36.9,218.1,1.5,0.0,0.0,0.0,0.0,0.0,0.0,0.0,0.0,0.0,0.0,0.0,,,,0.0,0.0,193.21,67.71,-2.4,,0.0,258.52
Javonte Williams,DAL,RB,low,javontewilliams,0.0,0.0,0.0,0.0,0.0,234.0,1088.0,10.0,2.0,202.0,29.0,141.0,1.0,0.0,0.0,0.0,0.0,0.0,0.0,0.0,0.0,0.0,0.0,0.0,,,,0.0,0.0,168.8,49.1,-4.0,,0.0,213.9
Jawhar Jordan,HOU,RB,consensus,jawharjordan,0.0,0.0,0.0,0.0,0.0,51.3,218.0,1.1,0.5,50.1,11.0,86.0,0.5,0.0,0.0,0.0,0.0,0.0,0.0,0.0,0.0,0.0,0.0,0.0,,,,0.0,0.0,28.4,22.6,-1.0,,0.0,50.0
Jawhar Jordan,HOU,RB,high,jawharjordan,0.0,0.0,0.0,0.0,0.0,90.0,382.0,2.0,0.0,67.0,22.0,172.0,1.0,0.0,0.0,0.0,0.0,0.0,0.0,0.0,0.0,0.0,0.0,0.0,,,,0.0,0.0,50.2,45.2,-0.0,,0.0,95.4
Jawhar Jordan,HOU,RB,low,jawharjordan,0.0,0.0,0.0,0.0,0.0,12.6,54.1,0.3,1.0,17.9,0.0,0.0,0.0,0.0,0.0,0.0,0.0,0.0,0.0,0.0,0.0,0.0,0.0,0.0,,,,0.0,0.0,7.21,0.0,-2.0,,0.0,5.21
Jaydon Blue,DAL,RB,consensus,jaydonblue,0.0,0.0,0.0,0.0,0.0,62.4,263.0,1.9,0.3,54.6,8.7,61.7,0.4,0.0,0.0,0.0,0.0,0.0,0.0,0.0,0.0,0.0,0.0,0.0,,,,0.0,0.0,37.7,17.27,-0.6,,0.0,54.37
Jaydon Blue,DAL,RB,high,jaydonblue,0.0,0.0,0.0,0.0,0.0,62.4,263.0,1.9,0.3,54.9,8.7,61.7,0.4,0.0,0.0,0.0,0.0,0.0,0.0,0.0,0.0,0.0,0.0,0.0,,,,0.0,0.0,37.7,17.27,-0.6,,0.0,54.37
Jaydon Blue,DAL,RB,low,jaydonblue,0.0,0.0,0.0,0.0,0.0,62.4,263.0,1.9,0.3,54.9,8.7,61.7,0.4,0.0,0.0,0.0,0.0,0.0,0.0,0.0,0.0,0.0,0.0,0.0,,,,0.0,0.0,37.7,17.27,-0.6,,0.0,54.37
Jaylen Warren,PIT,RB,consensus,jaylenwarren,0.0,0.0,0.0,0.0,0.0,188.0,826.8,5.2,0.9,197.2,42.4,321.7,1.8,0.0,0.0,0.0,0.0,0.0,0.0,0.0,0.0,0.0,0.0,0.0,,,,0.0,0.0,113.88,85.37,-1.8,,0.0,197.45
Jaylen Warren,PIT,RB,high,jaylenwarren,0.0,0.0,0.0,0.0,0.0,194.0,854.0,6.0,0.9,223.2,46.1,329.0,2.0,0.0,0.0,0.0,0.0,0.0,0.0,0.0,0.0,0.0,0.0,0.0,,,,0.0,0.0,121.4,91.0,-1.8,,0.0,210.6
Jaylen Warren,PIT,RB,low,jaylenwarren,0.0,0.0,0.0,0.0,0.0,180.1,791.4,4.5,1.0,185.4,40.0,316.0,1.5,0.0,0.0,0.0,0.0,0.0,0.0,0.0,0.0,0.0,0.0,0.0,,,,0.0,0.0,106.14,80.6,-2.0,,0.0,184.74
Jaylen Wright,MIA,RB,consensus,jaylenwright,0.0,0.0,0.0,0.0,0.0,79.9,308.9,1.5,1.2,50.7,7.2,52.5,0.1,0.0,0.0,0.0,0.0,0.0,0.0,0.0,0.0,0.0,0.0,0.0,,,,0.0,0.0,39.89,13.05,-2.4,,0.0,50.54
Jaylen Wright,MIA,RB,high,jaylenwright,0.0,0.0,0.0,0.0,0.0,104.0,384.0,2.0,0.5,46.2,7.5,55.9,0.2,0.0,0.0,0.0,0.0,0.0,0.0,0.0,0.0,0.0,0.0,0.0,,,,0.0,0.0,50.4,14.29,-1.0,,0.0,63.69
Jaylen Wright,MIA,RB,low,jaylenwright,0.0,0.0,0.0,0.0,0.0,55.9,233.8,1.1,2.0,43.2,7.0,49.0,0.0,0.0,0.0,0.0,0.0,0.0,0.0,0.0,0.0,0.0,0.0,0.0,,,,0.0,0.0,29.98,11.9,-4.0,,0.0,37.88
Jeremiyah Love,ARI,RB,consensus,jeremiyahlove,0.0,0.0,0.0,0.0,0.0,237.2,1068.9,7.2,2.2,255.4,54.7,423.1,2.1,0.0,0.0,0.0,0.0,0.0,0.0,0.0,0.0,0.0,0.0,0.0,,,,0.0,0.0,150.09,109.61,-4.4,,0.0,255.3
Jeremiyah Love,ARI,RB,high,jeremiyahlove,0.0,0.0,0.0,0.0,0.0,254.6,1127.8,8.0,1.3,286.6,65.2,488.4,2.2,0.0,0.0,0.0,0.0,0.0,0.0,0.0,0.0,0.0,0.0,0.0,,,,0.0,0.0,160.78,127.24,-2.6,,0.0,285.42
Jeremiyah Love,ARI,RB,low,jeremiyahlove,0.0,0.0,0.0,0.0,0.0,211.0,997.0,6.7,3.0,227.7,43.0,364.0,2.0,0.0,0.0,0.0,0.0,0.0,0.0,0.0,0.0,0.0,0.0,0.0,,,,0.0,0.0,139.9,91.4,-6.0,,0.0,225.3
Jeremy McNichols,WAS,RB,consensus,jeremymcnichols,0.0,0.0,0.0,0.0,0.0,17.0,88.0,1.0,0.0,27.1,7.0,53.0,0.0,0.0,0.0,0.0,0.0,0.0,0.0,0.0,0.0,0.0,0.0,0.0,,,,0.0,0.0,14.8,12.3,-0.0,,0.0,27.1
Jeremy McNichols,WAS,RB,high,jeremymcnichols,0.0,0.0,0.0,0.0,0.0,17.0,88.0,1.0,0.0,19.0,7.0,53.0,0.0,0.0,0.0,0.0,0.0,0.0,0.0,0.0,0.0,0.0,0.0,0.0,,,,0.0,0.0,14.8,12.3,-0.0,,0.0,27.1
Jeremy McNichols,WAS,RB,low,jeremymcnichols,0.0,0.0,0.0,0.0,0.0,17.0,88.0,1.0,0.0,19.0,7.0,53.0,0.0,0.0,0.0,0.0,0.0,0.0,0.0,0.0,0.0,0.0,0.0,0.0,,,,0.0,0.0,14.8,12.3,-0.0,,0.0,27.1
Jerome Ford,WAS,RB,consensus,jeromeford,0.0,0.0,0.0,0.0,0.0,0.0,0.0,0.0,0.0,0.0,0.0,0.0,0.0,0.0,0.0,0.0,0.0,0.0,0.0,0.0,0.0,0.0,0.0,0.0,,,,0.0,0.0,0.0,0.0,-0.0,,0.0,0.0
Jerome Ford,WAS,RB,high,jeromeford,0.0,0.0,0.0,0.0,0.0,0.0,0.0,0.0,0.0,0.0,0.0,0.0,0.0,0.0,0.0,0.0,0.0,0.0,0.0,0.0,0.0,0.0,0.0,0.0,,,,0.0,0.0,0.0,0.0,-0.0,,0.0,0.0
Jerome Ford,WAS,RB,low,jeromeford,0.0,0.0,0.0,0.0,0.0,0.0,0.0,0.0,0.0,0.0,0.0,0.0,0.0,0.0,0.0,0.0,0.0,0.0,0.0,0.0,0.0,0.0,0.0,0.0,,,,0.0,0.0,0.0,0.0,-0.0,,0.0,0.0
Jonah Coleman,DEN,RB,consensus,jonahcoleman,0.0,0.0,0.0,0.0,0.0,48.8,203.2,1.6,0.2,49.4,10.2,74.8,0.4,0.0,0.0,0.0,0.0,0.0,0.0,0.0,0.0,0.0,0.0,0.0,,,,0.0,0.0,29.92,20.08,-0.4,,0.0,49.6
Jonah Coleman,DEN,RB,high,jonahcoleman,0.0,0.0,0.0,0.0,0.0,65.5,272.4,2.1,0.0,67.3,17.4,126.6,0.8,0.0,0.0,0.0,0.0,0.0,0.0,0.0,0.0,0.0,0.0,0.0,,,,0.0,0.0,39.84,34.86,-0.0,,0.0,74.7
Jonah Coleman,DEN,RB,low,jonahcoleman,0.0,0.0,0.0,0.0,0.0,32.0,134.0,1.0,0.3,22.2,3.0,23.0,0.0,0.0,0.0,0.0,0.0,0.0,0.0,0.0,0.0,0.0,0.0,0.0,,,,0.0,0.0,19.4,5.3,-0.6,,0.0,24.1
Jonathan Taylor,IND,RB,consensus,jonathantaylor,0.0,0.0,0.0,0.0,0.0,326.6,1504.6,12.9,1.7,310.1,42.9,341.5,1.5,0.0,0.0,0.0,0.0,0.0,0.0,0.0,0.0,0.0,0.0,0.0,,,,0.0,0.0,227.86,86.05,-3.4,,0.0,310.51
Jonathan Taylor,IND,RB,high,jonathantaylor,0.0,0.0,0.0,0.0,0.0,356.0,1578.0,15.0,1.5,316.9,50.7,390.4,2.0,0.0,0.0,0.0,0.0,0.0,0.0,0.0,0.0,0.0,0.0,0.0,,,,0.0,0.0,247.8,101.74,-3.0,,0.0,346.54
Jonathan Taylor,IND,RB,low,jonathantaylor,0.0,0.0,0.0,0.0,0.0,299.0,1436.0,11.6,2.0,308.7,36.0,289.0,1.0,0.0,0.0,0.0,0.0,0.0,0.0,0.0,0.0,0.0,0.0,0.0,,,,0.0,0.0,213.2,70.9,-4.0,,0.0,280.1
Jonathon Brooks,CAR,RB,consensus,jonathonbrooks,0.0,0.0,0.0,0.0,0.0,179.7,743.2,5.1,1.5,157.6,27.9,211.6,1.1,0.0,0.0,0.0,0.0,0.0,0.0,0.0,0.0,0.0,0.0,0.0,,,,0.0,0.0,104.92,55.66,-3.0,,0.0,157.58
Jonathon Brooks,CAR,RB,high,jonathonbrooks,0.0,0.0,0.0,0.0,0.0,213.0,874.0,7.0,0.9,166.0,32.7,246.7,1.2,0.0,0.0,0.0,0.0,0.0,0.0,0.0,0.0,0.0,0.0,0.0,,,,0.0,0.0,129.4,64.57,-1.8,,0.0,192.17
Jonathon Brooks,CAR,RB,low,jonathonbrooks,0.0,0.0,0.0,0.0,0.0,133.0,546.0,4.0,2.0,144.9,24.0,189.0,1.0,0.0,0.0,0.0,0.0,0.0,0.0,0.0,0.0,0.0,0.0,0.0,,,,0.0,0.0,78.6,48.9,-4.0,,0.0,123.5
Jordan James,SF,RB,consensus,jordanjames,0.0,0.0,0.0,0.0,0.0,100.1,407.1,3.1,1.2,91.8,16.1,148.5,0.7,0.0,0.0,0.0,0.0,0.0,0.0,0.0,0.0,0.0,0.0,0.0,,,,0.0,0.0,59.31,35.15,-2.4,,0.0,92.06
Jordan James,SF,RB,high,jordanjames,0.0,0.0,0.0,0.0,0.0,125.0,493.0,4.0,0.3,98.1,24.0,234.0,1.0,0.0,0.0,0.0,0.0,0.0,0.0,0.0,0.0,0.0,0.0,0.0,,,,0.0,0.0,73.3,53.4,-0.6,,0.0,126.1
Jordan James,SF,RB,low,jordanjames,0.0,0.0,0.0,0.0,0.0,75.2,321.2,2.2,2.0,69.0,8.2,62.9,0.3,0.0,0.0,0.0,0.0,0.0,0.0,0.0,0.0,0.0,0.0,0.0,,,,0.0,0.0,45.32,16.29,-4.0,,0.0,57.61
Jordan Mason,MIN,RB,consensus,jordanmason,0.0,0.0,0.0,0.0,0.0,192.8,878.0,6.1,1.1,145.1,14.5,75.8,0.1,0.0,0.0,0.0,0.0,0.0,0.0,0.0,0.0,0.0,0.0,0.0,,,,0.0,0.0,124.4,22.68,-2.2,,0.0,144.88
Jordan Mason,MIN,RB,high,jordanmason,0.0,0.0,0.0,0.0,0.0,195.0,904.0,7.0,1.0,151.6,18.0,83.4,0.3,0.0,0.0,0.0,0.0,0.0,0.0,0.0,0.0,0.0,0.0,0.0,,,,0.0,0.0,132.4,28.14,-2.0,,0.0,158.54
Jordan Mason,MIN,RB,low,jordanmason,0.0,0.0,0.0,0.0,0.0,189.0,831.0,5.0,1.2,139.8,12.0,62.0,0.0,0.0,0.0,0.0,0.0,0.0,0.0,0.0,0.0,0.0,0.0,0.0,,,,0.0,0.0,113.1,18.2,-2.4,,0.0,128.9
Josh Jacobs,GB,RB,consensus,joshjacobs,0.0,0.0,0.0,0.0,0.0,273.9,1101.6,11.7,1.3,248.6,35.3,280.0,1.2,0.0,0.0,0.0,0.0,0.0,0.0,0.0,0.0,0.0,0.0,0.0,,,,0.0,0.0,180.36,70.5,-2.6,,0.0,248.26
Josh Jacobs,GB,RB,high,joshjacobs,0.0,0.0,0.0,0.0,0.0,282.0,1155.0,13.0,1.0,262.0,36.0,283.0,1.6,0.0,0.0,0.0,0.0,0.0,0.0,0.0,0.0,0.0,0.0,0.0,,,,0.0,0.0,193.5,73.9,-2.0,,0.0,265.4
Josh Jacobs,GB,RB,low,joshjacobs,0.0,0.0,0.0,0.0,0.0,262.0,1006.0,10.0,1.5,228.3,35.0,277.0,1.0,0.0,0.0,0.0,0.0,0.0,0.0,0.0,0.0,0.0,0.0,0.0,,,,0.0,0.0,160.6,68.7,-3.0,,0.0,226.3
Josh Williams,TB,RB,consensus,joshwilliams,0.0,0.0,0.0,0.0,0.0,0.0,0.0,0.0,0.0,0.0,0.0,0.0,0.0,0.0,0.0,0.0,0.0,0.0,0.0,0.0,0.0,0.0,0.0,0.0,,,,0.0,0.0,0.0,0.0,-0.0,,0.0,0.0
Josh Williams,TB,RB,high,joshwilliams,0.0,0.0,0.0,0.0,0.0,0.0,0.0,0.0,0.0,0.1,0.0,0.0,0.0,0.0,0.0,0.0,0.0,0.0,0.0,0.0,0.0,0.0,0.0,0.0,,,,0.0,0.0,0.0,0.0,-0.0,,0.0,0.0
Josh Williams,TB,RB,low,joshwilliams,0.0,0.0,0.0,0.0,0.0,0.0,0.0,0.0,0.0,0.1,0.0,0.0,0.0,0.0,0.0,0.0,0.0,0.0,0.0,0.0,0.0,0.0,0.0,0.0,,,,0.0,0.0,0.0,0.0,-0.0,,0.0,0.0
Justice Hill,BAL,RB,consensus,justicehill,0.0,0.0,0.0,0.0,0.0,56.4,273.7,2.2,0.2,112.1,32.7,283.4,1.8,0.0,0.0,0.0,0.0,0.0,0.0,0.0,0.0,0.0,0.0,0.0,,,,0.0,0.0,40.57,71.84,-0.4,,0.0,112.01
Justice Hill,BAL,RB,high,justicehill,0.0,0.0,0.0,0.0,0.0,64.0,324.0,3.0,0.0,107.5,39.4,348.9,2.0,0.0,0.0,0.0,0.0,0.0,0.0,0.0,0.0,0.0,0.0,0.0,,,,0.0,0.0,50.4,86.29,-0.0,,0.0,136.69
Justice Hill,BAL,RB,low,justicehill,0.0,0.0,0.0,0.0,0.0,48.8,223.4,1.4,0.4,99.7,26.0,218.0,1.7,0.0,0.0,0.0,0.0,0.0,0.0,0.0,0.0,0.0,0.0,0.0,,,,0.0,0.0,30.74,58.0,-0.8,,0.0,87.94
Kaelon Black,SF,RB,consensus,kaelonblack,0.0,0.0,0.0,0.0,0.0,93.7,369.8,3.0,1.1,72.9,8.5,79.2,0.6,0.0,0.0,0.0,0.0,0.0,0.0,0.0,0.0,0.0,0.0,0.0,,,,0.0,0.0,54.98,20.02,-2.2,,0.0,72.8
Kaelon Black,SF,RB,high,kaelonblack,0.0,0.0,0.0,0.0,0.0,152.0,593.0,5.0,0.2,95.5,13.0,127.0,1.0,0.0,0.0,0.0,0.0,0.0,0.0,0.0,0.0,0.0,0.0,0.0,,,,0.0,0.0,89.3,31.7,-0.4,,0.0,120.6
Kaelon Black,SF,RB,low,kaelonblack,0.0,0.0,0.0,0.0,0.0,35.4,146.6,1.0,2.0,33.4,4.1,31.4,0.2,0.0,0.0,0.0,0.0,0.0,0.0,0.0,0.0,0.0,0.0,0.0,,,,0.0,0.0,20.66,8.44,-4.0,,0.0,25.1
Kaleb Johnson,PIT,RB,consensus,kalebjohnson,0.0,0.0,0.0,0.0,0.0,8.6,35.9,0.2,0.0,4.9,0.0,0.0,0.0,0.0,0.0,0.0,0.0,0.0,0.0,0.0,0.0,0.0,0.0,0.0,,,,0.0,0.0,4.79,0.0,-0.0,,0.0,4.79
Kaleb Johnson,PIT,RB,high,kalebjohnson,0.0,0.0,0.0,0.0,0.0,8.6,35.9,0.2,0.0,4.9,0.0,0.0,0.0,0.0,0.0,0.0,0.0,0.0,0.0,0.0,0.0,0.0,0.0,0.0,,,,0.0,0.0,4.79,0.0,-0.0,,0.0,4.79
Kaleb Johnson,PIT,RB,low,kalebjohnson,0.0,0.0,0.0,0.0,0.0,8.6,35.9,0.2,0.0,4.9,0.0,0.0,0.0,0.0,0.0,0.0,0.0,0.0,0.0,0.0,0.0,0.0,0.0,0.0,,,,0.0,0.0,4.79,0.0,-0.0,,0.0,4.79
Kaytron Allen,WAS,RB,consensus,kaytronallen,0.0,0.0,0.0,0.0,0.0,23.6,110.9,0.7,0.0,21.5,3.0,25.7,0.1,0.0,0.0,0.0,0.0,0.0,0.0,0.0,0.0,0.0,0.0,0.0,,,,0.0,0.0,15.29,6.17,-0.0,,0.0,21.46
Kaytron Allen,WAS,RB,high,kaytronallen,0.0,0.0,0.0,0.0,0.0,35.0,171.0,1.0,0.0,20.0,4.1,29.4,0.2,0.0,0.0,0.0,0.0,0.0,0.0,0.0,0.0,0.0,0.0,0.0,,,,0.0,0.0,23.1,8.24,-0.0,,0.0,31.34
Kaytron Allen,WAS,RB,low,kaytronallen,0.0,0.0,0.0,0.0,0.0,12.3,50.8,0.4,0.1,14.7,2.0,22.0,0.0,0.0,0.0,0.0,0.0,0.0,0.0,0.0,0.0,0.0,0.0,0.0,,,,0.0,0.0,7.48,4.2,-0.2,,0.0,11.48
Keaton Mitchell,LAC,RB,consensus,keatonmitchell,0.0,0.0,0.0,0.0,0.0,95.6,432.8,2.2,0.7,84.4,15.5,114.5,0.4,0.0,0.0,0.0,0.0,0.0,0.0,0.0,0.0,0.0,0.0,0.0,,,,0.0,0.0,56.48,29.35,-1.4,,0.0,84.43
Keaton Mitchell,LAC,RB,high,keatonmitchell,0.0,0.0,0.0,0.0,0.0,108.0,473.0,2.4,0.5,89.4,20.1,157.0,0.8,0.0,0.0,0.0,0.0,0.0,0.0,0.0,0.0,0.0,0.0,0.0,,,,0.0,0.0,61.7,40.6,-1.0,,0.0,101.3
Keaton Mitchell,LAC,RB,low,keatonmitchell,0.0,0.0,0.0,0.0,0.0,83.3,392.6,2.0,1.0,66.5,11.0,72.0,0.0,0.0,0.0,0.0,0.0,0.0,0.0,0.0,0.0,0.0,0.0,0.0,,,,0.0,0.0,51.26,18.2,-2.0,,0.0,67.46
Kendre Miller,NO,RB,consensus,kendremiller,0.0,0.0,0.0,0.0,0.0,13.0,55.3,0.3,0.0,7.3,0.0,0.0,0.0,0.0,0.0,0.0,0.0,0.0,0.0,0.0,0.0,0.0,0.0,0.0,,,,0.0,0.0,7.33,0.0,-0.0,,0.0,7.33
Kendre Miller,NO,RB,high,kendremiller,0.0,0.0,0.0,0.0,0.0,13.0,55.3,0.3,0.0,7.4,0.0,0.0,0.0,0.0,0.0,0.0,0.0,0.0,0.0,0.0,0.0,0.0,0.0,0.0,,,,0.0,0.0,7.33,0.0,-0.0,,0.0,7.33
Kendre Miller,NO,RB,low,kendremiller,0.0,0.0,0.0,0.0,0.0,13.0,55.3,0.3,0.0,7.4,0.0,0.0,0.0,0.0,0.0,0.0,0.0,0.0,0.0,0.0,0.0,0.0,0.0,0.0,,,,0.0,0.0,7.33,0.0,-0.0,,0.0,7.33
Kene Nwangwu,NYJ,RB,consensus,kenenwangwu,0.0,0.0,0.0,0.0,0.0,0.0,0.0,0.0,0.0,0.0,0.0,0.0,0.0,0.0,0.0,0.0,0.0,0.0,0.0,0.0,0.0,0.0,0.0,0.0,,,,0.0,0.0,0.0,0.0,-0.0,,0.0,0.0
Kene Nwangwu,NYJ,RB,high,kenenwangwu,0.0,0.0,0.0,0.0,0.0,0.0,0.0,0.0,0.0,2.3,0.0,0.0,0.0,0.0,0.0,0.0,0.0,0.0,0.0,0.0,0.0,0.0,0.0,0.0,,,,0.0,0.0,0.0,0.0,-0.0,,0.0,0.0
Kene Nwangwu,NYJ,RB,low,kenenwangwu,0.0,0.0,0.0,0.0,0.0,0.0,0.0,0.0,0.0,2.3,0.0,0.0,0.0,0.0,0.0,0.0,0.0,0.0,0.0,0.0,0.0,0.0,0.0,0.0,,,,0.0,0.0,0.0,0.0,-0.0,,0.0,0.0
Kenneth Walker III,KC,RB,consensus,kennethwalker,0.0,0.0,0.0,0.0,0.0,262.5,1191.4,8.7,0.9,258.0,45.8,353.1,1.2,0.0,0.0,0.0,0.0,0.0,0.0,0.0,0.0,0.0,0.0,0.0,,,,0.0,0.0,171.34,88.31,-1.8,,0.0,257.85
Kenneth Walker III,KC,RB,high,kennethwalker,0.0,0.0,0.0,0.0,0.0,276.6,1239.2,9.1,0.9,282.7,48.3,376.4,2.0,0.0,0.0,0.0,0.0,0.0,0.0,0.0,0.0,0.0,0.0,0.0,,,,0.0,0.0,178.52,97.94,-1.8,,0.0,274.66
Kenneth Walker III,KC,RB,low,kennethwalker,0.0,0.0,0.0,0.0,0.0,249.0,1158.0,8.0,1.0,227.8,42.0,322.0,0.0,0.0,0.0,0.0,0.0,0.0,0.0,0.0,0.0,0.0,0.0,0.0,,,,0.0,0.0,163.8,74.2,-2.0,,0.0,236.0
Kenny Gainwell,TB,RB,consensus,kennygainwell,0.0,0.0,0.0,0.0,0.0,113.6,497.8,3.9,0.9,168.2,49.7,352.3,2.0,0.0,0.0,0.0,0.0,0.0,0.0,0.0,0.0,0.0,0.0,0.0,,,,0.0,0.0,73.18,96.93,-1.8,,0.0,168.31
Kenny Gainwell,TB,RB,high,kennygainwell,0.0,0.0,0.0,0.0,0.0,123.0,533.0,4.6,0.8,175.4,60.0,440.0,2.0,0.0,0.0,0.0,0.0,0.0,0.0,0.0,0.0,0.0,0.0,0.0,,,,0.0,0.0,80.9,116.0,-1.6,,0.0,195.3
Kenny Gainwell,TB,RB,low,kennygainwell,0.0,0.0,0.0,0.0,0.0,100.0,439.0,3.0,1.0,164.7,37.0,275.0,2.0,0.0,0.0,0.0,0.0,0.0,0.0,0.0,0.0,0.0,0.0,0.0,,,,0.0,0.0,61.9,76.5,-2.0,,0.0,136.4
Kimani Vidal,LAC,RB,consensus,kimanividal,0.0,0.0,0.0,0.0,0.0,60.2,234.2,1.6,0.1,59.0,11.9,104.5,0.7,0.0,0.0,0.0,0.0,0.0,0.0,0.0,0.0,0.0,0.0,0.0,,,,0.0,0.0,33.02,26.55,-0.2,,0.0,59.37
Kimani Vidal,LAC,RB,high,kimanividal,0.0,0.0,0.0,0.0,0.0,87.0,332.0,2.0,0.0,59.9,16.0,146.0,1.0,0.0,0.0,0.0,0.0,0.0,0.0,0.0,0.0,0.0,0.0,0.0,,,,0.0,0.0,45.2,36.6,-0.0,,0.0,81.8
Kimani Vidal,LAC,RB,low,kimanividal,0.0,0.0,0.0,0.0,0.0,33.3,136.4,1.1,0.2,40.4,7.8,63.0,0.4,0.0,0.0,0.0,0.0,0.0,0.0,0.0,0.0,0.0,0.0,0.0,,,,0.0,0.0,20.24,16.5,-0.4,,0.0,36.34
Kyle Juszczyk,SF,RB,consensus,kylejuszczyk,0.0,0.0,0.0,0.0,0.0,4.2,10.3,0.1,0.1,54.8,23.7,209.0,1.5,0.0,0.0,0.0,0.0,0.0,0.0,0.0,0.0,0.0,0.0,0.0,,,,0.0,0.0,1.63,53.6,-0.2,,0.0,55.03
Kyle Juszczyk,SF,RB,high,kylejuszczyk,0.0,0.0,0.0,0.0,0.0,4.4,18.6,0.2,0.0,53.7,27.0,256.0,2.0,0.0,0.0,0.0,0.0,0.0,0.0,0.0,0.0,0.0,0.0,0.0,,,,0.0,0.0,3.06,64.6,-0.0,,0.0,67.66
Kyle Juszczyk,SF,RB,low,kylejuszczyk,0.0,0.0,0.0,0.0,0.0,4.0,2.0,0.0,0.1,48.2,20.4,162.1,1.0,0.0,0.0,0.0,0.0,0.0,0.0,0.0,0.0,0.0,0.0,0.0,,,,0.0,0.0,0.2,42.61,-0.2,,0.0,42.61
Kyle Monangai,CHI,RB,consensus,kylemonangai,0.0,0.0,0.0,0.0,0.0,191.3,817.3,5.2,0.7,156.2,22.9,195.0,0.4,0.0,0.0,0.0,0.0,0.0,0.0,0.0,0.0,0.0,0.0,0.0,,,,0.0,0.0,112.93,44.8,-1.4,,0.0,156.33
Kyle Monangai,CHI,RB,high,kylemonangai,0.0,0.0,0.0,0.0,0.0,206.0,852.0,6.5,0.4,173.4,25.7,215.0,1.3,0.0,0.0,0.0,0.0,0.0,0.0,0.0,0.0,0.0,0.0,0.0,,,,0.0,0.0,124.2,55.0,-0.8,,0.0,178.4
Kyle Monangai,CHI,RB,low,kylemonangai,0.0,0.0,0.0,0.0,0.0,176.0,775.0,4.0,1.0,141.9,20.0,162.0,0.0,0.0,0.0,0.0,0.0,0.0,0.0,0.0,0.0,0.0,0.0,0.0,,,,0.0,0.0,101.5,36.2,-2.0,,0.0,135.7
Kyren Williams,LAR,RB,consensus,kyrenwilliams,0.0,0.0,0.0,0.0,0.0,240.2,1118.4,10.1,1.5,240.2,33.8,239.6,2.2,0.0,0.0,0.0,0.0,0.0,0.0,0.0,0.0,0.0,0.0,0.0,,,,0.0,0.0,172.44,70.96,-3.0,,0.0,240.4
Kyren Williams,LAR,RB,high,kyrenwilliams,0.0,0.0,0.0,0.0,0.0,249.0,1171.0,10.2,1.1,264.4,34.0,250.0,3.0,0.0,0.0,0.0,0.0,0.0,0.0,0.0,0.0,0.0,0.0,0.0,,,,0.0,0.0,178.3,77.0,-2.2,,0.0,253.1
Kyren Williams,LAR,RB,low,kyrenwilliams,0.0,0.0,0.0,0.0,0.0,235.0,1071.2,10.0,2.0,226.8,33.4,223.9,1.6,0.0,0.0,0.0,0.0,0.0,0.0,0.0,0.0,0.0,0.0,0.0,,,,0.0,0.0,167.12,65.39,-4.0,,0.0,228.51
LeQuint Allen Jr.,JAC,RB,consensus,lequintallen,0.0,0.0,0.0,0.0,0.0,32.0,126.0,0.6,0.1,43.8,15.3,99.1,0.4,0.0,0.0,0.0,0.0,0.0,0.0,0.0,0.0,0.0,0.0,0.0,,,,0.0,0.0,16.2,27.61,-0.2,,0.0,43.61
LeQuint Allen Jr.,JAC,RB,high,lequintallen,0.0,0.0,0.0,0.0,0.0,56.0,218.0,1.0,0.0,40.1,21.7,148.3,0.9,0.0,0.0,0.0,0.0,0.0,0.0,0.0,0.0,0.0,0.0,0.0,,,,0.0,0.0,27.8,41.93,-0.0,,0.0,69.73
LeQuint Allen Jr.,JAC,RB,low,lequintallen,0.0,0.0,0.0,0.0,0.0,8.0,34.0,0.2,0.1,35.3,9.0,50.0,0.0,0.0,0.0,0.0,0.0,0.0,0.0,0.0,0.0,0.0,0.0,0.0,,,,0.0,0.0,4.6,14.0,-0.2,,0.0,18.4
Malik Davis,DAL,RB,consensus,malikdavis,0.0,0.0,0.0,0.0,0.0,57.5,276.5,2.0,0.5,46.9,4.5,37.5,0.0,0.0,0.0,0.0,0.0,0.0,0.0,0.0,0.0,0.0,0.0,0.0,,,,0.0,0.0,39.65,8.25,-1.0,,0.0,46.9
Malik Davis,DAL,RB,high,malikdavis,0.0,0.0,0.0,0.0,0.0,115.0,553.0,4.0,0.0,76.5,9.0,75.0,0.0,0.0,0.0,0.0,0.0,0.0,0.0,0.0,0.0,0.0,0.0,0.0,,,,0.0,0.0,79.3,16.5,-0.0,,0.0,95.8
Malik Davis,DAL,RB,low,malikdavis,0.0,0.0,0.0,0.0,0.0,0.0,0.0,0.0,1.0,4.5,0.0,0.0,0.0,0.0,0.0,0.0,0.0,0.0,0.0,0.0,0.0,0.0,0.0,0.0,,,,0.0,0.0,0.0,0.0,-2.0,,0.0,-2.0
MarShawn Lloyd,GB,RB,consensus,marshawnlloyd,0.0,0.0,0.0,0.0,0.0,62.3,259.0,1.9,0.2,54.0,8.5,62.9,0.4,0.0,0.0,0.0,0.0,0.0,0.0,0.0,0.0,0.0,0.0,0.0,,,,0.0,0.0,37.3,17.19,-0.4,,0.0,54.09
MarShawn Lloyd,GB,RB,high,marshawnlloyd,0.0,0.0,0.0,0.0,0.0,89.6,381.0,2.8,0.0,78.8,16.1,113.7,0.7,0.0,0.0,0.0,0.0,0.0,0.0,0.0,0.0,0.0,0.0,0.0,,,,0.0,0.0,54.9,31.67,-0.0,,0.0,86.57
MarShawn Lloyd,GB,RB,low,marshawnlloyd,0.0,0.0,0.0,0.0,0.0,35.0,137.0,1.0,0.4,20.5,1.0,12.0,0.0,0.0,0.0,0.0,0.0,0.0,0.0,0.0,0.0,0.0,0.0,0.0,,,,0.0,0.0,19.7,2.2,-0.8,,0.0,21.1
Max Bredeson,MIN,RB,consensus,maxbredeson,0.0,0.0,0.0,0.0,0.0,2.0,8.5,0.1,0.0,9.6,4.5,29.4,0.2,0.0,0.0,0.0,0.0,0.0,0.0,0.0,0.0,0.0,0.0,0.0,,,,0.0,0.0,1.45,8.64,-0.0,,0.0,10.09
Max Bredeson,MIN,RB,high,maxbredeson,0.0,0.0,0.0,0.0,0.0,2.0,8.5,0.1,0.0,9.6,4.5,29.4,0.2,0.0,0.0,0.0,0.0,0.0,0.0,0.0,0.0,0.0,0.0,0.0,,,,0.0,0.0,1.45,8.64,-0.0,,0.0,10.09
Max Bredeson,MIN,RB,low,maxbredeson,0.0,0.0,0.0,0.0,0.0,2.0,8.5,0.1,0.0,9.6,4.5,29.4,0.2,0.0,0.0,0.0,0.0,0.0,0.0,0.0,0.0,0.0,0.0,0.0,,,,0.0,0.0,1.45,8.64,-0.0,,0.0,10.09
Michael Burton,CLE,RB,consensus,michaelburton,0.0,0.0,0.0,0.0,0.0,6.6,13.9,0.6,0.0,16.5,5.1,33.3,0.6,0.0,0.0,0.0,0.0,0.0,0.0,0.0,0.0,0.0,0.0,0.0,,,,0.0,0.0,4.99,12.03,-0.0,,0.0,17.02
Michael Burton,CLE,RB,high,michaelburton,0.0,0.0,0.0,0.0,0.0,9.0,17.7,1.0,0.0,18.1,6.0,40.0,1.0,0.0,0.0,0.0,0.0,0.0,0.0,0.0,0.0,0.0,0.0,0.0,,,,0.0,0.0,7.77,16.0,-0.0,,0.0,23.77
Michael Burton,CLE,RB,low,michaelburton,0.0,0.0,0.0,0.0,0.0,4.3,10.0,0.1,0.0,11.0,4.2,26.5,0.2,0.0,0.0,0.0,0.0,0.0,0.0,0.0,0.0,0.0,0.0,0.0,,,,0.0,0.0,1.6,8.05,-0.0,,0.0,9.65
Mike Washington Jr.,LV,RB,consensus,mikewashington,0.0,0.0,0.0,0.0,0.0,101.0,379.6,2.6,1.2,83.5,15.7,127.5,0.6,0.0,0.0,0.0,0.0,0.0,0.0,0.0,0.0,0.0,0.0,0.0,,,,0.0,0.0,53.56,32.05,-2.4,,0.0,83.21
Mike Washington Jr.,LV,RB,high,mikewashington,0.0,0.0,0.0,0.0,0.0,114.0,397.0,3.0,0.4,79.7,23.0,195.0,1.0,0.0,0.0,0.0,0.0,0.0,0.0,0.0,0.0,0.0,0.0,0.0,,,,0.0,0.0,57.7,48.5,-0.8,,0.0,105.4
Mike Washington Jr.,LV,RB,low,mikewashington,0.0,0.0,0.0,0.0,0.0,88.0,362.2,2.2,2.0,72.5,8.4,60.0,0.3,0.0,0.0,0.0,0.0,0.0,0.0,0.0,0.0,0.0,0.0,0.0,,,,0.0,0.0,49.42,16.2,-4.0,,0.0,61.62
Najee Harris,NYG,RB,consensus,najeeharris,0.0,0.0,0.0,0.0,0.0,80.0,353.0,3.0,0.0,69.8,9.0,75.0,0.0,0.0,0.0,0.0,0.0,0.0,0.0,0.0,0.0,0.0,0.0,0.0,,,,0.0,0.0,53.3,16.5,-0.0,,0.0,69.8
Najee Harris,NYG,RB,high,najeeharris,0.0,0.0,0.0,0.0,0.0,80.0,353.0,3.0,0.0,57.0,9.0,75.0,0.0,0.0,0.0,0.0,0.0,0.0,0.0,0.0,0.0,0.0,0.0,0.0,,,,0.0,0.0,53.3,16.5,-0.0,,0.0,69.8
Najee Harris,NYG,RB,low,najeeharris,0.0,0.0,0.0,0.0,0.0,80.0,353.0,3.0,0.0,57.0,9.0,75.0,0.0,0.0,0.0,0.0,0.0,0.0,0.0,0.0,0.0,0.0,0.0,0.0,,,,0.0,0.0,53.3,16.5,-0.0,,0.0,69.8
Nicholas Singleton,TEN,RB,consensus,nicholassingleton,0.0,0.0,0.0,0.0,0.0,20.3,83.7,0.6,0.1,19.7,4.3,30.2,0.2,0.0,0.0,0.0,0.0,0.0,0.0,0.0,0.0,0.0,0.0,0.0,,,,0.0,0.0,11.97,8.52,-0.2,,0.0,20.29
Nicholas Singleton,TEN,RB,high,nicholassingleton,0.0,0.0,0.0,0.0,0.0,20.3,83.7,0.6,0.1,19.8,4.3,30.2,0.2,0.0,0.0,0.0,0.0,0.0,0.0,0.0,0.0,0.0,0.0,0.0,,,,0.0,0.0,11.97,8.52,-0.2,,0.0,20.29
Nicholas Singleton,TEN,RB,low,nicholassingleton,0.0,0.0,0.0,0.0,0.0,20.3,83.7,0.6,0.1,19.8,4.3,30.2,0.2,0.0,0.0,0.0,0.0,0.0,0.0,0.0,0.0,0.0,0.0,0.0,,,,0.0,0.0,11.97,8.52,-0.2,,0.0,20.29
Ollie Gordon II,MIA,RB,consensus,olliegordon,0.0,0.0,0.0,0.0,0.0,49.4,203.5,1.2,0.2,34.8,3.9,27.7,0.1,0.0,0.0,0.0,0.0,0.0,0.0,0.0,0.0,0.0,0.0,0.0,,,,0.0,0.0,27.55,7.27,-0.4,,0.0,34.42
Ollie Gordon II,MIA,RB,high,olliegordon,0.0,0.0,0.0,0.0,0.0,49.4,203.5,1.2,0.2,34.9,3.9,27.7,0.1,0.0,0.0,0.0,0.0,0.0,0.0,0.0,0.0,0.0,0.0,0.0,,,,0.0,0.0,27.55,7.27,-0.4,,0.0,34.42
Ollie Gordon II,MIA,RB,low,olliegordon,0.0,0.0,0.0,0.0,0.0,49.4,203.5,1.2,0.2,34.9,3.9,27.7,0.1,0.0,0.0,0.0,0.0,0.0,0.0,0.0,0.0,0.0,0.0,0.0,,,,0.0,0.0,27.55,7.27,-0.4,,0.0,34.42
Omarion Hampton,LAC,RB,consensus,omarionhampton,0.0,0.0,0.0,0.0,0.0,243.7,1035.1,9.5,1.0,254.2,50.2,342.8,1.9,0.0,0.0,0.0,0.0,0.0,0.0,0.0,0.0,0.0,0.0,0.0,,,,0.0,0.0,160.51,95.88,-2.0,,0.0,254.39
Omarion Hampton,LAC,RB,high,omarionhampton,0.0,0.0,0.0,0.0,0.0,257.0,1129.0,10.0,1.0,291.7,52.0,366.0,2.0,0.0,0.0,0.0,0.0,0.0,0.0,0.0,0.0,0.0,0.0,0.0,,,,0.0,0.0,172.9,100.6,-2.0,,0.0,271.5
Omarion Hampton,LAC,RB,low,omarionhampton,0.0,0.0,0.0,0.0,0.0,220.0,892.0,9.0,1.1,222.2,47.0,299.0,1.8,0.0,0.0,0.0,0.0,0.0,0.0,0.0,0.0,0.0,0.0,0.0,,,,0.0,0.0,143.2,87.7,-2.2,,0.0,228.7
Patrick Ricard,NYG,RB,consensus,patrickricard,0.0,0.0,0.0,0.0,0.0,0.0,0.0,0.0,0.0,7.4,3.9,26.8,0.1,0.0,0.0,0.0,0.0,0.0,0.0,0.0,0.0,0.0,0.0,0.0,,,,0.0,0.0,0.0,7.18,-0.0,,0.0,7.18
Patrick Ricard,NYG,RB,high,patrickricard,0.0,0.0,0.0,0.0,0.0,0.0,0.0,0.0,0.0,7.4,3.9,26.8,0.1,0.0,0.0,0.0,0.0,0.0,0.0,0.0,0.0,0.0,0.0,0.0,,,,0.0,0.0,0.0,7.18,-0.0,,0.0,7.18
Patrick Ricard,NYG,RB,low,patrickricard,0.0,0.0,0.0,0.0,0.0,0.0,0.0,0.0,0.0,7.4,3.9,26.8,0.1,0.0,0.0,0.0,0.0,0.0,0.0,0.0,0.0,0.0,0.0,0.0,,,,0.0,0.0,0.0,7.18,-0.0,,0.0,7.18
Phil Mafah,DAL,RB,consensus,philmafah,0.0,0.0,0.0,0.0,0.0,31.6,137.2,1.5,0.1,30.9,4.2,32.3,0.1,0.0,0.0,0.0,0.0,0.0,0.0,0.0,0.0,0.0,0.0,0.0,,,,0.0,0.0,22.72,8.03,-0.2,,0.0,30.55
Phil Mafah,DAL,RB,high,philmafah,0.0,0.0,0.0,0.0,0.0,32.0,142.0,2.0,0.0,28.0,4.4,34.0,0.2,0.0,0.0,0.0,0.0,0.0,0.0,0.0,0.0,0.0,0.0,0.0,,,,0.0,0.0,26.2,9.0,-0.0,,0.0,35.2
Phil Mafah,DAL,RB,low,philmafah,0.0,0.0,0.0,0.0,0.0,31.2,132.4,1.1,0.1,23.2,4.0,30.7,0.0,0.0,0.0,0.0,0.0,0.0,0.0,0.0,0.0,0.0,0.0,0.0,,,,0.0,0.0,19.84,7.07,-0.2,,0.0,26.71
Quinshon Judkins,CLE,RB,consensus,quinshonjudkins,0.0,0.0,0.0,0.0,0.0,289.2,1105.3,8.1,0.9,214.1,31.3,218.8,0.6,0.0,0.0,0.0,0.0,0.0,0.0,0.0,0.0,0.0,0.0,0.0,,,,0.0,0.0,159.13,56.78,-1.8,,0.0,214.11
Quinshon Judkins,CLE,RB,high,quinshonjudkins,0.0,0.0,0.0,0.0,0.0,316.7,1245.0,10.0,0.7,225.8,32.0,230.0,1.0,0.0,0.0,0.0,0.0,0.0,0.0,0.0,0.0,0.0,0.0,0.0,,,,0.0,0.0,184.5,61.0,-1.4,,0.0,244.1
Quinshon Judkins,CLE,RB,low,quinshonjudkins,0.0,0.0,0.0,0.0,0.0,275.0,973.0,7.0,1.0,193.3,30.0,205.0,0.0,0.0,0.0,0.0,0.0,0.0,0.0,0.0,0.0,0.0,0.0,0.0,,,,0.0,0.0,139.3,50.5,-2.0,,0.0,187.8
RJ Harvey,DEN,RB,consensus,rjharvey,0.0,0.0,0.0,0.0,0.0,115.9,439.3,4.3,0.7,167.4,45.9,341.6,3.2,0.0,0.0,0.0,0.0,0.0,0.0,0.0,0.0,0.0,0.0,0.0,,,,0.0,0.0,69.73,99.26,-1.4,,0.0,167.59
RJ Harvey,DEN,RB,high,rjharvey,0.0,0.0,0.0,0.0,0.0,149.0,529.0,6.0,0.4,189.8,48.7,366.9,4.0,0.0,0.0,0.0,0.0,0.0,0.0,0.0,0.0,0.0,0.0,0.0,,,,0.0,0.0,88.9,109.39,-0.8,,0.0,197.49
RJ Harvey,DEN,RB,low,rjharvey,0.0,0.0,0.0,0.0,0.0,77.8,315.9,2.9,1.0,146.7,44.0,326.0,2.6,0.0,0.0,0.0,0.0,0.0,0.0,0.0,0.0,0.0,0.0,0.0,,,,0.0,0.0,48.99,92.2,-2.0,,0.0,139.19
Rachaad White,WAS,RB,consensus,rachaadwhite,0.0,0.0,0.0,0.0,0.0,140.3,619.0,5.4,0.8,163.6,36.5,251.3,1.6,0.0,0.0,0.0,0.0,0.0,0.0,0.0,0.0,0.0,0.0,0.0,,,,0.0,0.0,94.3,71.23,-1.6,,0.0,163.93
Rachaad White,WAS,RB,high,rachaadwhite,0.0,0.0,0.0,0.0,0.0,145.0,710.0,6.0,0.6,190.4,44.0,320.0,2.0,0.0,0.0,0.0,0.0,0.0,0.0,0.0,0.0,0.0,0.0,0.0,,,,0.0,0.0,107.0,88.0,-1.2,,0.0,193.8
Rachaad White,WAS,RB,low,rachaadwhite,0.0,0.0,0.0,0.0,0.0,135.0,567.9,5.0,1.0,146.5,25.0,167.0,1.0,0.0,0.0,0.0,0.0,0.0,0.0,0.0,0.0,0.0,0.0,0.0,,,,0.0,0.0,86.79,47.7,-2.0,,0.0,132.49
Rasheen Ali,BAL,RB,consensus,rasheenali,0.0,0.0,0.0,0.0,0.0,0.0,0.0,0.0,0.0,0.0,0.0,0.0,0.0,0.0,0.0,0.0,0.0,0.0,0.0,0.0,0.0,0.0,0.0,0.0,,,,0.0,0.0,0.0,0.0,-0.0,,0.0,0.0
Rasheen Ali,BAL,RB,high,rasheenali,0.0,0.0,0.0,0.0,0.0,0.0,0.0,0.0,0.0,0.5,0.0,0.0,0.0,0.0,0.0,0.0,0.0,0.0,0.0,0.0,0.0,0.0,0.0,0.0,,,,0.0,0.0,0.0,0.0,-0.0,,0.0,0.0
Rasheen Ali,BAL,RB,low,rasheenali,0.0,0.0,0.0,0.0,0.0,0.0,0.0,0.0,0.0,0.5,0.0,0.0,0.0,0.0,0.0,0.0,0.0,0.0,0.0,0.0,0.0,0.0,0.0,0.0,,,,0.0,0.0,0.0,0.0,-0.0,,0.0,0.0
Ray Davis,BUF,RB,consensus,raydavis,0.0,0.0,0.0,0.0,0.0,32.3,137.9,1.1,0.2,35.9,7.8,60.0,0.4,0.0,0.0,0.0,0.0,0.0,0.0,0.0,0.0,0.0,0.0,0.0,,,,0.0,0.0,20.39,16.2,-0.4,,0.0,36.19
Ray Davis,BUF,RB,high,raydavis,0.0,0.0,0.0,0.0,0.0,32.3,137.9,1.1,0.2,38.1,7.8,60.0,0.4,0.0,0.0,0.0,0.0,0.0,0.0,0.0,0.0,0.0,0.0,0.0,,,,0.0,0.0,20.39,16.2,-0.4,,0.0,36.19
Ray Davis,BUF,RB,low,raydavis,0.0,0.0,0.0,0.0,0.0,32.3,137.9,1.1,0.2,38.1,7.8,60.0,0.4,0.0,0.0,0.0,0.0,0.0,0.0,0.0,0.0,0.0,0.0,0.0,,,,0.0,0.0,20.39,16.2,-0.4,,0.0,36.19
Reggie Gilliam,NE,RB,consensus,reggiegilliam,0.0,0.0,0.0,0.0,0.0,0.0,0.0,0.0,0.0,7.9,4.1,29.8,0.2,0.0,0.0,0.0,0.0,0.0,0.0,0.0,0.0,0.0,0.0,0.0,,,,0.0,0.0,0.0,8.28,-0.0,,0.0,8.28
Reggie Gilliam,NE,RB,high,reggiegilliam,0.0,0.0,0.0,0.0,0.0,0.0,0.0,0.0,0.0,8.0,4.1,29.8,0.2,0.0,0.0,0.0,0.0,0.0,0.0,0.0,0.0,0.0,0.0,0.0,,,,0.0,0.0,0.0,8.28,-0.0,,0.0,8.28
Reggie Gilliam,NE,RB,low,reggiegilliam,0.0,0.0,0.0,0.0,0.0,0.0,0.0,0.0,0.0,8.0,4.1,29.8,0.2,0.0,0.0,0.0,0.0,0.0,0.0,0.0,0.0,0.0,0.0,0.0,,,,0.0,0.0,0.0,8.28,-0.0,,0.0,8.28
Rhamondre Stevenson,NE,RB,consensus,rhamondrestevenson,0.0,0.0,0.0,0.0,0.0,168.6,723.1,6.6,2.1,187.5,37.9,318.9,1.7,0.0,0.0,0.0,0.0,0.0,0.0,0.0,0.0,0.0,0.0,0.0,,,,0.0,0.0,111.91,79.99,-4.2,,0.0,187.7
Rhamondre Stevenson,NE,RB,high,rhamondrestevenson,0.0,0.0,0.0,0.0,0.0,173.7,740.3,7.0,1.2,200.6,42.6,349.6,2.1,0.0,0.0,0.0,0.0,0.0,0.0,0.0,0.0,0.0,0.0,0.0,,,,0.0,0.0,116.03,90.16,-2.4,,0.0,203.79
Rhamondre Stevenson,NE,RB,low,rhamondrestevenson,0.0,0.0,0.0,0.0,0.0,163.0,694.0,6.0,3.0,170.9,33.0,282.0,1.0,0.0,0.0,0.0,0.0,0.0,0.0,0.0,0.0,0.0,0.0,0.0,,,,0.0,0.0,105.4,67.2,-6.0,,0.0,166.6
Rico Dowdle,PIT,RB,consensus,ricodowdle,0.0,0.0,0.0,0.0,0.0,200.0,869.8,5.8,1.0,180.2,31.8,222.3,1.0,0.0,0.0,0.0,0.0,0.0,0.0,0.0,0.0,0.0,0.0,0.0,,,,0.0,0.0,121.78,60.03,-2.0,,0.0,179.81
Rico Dowdle,PIT,RB,high,ricodowdle,0.0,0.0,0.0,0.0,0.0,223.0,975.4,7.0,1.0,188.6,36.0,253.0,1.1,0.0,0.0,0.0,0.0,0.0,0.0,0.0,0.0,0.0,0.0,0.0,,,,0.0,0.0,139.54,67.9,-2.0,,0.0,205.44
Rico Dowdle,PIT,RB,low,ricodowdle,0.0,0.0,0.0,0.0,0.0,186.0,801.0,5.0,1.0,168.8,29.3,203.0,1.0,0.0,0.0,0.0,0.0,0.0,0.0,0.0,0.0,0.0,0.0,0.0,,,,0.0,0.0,110.1,55.6,-2.0,,0.0,163.7
Riley Nowakowski,PIT,RB,consensus,rileynowakowski,0.0,0.0,0.0,0.0,0.0,0.0,0.0,0.0,0.0,8.1,4.3,29.2,0.2,0.0,0.0,0.0,0.0,0.0,0.0,0.0,0.0,0.0,0.0,0.0,,,,0.0,0.0,0.0,8.42,-0.0,,0.0,8.42
Riley Nowakowski,PIT,RB,high,rileynowakowski,0.0,0.0,0.0,0.0,0.0,0.0,0.0,0.0,0.0,8.1,4.3,29.2,0.2,0.0,0.0,0.0,0.0,0.0,0.0,0.0,0.0,0.0,0.0,0.0,,,,0.0,0.0,0.0,8.42,-0.0,,0.0,8.42
Riley Nowakowski,PIT,RB,low,rileynowakowski,0.0,0.0,0.0,0.0,0.0,0.0,0.0,0.0,0.0,8.1,4.3,29.2,0.2,0.0,0.0,0.0,0.0,0.0,0.0,0.0,0.0,0.0,0.0,0.0,,,,0.0,0.0,0.0,8.42,-0.0,,0.0,8.42
Roschon Johnson,CHI,RB,consensus,roschonjohnson,0.0,0.0,0.0,0.0,0.0,34.0,116.0,3.0,0.0,34.4,3.0,18.0,0.0,0.0,0.0,0.0,0.0,0.0,0.0,0.0,0.0,0.0,0.0,0.0,,,,0.0,0.0,29.6,4.8,-0.0,,0.0,34.4
Roschon Johnson,CHI,RB,high,roschonjohnson,0.0,0.0,0.0,0.0,0.0,34.0,116.0,3.0,0.0,26.0,3.0,18.0,0.0,0.0,0.0,0.0,0.0,0.0,0.0,0.0,0.0,0.0,0.0,0.0,,,,0.0,0.0,29.6,4.8,-0.0,,0.0,34.4
Roschon Johnson,CHI,RB,low,roschonjohnson,0.0,0.0,0.0,0.0,0.0,34.0,116.0,3.0,0.0,26.0,3.0,18.0,0.0,0.0,0.0,0.0,0.0,0.0,0.0,0.0,0.0,0.0,0.0,0.0,,,,0.0,0.0,29.6,4.8,-0.0,,0.0,34.4
Samaje Perine,CIN,RB,consensus,samajeperine,0.0,0.0,0.0,0.0,0.0,98.5,441.8,3.7,1.9,96.1,17.9,135.7,0.4,0.0,0.0,0.0,0.0,0.0,0.0,0.0,0.0,0.0,0.0,0.0,,,,0.0,0.0,66.38,33.87,-3.8,,0.0,96.45
Samaje Perine,CIN,RB,high,samajeperine,0.0,0.0,0.0,0.0,0.0,101.1,443.0,4.0,0.8,99.6,18.8,139.4,0.7,0.0,0.0,0.0,0.0,0.0,0.0,0.0,0.0,0.0,0.0,0.0,,,,0.0,0.0,68.3,36.94,-1.6,,0.0,103.64
Samaje Perine,CIN,RB,low,samajeperine,0.0,0.0,0.0,0.0,0.0,96.0,440.6,3.4,3.0,76.9,17.0,132.0,0.0,0.0,0.0,0.0,0.0,0.0,0.0,0.0,0.0,0.0,0.0,0.0,,,,0.0,0.0,64.46,30.2,-6.0,,0.0,88.66
Saquon Barkley,PHI,RB,consensus,saquonbarkley,0.0,0.0,0.0,0.0,0.0,295.8,1299.1,8.2,1.0,264.7,41.7,330.4,2.1,0.0,0.0,0.0,0.0,0.0,0.0,0.0,0.0,0.0,0.0,0.0,,,,0.0,0.0,179.11,87.34,-2.0,,0.0,264.45
Saquon Barkley,PHI,RB,high,saquonbarkley,0.0,0.0,0.0,0.0,0.0,306.0,1376.0,9.0,1.0,283.0,43.2,371.1,2.3,0.0,0.0,0.0,0.0,0.0,0.0,0.0,0.0,0.0,0.0,0.0,,,,0.0,0.0,191.6,94.11,-2.0,,0.0,283.71
Saquon Barkley,PHI,RB,low,saquonbarkley,0.0,0.0,0.0,0.0,0.0,281.0,1236.0,7.0,1.0,244.7,40.0,307.0,2.0,0.0,0.0,0.0,0.0,0.0,0.0,0.0,0.0,0.0,0.0,0.0,,,,0.0,0.0,165.6,82.7,-2.0,,0.0,246.3
Sean Tucker,TB,RB,consensus,seantucker,0.0,0.0,0.0,0.0,0.0,38.8,163.6,2.2,0.1,32.1,1.5,10.2,0.0,0.0,0.0,0.0,0.0,0.0,0.0,0.0,0.0,0.0,0.0,0.0,,,,0.0,0.0,29.56,2.52,-0.2,,0.0,31.88
Sean Tucker,TB,RB,high,seantucker,0.0,0.0,0.0,0.0,0.0,43.6,182.2,2.4,0.0,36.4,2.0,14.4,0.1,0.0,0.0,0.0,0.0,0.0,0.0,0.0,0.0,0.0,0.0,0.0,,,,0.0,0.0,32.62,4.04,-0.0,,0.0,36.66
Sean Tucker,TB,RB,low,seantucker,0.0,0.0,0.0,0.0,0.0,34.0,145.0,2.0,0.3,19.5,1.0,6.0,0.0,0.0,0.0,0.0,0.0,0.0,0.0,0.0,0.0,0.0,0.0,0.0,,,,0.0,0.0,26.5,1.6,-0.6,,0.0,27.5
Seth McGowan,IND,RB,consensus,sethmcgowan,0.0,0.0,0.0,0.0,0.0,22.3,96.4,1.2,0.0,23.1,3.2,27.3,0.1,0.0,0.0,0.0,0.0,0.0,0.0,0.0,0.0,0.0,0.0,0.0,,,,0.0,0.0,16.84,6.53,-0.0,,0.0,23.37
Seth McGowan,IND,RB,high,sethmcgowan,0.0,0.0,0.0,0.0,0.0,32.0,141.0,2.0,0.0,22.2,4.3,29.6,0.2,0.0,0.0,0.0,0.0,0.0,0.0,0.0,0.0,0.0,0.0,0.0,,,,0.0,0.0,26.1,8.46,-0.0,,0.0,34.56
Seth McGowan,IND,RB,low,sethmcgowan,0.0,0.0,0.0,0.0,0.0,12.5,51.7,0.4,0.1,14.6,2.0,25.0,0.0,0.0,0.0,0.0,0.0,0.0,0.0,0.0,0.0,0.0,0.0,0.0,,,,0.0,0.0,7.57,4.5,-0.2,,0.0,11.87
Tahj Brooks,CIN,RB,consensus,tahjbrooks,0.0,0.0,0.0,0.0,0.0,30.3,128.4,0.9,0.1,18.2,0.0,0.0,0.0,0.0,0.0,0.0,0.0,0.0,0.0,0.0,0.0,0.0,0.0,0.0,,,,0.0,0.0,18.24,0.0,-0.2,,0.0,18.04
Tahj Brooks,CIN,RB,high,tahjbrooks,0.0,0.0,0.0,0.0,0.0,30.3,128.4,0.9,0.1,18.4,0.0,0.0,0.0,0.0,0.0,0.0,0.0,0.0,0.0,0.0,0.0,0.0,0.0,0.0,,,,0.0,0.0,18.24,0.0,-0.2,,0.0,18.04
Tahj Brooks,CIN,RB,low,tahjbrooks,0.0,0.0,0.0,0.0,0.0,30.3,128.4,0.9,0.1,18.4,0.0,0.0,0.0,0.0,0.0,0.0,0.0,0.0,0.0,0.0,0.0,0.0,0.0,0.0,,,,0.0,0.0,18.24,0.0,-0.2,,0.0,18.04
Tank Bigsby,PHI,RB,consensus,tankbigsby,0.0,0.0,0.0,0.0,0.0,104.6,510.9,4.2,0.7,82.2,3.8,31.8,0.1,0.0,0.0,0.0,0.0,0.0,0.0,0.0,0.0,0.0,0.0,0.0,,,,0.0,0.0,76.29,7.58,-1.4,,0.0,82.47
Tank Bigsby,PHI,RB,high,tankbigsby,0.0,0.0,0.0,0.0,0.0,126.0,649.0,5.0,0.4,88.8,4.0,35.0,0.1,0.0,0.0,0.0,0.0,0.0,0.0,0.0,0.0,0.0,0.0,0.0,,,,0.0,0.0,94.9,8.1,-0.8,,0.0,102.2
Tank Bigsby,PHI,RB,low,tankbigsby,0.0,0.0,0.0,0.0,0.0,83.2,372.8,3.4,1.0,64.4,3.6,28.7,0.0,0.0,0.0,0.0,0.0,0.0,0.0,0.0,0.0,0.0,0.0,0.0,,,,0.0,0.0,57.68,6.47,-2.0,,0.0,62.15
Tony Pollard,TEN,RB,consensus,tonypollard,0.0,0.0,0.0,0.0,0.0,236.2,1033.7,5.5,2.1,187.8,31.9,208.2,0.5,0.0,0.0,0.0,0.0,0.0,0.0,0.0,0.0,0.0,0.0,0.0,,,,0.0,0.0,136.37,55.72,-4.2,,0.0,187.89
Tony Pollard,TEN,RB,high,tonypollard,0.0,0.0,0.0,0.0,0.0,242.0,1065.0,6.0,1.2,213.1,34.0,227.0,1.0,0.0,0.0,0.0,0.0,0.0,0.0,0.0,0.0,0.0,0.0,0.0,,,,0.0,0.0,142.5,62.7,-2.4,,0.0,202.8
Tony Pollard,TEN,RB,low,tonypollard,0.0,0.0,0.0,0.0,0.0,227.0,992.0,5.0,3.0,164.9,29.7,182.6,0.0,0.0,0.0,0.0,0.0,0.0,0.0,0.0,0.0,0.0,0.0,0.0,,,,0.0,0.0,129.2,47.96,-6.0,,0.0,171.16
Travis Etienne Jr.,NO,RB,consensus,travisetienne,0.0,0.0,0.0,0.0,0.0,245.3,1040.0,5.4,1.0,232.6,44.8,353.4,3.0,0.0,0.0,0.0,0.0,0.0,0.0,0.0,0.0,0.0,0.0,0.0,,,,0.0,0.0,136.4,98.14,-2.0,,0.0,232.54
Travis Etienne Jr.,NO,RB,high,travisetienne,0.0,0.0,0.0,0.0,0.0,259.9,1130.1,6.1,1.0,249.7,46.0,381.3,5.0,0.0,0.0,0.0,0.0,0.0,0.0,0.0,0.0,0.0,0.0,0.0,,,,0.0,0.0,149.61,114.13,-2.0,,0.0,261.74
Travis Etienne Jr.,NO,RB,low,travisetienne,0.0,0.0,0.0,0.0,0.0,230.0,908.0,5.0,1.0,212.8,44.0,327.0,2.0,0.0,0.0,0.0,0.0,0.0,0.0,0.0,0.0,0.0,0.0,0.0,,,,0.0,0.0,120.8,88.7,-2.0,,0.0,207.5
Trayveon Williams,DET,RB,consensus,trayveonwilliams,0.0,0.0,0.0,0.0,0.0,32.0,138.0,1.0,0.0,36.5,9.0,77.0,0.0,0.0,0.0,0.0,0.0,0.0,0.0,0.0,0.0,0.0,0.0,0.0,,,,0.0,0.0,19.8,16.7,-0.0,,0.0,36.5
Trayveon Williams,DET,RB,high,trayveonwilliams,0.0,0.0,0.0,0.0,0.0,32.0,138.0,1.0,0.0,24.0,9.0,77.0,0.0,0.0,0.0,0.0,0.0,0.0,0.0,0.0,0.0,0.0,0.0,0.0,,,,0.0,0.0,19.8,16.7,-0.0,,0.0,36.5
Trayveon Williams,DET,RB,low,trayveonwilliams,0.0,0.0,0.0,0.0,0.0,32.0,138.0,1.0,0.0,24.0,9.0,77.0,0.0,0.0,0.0,0.0,0.0,0.0,0.0,0.0,0.0,0.0,0.0,0.0,,,,0.0,0.0,19.8,16.7,-0.0,,0.0,36.5
TreVeyon Henderson,NE,RB,consensus,treveyonhenderson,0.0,0.0,0.0,0.0,0.0,187.1,858.9,6.9,0.8,193.3,36.0,249.1,1.1,0.0,0.0,0.0,0.0,0.0,0.0,0.0,0.0,0.0,0.0,0.0,,,,0.0,0.0,127.29,67.51,-1.6,,0.0,193.2
TreVeyon Henderson,NE,RB,high,treveyonhenderson,0.0,0.0,0.0,0.0,0.0,190.2,884.0,7.0,0.7,215.3,38.9,277.0,1.4,0.0,0.0,0.0,0.0,0.0,0.0,0.0,0.0,0.0,0.0,0.0,,,,0.0,0.0,130.4,75.0,-1.4,,0.0,204.0
TreVeyon Henderson,NE,RB,low,treveyonhenderson,0.0,0.0,0.0,0.0,0.0,182.0,836.7,6.7,1.0,175.0,33.0,202.0,1.0,0.0,0.0,0.0,0.0,0.0,0.0,0.0,0.0,0.0,0.0,0.0,,,,0.0,0.0,123.87,59.2,-2.0,,0.0,181.07
Trevor Etienne,CAR,RB,consensus,trevoretienne,0.0,0.0,0.0,0.0,0.0,12.3,52.4,0.3,0.1,14.8,4.1,29.3,0.1,0.0,0.0,0.0,0.0,0.0,0.0,0.0,0.0,0.0,0.0,0.0,,,,0.0,0.0,7.04,7.63,-0.2,,0.0,14.47
Trevor Etienne,CAR,RB,high,trevoretienne,0.0,0.0,0.0,0.0,0.0,12.3,52.4,0.3,0.1,16.7,4.1,29.3,0.1,0.0,0.0,0.0,0.0,0.0,0.0,0.0,0.0,0.0,0.0,0.0,,,,0.0,0.0,7.04,7.63,-0.2,,0.0,14.47
Trevor Etienne,CAR,RB,low,trevoretienne,0.0,0.0,0.0,0.0,0.0,12.3,52.4,0.3,0.1,16.7,4.1,29.3,0.1,0.0,0.0,0.0,0.0,0.0,0.0,0.0,0.0,0.0,0.0,0.0,,,,0.0,0.0,7.04,7.63,-0.2,,0.0,14.47
Trey Benson,ARI,RB,consensus,treybenson,0.0,0.0,0.0,0.0,0.0,0.0,0.0,0.0,0.0,0.0,0.0,0.0,0.0,0.0,0.0,0.0,0.0,0.0,0.0,0.0,0.0,0.0,0.0,0.0,,,,0.0,0.0,0.0,0.0,-0.0,,0.0,0.0
Trey Benson,ARI,RB,high,treybenson,0.0,0.0,0.0,0.0,0.0,0.0,0.0,0.0,0.0,0.0,0.0,0.0,0.0,0.0,0.0,0.0,0.0,0.0,0.0,0.0,0.0,0.0,0.0,0.0,,,,0.0,0.0,0.0,0.0,-0.0,,0.0,0.0
Trey Benson,ARI,RB,low,treybenson,0.0,0.0,0.0,0.0,0.0,0.0,0.0,0.0,0.0,0.0,0.0,0.0,0.0,0.0,0.0,0.0,0.0,0.0,0.0,0.0,0.0,0.0,0.0,0.0,,,,0.0,0.0,0.0,0.0,-0.0,,0.0,0.0
Ty Chandler,NO,RB,consensus,tychandler,0.0,0.0,0.0,0.0,0.0,51.0,138.0,1.0,0.0,37.6,12.0,58.0,0.0,0.0,0.0,0.0,0.0,0.0,0.0,0.0,0.0,0.0,0.0,0.0,,,,0.0,0.0,19.8,17.8,-0.0,,0.0,37.6
Ty Chandler,NO,RB,high,tychandler,0.0,0.0,0.0,0.0,0.0,51.0,138.0,1.0,0.0,26.0,12.0,58.0,0.0,0.0,0.0,0.0,0.0,0.0,0.0,0.0,0.0,0.0,0.0,0.0,,,,0.0,0.0,19.8,17.8,-0.0,,0.0,37.6
Ty Chandler,NO,RB,low,tychandler,0.0,0.0,0.0,0.0,0.0,51.0,138.0,1.0,0.0,26.0,12.0,58.0,0.0,0.0,0.0,0.0,0.0,0.0,0.0,0.0,0.0,0.0,0.0,0.0,,,,0.0,0.0,19.8,17.8,-0.0,,0.0,37.6
Ty Johnson,BUF,RB,consensus,tyjohnson,0.0,0.0,0.0,0.0,0.0,51.9,218.8,2.0,0.2,96.5,24.9,252.7,2.1,0.0,0.0,0.0,0.0,0.0,0.0,0.0,0.0,0.0,0.0,0.0,,,,0.0,0.0,33.88,62.77,-0.4,,0.0,96.25
Ty Johnson,BUF,RB,high,tyjohnson,0.0,0.0,0.0,0.0,0.0,53.0,225.0,2.1,0.0,111.6,29.0,280.0,3.0,0.0,0.0,0.0,0.0,0.0,0.0,0.0,0.0,0.0,0.0,0.0,,,,0.0,0.0,35.1,75.0,-0.0,,0.0,110.1
Ty Johnson,BUF,RB,low,tyjohnson,0.0,0.0,0.0,0.0,0.0,50.8,212.0,2.0,0.4,88.0,21.6,208.0,1.3,0.0,0.0,0.0,0.0,0.0,0.0,0.0,0.0,0.0,0.0,0.0,,,,0.0,0.0,33.2,50.2,-0.8,,0.0,82.6
Tyjae Spears,TEN,RB,consensus,tyjaespears,0.0,0.0,0.0,0.0,0.0,94.8,379.6,3.0,0.7,138.1,45.9,306.1,1.2,0.0,0.0,0.0,0.0,0.0,0.0,0.0,0.0,0.0,0.0,0.0,,,,0.0,0.0,55.96,83.71,-1.4,,0.0,138.27
Tyjae Spears,TEN,RB,high,tyjaespears,0.0,0.0,0.0,0.0,0.0,105.5,446.7,4.0,0.5,150.8,50.0,336.4,1.6,0.0,0.0,0.0,0.0,0.0,0.0,0.0,0.0,0.0,0.0,0.0,,,,0.0,0.0,68.67,93.24,-1.0,,0.0,160.91
Tyjae Spears,TEN,RB,low,tyjaespears,0.0,0.0,0.0,0.0,0.0,86.0,344.0,2.0,1.0,124.9,38.0,255.0,1.0,0.0,0.0,0.0,0.0,0.0,0.0,0.0,0.0,0.0,0.0,0.0,,,,0.0,0.0,46.4,69.5,-2.0,,0.0,113.9
Tyler Allgeier,ARI,RB,consensus,tylerallgeier,0.0,0.0,0.0,0.0,0.0,111.7,424.8,4.2,0.6,95.2,17.1,108.4,0.2,0.0,0.0,0.0,0.0,0.0,0.0,0.0,0.0,0.0,0.0,0.0,,,,0.0,0.0,67.68,29.14,-1.2,,0.0,95.62
Tyler Allgeier,ARI,RB,high,tylerallgeier,0.0,0.0,0.0,0.0,0.0,126.0,465.0,5.0,0.2,90.2,18.1,125.8,0.4,0.0,0.0,0.0,0.0,0.0,0.0,0.0,0.0,0.0,0.0,0.0,,,,0.0,0.0,76.5,33.08,-0.4,,0.0,109.18
Tyler Allgeier,ARI,RB,low,tylerallgeier,0.0,0.0,0.0,0.0,0.0,97.4,384.7,3.3,1.0,87.1,16.0,91.0,0.0,0.0,0.0,0.0,0.0,0.0,0.0,0.0,0.0,0.0,0.0,0.0,,,,0.0,0.0,58.27,25.1,-2.0,,0.0,81.37
Tyler Badie,DEN,RB,consensus,tylerbadie,0.0,0.0,0.0,0.0,0.0,0.0,0.0,0.0,0.0,0.0,0.0,0.0,0.0,0.0,0.0,0.0,0.0,0.0,0.0,0.0,0.0,0.0,0.0,0.0,,,,0.0,0.0,0.0,0.0,-0.0,,0.0,0.0
Tyler Badie,DEN,RB,high,tylerbadie,0.0,0.0,0.0,0.0,0.0,0.0,0.0,0.0,0.0,0.4,0.0,0.0,0.0,0.0,0.0,0.0,0.0,0.0,0.0,0.0,0.0,0.0,0.0,0.0,,,,0.0,0.0,0.0,0.0,-0.0,,0.0,0.0
Tyler Badie,DEN,RB,low,tylerbadie,0.0,0.0,0.0,0.0,0.0,0.0,0.0,0.0,0.0,0.4,0.0,0.0,0.0,0.0,0.0,0.0,0.0,0.0,0.0,0.0,0.0,0.0,0.0,0.0,,,,0.0,0.0,0.0,0.0,-0.0,,0.0,0.0
Tyrone Tracy Jr.,NYG,RB,consensus,tyronetracy,0.0,0.0,0.0,0.0,0.0,119.7,506.8,2.5,0.8,120.0,27.3,210.8,1.2,0.0,0.0,0.0,0.0,0.0,0.0,0.0,0.0,0.0,0.0,0.0,,,,0.0,0.0,65.68,55.58,-1.6,,0.0,119.66
Tyrone Tracy Jr.,NYG,RB,high,tyronetracy,0.0,0.0,0.0,0.0,0.0,134.0,568.0,3.0,0.6,139.8,32.0,245.0,2.0,0.0,0.0,0.0,0.0,0.0,0.0,0.0,0.0,0.0,0.0,0.0,,,,0.0,0.0,74.8,68.5,-1.2,,0.0,142.1
Tyrone Tracy Jr.,NYG,RB,low,tyronetracy,0.0,0.0,0.0,0.0,0.0,111.2,472.4,1.6,1.0,102.0,19.9,146.3,0.7,0.0,0.0,0.0,0.0,0.0,0.0,0.0,0.0,0.0,0.0,0.0,,,,0.0,0.0,56.84,38.73,-2.0,,0.0,93.57
Will Shipley,PHI,RB,consensus,willshipley,0.0,0.0,0.0,0.0,0.0,9.3,39.6,0.3,0.1,27.6,11.3,83.5,0.4,0.0,0.0,0.0,0.0,0.0,0.0,0.0,0.0,0.0,0.0,0.0,,,,0.0,0.0,5.76,22.05,-0.2,,0.0,27.61
Will Shipley,PHI,RB,high,willshipley,0.0,0.0,0.0,0.0,0.0,9.3,39.6,0.3,0.1,28.1,11.3,83.5,0.4,0.0,0.0,0.0,0.0,0.0,0.0,0.0,0.0,0.0,0.0,0.0,,,,0.0,0.0,5.76,22.05,-0.2,,0.0,27.61
Will Shipley,PHI,RB,low,willshipley,0.0,0.0,0.0,0.0,0.0,9.3,39.6,0.3,0.1,28.1,11.3,83.5,0.4,0.0,0.0,0.0,0.0,0.0,0.0,0.0,0.0,0.0,0.0,0.0,,,,0.0,0.0,5.76,22.05,-0.2,,0.0,27.61
Woody Marks,HOU,RB,consensus,woodymarks,0.0,0.0,0.0,0.0,0.0,142.7,555.8,2.7,0.8,124.4,24.1,197.4,1.8,0.0,0.0,0.0,0.0,0.0,0.0,0.0,0.0,0.0,0.0,0.0,,,,0.0,0.0,71.78,54.64,-1.6,,0.0,124.82
Woody Marks,HOU,RB,high,woodymarks,0.0,0.0,0.0,0.0,0.0,150.0,580.5,3.0,0.7,129.7,27.0,214.0,3.0,0.0,0.0,0.0,0.0,0.0,0.0,0.0,0.0,0.0,0.0,0.0,,,,0.0,0.0,76.05,66.4,-1.4,,0.0,141.05
Woody Marks,HOU,RB,low,woodymarks,0.0,0.0,0.0,0.0,0.0,135.0,527.0,2.0,1.0,115.1,21.0,177.0,1.0,0.0,0.0,0.0,0.0,0.0,0.0,0.0,0.0,0.0,0.0,0.0,,,,0.0,0.0,64.7,44.7,-2.0,,0.0,107.4
Zach Charbonnet,SEA,RB,consensus,zachcharbonnet,0.0,0.0,0.0,0.0,0.0,130.5,533.0,5.6,0.7,123.1,19.8,147.0,0.5,0.0,0.0,0.0,0.0,0.0,0.0,0.0,0.0,0.0,0.0,0.0,,,,0.0,0.0,86.9,37.5,-1.4,,0.0,123.0
Zach Charbonnet,SEA,RB,high,zachcharbonnet,0.0,0.0,0.0,0.0,0.0,136.6,555.1,7.0,0.3,133.4,20.3,161.0,1.0,0.0,0.0,0.0,0.0,0.0,0.0,0.0,0.0,0.0,0.0,0.0,,,,0.0,0.0,97.51,42.4,-0.6,,0.0,139.31
Zach Charbonnet,SEA,RB,low,zachcharbonnet,0.0,0.0,0.0,0.0,0.0,127.0,507.0,3.0,1.0,107.8,19.0,135.0,0.0,0.0,0.0,0.0,0.0,0.0,0.0,0.0,0.0,0.0,0.0,0.0,,,,0.0,0.0,68.7,32.5,-2.0,,0.0,99.2
Zavier Scott,MIN,RB,consensus,zavierscott,0.0,0.0,0.0,0.0,0.0,0.0,0.0,0.0,0.0,0.0,0.0,0.0,0.0,0.0,0.0,0.0,0.0,0.0,0.0,0.0,0.0,0.0,0.0,0.0,,,,0.0,0.0,0.0,0.0,-0.0,,0.0,0.0
Zavier Scott,MIN,RB,high,zavierscott,0.0,0.0,0.0,0.0,0.0,0.0,0.0,0.0,0.0,0.0,0.0,0.0,0.0,0.0,0.0,0.0,0.0,0.0,0.0,0.0,0.0,0.0,0.0,0.0,,,,0.0,0.0,0.0,0.0,-0.0,,0.0,0.0
Zavier Scott,MIN,RB,low,zavierscott,0.0,0.0,0.0,0.0,0.0,0.0,0.0,0.0,0.0,0.0,0.0,0.0,0.0,0.0,0.0,0.0,0.0,0.0,0.0,0.0,0.0,0.0,0.0,0.0,,,,0.0,0.0,0.0,0.0,-0.0,,0.0,0.0
A.J. Brown,NE,WR,consensus,ajbrown,0.0,0.0,0.0,0.0,0.0,0.0,0.0,0.0,0.3,255.2,87.7,1221.7,7.7,0.0,0.0,0.0,0.0,0.0,0.0,0.0,0.0,0.0,0.0,0.0,,,,0.0,0.0,0.0,256.07,-0.6,,0.0,255.47
A.J. Brown,NE,WR,high,ajbrown,0.0,0.0,0.0,0.0,0.0,0.0,0.0,0.0,0.0,288.2,91.0,1296.0,9.0,0.0,0.0,0.0,0.0,0.0,0.0,0.0,0.0,0.0,0.0,0.0,,,,0.0,0.0,0.0,274.6,-0.0,,0.0,274.6
A.J. Brown,NE,WR,low,ajbrown,0.0,0.0,0.0,0.0,0.0,0.0,0.0,0.0,0.6,250.2,86.0,1155.0,7.0,0.0,0.0,0.0,0.0,0.0,0.0,0.0,0.0,0.0,0.0,0.0,,,,0.0,0.0,0.0,243.5,-1.2,,0.0,242.3
Adonai Mitchell,NYJ,WR,consensus,adonaimitchell,0.0,0.0,0.0,0.0,0.0,2.1,5.1,0.1,0.7,113.9,39.7,549.3,3.3,0.0,0.0,0.0,0.0,0.0,0.0,0.0,0.0,0.0,0.0,0.0,,,,0.0,0.0,1.11,114.43,-1.4,,0.0,114.14
Adonai Mitchell,NYJ,WR,high,adonaimitchell,0.0,0.0,0.0,0.0,0.0,2.2,11.2,0.1,0.5,124.9,41.5,617.5,3.6,0.0,0.0,0.0,0.0,0.0,0.0,0.0,0.0,0.0,0.0,0.0,,,,0.0,0.0,1.72,124.85,-1.0,,0.0,125.57
Adonai Mitchell,NYJ,WR,low,adonaimitchell,0.0,0.0,0.0,0.0,0.0,2.0,-1.0,0.0,1.0,94.7,38.0,481.0,3.0,0.0,0.0,0.0,0.0,0.0,0.0,0.0,0.0,0.0,0.0,0.0,,,,0.0,0.0,-0.1,104.1,-2.0,,0.0,102.0
Alec Pierce,IND,WR,consensus,alecpierce,0.0,0.0,0.0,0.0,0.0,0.0,0.0,0.0,0.3,197.6,58.5,1010.6,6.4,0.0,0.0,0.0,0.0,0.0,0.0,0.0,0.0,0.0,0.0,0.0,,,,0.0,0.0,0.0,197.96,-0.6,,0.0,197.36
Alec Pierce,IND,WR,high,alecpierce,0.0,0.0,0.0,0.0,0.0,0.0,0.0,0.0,0.0,223.2,66.0,1067.0,9.0,0.0,0.0,0.0,0.0,0.0,0.0,0.0,0.0,0.0,0.0,0.0,,,,0.0,0.0,0.0,226.7,-0.0,,0.0,226.7
Alec Pierce,IND,WR,low,alecpierce,0.0,0.0,0.0,0.0,0.0,0.0,0.0,0.0,0.5,184.7,49.0,947.8,5.0,0.0,0.0,0.0,0.0,0.0,0.0,0.0,0.0,0.0,0.0,0.0,,,,0.0,0.0,0.0,173.78,-1.0,,0.0,172.78
Amon-Ra St. Brown,DET,WR,consensus,amonrastbrown,0.0,0.0,0.0,0.0,0.0,3.1,11.8,0.0,0.4,319.8,117.4,1390.9,10.5,0.0,0.0,0.0,0.0,0.0,0.0,0.0,0.0,0.0,0.0,0.0,,,,0.0,0.0,1.18,319.49,-0.8,,0.0,319.87
Amon-Ra St. Brown,DET,WR,high,amonrastbrown,0.0,0.0,0.0,0.0,0.0,4.0,14.0,0.1,0.0,376.0,119.0,1425.7,11.0,0.0,0.0,0.0,0.0,0.0,0.0,0.0,0.0,0.0,0.0,0.0,,,,0.0,0.0,2.0,327.57,-0.0,,0.0,329.57
Amon-Ra St. Brown,DET,WR,low,amonrastbrown,0.0,0.0,0.0,0.0,0.0,2.3,8.0,0.0,0.8,312.4,115.0,1370.0,10.0,0.0,0.0,0.0,0.0,0.0,0.0,0.0,0.0,0.0,0.0,0.0,,,,0.0,0.0,0.8,312.0,-1.6,,0.0,311.2
Andrei Iosivas,CIN,WR,consensus,andreiiosivas,0.0,0.0,0.0,0.0,0.0,2.5,11.0,0.0,0.1,79.5,27.8,352.4,2.6,0.0,0.0,0.0,0.0,0.0,0.0,0.0,0.0,0.0,0.0,0.0,,,,0.0,0.0,1.1,78.64,-0.2,,0.0,79.54
Andrei Iosivas,CIN,WR,high,andreiiosivas,0.0,0.0,0.0,0.0,0.0,3.0,11.1,0.1,0.0,83.8,35.0,470.0,3.0,0.0,0.0,0.0,0.0,0.0,0.0,0.0,0.0,0.0,0.0,0.0,,,,0.0,0.0,1.71,100.0,-0.0,,0.0,101.71
Andrei Iosivas,CIN,WR,low,andreiiosivas,0.0,0.0,0.0,0.0,0.0,2.0,11.0,0.0,0.2,65.4,20.5,234.8,2.1,0.0,0.0,0.0,0.0,0.0,0.0,0.0,0.0,0.0,0.0,0.0,,,,0.0,0.0,1.1,56.58,-0.4,,0.0,57.28
Anthony Gould,IND,WR,consensus,anthonygould,0.0,0.0,0.0,0.0,0.0,0.0,0.0,0.0,0.0,0.0,0.0,0.0,0.0,0.0,0.0,0.0,0.0,0.0,0.0,0.0,0.0,0.0,0.0,0.0,,,,0.0,0.0,0.0,0.0,-0.0,,0.0,0.0
Anthony Gould,IND,WR,high,anthonygould,0.0,0.0,0.0,0.0,0.0,0.0,0.0,0.0,0.0,1.4,0.0,0.0,0.0,0.0,0.0,0.0,0.0,0.0,0.0,0.0,0.0,0.0,0.0,0.0,,,,0.0,0.0,0.0,0.0,-0.0,,0.0,0.0
Anthony Gould,IND,WR,low,anthonygould,0.0,0.0,0.0,0.0,0.0,0.0,0.0,0.0,0.0,1.4,0.0,0.0,0.0,0.0,0.0,0.0,0.0,0.0,0.0,0.0,0.0,0.0,0.0,0.0,,,,0.0,0.0,0.0,0.0,-0.0,,0.0,0.0
Antonio Williams,WAS,WR,consensus,antoniowilliams,0.0,0.0,0.0,0.0,0.0,3.5,18.7,0.1,1.2,104.2,35.5,497.2,3.1,0.0,0.0,0.0,0.0,0.0,0.0,0.0,0.0,0.0,0.0,0.0,,,,0.0,0.0,2.47,103.82,-2.4,,0.0,103.89
Antonio Williams,WAS,WR,high,antoniowilliams,0.0,0.0,0.0,0.0,0.0,4.1,22.4,0.2,0.3,111.5,45.0,650.0,4.0,0.0,0.0,0.0,0.0,0.0,0.0,0.0,0.0,0.0,0.0,0.0,,,,0.0,0.0,3.44,134.0,-0.6,,0.0,136.84
Antonio Williams,WAS,WR,low,antoniowilliams,0.0,0.0,0.0,0.0,0.0,3.0,15.0,0.0,2.0,87.4,25.9,344.5,2.3,0.0,0.0,0.0,0.0,0.0,0.0,0.0,0.0,0.0,0.0,0.0,,,,0.0,0.0,1.5,74.15,-4.0,,0.0,71.65
Arian Smith,NYJ,WR,consensus,ariansmith,0.0,0.0,0.0,0.0,0.0,4.4,23.7,0.2,0.0,3.5,0.0,0.0,0.0,0.0,0.0,0.0,0.0,0.0,0.0,0.0,0.0,0.0,0.0,0.0,,,,0.0,0.0,3.57,0.0,-0.0,,0.0,3.57
Arian Smith,NYJ,WR,high,ariansmith,0.0,0.0,0.0,0.0,0.0,4.4,23.7,0.2,0.0,3.5,0.0,0.0,0.0,0.0,0.0,0.0,0.0,0.0,0.0,0.0,0.0,0.0,0.0,0.0,,,,0.0,0.0,3.57,0.0,-0.0,,0.0,3.57
Arian Smith,NYJ,WR,low,ariansmith,0.0,0.0,0.0,0.0,0.0,4.4,23.7,0.2,0.0,3.5,0.0,0.0,0.0,0.0,0.0,0.0,0.0,0.0,0.0,0.0,0.0,0.0,0.0,0.0,,,,0.0,0.0,3.57,0.0,-0.0,,0.0,3.57
Ashton Dulin,IND,WR,consensus,ashtondulin,0.0,0.0,0.0,0.0,0.0,5.1,46.1,0.1,0.1,64.1,17.5,338.3,1.3,0.0,0.0,0.0,0.0,0.0,0.0,0.0,0.0,0.0,0.0,0.0,,,,0.0,0.0,5.21,59.13,-0.2,,0.0,64.14
Ashton Dulin,IND,WR,high,ashtondulin,0.0,0.0,0.0,0.0,0.0,6.0,66.0,0.2,0.0,78.5,25.0,551.0,2.0,0.0,0.0,0.0,0.0,0.0,0.0,0.0,0.0,0.0,0.0,0.0,,,,0.0,0.0,7.8,92.1,-0.0,,0.0,99.9
Ashton Dulin,IND,WR,low,ashtondulin,0.0,0.0,0.0,0.0,0.0,4.2,26.3,0.0,0.1,37.4,10.0,125.5,0.6,0.0,0.0,0.0,0.0,0.0,0.0,0.0,0.0,0.0,0.0,0.0,,,,0.0,0.0,2.63,26.15,-0.2,,0.0,28.58
Barion Brown,NO,WR,consensus,barionbrown,0.0,0.0,0.0,0.0,0.0,0.0,0.0,0.0,0.1,11.8,4.6,57.4,0.3,0.0,0.0,0.0,0.0,0.0,0.0,0.0,0.0,0.0,0.0,0.0,,,,0.0,0.0,0.0,12.14,-0.2,,0.0,11.94
Barion Brown,NO,WR,high,barionbrown,0.0,0.0,0.0,0.0,0.0,0.0,0.0,0.0,0.1,13.2,4.6,57.4,0.3,0.0,0.0,0.0,0.0,0.0,0.0,0.0,0.0,0.0,0.0,0.0,,,,0.0,0.0,0.0,12.14,-0.2,,0.0,11.94
Barion Brown,NO,WR,low,barionbrown,0.0,0.0,0.0,0.0,0.0,0.0,0.0,0.0,0.1,13.2,4.6,57.4,0.3,0.0,0.0,0.0,0.0,0.0,0.0,0.0,0.0,0.0,0.0,0.0,,,,0.0,0.0,0.0,12.14,-0.2,,0.0,11.94
Ben Skowronek,PIT,WR,consensus,benskowronek,0.0,0.0,0.0,0.0,0.0,0.0,0.0,0.0,0.0,3.9,1.8,17.0,0.1,0.0,0.0,0.0,0.0,0.0,0.0,0.0,0.0,0.0,0.0,0.0,,,,0.0,0.0,0.0,4.1,-0.0,,0.0,4.1
Ben Skowronek,PIT,WR,high,benskowronek,0.0,0.0,0.0,0.0,0.0,0.0,0.0,0.0,0.0,3.9,1.8,17.0,0.1,0.0,0.0,0.0,0.0,0.0,0.0,0.0,0.0,0.0,0.0,0.0,,,,0.0,0.0,0.0,4.1,-0.0,,0.0,4.1
Ben Skowronek,PIT,WR,low,benskowronek,0.0,0.0,0.0,0.0,0.0,0.0,0.0,0.0,0.0,3.9,1.8,17.0,0.1,0.0,0.0,0.0,0.0,0.0,0.0,0.0,0.0,0.0,0.0,0.0,,,,0.0,0.0,0.0,4.1,-0.0,,0.0,4.1
Bo Melton,GB,WR,consensus,bomelton,0.0,0.0,0.0,0.0,0.0,4.5,25.9,0.1,0.1,11.5,2.9,37.4,0.3,0.0,0.0,0.0,0.0,0.0,0.0,0.0,0.0,0.0,0.0,0.0,,,,0.0,0.0,3.19,8.44,-0.2,,0.0,11.43
Bo Melton,GB,WR,high,bomelton,0.0,0.0,0.0,0.0,0.0,4.5,25.9,0.1,0.1,11.7,2.9,37.4,0.3,0.0,0.0,0.0,0.0,0.0,0.0,0.0,0.0,0.0,0.0,0.0,,,,0.0,0.0,3.19,8.44,-0.2,,0.0,11.43
Bo Melton,GB,WR,low,bomelton,0.0,0.0,0.0,0.0,0.0,4.5,25.9,0.1,0.1,11.7,2.9,37.4,0.3,0.0,0.0,0.0,0.0,0.0,0.0,0.0,0.0,0.0,0.0,0.0,,,,0.0,0.0,3.19,8.44,-0.2,,0.0,11.43
Braxton Berrios,NYG,WR,consensus,braxtonberrios,0.0,0.0,0.0,0.0,0.0,0.0,0.0,0.0,0.0,0.0,0.0,0.0,0.0,0.0,0.0,0.0,0.0,0.0,0.0,0.0,0.0,0.0,0.0,0.0,,,,0.0,0.0,0.0,0.0,-0.0,,0.0,0.0
Braxton Berrios,NYG,WR,high,braxtonberrios,0.0,0.0,0.0,0.0,0.0,0.0,0.0,0.0,0.0,2.5,0.0,0.0,0.0,0.0,0.0,0.0,0.0,0.0,0.0,0.0,0.0,0.0,0.0,0.0,,,,0.0,0.0,0.0,0.0,-0.0,,0.0,0.0
Braxton Berrios,NYG,WR,low,braxtonberrios,0.0,0.0,0.0,0.0,0.0,0.0,0.0,0.0,0.0,2.5,0.0,0.0,0.0,0.0,0.0,0.0,0.0,0.0,0.0,0.0,0.0,0.0,0.0,0.0,,,,0.0,0.0,0.0,0.0,-0.0,,0.0,0.0
Brenen Thompson,LAC,WR,consensus,brenenthompson,0.0,0.0,0.0,0.0,0.0,2.1,11.3,0.1,0.1,27.5,9.5,121.7,0.7,0.0,0.0,0.0,0.0,0.0,0.0,0.0,0.0,0.0,0.0,0.0,,,,0.0,0.0,1.73,25.87,-0.2,,0.0,27.4
Brenen Thompson,LAC,WR,high,brenenthompson,0.0,0.0,0.0,0.0,0.0,2.1,11.3,0.1,0.1,27.5,9.5,121.7,0.7,0.0,0.0,0.0,0.0,0.0,0.0,0.0,0.0,0.0,0.0,0.0,,,,0.0,0.0,1.73,25.87,-0.2,,0.0,27.4
Brenen Thompson,LAC,WR,low,brenenthompson,0.0,0.0,0.0,0.0,0.0,2.1,11.3,0.1,0.1,27.5,9.5,121.7,0.7,0.0,0.0,0.0,0.0,0.0,0.0,0.0,0.0,0.0,0.0,0.0,,,,0.0,0.0,1.73,25.87,-0.2,,0.0,27.4
Brian Thomas Jr.,JAC,WR,consensus,brianthomas,0.0,0.0,0.0,0.0,0.0,2.7,17.7,0.4,0.2,181.2,58.0,872.2,5.4,0.0,0.0,0.0,0.0,0.0,0.0,0.0,0.0,0.0,0.0,0.0,,,,0.0,0.0,4.17,177.62,-0.4,,0.0,181.39
Brian Thomas Jr.,JAC,WR,high,brianthomas,0.0,0.0,0.0,0.0,0.0,4.0,30.0,1.0,0.0,197.4,61.0,942.0,6.0,0.0,0.0,0.0,0.0,0.0,0.0,0.0,0.0,0.0,0.0,0.0,,,,0.0,0.0,9.0,191.2,-0.0,,0.0,200.2
Brian Thomas Jr.,JAC,WR,low,brianthomas,0.0,0.0,0.0,0.0,0.0,0.0,0.0,0.0,0.3,177.6,56.0,814.0,5.0,0.0,0.0,0.0,0.0,0.0,0.0,0.0,0.0,0.0,0.0,0.0,,,,0.0,0.0,0.0,167.4,-0.6,,0.0,166.8
Britain Covey,PHI,WR,consensus,britaincovey,0.0,0.0,0.0,0.0,0.0,0.0,0.0,0.0,0.0,0.0,0.0,0.0,0.0,0.0,0.0,0.0,0.0,0.0,0.0,0.0,0.0,0.0,0.0,0.0,,,,0.0,0.0,0.0,0.0,-0.0,,0.0,0.0
Britain Covey,PHI,WR,high,britaincovey,0.0,0.0,0.0,0.0,0.0,0.0,0.0,0.0,0.0,1.7,0.0,0.0,0.0,0.0,0.0,0.0,0.0,0.0,0.0,0.0,0.0,0.0,0.0,0.0,,,,0.0,0.0,0.0,0.0,-0.0,,0.0,0.0
Britain Covey,PHI,WR,low,britaincovey,0.0,0.0,0.0,0.0,0.0,0.0,0.0,0.0,0.0,1.7,0.0,0.0,0.0,0.0,0.0,0.0,0.0,0.0,0.0,0.0,0.0,0.0,0.0,0.0,,,,0.0,0.0,0.0,0.0,-0.0,,0.0,0.0
Bryce Lance,NO,WR,consensus,brycelance,0.0,0.0,0.0,0.0,0.0,0.0,0.0,0.0,0.2,39.5,15.1,193.3,0.9,0.0,0.0,0.0,0.0,0.0,0.0,0.0,0.0,0.0,0.0,0.0,,,,0.0,0.0,0.0,39.83,-0.4,,0.0,39.43
Bryce Lance,NO,WR,high,brycelance,0.0,0.0,0.0,0.0,0.0,0.0,0.0,0.0,0.2,39.5,15.1,193.3,0.9,0.0,0.0,0.0,0.0,0.0,0.0,0.0,0.0,0.0,0.0,0.0,,,,0.0,0.0,0.0,39.83,-0.4,,0.0,39.43
Bryce Lance,NO,WR,low,brycelance,0.0,0.0,0.0,0.0,0.0,0.0,0.0,0.0,0.2,39.5,15.1,193.3,0.9,0.0,0.0,0.0,0.0,0.0,0.0,0.0,0.0,0.0,0.0,0.0,,,,0.0,0.0,0.0,39.83,-0.4,,0.0,39.43
Brycen Tremayne,CAR,WR,consensus,brycentremayne,0.0,0.0,0.0,0.0,0.0,0.0,0.0,0.0,0.0,7.8,3.3,36.1,0.2,0.0,0.0,0.0,0.0,0.0,0.0,0.0,0.0,0.0,0.0,0.0,,,,0.0,0.0,0.0,8.11,-0.0,,0.0,8.11
Brycen Tremayne,CAR,WR,high,brycentremayne,0.0,0.0,0.0,0.0,0.0,0.0,0.0,0.0,0.0,8.0,3.3,36.1,0.2,0.0,0.0,0.0,0.0,0.0,0.0,0.0,0.0,0.0,0.0,0.0,,,,0.0,0.0,0.0,8.11,-0.0,,0.0,8.11
Brycen Tremayne,CAR,WR,low,brycentremayne,0.0,0.0,0.0,0.0,0.0,0.0,0.0,0.0,0.0,8.0,3.3,36.1,0.2,0.0,0.0,0.0,0.0,0.0,0.0,0.0,0.0,0.0,0.0,0.0,,,,0.0,0.0,0.0,8.11,-0.0,,0.0,8.11
Bub Means,NO,WR,consensus,bubmeans,0.0,0.0,0.0,0.0,0.0,1.0,6.0,0.0,1.0,106.5,38.0,519.0,3.0,0.0,0.0,0.0,0.0,0.0,0.0,0.0,0.0,0.0,0.0,0.0,,,,0.0,0.0,0.6,107.9,-2.0,,0.0,106.5
Bub Means,NO,WR,high,bubmeans,0.0,0.0,0.0,0.0,0.0,1.0,6.0,0.0,1.0,98.0,38.0,519.0,3.0,0.0,0.0,0.0,0.0,0.0,0.0,0.0,0.0,0.0,0.0,0.0,,,,0.0,0.0,0.6,107.9,-2.0,,0.0,106.5
Bub Means,NO,WR,low,bubmeans,0.0,0.0,0.0,0.0,0.0,1.0,6.0,0.0,1.0,98.0,38.0,519.0,3.0,0.0,0.0,0.0,0.0,0.0,0.0,0.0,0.0,0.0,0.0,0.0,,,,0.0,0.0,0.6,107.9,-2.0,,0.0,106.5
CJ Daniels,LAR,WR,consensus,cjdaniels,0.0,0.0,0.0,0.0,0.0,0.0,0.0,0.0,0.0,9.6,3.4,42.8,0.3,0.0,0.0,0.0,0.0,0.0,0.0,0.0,0.0,0.0,0.0,0.0,,,,0.0,0.0,0.0,9.48,-0.0,,0.0,9.48
CJ Daniels,LAR,WR,high,cjdaniels,0.0,0.0,0.0,0.0,0.0,0.0,0.0,0.0,0.0,9.6,3.4,42.8,0.3,0.0,0.0,0.0,0.0,0.0,0.0,0.0,0.0,0.0,0.0,0.0,,,,0.0,0.0,0.0,9.48,-0.0,,0.0,9.48
CJ Daniels,LAR,WR,low,cjdaniels,0.0,0.0,0.0,0.0,0.0,0.0,0.0,0.0,0.0,9.6,3.4,42.8,0.3,0.0,0.0,0.0,0.0,0.0,0.0,0.0,0.0,0.0,0.0,0.0,,,,0.0,0.0,0.0,9.48,-0.0,,0.0,9.48
Caleb Douglas,MIA,WR,consensus,calebdouglas,0.0,0.0,0.0,0.0,0.0,1.0,5.5,0.0,0.7,105.4,39.6,511.4,2.6,0.0,0.0,0.0,0.0,0.0,0.0,0.0,0.0,0.0,0.0,0.0,,,,0.0,0.0,0.55,106.34,-1.4,,0.0,105.49
Caleb Douglas,MIA,WR,high,calebdouglas,0.0,0.0,0.0,0.0,0.0,2.0,11.0,0.0,0.5,111.0,44.3,589.8,3.0,0.0,0.0,0.0,0.0,0.0,0.0,0.0,0.0,0.0,0.0,0.0,,,,0.0,0.0,1.1,121.28,-1.0,,0.0,121.38
Caleb Douglas,MIA,WR,low,calebdouglas,0.0,0.0,0.0,0.0,0.0,0.0,0.0,0.0,1.0,90.6,35.0,433.0,2.2,0.0,0.0,0.0,0.0,0.0,0.0,0.0,0.0,0.0,0.0,0.0,,,,0.0,0.0,0.0,91.5,-2.0,,0.0,89.5
Calvin Austin III,NYG,WR,consensus,calvinaustin,0.0,0.0,0.0,0.0,0.0,0.0,0.0,0.0,0.0,58.8,19.6,261.7,2.2,0.0,0.0,0.0,0.0,0.0,0.0,0.0,0.0,0.0,0.0,0.0,,,,0.0,0.0,0.0,58.97,-0.0,,0.0,58.97
Calvin Austin III,NYG,WR,high,calvinaustin,0.0,0.0,0.0,0.0,0.0,0.0,0.0,0.0,0.0,79.6,33.0,449.0,4.0,0.0,0.0,0.0,0.0,0.0,0.0,0.0,0.0,0.0,0.0,0.0,,,,0.0,0.0,0.0,101.9,-0.0,,0.0,101.9
Calvin Austin III,NYG,WR,low,calvinaustin,0.0,0.0,0.0,0.0,0.0,0.0,0.0,0.0,0.1,29.5,6.1,74.3,0.4,0.0,0.0,0.0,0.0,0.0,0.0,0.0,0.0,0.0,0.0,0.0,,,,0.0,0.0,0.0,15.93,-0.2,,0.0,15.73
Calvin Ridley,TEN,WR,consensus,calvinridley,0.0,0.0,0.0,0.0,0.0,4.5,27.6,0.6,0.2,148.1,46.7,762.4,3.2,0.0,0.0,0.0,0.0,0.0,0.0,0.0,0.0,0.0,0.0,0.0,,,,0.0,0.0,6.36,142.14,-0.4,,0.0,148.1
Calvin Ridley,TEN,WR,high,calvinridley,0.0,0.0,0.0,0.0,0.0,6.1,32.1,1.0,0.0,146.7,50.0,847.0,3.4,0.0,0.0,0.0,0.0,0.0,0.0,0.0,0.0,0.0,0.0,0.0,,,,0.0,0.0,9.21,155.1,-0.0,,0.0,164.31
Calvin Ridley,TEN,WR,low,calvinridley,0.0,0.0,0.0,0.0,0.0,3.0,23.0,0.3,0.4,138.7,43.4,677.8,3.0,0.0,0.0,0.0,0.0,0.0,0.0,0.0,0.0,0.0,0.0,0.0,,,,0.0,0.0,4.1,129.18,-0.8,,0.0,132.48
Carnell Tate,TEN,WR,consensus,carnelltate,0.0,0.0,0.0,0.0,0.0,0.7,3.0,0.0,1.4,178.4,65.2,887.6,4.5,0.0,0.0,0.0,0.0,0.0,0.0,0.0,0.0,0.0,0.0,0.0,,,,0.0,0.0,0.3,180.96,-2.8,,0.0,178.46
Carnell Tate,TEN,WR,high,carnelltate,0.0,0.0,0.0,0.0,0.0,2.0,9.0,0.0,0.8,214.4,74.5,1023.7,5.0,0.0,0.0,0.0,0.0,0.0,0.0,0.0,0.0,0.0,0.0,0.0,,,,0.0,0.0,0.9,206.87,-1.6,,0.0,206.17
Carnell Tate,TEN,WR,low,carnelltate,0.0,0.0,0.0,0.0,0.0,0.0,0.0,0.0,2.0,154.2,56.0,772.0,4.0,0.0,0.0,0.0,0.0,0.0,0.0,0.0,0.0,0.0,0.0,0.0,,,,0.0,0.0,0.0,157.2,-4.0,,0.0,153.2
Cedric Tillman,CLE,WR,consensus,cedrictillman,0.0,0.0,0.0,0.0,0.0,0.0,-0.5,0.0,0.0,54.6,18.5,235.6,2.1,0.0,0.0,0.0,0.0,0.0,0.0,0.0,0.0,0.0,0.0,0.0,,,,0.0,0.0,-0.05,54.66,-0.0,,0.0,54.61
Cedric Tillman,CLE,WR,high,cedrictillman,0.0,0.0,0.0,0.0,0.0,0.0,0.0,0.0,0.0,77.5,34.0,438.0,4.0,0.0,0.0,0.0,0.0,0.0,0.0,0.0,0.0,0.0,0.0,0.0,,,,0.0,0.0,0.0,101.8,-0.0,,0.0,101.8
Cedric Tillman,CLE,WR,low,cedrictillman,0.0,0.0,0.0,0.0,0.0,0.0,-1.0,0.0,0.0,22.9,3.0,33.2,0.2,0.0,0.0,0.0,0.0,0.0,0.0,0.0,0.0,0.0,0.0,0.0,,,,0.0,0.0,-0.1,7.52,-0.0,,0.0,7.42
CeeDee Lamb,DAL,WR,consensus,ceedeelamb,0.0,0.0,0.0,0.0,0.0,2.4,12.6,0.0,0.3,273.0,97.5,1295.8,7.5,0.0,0.0,0.0,0.0,0.0,0.0,0.0,0.0,0.0,0.0,0.0,,,,0.0,0.0,1.26,272.08,-0.6,,0.0,272.74
CeeDee Lamb,DAL,WR,high,ceedeelamb,0.0,0.0,0.0,0.0,0.0,5.0,25.0,0.1,0.0,306.7,103.4,1375.5,8.6,0.0,0.0,0.0,0.0,0.0,0.0,0.0,0.0,0.0,0.0,0.0,,,,0.0,0.0,3.1,292.55,-0.0,,0.0,295.65
CeeDee Lamb,DAL,WR,low,ceedeelamb,0.0,0.0,0.0,0.0,0.0,0.0,0.0,0.0,0.7,258.5,87.0,1177.0,6.0,0.0,0.0,0.0,0.0,0.0,0.0,0.0,0.0,0.0,0.0,0.0,,,,0.0,0.0,0.0,240.7,-1.4,,0.0,239.3
Charlie Jones,CIN,WR,consensus,charliejones,0.0,0.0,0.0,0.0,0.0,0.0,0.0,0.0,0.0,0.0,0.0,0.0,0.0,0.0,0.0,0.0,0.0,0.0,0.0,0.0,0.0,0.0,0.0,0.0,,,,0.0,0.0,0.0,0.0,-0.0,,0.0,0.0
Charlie Jones,CIN,WR,high,charliejones,0.0,0.0,0.0,0.0,0.0,0.0,0.0,0.0,0.0,2.5,0.0,0.0,0.0,0.0,0.0,0.0,0.0,0.0,0.0,0.0,0.0,0.0,0.0,0.0,,,,0.0,0.0,0.0,0.0,-0.0,,0.0,0.0
Charlie Jones,CIN,WR,low,charliejones,0.0,0.0,0.0,0.0,0.0,0.0,0.0,0.0,0.0,2.5,0.0,0.0,0.0,0.0,0.0,0.0,0.0,0.0,0.0,0.0,0.0,0.0,0.0,0.0,,,,0.0,0.0,0.0,0.0,-0.0,,0.0,0.0
Chimere Dike,TEN,WR,consensus,chimeredike,0.0,0.0,0.0,0.0,0.0,10.1,33.7,0.3,0.6,79.2,27.8,271.6,3.4,0.0,0.0,0.0,0.0,0.0,0.0,0.0,0.0,0.0,0.0,0.0,,,,0.0,0.0,5.17,75.36,-1.2,,0.0,79.33
Chimere Dike,TEN,WR,high,chimeredike,0.0,0.0,0.0,0.0,0.0,10.2,50.3,0.6,0.2,97.8,45.0,431.0,6.0,0.0,0.0,0.0,0.0,0.0,0.0,0.0,0.0,0.0,0.0,0.0,,,,0.0,0.0,8.63,124.1,-0.4,,0.0,132.33
Chimere Dike,TEN,WR,low,chimeredike,0.0,0.0,0.0,0.0,0.0,10.0,17.0,0.0,1.0,56.6,10.6,112.2,0.8,0.0,0.0,0.0,0.0,0.0,0.0,0.0,0.0,0.0,0.0,0.0,,,,0.0,0.0,1.7,26.62,-2.0,,0.0,26.32
Chris Bell,MIA,WR,consensus,chrisbell,0.0,0.0,0.0,0.0,0.0,1.0,5.5,0.0,0.6,94.8,35.4,445.9,2.6,0.0,0.0,0.0,0.0,0.0,0.0,0.0,0.0,0.0,0.0,0.0,,,,0.0,0.0,0.55,95.59,-1.2,,0.0,94.94
Chris Bell,MIA,WR,high,chrisbell,0.0,0.0,0.0,0.0,0.0,2.0,11.0,0.0,0.2,107.4,47.0,582.0,4.0,0.0,0.0,0.0,0.0,0.0,0.0,0.0,0.0,0.0,0.0,0.0,,,,0.0,0.0,1.1,129.2,-0.4,,0.0,129.9
Chris Bell,MIA,WR,low,chrisbell,0.0,0.0,0.0,0.0,0.0,0.0,0.0,0.0,1.0,73.0,23.8,309.8,1.2,0.0,0.0,0.0,0.0,0.0,0.0,0.0,0.0,0.0,0.0,0.0,,,,0.0,0.0,0.0,61.98,-2.0,,0.0,59.98
Chris Godwin Jr.,TB,WR,consensus,chrisgodwin,0.0,0.0,0.0,0.0,0.0,0.3,0.3,0.0,0.3,175.7,67.8,773.9,5.2,0.0,0.0,0.0,0.0,0.0,0.0,0.0,0.0,0.0,0.0,0.0,,,,0.0,0.0,0.03,176.39,-0.6,,0.0,175.82
Chris Godwin Jr.,TB,WR,high,chrisgodwin,0.0,0.0,0.0,0.0,0.0,1.0,1.0,0.0,0.0,209.7,75.0,842.0,6.0,0.0,0.0,0.0,0.0,0.0,0.0,0.0,0.0,0.0,0.0,0.0,,,,0.0,0.0,0.1,195.2,-0.0,,0.0,195.3
Chris Godwin Jr.,TB,WR,low,chrisgodwin,0.0,0.0,0.0,0.0,0.0,0.0,0.0,0.0,0.6,164.8,60.4,700.8,4.5,0.0,0.0,0.0,0.0,0.0,0.0,0.0,0.0,0.0,0.0,0.0,,,,0.0,0.0,0.0,157.48,-1.2,,0.0,156.28
Chris Olave,NO,WR,consensus,chrisolave,0.0,0.0,0.0,0.0,0.0,0.3,0.0,0.0,0.3,259.5,94.4,1183.4,7.9,0.0,0.0,0.0,0.0,0.0,0.0,0.0,0.0,0.0,0.0,0.0,,,,0.0,0.0,0.0,260.14,-0.6,,0.0,259.54
Chris Olave,NO,WR,high,chrisolave,0.0,0.0,0.0,0.0,0.0,1.0,0.0,0.0,0.0,294.4,98.0,1242.0,10.0,0.0,0.0,0.0,0.0,0.0,0.0,0.0,0.0,0.0,0.0,0.0,,,,0.0,0.0,0.0,282.2,-0.0,,0.0,282.2
Chris Olave,NO,WR,low,chrisolave,0.0,0.0,0.0,0.0,0.0,0.0,0.0,0.0,0.6,253.7,91.3,1110.0,6.7,0.0,0.0,0.0,0.0,0.0,0.0,0.0,0.0,0.0,0.0,0.0,,,,0.0,0.0,0.0,242.5,-1.2,,0.0,241.3
Christian Kirk,SF,WR,consensus,christiankirk,0.0,0.0,0.0,0.0,0.0,0.0,0.0,0.0,0.1,90.4,34.5,406.4,2.6,0.0,0.0,0.0,0.0,0.0,0.0,0.0,0.0,0.0,0.0,0.0,,,,0.0,0.0,0.0,90.74,-0.2,,0.0,90.54
Christian Kirk,SF,WR,high,christiankirk,0.0,0.0,0.0,0.0,0.0,0.0,0.0,0.0,0.0,113.5,56.0,637.0,4.0,0.0,0.0,0.0,0.0,0.0,0.0,0.0,0.0,0.0,0.0,0.0,,,,0.0,0.0,0.0,143.7,-0.0,,0.0,143.7
Christian Kirk,SF,WR,low,christiankirk,0.0,0.0,0.0,0.0,0.0,0.0,0.0,0.0,0.1,58.7,13.1,175.7,1.1,0.0,0.0,0.0,0.0,0.0,0.0,0.0,0.0,0.0,0.0,0.0,,,,0.0,0.0,0.0,37.27,-0.2,,0.0,37.07
Christian Watson,GB,WR,consensus,christianwatson,0.0,0.0,0.0,0.0,0.0,1.7,8.0,0.0,0.3,195.2,57.6,930.4,7.3,0.0,0.0,0.0,0.0,0.0,0.0,0.0,0.0,0.0,0.0,0.0,,,,0.0,0.0,0.8,194.44,-0.6,,0.0,194.64
Christian Watson,GB,WR,high,christianwatson,0.0,0.0,0.0,0.0,0.0,3.0,13.1,0.1,0.0,230.3,65.0,982.0,8.0,0.0,0.0,0.0,0.0,0.0,0.0,0.0,0.0,0.0,0.0,0.0,,,,0.0,0.0,1.91,211.2,-0.0,,0.0,213.11
Christian Watson,GB,WR,low,christianwatson,0.0,0.0,0.0,0.0,0.0,0.0,0.0,0.0,0.5,187.9,53.0,866.1,7.0,0.0,0.0,0.0,0.0,0.0,0.0,0.0,0.0,0.0,0.0,0.0,,,,0.0,0.0,0.0,181.61,-1.0,,0.0,180.61
Colbie Young,CIN,WR,consensus,colbieyoung,0.0,0.0,0.0,0.0,0.0,0.0,0.0,0.0,0.1,39.5,14.1,176.3,1.3,0.0,0.0,0.0,0.0,0.0,0.0,0.0,0.0,0.0,0.0,0.0,,,,0.0,0.0,0.0,39.53,-0.2,,0.0,39.33
Colbie Young,CIN,WR,high,colbieyoung,0.0,0.0,0.0,0.0,0.0,0.0,0.0,0.0,0.1,39.6,14.1,176.3,1.3,0.0,0.0,0.0,0.0,0.0,0.0,0.0,0.0,0.0,0.0,0.0,,,,0.0,0.0,0.0,39.53,-0.2,,0.0,39.33
Colbie Young,CIN,WR,low,colbieyoung,0.0,0.0,0.0,0.0,0.0,0.0,0.0,0.0,0.1,39.6,14.1,176.3,1.3,0.0,0.0,0.0,0.0,0.0,0.0,0.0,0.0,0.0,0.0,0.0,,,,0.0,0.0,0.0,39.53,-0.2,,0.0,39.33
Cooper Kupp,SEA,WR,consensus,cooperkupp,0.0,0.0,0.0,0.0,0.0,0.5,1.5,0.0,0.7,125.2,47.4,584.8,3.4,0.0,0.0,0.0,0.0,0.0,0.0,0.0,0.0,0.0,0.0,0.0,,,,0.0,0.0,0.15,126.28,-1.4,,0.0,125.03
Cooper Kupp,SEA,WR,high,cooperkupp,0.0,0.0,0.0,0.0,0.0,1.0,3.0,0.0,0.3,132.4,57.0,698.0,4.0,0.0,0.0,0.0,0.0,0.0,0.0,0.0,0.0,0.0,0.0,0.0,,,,0.0,0.0,0.3,150.8,-0.6,,0.0,150.5
Cooper Kupp,SEA,WR,low,cooperkupp,0.0,0.0,0.0,0.0,0.0,0.0,0.0,0.0,1.0,111.1,37.9,471.7,2.8,0.0,0.0,0.0,0.0,0.0,0.0,0.0,0.0,0.0,0.0,0.0,,,,0.0,0.0,0.0,101.87,-2.0,,0.0,99.87
Courtland Sutton,DEN,WR,consensus,courtlandsutton,0.0,0.0,0.0,0.0,0.0,0.0,0.0,0.0,0.2,198.6,67.4,884.7,7.2,0.0,0.0,0.0,0.0,0.0,0.0,0.0,0.0,0.0,0.0,0.0,,,,0.0,0.0,0.0,199.07,-0.4,,0.0,198.67
Courtland Sutton,DEN,WR,high,courtlandsutton,0.0,0.0,0.0,0.0,0.0,0.0,0.0,0.0,0.0,225.7,70.0,911.0,7.6,0.0,0.0,0.0,0.0,0.0,0.0,0.0,0.0,0.0,0.0,0.0,,,,0.0,0.0,0.0,206.7,-0.0,,0.0,206.7
Courtland Sutton,DEN,WR,low,courtlandsutton,0.0,0.0,0.0,0.0,0.0,0.0,0.0,0.0,0.5,192.4,63.0,848.0,7.0,0.0,0.0,0.0,0.0,0.0,0.0,0.0,0.0,0.0,0.0,0.0,,,,0.0,0.0,0.0,189.8,-1.0,,0.0,188.8
Cyrus Allen,KC,WR,consensus,cyrusallen,0.0,0.0,0.0,0.0,0.0,0.0,0.0,0.0,0.2,43.8,16.2,203.2,1.3,0.0,0.0,0.0,0.0,0.0,0.0,0.0,0.0,0.0,0.0,0.0,,,,0.0,0.0,0.0,44.32,-0.4,,0.0,43.92
Cyrus Allen,KC,WR,high,cyrusallen,0.0,0.0,0.0,0.0,0.0,0.0,0.0,0.0,0.2,44.0,16.2,203.2,1.3,0.0,0.0,0.0,0.0,0.0,0.0,0.0,0.0,0.0,0.0,0.0,,,,0.0,0.0,0.0,44.32,-0.4,,0.0,43.92
Cyrus Allen,KC,WR,low,cyrusallen,0.0,0.0,0.0,0.0,0.0,0.0,0.0,0.0,0.2,44.0,16.2,203.2,1.3,0.0,0.0,0.0,0.0,0.0,0.0,0.0,0.0,0.0,0.0,0.0,,,,0.0,0.0,0.0,44.32,-0.4,,0.0,43.92
DJ Moore,BUF,WR,consensus,djmoore,0.0,0.0,0.0,0.0,0.0,10.3,54.0,0.5,0.8,208.5,69.4,905.1,7.0,0.0,0.0,0.0,0.0,0.0,0.0,0.0,0.0,0.0,0.0,0.0,,,,0.0,0.0,8.4,201.91,-1.6,,0.0,208.71
DJ Moore,BUF,WR,high,djmoore,0.0,0.0,0.0,0.0,0.0,16.0,81.0,1.0,0.6,240.9,71.0,955.0,8.0,0.0,0.0,0.0,0.0,0.0,0.0,0.0,0.0,0.0,0.0,0.0,,,,0.0,0.0,14.1,214.5,-1.2,,0.0,227.4
DJ Moore,BUF,WR,low,djmoore,0.0,0.0,0.0,0.0,0.0,6.9,36.0,0.0,1.0,196.4,67.2,815.0,6.0,0.0,0.0,0.0,0.0,0.0,0.0,0.0,0.0,0.0,0.0,0.0,,,,0.0,0.0,3.6,184.7,-2.0,,0.0,186.3
DK Metcalf,PIT,WR,consensus,dkmetcalf,0.0,0.0,0.0,0.0,0.0,0.7,3.3,0.3,0.2,195.2,64.3,926.8,6.1,0.0,0.0,0.0,0.0,0.0,0.0,0.0,0.0,0.0,0.0,0.0,,,,0.0,0.0,2.13,193.58,-0.4,,0.0,195.31
DK Metcalf,PIT,WR,high,dkmetcalf,0.0,0.0,0.0,0.0,0.0,2.0,10.0,1.0,0.0,228.2,67.0,944.5,6.2,0.0,0.0,0.0,0.0,0.0,0.0,0.0,0.0,0.0,0.0,0.0,,,,0.0,0.0,7.0,198.65,-0.0,,0.0,205.65
DK Metcalf,PIT,WR,low,dkmetcalf,0.0,0.0,0.0,0.0,0.0,0.0,0.0,0.0,0.5,187.3,61.0,892.0,6.0,0.0,0.0,0.0,0.0,0.0,0.0,0.0,0.0,0.0,0.0,0.0,,,,0.0,0.0,0.0,186.2,-1.0,,0.0,185.2
Dareke Young,LV,WR,consensus,darekeyoung,0.0,0.0,0.0,0.0,0.0,0.0,0.0,0.0,0.0,0.0,0.0,0.0,0.0,0.0,0.0,0.0,0.0,0.0,0.0,0.0,0.0,0.0,0.0,0.0,,,,0.0,0.0,0.0,0.0,-0.0,,0.0,0.0
Dareke Young,LV,WR,high,darekeyoung,0.0,0.0,0.0,0.0,0.0,0.0,0.0,0.0,0.0,0.4,0.0,0.0,0.0,0.0,0.0,0.0,0.0,0.0,0.0,0.0,0.0,0.0,0.0,0.0,,,,0.0,0.0,0.0,0.0,-0.0,,0.0,0.0
Dareke Young,LV,WR,low,darekeyoung,0.0,0.0,0.0,0.0,0.0,0.0,0.0,0.0,0.0,0.4,0.0,0.0,0.0,0.0,0.0,0.0,0.0,0.0,0.0,0.0,0.0,0.0,0.0,0.0,,,,0.0,0.0,0.0,0.0,-0.0,,0.0,0.0
Darius Cooper,PHI,WR,consensus,dariuscooper,0.0,0.0,0.0,0.0,0.0,0.0,0.0,0.0,0.0,8.5,3.3,37.7,0.3,0.0,0.0,0.0,0.0,0.0,0.0,0.0,0.0,0.0,0.0,0.0,,,,0.0,0.0,0.0,8.87,-0.0,,0.0,8.87
Darius Cooper,PHI,WR,high,dariuscooper,0.0,0.0,0.0,0.0,0.0,0.0,0.0,0.0,0.0,8.5,3.3,37.7,0.3,0.0,0.0,0.0,0.0,0.0,0.0,0.0,0.0,0.0,0.0,0.0,,,,0.0,0.0,0.0,8.87,-0.0,,0.0,8.87
Darius Cooper,PHI,WR,low,dariuscooper,0.0,0.0,0.0,0.0,0.0,0.0,0.0,0.0,0.0,8.5,3.3,37.7,0.3,0.0,0.0,0.0,0.0,0.0,0.0,0.0,0.0,0.0,0.0,0.0,,,,0.0,0.0,0.0,8.87,-0.0,,0.0,8.87
Darius Slayton,NYG,WR,consensus,dariusslayton,0.0,0.0,0.0,0.0,0.0,1.6,8.6,0.0,0.7,100.1,35.7,526.1,2.0,0.0,0.0,0.0,0.0,0.0,0.0,0.0,0.0,0.0,0.0,0.0,,,,0.0,0.0,0.86,100.31,-1.4,,0.0,99.77
Darius Slayton,NYG,WR,high,dariusslayton,0.0,0.0,0.0,0.0,0.0,2.2,12.2,0.1,0.4,98.7,40.0,613.0,2.0,0.0,0.0,0.0,0.0,0.0,0.0,0.0,0.0,0.0,0.0,0.0,,,,0.0,0.0,1.82,113.3,-0.8,,0.0,114.32
Darius Slayton,NYG,WR,low,dariusslayton,0.0,0.0,0.0,0.0,0.0,1.0,5.0,0.0,1.0,92.9,31.5,439.2,2.0,0.0,0.0,0.0,0.0,0.0,0.0,0.0,0.0,0.0,0.0,0.0,,,,0.0,0.0,0.5,87.42,-2.0,,0.0,85.92
Darnell Mooney,NYG,WR,consensus,darnellmooney,0.0,0.0,0.0,0.0,0.0,2.2,11.9,0.1,0.2,63.6,21.4,308.6,1.7,0.0,0.0,0.0,0.0,0.0,0.0,0.0,0.0,0.0,0.0,0.0,,,,0.0,0.0,1.79,62.46,-0.4,,0.0,63.85
Darnell Mooney,NYG,WR,high,darnellmooney,0.0,0.0,0.0,0.0,0.0,2.2,11.9,0.1,0.2,63.7,21.4,308.6,1.7,0.0,0.0,0.0,0.0,0.0,0.0,0.0,0.0,0.0,0.0,0.0,,,,0.0,0.0,1.79,62.46,-0.4,,0.0,63.85
Darnell Mooney,NYG,WR,low,darnellmooney,0.0,0.0,0.0,0.0,0.0,2.2,11.9,0.1,0.2,63.7,21.4,308.6,1.7,0.0,0.0,0.0,0.0,0.0,0.0,0.0,0.0,0.0,0.0,0.0,,,,0.0,0.0,1.79,62.46,-0.4,,0.0,63.85
Davante Adams,LAR,WR,consensus,davanteadams,0.0,0.0,0.0,0.0,0.0,0.0,0.0,0.0,0.2,222.3,68.8,926.2,10.2,0.0,0.0,0.0,0.0,0.0,0.0,0.0,0.0,0.0,0.0,0.0,,,,0.0,0.0,0.0,222.62,-0.4,,0.0,222.22
Davante Adams,LAR,WR,high,davanteadams,0.0,0.0,0.0,0.0,0.0,0.0,0.0,0.0,0.0,254.9,70.0,1016.5,10.6,0.0,0.0,0.0,0.0,0.0,0.0,0.0,0.0,0.0,0.0,0.0,,,,0.0,0.0,0.0,235.25,-0.0,,0.0,235.25
Davante Adams,LAR,WR,low,davanteadams,0.0,0.0,0.0,0.0,0.0,0.0,0.0,0.0,0.4,206.8,67.5,851.0,10.0,0.0,0.0,0.0,0.0,0.0,0.0,0.0,0.0,0.0,0.0,0.0,,,,0.0,0.0,0.0,212.6,-0.8,,0.0,211.8
David Moore,CAR,WR,consensus,davidmoore,0.0,0.0,0.0,0.0,0.0,0.0,0.0,0.0,0.0,0.0,0.0,0.0,0.0,0.0,0.0,0.0,0.0,0.0,0.0,0.0,0.0,0.0,0.0,0.0,,,,0.0,0.0,0.0,0.0,-0.0,,0.0,0.0
David Moore,CAR,WR,high,davidmoore,0.0,0.0,0.0,0.0,0.0,0.0,0.0,0.0,0.0,0.0,0.0,0.0,0.0,0.0,0.0,0.0,0.0,0.0,0.0,0.0,0.0,0.0,0.0,0.0,,,,0.0,0.0,0.0,0.0,-0.0,,0.0,0.0
David Moore,CAR,WR,low,davidmoore,0.0,0.0,0.0,0.0,0.0,0.0,0.0,0.0,0.0,0.0,0.0,0.0,0.0,0.0,0.0,0.0,0.0,0.0,0.0,0.0,0.0,0.0,0.0,0.0,,,,0.0,0.0,0.0,0.0,-0.0,,0.0,0.0
De'Zhaun Stribling,SF,WR,consensus,dezhaunstribling,0.0,0.0,0.0,0.0,0.0,1.5,6.5,0.0,1.2,151.5,51.3,751.6,4.5,0.0,0.0,0.0,0.0,0.0,0.0,0.0,0.0,0.0,0.0,0.0,,,,0.0,0.0,0.65,153.46,-2.4,,0.0,151.71
De'Zhaun Stribling,SF,WR,high,dezhaunstribling,0.0,0.0,0.0,0.0,0.0,3.0,13.0,0.0,0.4,155.3,60.0,857.0,5.0,0.0,0.0,0.0,0.0,0.0,0.0,0.0,0.0,0.0,0.0,0.0,,,,0.0,0.0,1.3,175.7,-0.8,,0.0,176.2
De'Zhaun Stribling,SF,WR,low,dezhaunstribling,0.0,0.0,0.0,0.0,0.0,0.0,0.0,0.0,2.0,139.0,42.7,646.1,3.9,0.0,0.0,0.0,0.0,0.0,0.0,0.0,0.0,0.0,0.0,0.0,,,,0.0,0.0,0.0,130.71,-4.0,,0.0,126.71
DeMario Douglas,NE,WR,consensus,demariodouglas,0.0,0.0,0.0,0.0,0.0,4.1,21.4,0.2,0.3,61.3,22.7,270.9,1.5,0.0,0.0,0.0,0.0,0.0,0.0,0.0,0.0,0.0,0.0,0.0,,,,0.0,0.0,3.34,58.79,-0.6,,0.0,61.53
DeMario Douglas,NE,WR,high,demariodouglas,0.0,0.0,0.0,0.0,0.0,4.1,21.4,0.2,0.3,61.5,22.7,270.9,1.5,0.0,0.0,0.0,0.0,0.0,0.0,0.0,0.0,0.0,0.0,0.0,,,,0.0,0.0,3.34,58.79,-0.6,,0.0,61.53
DeMario Douglas,NE,WR,low,demariodouglas,0.0,0.0,0.0,0.0,0.0,4.1,21.4,0.2,0.3,61.5,22.7,270.9,1.5,0.0,0.0,0.0,0.0,0.0,0.0,0.0,0.0,0.0,0.0,0.0,,,,0.0,0.0,3.34,58.79,-0.6,,0.0,61.53
DeVonta Smith,PHI,WR,consensus,devontasmith,0.0,0.0,0.0,0.0,0.0,0.0,0.0,0.0,0.3,236.9,87.8,1135.0,6.0,0.0,0.0,0.0,0.0,0.0,0.0,0.0,0.0,0.0,0.0,0.0,,,,0.0,0.0,0.0,237.3,-0.6,,0.0,236.7
DeVonta Smith,PHI,WR,high,devontasmith,0.0,0.0,0.0,0.0,0.0,0.0,0.0,0.0,0.0,277.5,90.5,1153.0,6.1,0.0,0.0,0.0,0.0,0.0,0.0,0.0,0.0,0.0,0.0,0.0,,,,0.0,0.0,0.0,242.4,-0.0,,0.0,242.4
DeVonta Smith,PHI,WR,low,devontasmith,0.0,0.0,0.0,0.0,0.0,0.0,0.0,0.0,0.6,229.8,83.0,1122.0,6.0,0.0,0.0,0.0,0.0,0.0,0.0,0.0,0.0,0.0,0.0,0.0,,,,0.0,0.0,0.0,231.2,-1.2,,0.0,230.0
Deebo Samuel Sr.,SF,WR,consensus,deebosamuel,0.0,0.0,0.0,0.0,0.0,29.1,111.7,1.1,0.4,168.8,58.3,666.2,4.5,0.0,0.0,0.0,0.0,0.0,0.0,0.0,0.0,0.0,0.0,0.0,,,,0.0,0.0,17.77,151.92,-0.8,,0.0,168.89
Deebo Samuel Sr.,SF,WR,high,deebosamuel,0.0,0.0,0.0,0.0,0.0,36.0,114.0,1.1,0.0,167.7,65.0,681.4,5.0,0.0,0.0,0.0,0.0,0.0,0.0,0.0,0.0,0.0,0.0,0.0,,,,0.0,0.0,18.0,163.14,-0.0,,0.0,181.14
Deebo Samuel Sr.,SF,WR,low,deebosamuel,0.0,0.0,0.0,0.0,0.0,22.1,109.4,1.0,0.8,154.3,51.5,651.0,4.0,0.0,0.0,0.0,0.0,0.0,0.0,0.0,0.0,0.0,0.0,0.0,,,,0.0,0.0,16.94,140.6,-1.6,,0.0,155.94
Demarcus Robinson,SF,WR,consensus,demarcusrobinson,0.0,0.0,0.0,0.0,0.0,0.5,2.5,0.0,0.0,53.1,17.6,253.0,1.7,0.0,0.0,0.0,0.0,0.0,0.0,0.0,0.0,0.0,0.0,0.0,,,,0.0,0.0,0.25,53.1,-0.0,,0.0,53.35
Demarcus Robinson,SF,WR,high,demarcusrobinson,0.0,0.0,0.0,0.0,0.0,1.0,5.0,0.0,0.0,73.6,32.0,462.0,3.0,0.0,0.0,0.0,0.0,0.0,0.0,0.0,0.0,0.0,0.0,0.0,,,,0.0,0.0,0.5,96.2,-0.0,,0.0,96.7
Demarcus Robinson,SF,WR,low,demarcusrobinson,0.0,0.0,0.0,0.0,0.0,0.0,0.0,0.0,0.0,23.9,3.3,44.1,0.3,0.0,0.0,0.0,0.0,0.0,0.0,0.0,0.0,0.0,0.0,0.0,,,,0.0,0.0,0.0,9.51,-0.0,,0.0,9.51
Denzel Boston,CLE,WR,consensus,denzelboston,0.0,0.0,0.0,0.0,0.0,1.0,5.0,0.0,1.3,150.4,57.4,741.5,3.5,0.0,0.0,0.0,0.0,0.0,0.0,0.0,0.0,0.0,0.0,0.0,,,,0.0,0.0,0.5,152.55,-2.6,,0.0,150.45
Denzel Boston,CLE,WR,high,denzelboston,0.0,0.0,0.0,0.0,0.0,2.0,10.0,0.0,0.6,149.4,60.0,800.0,4.0,0.0,0.0,0.0,0.0,0.0,0.0,0.0,0.0,0.0,0.0,0.0,,,,0.0,0.0,1.0,164.0,-1.2,,0.0,163.8
Denzel Boston,CLE,WR,low,denzelboston,0.0,0.0,0.0,0.0,0.0,0.0,0.0,0.0,2.0,143.3,54.9,683.0,3.0,0.0,0.0,0.0,0.0,0.0,0.0,0.0,0.0,0.0,0.0,0.0,,,,0.0,0.0,0.0,141.2,-4.0,,0.0,137.2
Derius Davis,LAC,WR,consensus,deriusdavis,0.0,0.0,0.0,0.0,0.0,2.1,11.0,0.1,0.1,10.3,3.5,38.1,0.3,0.0,0.0,0.0,0.0,0.0,0.0,0.0,0.0,0.0,0.0,0.0,,,,0.0,0.0,1.7,9.11,-0.2,,0.0,10.61
Derius Davis,LAC,WR,high,deriusdavis,0.0,0.0,0.0,0.0,0.0,2.1,11.0,0.1,0.1,11.7,3.5,38.1,0.3,0.0,0.0,0.0,0.0,0.0,0.0,0.0,0.0,0.0,0.0,0.0,,,,0.0,0.0,1.7,9.11,-0.2,,0.0,10.61
Derius Davis,LAC,WR,low,deriusdavis,0.0,0.0,0.0,0.0,0.0,2.1,11.0,0.1,0.1,11.7,3.5,38.1,0.3,0.0,0.0,0.0,0.0,0.0,0.0,0.0,0.0,0.0,0.0,0.0,,,,0.0,0.0,1.7,9.11,-0.2,,0.0,10.61
Devaughn Vele,NO,WR,consensus,devaughnvele,0.0,0.0,0.0,0.0,0.0,0.0,0.0,0.0,0.2,125.8,47.3,567.9,3.7,0.0,0.0,0.0,0.0,0.0,0.0,0.0,0.0,0.0,0.0,0.0,,,,0.0,0.0,0.0,126.29,-0.4,,0.0,125.89
Devaughn Vele,NO,WR,high,devaughnvele,0.0,0.0,0.0,0.0,0.0,0.0,0.0,0.0,0.0,121.6,49.5,591.0,4.0,0.0,0.0,0.0,0.0,0.0,0.0,0.0,0.0,0.0,0.0,0.0,,,,0.0,0.0,0.0,132.6,-0.0,,0.0,132.6
Devaughn Vele,NO,WR,low,devaughnvele,0.0,0.0,0.0,0.0,0.0,0.0,0.0,0.0,0.4,121.3,45.0,544.7,3.4,0.0,0.0,0.0,0.0,0.0,0.0,0.0,0.0,0.0,0.0,0.0,,,,0.0,0.0,0.0,119.87,-0.8,,0.0,119.07
Devin Duvernay,ARI,WR,consensus,devinduvernay,0.0,0.0,0.0,0.0,0.0,0.0,0.0,0.0,0.0,0.0,0.0,0.0,0.0,0.0,0.0,0.0,0.0,0.0,0.0,0.0,0.0,0.0,0.0,0.0,,,,0.0,0.0,0.0,0.0,-0.0,,0.0,0.0
Devin Duvernay,ARI,WR,high,devinduvernay,0.0,0.0,0.0,0.0,0.0,0.0,0.0,0.0,0.0,0.8,0.0,0.0,0.0,0.0,0.0,0.0,0.0,0.0,0.0,0.0,0.0,0.0,0.0,0.0,,,,0.0,0.0,0.0,0.0,-0.0,,0.0,0.0
Devin Duvernay,ARI,WR,low,devinduvernay,0.0,0.0,0.0,0.0,0.0,0.0,0.0,0.0,0.0,0.8,0.0,0.0,0.0,0.0,0.0,0.0,0.0,0.0,0.0,0.0,0.0,0.0,0.0,0.0,,,,0.0,0.0,0.0,0.0,-0.0,,0.0,0.0
Devontez Walker,BAL,WR,consensus,devontezwalker,0.0,0.0,0.0,0.0,0.0,0.0,0.0,0.0,0.2,43.8,14.5,208.8,1.5,0.0,0.0,0.0,0.0,0.0,0.0,0.0,0.0,0.0,0.0,0.0,,,,0.0,0.0,0.0,44.38,-0.4,,0.0,43.98
Devontez Walker,BAL,WR,high,devontezwalker,0.0,0.0,0.0,0.0,0.0,0.0,0.0,0.0,0.2,44.0,14.5,208.8,1.5,0.0,0.0,0.0,0.0,0.0,0.0,0.0,0.0,0.0,0.0,0.0,,,,0.0,0.0,0.0,44.38,-0.4,,0.0,43.98
Devontez Walker,BAL,WR,low,devontezwalker,0.0,0.0,0.0,0.0,0.0,0.0,0.0,0.0,0.2,44.0,14.5,208.8,1.5,0.0,0.0,0.0,0.0,0.0,0.0,0.0,0.0,0.0,0.0,0.0,,,,0.0,0.0,0.0,44.38,-0.4,,0.0,43.98
Dont'e Thornton Jr.,LV,WR,consensus,dontethornton,0.0,0.0,0.0,0.0,0.0,0.0,0.0,0.0,0.1,16.0,6.0,83.0,0.3,0.0,0.0,0.0,0.0,0.0,0.0,0.0,0.0,0.0,0.0,0.0,,,,0.0,0.0,0.0,16.1,-0.2,,0.0,15.9
Dont'e Thornton Jr.,LV,WR,high,dontethornton,0.0,0.0,0.0,0.0,0.0,0.0,0.0,0.0,0.1,16.1,6.0,83.0,0.3,0.0,0.0,0.0,0.0,0.0,0.0,0.0,0.0,0.0,0.0,0.0,,,,0.0,0.0,0.0,16.1,-0.2,,0.0,15.9
Dont'e Thornton Jr.,LV,WR,low,dontethornton,0.0,0.0,0.0,0.0,0.0,0.0,0.0,0.0,0.1,16.1,6.0,83.0,0.3,0.0,0.0,0.0,0.0,0.0,0.0,0.0,0.0,0.0,0.0,0.0,,,,0.0,0.0,0.0,16.1,-0.2,,0.0,15.9
Dontayvion Wicks,PHI,WR,consensus,dontayvionwicks,0.0,0.0,0.0,0.0,0.0,0.0,0.0,0.0,0.4,107.9,39.5,517.8,2.9,0.0,0.0,0.0,0.0,0.0,0.0,0.0,0.0,0.0,0.0,0.0,,,,0.0,0.0,0.0,108.68,-0.8,,0.0,107.88
Dontayvion Wicks,PHI,WR,high,dontayvionwicks,0.0,0.0,0.0,0.0,0.0,0.0,0.0,0.0,0.4,108.2,39.5,517.8,2.9,0.0,0.0,0.0,0.0,0.0,0.0,0.0,0.0,0.0,0.0,0.0,,,,0.0,0.0,0.0,108.68,-0.8,,0.0,107.88
Dontayvion Wicks,PHI,WR,low,dontayvionwicks,0.0,0.0,0.0,0.0,0.0,0.0,0.0,0.0,0.4,108.2,39.5,517.8,2.9,0.0,0.0,0.0,0.0,0.0,0.0,0.0,0.0,0.0,0.0,0.0,,,,0.0,0.0,0.0,108.68,-0.8,,0.0,107.88
Drake London,ATL,WR,consensus,drakelondon,0.0,0.0,0.0,0.0,0.0,0.0,0.0,0.0,1.0,287.1,101.7,1327.6,9.1,0.0,0.0,0.0,0.0,0.0,0.0,0.0,0.0,0.0,0.0,0.0,,,,0.0,0.0,0.0,289.06,-2.0,,0.0,287.06
Drake London,ATL,WR,high,drakelondon,0.0,0.0,0.0,0.0,0.0,0.0,0.0,0.0,0.9,324.4,104.0,1421.0,13.0,0.0,0.0,0.0,0.0,0.0,0.0,0.0,0.0,0.0,0.0,0.0,,,,0.0,0.0,0.0,324.1,-1.8,,0.0,322.3
Drake London,ATL,WR,low,drakelondon,0.0,0.0,0.0,0.0,0.0,0.0,0.0,0.0,1.0,269.4,99.0,1249.7,7.0,0.0,0.0,0.0,0.0,0.0,0.0,0.0,0.0,0.0,0.0,0.0,,,,0.0,0.0,0.0,265.97,-2.0,,0.0,263.97
Dyami Brown,WAS,WR,consensus,dyamibrown,0.0,0.0,0.0,0.0,0.0,0.0,0.0,0.0,0.2,46.7,15.9,216.9,1.6,0.0,0.0,0.0,0.0,0.0,0.0,0.0,0.0,0.0,0.0,0.0,,,,0.0,0.0,0.0,47.19,-0.4,,0.0,46.79
Dyami Brown,WAS,WR,high,dyamibrown,0.0,0.0,0.0,0.0,0.0,0.0,0.0,0.0,0.2,47.0,15.9,216.9,1.6,0.0,0.0,0.0,0.0,0.0,0.0,0.0,0.0,0.0,0.0,0.0,,,,0.0,0.0,0.0,47.19,-0.4,,0.0,46.79
Dyami Brown,WAS,WR,low,dyamibrown,0.0,0.0,0.0,0.0,0.0,0.0,0.0,0.0,0.2,47.0,15.9,216.9,1.6,0.0,0.0,0.0,0.0,0.0,0.0,0.0,0.0,0.0,0.0,0.0,,,,0.0,0.0,0.0,47.19,-0.4,,0.0,46.79
Efton Chism III,NE,WR,consensus,eftonchism,0.0,0.0,0.0,0.0,0.0,0.0,0.0,0.0,0.0,0.0,0.0,0.0,0.0,0.0,0.0,0.0,0.0,0.0,0.0,0.0,0.0,0.0,0.0,0.0,,,,0.0,0.0,0.0,0.0,-0.0,,0.0,0.0
Efton Chism III,NE,WR,high,eftonchism,0.0,0.0,0.0,0.0,0.0,0.0,0.0,0.0,0.0,0.5,0.0,0.0,0.0,0.0,0.0,0.0,0.0,0.0,0.0,0.0,0.0,0.0,0.0,0.0,,,,0.0,0.0,0.0,0.0,-0.0,,0.0,0.0
Efton Chism III,NE,WR,low,eftonchism,0.0,0.0,0.0,0.0,0.0,0.0,0.0,0.0,0.0,0.5,0.0,0.0,0.0,0.0,0.0,0.0,0.0,0.0,0.0,0.0,0.0,0.0,0.0,0.0,,,,0.0,0.0,0.0,0.0,-0.0,,0.0,0.0
Elic Ayomanor,TEN,WR,consensus,elicayomanor,0.0,0.0,0.0,0.0,0.0,0.0,0.0,0.0,0.0,79.5,25.4,342.8,3.3,0.0,0.0,0.0,0.0,0.0,0.0,0.0,0.0,0.0,0.0,0.0,,,,0.0,0.0,0.0,79.48,-0.0,,0.0,79.48
Elic Ayomanor,TEN,WR,high,elicayomanor,0.0,0.0,0.0,0.0,0.0,0.0,0.0,0.0,0.0,110.4,42.0,570.0,6.0,0.0,0.0,0.0,0.0,0.0,0.0,0.0,0.0,0.0,0.0,0.0,,,,0.0,0.0,0.0,135.0,-0.0,,0.0,135.0
Elic Ayomanor,TEN,WR,low,elicayomanor,0.0,0.0,0.0,0.0,0.0,0.0,0.0,0.0,0.1,40.5,8.8,115.6,0.6,0.0,0.0,0.0,0.0,0.0,0.0,0.0,0.0,0.0,0.0,0.0,,,,0.0,0.0,0.0,23.96,-0.2,,0.0,23.76
Elijah Sarratt,BAL,WR,consensus,elijahsarratt,0.0,0.0,0.0,0.0,0.0,0.0,0.0,0.0,0.1,33.6,11.1,165.8,1.0,0.0,0.0,0.0,0.0,0.0,0.0,0.0,0.0,0.0,0.0,0.0,,,,0.0,0.0,0.0,33.68,-0.2,,0.0,33.48
Elijah Sarratt,BAL,WR,high,elijahsarratt,0.0,0.0,0.0,0.0,0.0,0.0,0.0,0.0,0.1,33.6,11.1,165.8,1.0,0.0,0.0,0.0,0.0,0.0,0.0,0.0,0.0,0.0,0.0,0.0,,,,0.0,0.0,0.0,33.68,-0.2,,0.0,33.48
Elijah Sarratt,BAL,WR,low,elijahsarratt,0.0,0.0,0.0,0.0,0.0,0.0,0.0,0.0,0.1,33.6,11.1,165.8,1.0,0.0,0.0,0.0,0.0,0.0,0.0,0.0,0.0,0.0,0.0,0.0,,,,0.0,0.0,0.0,33.68,-0.2,,0.0,33.48
Emeka Egbuka,TB,WR,consensus,emekaegbuka,0.0,0.0,0.0,0.0,0.0,1.4,7.3,0.0,0.3,228.3,73.2,1098.5,7.5,0.0,0.0,0.0,0.0,0.0,0.0,0.0,0.0,0.0,0.0,0.0,,,,0.0,0.0,0.73,228.05,-0.6,,0.0,228.18
Emeka Egbuka,TB,WR,high,emekaegbuka,0.0,0.0,0.0,0.0,0.0,2.2,11.9,0.1,0.0,258.8,78.0,1127.4,8.0,0.0,0.0,0.0,0.0,0.0,0.0,0.0,0.0,0.0,0.0,0.0,,,,0.0,0.0,1.79,238.74,-0.0,,0.0,240.53
Emeka Egbuka,TB,WR,low,emekaegbuka,0.0,0.0,0.0,0.0,0.0,0.0,0.0,0.0,0.6,225.2,69.6,1046.0,7.0,0.0,0.0,0.0,0.0,0.0,0.0,0.0,0.0,0.0,0.0,0.0,,,,0.0,0.0,0.0,216.2,-1.2,,0.0,215.0
Gage Larvadain,CLE,WR,consensus,gagelarvadain,0.0,0.0,0.0,0.0,0.0,0.0,0.0,0.0,0.0,0.0,0.0,0.0,0.0,0.0,0.0,0.0,0.0,0.0,0.0,0.0,0.0,0.0,0.0,0.0,,,,0.0,0.0,0.0,0.0,-0.0,,0.0,0.0
Gage Larvadain,CLE,WR,high,gagelarvadain,0.0,0.0,0.0,0.0,0.0,0.0,0.0,0.0,0.0,0.7,0.0,0.0,0.0,0.0,0.0,0.0,0.0,0.0,0.0,0.0,0.0,0.0,0.0,0.0,,,,0.0,0.0,0.0,0.0,-0.0,,0.0,0.0
Gage Larvadain,CLE,WR,low,gagelarvadain,0.0,0.0,0.0,0.0,0.0,0.0,0.0,0.0,0.0,0.7,0.0,0.0,0.0,0.0,0.0,0.0,0.0,0.0,0.0,0.0,0.0,0.0,0.0,0.0,,,,0.0,0.0,0.0,0.0,-0.0,,0.0,0.0
Garrett Wilson,NYJ,WR,consensus,garrettwilson,0.0,0.0,0.0,0.0,0.0,1.1,4.3,0.0,1.0,242.9,96.3,1095.8,6.4,0.0,0.0,0.0,0.0,0.0,0.0,0.0,0.0,0.0,0.0,0.0,,,,0.0,0.0,0.43,244.28,-2.0,,0.0,242.71
Garrett Wilson,NYJ,WR,high,garrettwilson,0.0,0.0,0.0,0.0,0.0,2.2,10.8,0.1,1.0,291.8,100.0,1176.3,9.0,0.0,0.0,0.0,0.0,0.0,0.0,0.0,0.0,0.0,0.0,0.0,,,,0.0,0.0,1.68,271.63,-2.0,,0.0,271.31
Garrett Wilson,NYJ,WR,low,garrettwilson,0.0,0.0,0.0,0.0,0.0,0.0,0.0,0.0,1.1,235.3,89.0,956.0,5.0,0.0,0.0,0.0,0.0,0.0,0.0,0.0,0.0,0.0,0.0,0.0,,,,0.0,0.0,0.0,214.6,-2.2,,0.0,212.4
George Pickens,DAL,WR,consensus,georgepickens,0.0,0.0,0.0,0.0,0.0,0.3,0.0,0.0,0.4,252.0,82.5,1200.5,8.4,0.0,0.0,0.0,0.0,0.0,0.0,0.0,0.0,0.0,0.0,0.0,,,,0.0,0.0,0.0,252.95,-0.8,,0.0,252.15
George Pickens,DAL,WR,high,georgepickens,0.0,0.0,0.0,0.0,0.0,1.0,0.0,0.0,0.0,273.5,94.0,1388.0,10.0,0.0,0.0,0.0,0.0,0.0,0.0,0.0,0.0,0.0,0.0,0.0,,,,0.0,0.0,0.0,292.8,-0.0,,0.0,292.8
George Pickens,DAL,WR,low,georgepickens,0.0,0.0,0.0,0.0,0.0,0.0,0.0,0.0,0.9,241.5,74.0,1102.0,7.0,0.0,0.0,0.0,0.0,0.0,0.0,0.0,0.0,0.0,0.0,0.0,,,,0.0,0.0,0.0,226.2,-1.8,,0.0,224.4
Germie Bernard,PIT,WR,consensus,germiebernard,0.0,0.0,0.0,0.0,0.0,2.1,10.8,0.0,0.7,109.2,41.2,507.7,2.9,0.0,0.0,0.0,0.0,0.0,0.0,0.0,0.0,0.0,0.0,0.0,,,,0.0,0.0,1.08,109.37,-1.4,,0.0,109.05
Germie Bernard,PIT,WR,high,germiebernard,0.0,0.0,0.0,0.0,0.0,2.2,11.7,0.1,0.4,109.6,42.0,511.0,3.0,0.0,0.0,0.0,0.0,0.0,0.0,0.0,0.0,0.0,0.0,0.0,,,,0.0,0.0,1.77,111.1,-0.8,,0.0,112.07
Germie Bernard,PIT,WR,low,germiebernard,0.0,0.0,0.0,0.0,0.0,2.0,10.0,0.0,1.0,101.2,40.4,504.4,2.8,0.0,0.0,0.0,0.0,0.0,0.0,0.0,0.0,0.0,0.0,0.0,,,,0.0,0.0,1.0,107.64,-2.0,,0.0,106.64
Greg Dortch,DET,WR,consensus,gregdortch,0.0,0.0,0.0,0.0,0.0,4.6,24.0,0.4,0.1,14.1,4.1,39.7,0.3,0.0,0.0,0.0,0.0,0.0,0.0,0.0,0.0,0.0,0.0,0.0,,,,0.0,0.0,4.8,9.87,-0.2,,0.0,14.47
Greg Dortch,DET,WR,high,gregdortch,0.0,0.0,0.0,0.0,0.0,4.6,24.0,0.4,0.1,16.0,4.1,39.7,0.3,0.0,0.0,0.0,0.0,0.0,0.0,0.0,0.0,0.0,0.0,0.0,,,,0.0,0.0,4.8,9.87,-0.2,,0.0,14.47
Greg Dortch,DET,WR,low,gregdortch,0.0,0.0,0.0,0.0,0.0,4.6,24.0,0.4,0.1,16.0,4.1,39.7,0.3,0.0,0.0,0.0,0.0,0.0,0.0,0.0,0.0,0.0,0.0,0.0,,,,0.0,0.0,4.8,9.87,-0.2,,0.0,14.47
Hollywood Brown,PHI,WR,consensus,hollywoodbrown,0.0,0.0,0.0,0.0,0.0,0.0,0.0,0.0,0.1,81.1,28.2,349.4,3.0,0.0,0.0,0.0,0.0,0.0,0.0,0.0,0.0,0.0,0.0,0.0,,,,0.0,0.0,0.0,81.14,-0.2,,0.0,80.94
Hollywood Brown,PHI,WR,high,hollywoodbrown,0.0,0.0,0.0,0.0,0.0,0.0,0.0,0.0,0.0,105.2,44.0,545.0,5.0,0.0,0.0,0.0,0.0,0.0,0.0,0.0,0.0,0.0,0.0,0.0,,,,0.0,0.0,0.0,128.5,-0.0,,0.0,128.5
Hollywood Brown,PHI,WR,low,hollywoodbrown,0.0,0.0,0.0,0.0,0.0,0.0,0.0,0.0,0.1,49.5,12.4,153.8,1.0,0.0,0.0,0.0,0.0,0.0,0.0,0.0,0.0,0.0,0.0,0.0,,,,0.0,0.0,0.0,33.78,-0.2,,0.0,33.58
Isaac TeSlaa,DET,WR,consensus,isaacteslaa,0.0,0.0,0.0,0.0,0.0,0.0,0.0,0.0,0.1,85.1,25.4,352.4,4.1,0.0,0.0,0.0,0.0,0.0,0.0,0.0,0.0,0.0,0.0,0.0,,,,0.0,0.0,0.0,85.24,-0.2,,0.0,85.04
Isaac TeSlaa,DET,WR,high,isaacteslaa,0.0,0.0,0.0,0.0,0.0,0.0,0.0,0.0,0.0,87.4,27.0,404.0,5.0,0.0,0.0,0.0,0.0,0.0,0.0,0.0,0.0,0.0,0.0,0.0,,,,0.0,0.0,0.0,97.4,-0.0,,0.0,97.4
Isaac TeSlaa,DET,WR,low,isaacteslaa,0.0,0.0,0.0,0.0,0.0,0.0,0.0,0.0,0.2,74.5,23.8,300.7,3.2,0.0,0.0,0.0,0.0,0.0,0.0,0.0,0.0,0.0,0.0,0.0,,,,0.0,0.0,0.0,73.07,-0.4,,0.0,72.67
Isaiah Bond,CLE,WR,consensus,isaiahbond,0.0,0.0,0.0,0.0,0.0,4.3,23.6,0.1,0.1,30.4,9.9,130.3,0.8,0.0,0.0,0.0,0.0,0.0,0.0,0.0,0.0,0.0,0.0,0.0,,,,0.0,0.0,2.96,27.73,-0.2,,0.0,30.49
Isaiah Bond,CLE,WR,high,isaiahbond,0.0,0.0,0.0,0.0,0.0,4.3,23.6,0.1,0.1,30.6,9.9,130.3,0.8,0.0,0.0,0.0,0.0,0.0,0.0,0.0,0.0,0.0,0.0,0.0,,,,0.0,0.0,2.96,27.73,-0.2,,0.0,30.49
Isaiah Bond,CLE,WR,low,isaiahbond,0.0,0.0,0.0,0.0,0.0,4.3,23.6,0.1,0.1,30.6,9.9,130.3,0.8,0.0,0.0,0.0,0.0,0.0,0.0,0.0,0.0,0.0,0.0,0.0,,,,0.0,0.0,2.96,27.73,-0.2,,0.0,30.49
Isaiah Williams,NYJ,WR,consensus,isaiahwilliams,0.0,0.0,0.0,0.0,0.0,2.2,12.7,0.1,0.2,43.1,18.8,185.9,0.7,0.0,0.0,0.0,0.0,0.0,0.0,0.0,0.0,0.0,0.0,0.0,,,,0.0,0.0,1.87,41.59,-0.4,,0.0,43.06
Isaiah Williams,NYJ,WR,high,isaiahwilliams,0.0,0.0,0.0,0.0,0.0,2.2,12.7,0.1,0.2,46.8,18.8,185.9,0.7,0.0,0.0,0.0,0.0,0.0,0.0,0.0,0.0,0.0,0.0,0.0,,,,0.0,0.0,1.87,41.59,-0.4,,0.0,43.06
Isaiah Williams,NYJ,WR,low,isaiahwilliams,0.0,0.0,0.0,0.0,0.0,2.2,12.7,0.1,0.2,46.8,18.8,185.9,0.7,0.0,0.0,0.0,0.0,0.0,0.0,0.0,0.0,0.0,0.0,0.0,,,,0.0,0.0,1.87,41.59,-0.4,,0.0,43.06
Ja'Kobi Lane,BAL,WR,consensus,jakobilane,0.0,0.0,0.0,0.0,0.0,1.5,8.5,0.0,0.7,125.7,37.8,569.3,5.2,0.0,0.0,0.0,0.0,0.0,0.0,0.0,0.0,0.0,0.0,0.0,,,,0.0,0.0,0.85,125.93,-1.4,,0.0,125.38
Ja'Kobi Lane,BAL,WR,high,jakobilane,0.0,0.0,0.0,0.0,0.0,3.0,17.0,0.0,0.3,134.8,44.0,654.0,7.0,0.0,0.0,0.0,0.0,0.0,0.0,0.0,0.0,0.0,0.0,0.0,,,,0.0,0.0,1.7,151.4,-0.6,,0.0,152.5
Ja'Kobi Lane,BAL,WR,low,jakobilane,0.0,0.0,0.0,0.0,0.0,0.0,0.0,0.0,1.0,106.7,31.5,484.7,3.5,0.0,0.0,0.0,0.0,0.0,0.0,0.0,0.0,0.0,0.0,0.0,,,,0.0,0.0,0.0,100.97,-2.0,,0.0,98.97
Ja'Marr Chase,CIN,WR,consensus,jamarrchase,0.0,0.0,0.0,0.0,0.0,3.0,17.0,0.0,1.0,336.0,121.2,1511.6,10.6,0.0,0.0,0.0,0.0,0.0,0.0,0.0,0.0,0.0,0.0,0.0,,,,0.0,0.0,1.7,335.96,-2.0,,0.0,335.66
Ja'Marr Chase,CIN,WR,high,jamarrchase,0.0,0.0,0.0,0.0,0.0,4.0,20.9,0.1,0.9,393.7,128.0,1552.0,11.0,0.0,0.0,0.0,0.0,0.0,0.0,0.0,0.0,0.0,0.0,0.0,,,,0.0,0.0,2.69,349.2,-1.8,,0.0,350.09
Ja'Marr Chase,CIN,WR,low,jamarrchase,0.0,0.0,0.0,0.0,0.0,2.0,11.0,0.0,1.0,328.2,116.0,1474.0,10.0,0.0,0.0,0.0,0.0,0.0,0.0,0.0,0.0,0.0,0.0,0.0,,,,0.0,0.0,1.1,323.4,-2.0,,0.0,322.5
Jack Bech,LV,WR,consensus,jackbech,0.0,0.0,0.0,0.0,0.0,0.0,0.0,0.0,0.3,65.8,27.7,315.0,1.2,0.0,0.0,0.0,0.0,0.0,0.0,0.0,0.0,0.0,0.0,0.0,,,,0.0,0.0,0.0,66.4,-0.6,,0.0,65.8
Jack Bech,LV,WR,high,jackbech,0.0,0.0,0.0,0.0,0.0,0.0,0.0,0.0,0.3,66.0,27.7,315.0,1.2,0.0,0.0,0.0,0.0,0.0,0.0,0.0,0.0,0.0,0.0,0.0,,,,0.0,0.0,0.0,66.4,-0.6,,0.0,65.8
Jack Bech,LV,WR,low,jackbech,0.0,0.0,0.0,0.0,0.0,0.0,0.0,0.0,0.3,66.0,27.7,315.0,1.2,0.0,0.0,0.0,0.0,0.0,0.0,0.0,0.0,0.0,0.0,0.0,,,,0.0,0.0,0.0,66.4,-0.6,,0.0,65.8
Jacob Cowing,SF,WR,consensus,jacobcowing,0.0,0.0,0.0,0.0,0.0,0.0,0.0,0.0,0.0,0.0,0.0,0.0,0.0,0.0,0.0,0.0,0.0,0.0,0.0,0.0,0.0,0.0,0.0,0.0,,,,0.0,0.0,0.0,0.0,-0.0,,0.0,0.0
Jacob Cowing,SF,WR,high,jacobcowing,0.0,0.0,0.0,0.0,0.0,0.0,0.0,0.0,0.0,1.1,0.0,0.0,0.0,0.0,0.0,0.0,0.0,0.0,0.0,0.0,0.0,0.0,0.0,0.0,,,,0.0,0.0,0.0,0.0,-0.0,,0.0,0.0
Jacob Cowing,SF,WR,low,jacobcowing,0.0,0.0,0.0,0.0,0.0,0.0,0.0,0.0,0.0,1.1,0.0,0.0,0.0,0.0,0.0,0.0,0.0,0.0,0.0,0.0,0.0,0.0,0.0,0.0,,,,0.0,0.0,0.0,0.0,-0.0,,0.0,0.0
Jahan Dotson,ATL,WR,consensus,jahandotson,0.0,0.0,0.0,0.0,0.0,0.0,0.0,0.0,0.3,92.5,35.2,443.3,2.3,0.0,0.0,0.0,0.0,0.0,0.0,0.0,0.0,0.0,0.0,0.0,,,,0.0,0.0,0.0,93.33,-0.6,,0.0,92.73
Jahan Dotson,ATL,WR,high,jahandotson,0.0,0.0,0.0,0.0,0.0,0.0,0.0,0.0,0.3,92.8,35.2,443.3,2.3,0.0,0.0,0.0,0.0,0.0,0.0,0.0,0.0,0.0,0.0,0.0,,,,0.0,0.0,0.0,93.33,-0.6,,0.0,92.73
Jahan Dotson,ATL,WR,low,jahandotson,0.0,0.0,0.0,0.0,0.0,0.0,0.0,0.0,0.3,92.8,35.2,443.3,2.3,0.0,0.0,0.0,0.0,0.0,0.0,0.0,0.0,0.0,0.0,0.0,,,,0.0,0.0,0.0,93.33,-0.6,,0.0,92.73
Jahdae Walker,CHI,WR,consensus,jahdaewalker,0.0,0.0,0.0,0.0,0.0,0.5,3.5,0.0,0.0,57.2,17.6,233.3,2.7,0.0,0.0,0.0,0.0,0.0,0.0,0.0,0.0,0.0,0.0,0.0,,,,0.0,0.0,0.35,57.13,-0.0,,0.0,57.48
Jahdae Walker,CHI,WR,high,jahdaewalker,0.0,0.0,0.0,0.0,0.0,1.0,7.0,0.0,0.0,82.6,32.0,431.0,5.0,0.0,0.0,0.0,0.0,0.0,0.0,0.0,0.0,0.0,0.0,0.0,,,,0.0,0.0,0.7,105.1,-0.0,,0.0,105.8
Jahdae Walker,CHI,WR,low,jahdaewalker,0.0,0.0,0.0,0.0,0.0,0.0,0.0,0.0,0.0,23.1,3.2,35.5,0.3,0.0,0.0,0.0,0.0,0.0,0.0,0.0,0.0,0.0,0.0,0.0,,,,0.0,0.0,0.0,8.55,-0.0,,0.0,8.55
Jakobi Meyers,JAC,WR,consensus,jakobimeyers,0.0,0.0,0.0,0.0,0.0,4.3,22.7,0.1,0.8,178.7,68.3,787.7,5.1,0.0,0.0,0.0,0.0,0.0,0.0,0.0,0.0,0.0,0.0,0.0,,,,0.0,0.0,2.87,177.67,-1.6,,0.0,178.94
Jakobi Meyers,JAC,WR,high,jakobimeyers,0.0,0.0,0.0,0.0,0.0,6.0,32.0,0.3,0.6,211.9,69.8,814.0,5.2,0.0,0.0,0.0,0.0,0.0,0.0,0.0,0.0,0.0,0.0,0.0,,,,0.0,0.0,5.0,182.4,-1.2,,0.0,186.2
Jakobi Meyers,JAC,WR,low,jakobimeyers,0.0,0.0,0.0,0.0,0.0,3.0,17.0,0.0,1.0,169.3,67.0,767.1,5.0,0.0,0.0,0.0,0.0,0.0,0.0,0.0,0.0,0.0,0.0,0.0,,,,0.0,0.0,1.7,173.71,-2.0,,0.0,173.41
Jalen Brooks,ARI,WR,consensus,jalenbrooks,0.0,0.0,0.0,0.0,0.0,0.0,0.0,0.0,0.0,0.0,0.0,0.0,0.0,0.0,0.0,0.0,0.0,0.0,0.0,0.0,0.0,0.0,0.0,0.0,,,,0.0,0.0,0.0,0.0,-0.0,,0.0,0.0
Jalen Brooks,ARI,WR,high,jalenbrooks,0.0,0.0,0.0,0.0,0.0,0.0,0.0,0.0,0.0,0.3,0.0,0.0,0.0,0.0,0.0,0.0,0.0,0.0,0.0,0.0,0.0,0.0,0.0,0.0,,,,0.0,0.0,0.0,0.0,-0.0,,0.0,0.0
Jalen Brooks,ARI,WR,low,jalenbrooks,0.0,0.0,0.0,0.0,0.0,0.0,0.0,0.0,0.0,0.3,0.0,0.0,0.0,0.0,0.0,0.0,0.0,0.0,0.0,0.0,0.0,0.0,0.0,0.0,,,,0.0,0.0,0.0,0.0,-0.0,,0.0,0.0
Jalen Coker,CAR,WR,consensus,jalencoker,0.0,0.0,0.0,0.0,0.0,0.0,0.0,0.0,0.8,157.7,60.7,717.5,4.5,0.0,0.0,0.0,0.0,0.0,0.0,0.0,0.0,0.0,0.0,0.0,,,,0.0,0.0,0.0,159.45,-1.6,,0.0,157.85
Jalen Coker,CAR,WR,high,jalencoker,0.0,0.0,0.0,0.0,0.0,0.0,0.0,0.0,0.6,160.7,61.4,746.0,6.0,0.0,0.0,0.0,0.0,0.0,0.0,0.0,0.0,0.0,0.0,0.0,,,,0.0,0.0,0.0,172.0,-1.2,,0.0,170.8
Jalen Coker,CAR,WR,low,jalencoker,0.0,0.0,0.0,0.0,0.0,0.0,0.0,0.0,1.0,146.5,60.0,689.0,3.0,0.0,0.0,0.0,0.0,0.0,0.0,0.0,0.0,0.0,0.0,0.0,,,,0.0,0.0,0.0,146.9,-2.0,,0.0,144.9
Jalen McMillan,TB,WR,consensus,jalenmcmillan,0.0,0.0,0.0,0.0,0.0,4.7,26.8,0.1,0.2,133.8,46.6,607.3,3.9,0.0,0.0,0.0,0.0,0.0,0.0,0.0,0.0,0.0,0.0,0.0,,,,0.0,0.0,3.28,130.73,-0.4,,0.0,133.61
Jalen McMillan,TB,WR,high,jalenmcmillan,0.0,0.0,0.0,0.0,0.0,5.0,29.0,0.2,0.0,132.3,47.3,626.0,4.0,0.0,0.0,0.0,0.0,0.0,0.0,0.0,0.0,0.0,0.0,0.0,,,,0.0,0.0,4.1,133.9,-0.0,,0.0,138.0
Jalen McMillan,TB,WR,low,jalenmcmillan,0.0,0.0,0.0,0.0,0.0,4.4,24.6,0.0,0.4,124.6,46.0,588.7,3.9,0.0,0.0,0.0,0.0,0.0,0.0,0.0,0.0,0.0,0.0,0.0,,,,0.0,0.0,2.46,128.27,-0.8,,0.0,129.93
Jalen Nailor,LV,WR,consensus,jalennailor,0.0,0.0,0.0,0.0,0.0,2.0,8.5,0.0,0.2,130.5,43.7,591.2,4.5,0.0,0.0,0.0,0.0,0.0,0.0,0.0,0.0,0.0,0.0,0.0,,,,0.0,0.0,0.85,129.82,-0.4,,0.0,130.27
Jalen Nailor,LV,WR,high,jalennailor,0.0,0.0,0.0,0.0,0.0,2.1,11.0,0.1,0.0,128.7,44.3,607.4,6.0,0.0,0.0,0.0,0.0,0.0,0.0,0.0,0.0,0.0,0.0,0.0,,,,0.0,0.0,1.7,141.04,-0.0,,0.0,142.74
Jalen Nailor,LV,WR,low,jalennailor,0.0,0.0,0.0,0.0,0.0,2.0,6.0,0.0,0.4,123.6,43.0,575.0,3.0,0.0,0.0,0.0,0.0,0.0,0.0,0.0,0.0,0.0,0.0,0.0,,,,0.0,0.0,0.6,118.5,-0.8,,0.0,118.3
Jalen Reagor,MIA,WR,consensus,jalenreagor,0.0,0.0,0.0,0.0,0.0,0.0,0.0,0.0,0.0,3.4,1.4,17.7,0.1,0.0,0.0,0.0,0.0,0.0,0.0,0.0,0.0,0.0,0.0,0.0,,,,0.0,0.0,0.0,3.77,-0.0,,0.0,3.77
Jalen Reagor,MIA,WR,high,jalenreagor,0.0,0.0,0.0,0.0,0.0,0.0,0.0,0.0,0.0,3.4,1.4,17.7,0.1,0.0,0.0,0.0,0.0,0.0,0.0,0.0,0.0,0.0,0.0,0.0,,,,0.0,0.0,0.0,3.77,-0.0,,0.0,3.77
Jalen Reagor,MIA,WR,low,jalenreagor,0.0,0.0,0.0,0.0,0.0,0.0,0.0,0.0,0.0,3.4,1.4,17.7,0.1,0.0,0.0,0.0,0.0,0.0,0.0,0.0,0.0,0.0,0.0,0.0,,,,0.0,0.0,0.0,3.77,-0.0,,0.0,3.77
Jalen Royals,KC,WR,consensus,jalenroyals,0.0,0.0,0.0,0.0,0.0,0.0,0.0,0.0,0.1,18.3,6.8,78.2,0.6,0.0,0.0,0.0,0.0,0.0,0.0,0.0,0.0,0.0,0.0,0.0,,,,0.0,0.0,0.0,18.22,-0.2,,0.0,18.02
Jalen Royals,KC,WR,high,jalenroyals,0.0,0.0,0.0,0.0,0.0,0.0,0.0,0.0,0.1,18.4,6.8,78.2,0.6,0.0,0.0,0.0,0.0,0.0,0.0,0.0,0.0,0.0,0.0,0.0,,,,0.0,0.0,0.0,18.22,-0.2,,0.0,18.02
Jalen Royals,KC,WR,low,jalenroyals,0.0,0.0,0.0,0.0,0.0,0.0,0.0,0.0,0.1,18.4,6.8,78.2,0.6,0.0,0.0,0.0,0.0,0.0,0.0,0.0,0.0,0.0,0.0,0.0,,,,0.0,0.0,0.0,18.22,-0.2,,0.0,18.02
Jalen Tolbert,MIA,WR,consensus,jalentolbert,0.0,0.0,0.0,0.0,0.0,0.0,0.0,0.0,0.3,85.4,33.9,420.3,1.7,0.0,0.0,0.0,0.0,0.0,0.0,0.0,0.0,0.0,0.0,0.0,,,,0.0,0.0,0.0,86.13,-0.6,,0.0,85.53
Jalen Tolbert,MIA,WR,high,jalentolbert,0.0,0.0,0.0,0.0,0.0,0.0,0.0,0.0,0.3,85.6,33.9,420.3,1.7,0.0,0.0,0.0,0.0,0.0,0.0,0.0,0.0,0.0,0.0,0.0,,,,0.0,0.0,0.0,86.13,-0.6,,0.0,85.53
Jalen Tolbert,MIA,WR,low,jalentolbert,0.0,0.0,0.0,0.0,0.0,0.0,0.0,0.0,0.3,85.6,33.9,420.3,1.7,0.0,0.0,0.0,0.0,0.0,0.0,0.0,0.0,0.0,0.0,0.0,,,,0.0,0.0,0.0,86.13,-0.6,,0.0,85.53
Jameson Williams,DET,WR,consensus,jamesonwilliams,0.0,0.0,0.0,0.0,0.0,7.3,42.0,0.5,0.2,217.3,64.4,1065.7,6.6,0.0,0.0,0.0,0.0,0.0,0.0,0.0,0.0,0.0,0.0,0.0,,,,0.0,0.0,7.2,210.57,-0.4,,0.0,217.37
Jameson Williams,DET,WR,high,jamesonwilliams,0.0,0.0,0.0,0.0,0.0,8.0,45.1,1.0,0.0,252.4,66.0,1088.0,7.0,0.0,0.0,0.0,0.0,0.0,0.0,0.0,0.0,0.0,0.0,0.0,,,,0.0,0.0,10.51,216.8,-0.0,,0.0,227.31
Jameson Williams,DET,WR,low,jamesonwilliams,0.0,0.0,0.0,0.0,0.0,7.0,39.0,0.0,0.4,208.6,63.0,1026.2,5.7,0.0,0.0,0.0,0.0,0.0,0.0,0.0,0.0,0.0,0.0,0.0,,,,0.0,0.0,3.9,199.82,-0.8,,0.0,202.92
Jauan Jennings,MIN,WR,consensus,jauanjennings,0.0,0.0,0.0,0.0,0.0,0.0,0.0,0.0,0.7,134.1,48.7,557.7,5.2,0.0,0.0,0.0,0.0,0.0,0.0,0.0,0.0,0.0,0.0,0.0,,,,0.0,0.0,0.0,135.67,-1.4,,0.0,134.27
Jauan Jennings,MIN,WR,high,jauanjennings,0.0,0.0,0.0,0.0,0.0,0.0,0.0,0.0,0.5,143.7,51.0,629.0,7.0,0.0,0.0,0.0,0.0,0.0,0.0,0.0,0.0,0.0,0.0,0.0,,,,0.0,0.0,0.0,155.9,-1.0,,0.0,154.9
Jauan Jennings,MIN,WR,low,jauanjennings,0.0,0.0,0.0,0.0,0.0,0.0,0.0,0.0,1.0,116.9,46.5,486.3,3.3,0.0,0.0,0.0,0.0,0.0,0.0,0.0,0.0,0.0,0.0,0.0,,,,0.0,0.0,0.0,114.93,-2.0,,0.0,112.93
Jaxon Smith-Njigba,SEA,WR,consensus,jaxonsmithnjigba,0.0,0.0,0.0,0.0,0.0,5.5,30.4,0.1,1.1,324.1,110.9,1569.4,9.2,0.0,0.0,0.0,0.0,0.0,0.0,0.0,0.0,0.0,0.0,0.0,,,,0.0,0.0,3.64,323.04,-2.2,,0.0,324.48
Jaxon Smith-Njigba,SEA,WR,high,jaxonsmithnjigba,0.0,0.0,0.0,0.0,0.0,7.0,36.0,0.2,1.0,366.5,116.7,1618.0,11.0,0.0,0.0,0.0,0.0,0.0,0.0,0.0,0.0,0.0,0.0,0.0,,,,0.0,0.0,4.8,344.5,-2.0,,0.0,347.3
Jaxon Smith-Njigba,SEA,WR,low,jaxonsmithnjigba,0.0,0.0,0.0,0.0,0.0,4.6,25.2,0.0,1.2,320.9,105.0,1521.0,8.0,0.0,0.0,0.0,0.0,0.0,0.0,0.0,0.0,0.0,0.0,0.0,,,,0.0,0.0,2.52,305.1,-2.4,,0.0,305.22
Jayden Higgins,HOU,WR,consensus,jaydenhiggins,0.0,0.0,0.0,0.0,0.0,0.0,0.0,0.0,0.2,146.1,51.8,634.1,5.2,0.0,0.0,0.0,0.0,0.0,0.0,0.0,0.0,0.0,0.0,0.0,,,,0.0,0.0,0.0,146.41,-0.4,,0.0,146.01
Jayden Higgins,HOU,WR,high,jaydenhiggins,0.0,0.0,0.0,0.0,0.0,0.0,0.0,0.0,0.0,145.8,54.5,667.3,7.0,0.0,0.0,0.0,0.0,0.0,0.0,0.0,0.0,0.0,0.0,0.0,,,,0.0,0.0,0.0,163.23,-0.0,,0.0,163.23
Jayden Higgins,HOU,WR,low,jaydenhiggins,0.0,0.0,0.0,0.0,0.0,0.0,0.0,0.0,0.5,138.8,49.0,601.0,3.5,0.0,0.0,0.0,0.0,0.0,0.0,0.0,0.0,0.0,0.0,0.0,,,,0.0,0.0,0.0,130.1,-1.0,,0.0,129.1
Jayden Reed,GB,WR,consensus,jaydenreed,0.0,0.0,0.0,0.0,0.0,12.0,86.9,0.1,0.4,176.4,63.1,757.7,4.8,0.0,0.0,0.0,0.0,0.0,0.0,0.0,0.0,0.0,0.0,0.0,,,,0.0,0.0,9.29,167.67,-0.8,,0.0,176.16
Jayden Reed,GB,WR,high,jaydenreed,0.0,0.0,0.0,0.0,0.0,16.0,128.0,0.4,0.0,214.4,66.0,815.0,5.0,0.0,0.0,0.0,0.0,0.0,0.0,0.0,0.0,0.0,0.0,0.0,,,,0.0,0.0,15.2,177.5,-0.0,,0.0,192.7
Jayden Reed,GB,WR,low,jaydenreed,0.0,0.0,0.0,0.0,0.0,9.0,64.8,0.0,0.8,164.1,60.0,727.2,4.4,0.0,0.0,0.0,0.0,0.0,0.0,0.0,0.0,0.0,0.0,0.0,,,,0.0,0.0,6.48,159.12,-1.6,,0.0,164.0
Jaylen Waddle,DEN,WR,consensus,jaylenwaddle,0.0,0.0,0.0,0.0,0.0,1.7,12.4,0.0,0.3,210.2,74.2,992.2,6.0,0.0,0.0,0.0,0.0,0.0,0.0,0.0,0.0,0.0,0.0,0.0,,,,0.0,0.0,1.24,209.42,-0.6,,0.0,210.06
Jaylen Waddle,DEN,WR,high,jaylenwaddle,0.0,0.0,0.0,0.0,0.0,3.0,25.0,0.1,0.0,244.9,76.6,996.0,6.0,0.0,0.0,0.0,0.0,0.0,0.0,0.0,0.0,0.0,0.0,0.0,,,,0.0,0.0,3.1,212.2,-0.0,,0.0,215.3
Jaylen Waddle,DEN,WR,low,jaylenwaddle,0.0,0.0,0.0,0.0,0.0,0.0,0.0,0.0,0.7,201.2,72.0,987.0,6.0,0.0,0.0,0.0,0.0,0.0,0.0,0.0,0.0,0.0,0.0,0.0,,,,0.0,0.0,0.0,206.7,-1.4,,0.0,205.3
Jaylin Lane,WAS,WR,consensus,jaylinlane,0.0,0.0,0.0,0.0,0.0,0.0,0.0,0.0,0.1,34.7,12.4,159.5,1.1,0.0,0.0,0.0,0.0,0.0,0.0,0.0,0.0,0.0,0.0,0.0,,,,0.0,0.0,0.0,34.95,-0.2,,0.0,34.75
Jaylin Lane,WAS,WR,high,jaylinlane,0.0,0.0,0.0,0.0,0.0,0.0,0.0,0.0,0.1,37.3,12.4,159.5,1.1,0.0,0.0,0.0,0.0,0.0,0.0,0.0,0.0,0.0,0.0,0.0,,,,0.0,0.0,0.0,34.95,-0.2,,0.0,34.75
Jaylin Lane,WAS,WR,low,jaylinlane,0.0,0.0,0.0,0.0,0.0,0.0,0.0,0.0,0.1,37.3,12.4,159.5,1.1,0.0,0.0,0.0,0.0,0.0,0.0,0.0,0.0,0.0,0.0,0.0,,,,0.0,0.0,0.0,34.95,-0.2,,0.0,34.75
Jaylin Noel,HOU,WR,consensus,jaylinnoel,0.0,0.0,0.0,0.0,0.0,4.2,22.2,0.1,0.3,74.4,28.7,323.0,1.8,0.0,0.0,0.0,0.0,0.0,0.0,0.0,0.0,0.0,0.0,0.0,,,,0.0,0.0,2.82,71.8,-0.6,,0.0,74.02
Jaylin Noel,HOU,WR,high,jaylinnoel,0.0,0.0,0.0,0.0,0.0,4.2,22.2,0.1,0.3,76.4,28.7,323.0,1.8,0.0,0.0,0.0,0.0,0.0,0.0,0.0,0.0,0.0,0.0,0.0,,,,0.0,0.0,2.82,71.8,-0.6,,0.0,74.02
Jaylin Noel,HOU,WR,low,jaylinnoel,0.0,0.0,0.0,0.0,0.0,4.2,22.2,0.1,0.3,76.4,28.7,323.0,1.8,0.0,0.0,0.0,0.0,0.0,0.0,0.0,0.0,0.0,0.0,0.0,,,,0.0,0.0,2.82,71.8,-0.6,,0.0,74.02
Jerry Jeudy,CLE,WR,consensus,jerryjeudy,0.0,0.0,0.0,0.0,0.0,0.5,2.0,0.0,0.7,145.4,54.7,747.4,2.9,0.0,0.0,0.0,0.0,0.0,0.0,0.0,0.0,0.0,0.0,0.0,,,,0.0,0.0,0.2,146.84,-1.4,,0.0,145.64
Jerry Jeudy,CLE,WR,high,jerryjeudy,0.0,0.0,0.0,0.0,0.0,1.0,4.0,0.0,0.5,141.7,58.0,785.0,3.0,0.0,0.0,0.0,0.0,0.0,0.0,0.0,0.0,0.0,0.0,0.0,,,,0.0,0.0,0.4,154.5,-1.0,,0.0,153.9
Jerry Jeudy,CLE,WR,low,jerryjeudy,0.0,0.0,0.0,0.0,0.0,0.0,0.0,0.0,1.0,140.7,51.4,709.8,2.8,0.0,0.0,0.0,0.0,0.0,0.0,0.0,0.0,0.0,0.0,0.0,,,,0.0,0.0,0.0,139.18,-2.0,,0.0,137.18
Jeshaun Jones,MIN,WR,consensus,jeshaunjones,0.0,0.0,0.0,0.0,0.0,0.0,0.0,0.0,0.0,0.0,0.0,0.0,0.0,0.0,0.0,0.0,0.0,0.0,0.0,0.0,0.0,0.0,0.0,0.0,,,,0.0,0.0,0.0,0.0,-0.0,,0.0,0.0
Jeshaun Jones,MIN,WR,high,jeshaunjones,0.0,0.0,0.0,0.0,0.0,0.0,0.0,0.0,0.0,0.1,0.0,0.0,0.0,0.0,0.0,0.0,0.0,0.0,0.0,0.0,0.0,0.0,0.0,0.0,,,,0.0,0.0,0.0,0.0,-0.0,,0.0,0.0
Jeshaun Jones,MIN,WR,low,jeshaunjones,0.0,0.0,0.0,0.0,0.0,0.0,0.0,0.0,0.0,0.1,0.0,0.0,0.0,0.0,0.0,0.0,0.0,0.0,0.0,0.0,0.0,0.0,0.0,0.0,,,,0.0,0.0,0.0,0.0,-0.0,,0.0,0.0
Jimmy Horn Jr.,CAR,WR,consensus,jimmyhorn,0.0,0.0,0.0,0.0,0.0,6.2,36.7,0.2,0.1,21.1,6.7,75.7,0.4,0.0,0.0,0.0,0.0,0.0,0.0,0.0,0.0,0.0,0.0,0.0,,,,0.0,0.0,4.87,16.67,-0.2,,0.0,21.34
Jimmy Horn Jr.,CAR,WR,high,jimmyhorn,0.0,0.0,0.0,0.0,0.0,6.2,36.7,0.2,0.1,21.2,6.7,75.7,0.4,0.0,0.0,0.0,0.0,0.0,0.0,0.0,0.0,0.0,0.0,0.0,,,,0.0,0.0,4.87,16.67,-0.2,,0.0,21.34
Jimmy Horn Jr.,CAR,WR,low,jimmyhorn,0.0,0.0,0.0,0.0,0.0,6.2,36.7,0.2,0.1,21.2,6.7,75.7,0.4,0.0,0.0,0.0,0.0,0.0,0.0,0.0,0.0,0.0,0.0,0.0,,,,0.0,0.0,4.87,16.67,-0.2,,0.0,21.34
Jonathan Mingo,DAL,WR,consensus,jonathanmingo,0.0,0.0,0.0,0.0,0.0,0.0,0.0,0.0,0.0,8.4,2.9,40.6,0.3,0.0,0.0,0.0,0.0,0.0,0.0,0.0,0.0,0.0,0.0,0.0,,,,0.0,0.0,0.0,8.76,-0.0,,0.0,8.76
Jonathan Mingo,DAL,WR,high,jonathanmingo,0.0,0.0,0.0,0.0,0.0,0.0,0.0,0.0,0.0,8.4,2.9,40.6,0.3,0.0,0.0,0.0,0.0,0.0,0.0,0.0,0.0,0.0,0.0,0.0,,,,0.0,0.0,0.0,8.76,-0.0,,0.0,8.76
Jonathan Mingo,DAL,WR,low,jonathanmingo,0.0,0.0,0.0,0.0,0.0,0.0,0.0,0.0,0.0,8.4,2.9,40.6,0.3,0.0,0.0,0.0,0.0,0.0,0.0,0.0,0.0,0.0,0.0,0.0,,,,0.0,0.0,0.0,8.76,-0.0,,0.0,8.76
Jordan Addison,MIN,WR,consensus,jordanaddison,0.0,0.0,0.0,0.0,0.0,2.7,37.1,0.4,0.2,168.9,55.2,758.4,5.4,0.0,0.0,0.0,0.0,0.0,0.0,0.0,0.0,0.0,0.0,0.0,,,,0.0,0.0,6.11,163.44,-0.4,,0.0,169.15
Jordan Addison,MIN,WR,high,jordanaddison,0.0,0.0,0.0,0.0,0.0,3.0,78.0,1.0,0.0,191.5,60.5,770.3,6.0,0.0,0.0,0.0,0.0,0.0,0.0,0.0,0.0,0.0,0.0,0.0,,,,0.0,0.0,13.8,173.53,-0.0,,0.0,187.33
Jordan Addison,MIN,WR,low,jordanaddison,0.0,0.0,0.0,0.0,0.0,2.0,14.4,0.0,0.4,165.2,50.0,736.0,5.0,0.0,0.0,0.0,0.0,0.0,0.0,0.0,0.0,0.0,0.0,0.0,,,,0.0,0.0,1.44,153.6,-0.8,,0.0,154.24
Jordan Whittington,LAR,WR,consensus,jordanwhittington,0.0,0.0,0.0,0.0,0.0,2.3,12.1,0.1,0.1,31.2,11.3,128.2,0.9,0.0,0.0,0.0,0.0,0.0,0.0,0.0,0.0,0.0,0.0,0.0,,,,0.0,0.0,1.81,29.52,-0.2,,0.0,31.13
Jordan Whittington,LAR,WR,high,jordanwhittington,0.0,0.0,0.0,0.0,0.0,2.3,12.1,0.1,0.1,31.7,11.3,128.2,0.9,0.0,0.0,0.0,0.0,0.0,0.0,0.0,0.0,0.0,0.0,0.0,,,,0.0,0.0,1.81,29.52,-0.2,,0.0,31.13
Jordan Whittington,LAR,WR,low,jordanwhittington,0.0,0.0,0.0,0.0,0.0,2.3,12.1,0.1,0.1,31.7,11.3,128.2,0.9,0.0,0.0,0.0,0.0,0.0,0.0,0.0,0.0,0.0,0.0,0.0,,,,0.0,0.0,1.81,29.52,-0.2,,0.0,31.13
Jordyn Tyson,NO,WR,consensus,jordyntyson,0.0,0.0,0.0,0.0,0.0,0.3,2.3,0.0,0.7,125.2,45.5,613.7,3.2,0.0,0.0,0.0,0.0,0.0,0.0,0.0,0.0,0.0,0.0,0.0,,,,0.0,0.0,0.23,126.07,-1.4,,0.0,124.9
Jordyn Tyson,NO,WR,high,jordyntyson,0.0,0.0,0.0,0.0,0.0,1.0,7.0,0.0,0.4,178.3,61.0,783.0,4.0,0.0,0.0,0.0,0.0,0.0,0.0,0.0,0.0,0.0,0.0,0.0,,,,0.0,0.0,0.7,163.3,-0.8,,0.0,163.2
Jordyn Tyson,NO,WR,low,jordyntyson,0.0,0.0,0.0,0.0,0.0,0.0,0.0,0.0,1.0,109.5,35.6,484.2,2.7,0.0,0.0,0.0,0.0,0.0,0.0,0.0,0.0,0.0,0.0,0.0,,,,0.0,0.0,0.0,100.22,-2.0,,0.0,98.22
Josh Cameron,JAC,WR,consensus,joshcameron,0.0,0.0,0.0,0.0,0.0,0.0,0.0,0.0,0.0,0.0,0.0,0.0,0.0,0.0,0.0,0.0,0.0,0.0,0.0,0.0,0.0,0.0,0.0,0.0,,,,0.0,0.0,0.0,0.0,-0.0,,0.0,0.0
Josh Cameron,JAC,WR,high,joshcameron,0.0,0.0,0.0,0.0,0.0,0.0,0.0,0.0,0.0,0.3,0.0,0.0,0.0,0.0,0.0,0.0,0.0,0.0,0.0,0.0,0.0,0.0,0.0,0.0,,,,0.0,0.0,0.0,0.0,-0.0,,0.0,0.0
Josh Cameron,JAC,WR,low,joshcameron,0.0,0.0,0.0,0.0,0.0,0.0,0.0,0.0,0.0,0.3,0.0,0.0,0.0,0.0,0.0,0.0,0.0,0.0,0.0,0.0,0.0,0.0,0.0,0.0,,,,0.0,0.0,0.0,0.0,-0.0,,0.0,0.0
Josh Downs,IND,WR,consensus,joshdowns,0.0,0.0,0.0,0.0,0.0,1.4,4.2,0.0,0.8,169.1,71.5,731.6,4.2,0.0,0.0,0.0,0.0,0.0,0.0,0.0,0.0,0.0,0.0,0.0,,,,0.0,0.0,0.42,169.86,-1.6,,0.0,168.68
Josh Downs,IND,WR,high,joshdowns,0.0,0.0,0.0,0.0,0.0,2.1,10.7,0.1,0.6,212.2,76.0,787.0,6.0,0.0,0.0,0.0,0.0,0.0,0.0,0.0,0.0,0.0,0.0,0.0,,,,0.0,0.0,1.67,190.7,-1.2,,0.0,191.17
Josh Downs,IND,WR,low,joshdowns,0.0,0.0,0.0,0.0,0.0,0.0,0.0,0.0,1.0,158.8,68.0,696.8,2.7,0.0,0.0,0.0,0.0,0.0,0.0,0.0,0.0,0.0,0.0,0.0,,,,0.0,0.0,0.0,153.88,-2.0,,0.0,151.88
Joshua Palmer,BUF,WR,consensus,joshuapalmer,0.0,0.0,0.0,0.0,0.0,0.0,0.0,0.0,0.1,69.7,25.9,342.2,1.6,0.0,0.0,0.0,0.0,0.0,0.0,0.0,0.0,0.0,0.0,0.0,,,,0.0,0.0,0.0,69.72,-0.2,,0.0,69.52
Joshua Palmer,BUF,WR,high,joshuapalmer,0.0,0.0,0.0,0.0,0.0,0.0,0.0,0.0,0.0,76.9,35.0,479.0,2.0,0.0,0.0,0.0,0.0,0.0,0.0,0.0,0.0,0.0,0.0,0.0,,,,0.0,0.0,0.0,94.9,-0.0,,0.0,94.9
Joshua Palmer,BUF,WR,low,joshuapalmer,0.0,0.0,0.0,0.0,0.0,0.0,0.0,0.0,0.2,53.8,16.9,205.4,1.2,0.0,0.0,0.0,0.0,0.0,0.0,0.0,0.0,0.0,0.0,0.0,,,,0.0,0.0,0.0,44.64,-0.4,,0.0,44.24
Justin Jefferson,MIN,WR,consensus,justinjefferson,0.0,0.0,0.0,0.0,0.0,1.3,5.5,0.0,0.3,272.8,98.9,1310.9,7.1,0.0,0.0,0.0,0.0,0.0,0.0,0.0,0.0,0.0,0.0,0.0,,,,0.0,0.0,0.55,272.59,-0.6,,0.0,272.54
Justin Jefferson,MIN,WR,high,justinjefferson,0.0,0.0,0.0,0.0,0.0,2.0,10.6,0.1,0.0,317.2,110.8,1375.7,7.4,0.0,0.0,0.0,0.0,0.0,0.0,0.0,0.0,0.0,0.0,0.0,,,,0.0,0.0,1.66,292.77,-0.0,,0.0,294.43
Justin Jefferson,MIN,WR,low,justinjefferson,0.0,0.0,0.0,0.0,0.0,0.0,0.0,0.0,0.7,258.9,91.0,1269.0,7.0,0.0,0.0,0.0,0.0,0.0,0.0,0.0,0.0,0.0,0.0,0.0,,,,0.0,0.0,0.0,259.9,-1.4,,0.0,258.5
Justin Watson,HOU,WR,consensus,justinwatson,0.0,0.0,0.0,0.0,0.0,0.0,0.0,0.0,0.0,8.6,3.1,41.6,0.2,0.0,0.0,0.0,0.0,0.0,0.0,0.0,0.0,0.0,0.0,0.0,,,,0.0,0.0,0.0,8.46,-0.0,,0.0,8.46
Justin Watson,HOU,WR,high,justinwatson,0.0,0.0,0.0,0.0,0.0,0.0,0.0,0.0,0.0,8.6,3.1,41.6,0.2,0.0,0.0,0.0,0.0,0.0,0.0,0.0,0.0,0.0,0.0,0.0,,,,0.0,0.0,0.0,8.46,-0.0,,0.0,8.46
Justin Watson,HOU,WR,low,justinwatson,0.0,0.0,0.0,0.0,0.0,0.0,0.0,0.0,0.0,8.6,3.1,41.6,0.2,0.0,0.0,0.0,0.0,0.0,0.0,0.0,0.0,0.0,0.0,0.0,,,,0.0,0.0,0.0,8.46,-0.0,,0.0,8.46
KC Concepcion,CLE,WR,consensus,kcconcepcion,0.0,0.0,0.0,0.0,0.0,4.2,22.5,0.1,1.3,159.6,60.1,779.1,3.6,0.0,0.0,0.0,0.0,0.0,0.0,0.0,0.0,0.0,0.0,0.0,,,,0.0,0.0,2.85,159.61,-2.6,,0.0,159.86
KC Concepcion,CLE,WR,high,kcconcepcion,0.0,0.0,0.0,0.0,0.0,6.4,35.0,0.2,0.7,156.1,62.0,831.0,4.0,0.0,0.0,0.0,0.0,0.0,0.0,0.0,0.0,0.0,0.0,0.0,,,,0.0,0.0,4.7,169.1,-1.4,,0.0,172.4
KC Concepcion,CLE,WR,low,kcconcepcion,0.0,0.0,0.0,0.0,0.0,2.0,10.0,0.0,2.0,153.1,58.1,727.2,3.2,0.0,0.0,0.0,0.0,0.0,0.0,0.0,0.0,0.0,0.0,0.0,,,,0.0,0.0,1.0,150.02,-4.0,,0.0,147.02
KaVontae Turpin,DAL,WR,consensus,kavontaeturpin,0.0,0.0,0.0,0.0,0.0,17.8,103.2,0.4,0.4,63.5,18.1,229.5,1.7,0.0,0.0,0.0,0.0,0.0,0.0,0.0,0.0,0.0,0.0,0.0,,,,0.0,0.0,12.72,51.25,-0.8,,0.0,63.17
KaVontae Turpin,DAL,WR,high,kavontaeturpin,0.0,0.0,0.0,0.0,0.0,17.8,103.2,0.4,0.4,66.8,18.1,229.5,1.7,0.0,0.0,0.0,0.0,0.0,0.0,0.0,0.0,0.0,0.0,0.0,,,,0.0,0.0,12.72,51.25,-0.8,,0.0,63.17
KaVontae Turpin,DAL,WR,low,kavontaeturpin,0.0,0.0,0.0,0.0,0.0,17.8,103.2,0.4,0.4,66.8,18.1,229.5,1.7,0.0,0.0,0.0,0.0,0.0,0.0,0.0,0.0,0.0,0.0,0.0,,,,0.0,0.0,12.72,51.25,-0.8,,0.0,63.17
Kaden Wetjen,PIT,WR,consensus,kadenwetjen,0.0,0.0,0.0,0.0,0.0,2.2,11.7,0.1,0.0,1.6,0.0,0.0,0.0,0.0,0.0,0.0,0.0,0.0,0.0,0.0,0.0,0.0,0.0,0.0,,,,0.0,0.0,1.77,0.0,-0.0,,0.0,1.77
Kaden Wetjen,PIT,WR,high,kadenwetjen,0.0,0.0,0.0,0.0,0.0,2.2,11.7,0.1,0.0,4.1,0.0,0.0,0.0,0.0,0.0,0.0,0.0,0.0,0.0,0.0,0.0,0.0,0.0,0.0,,,,0.0,0.0,1.77,0.0,-0.0,,0.0,1.77
Kaden Wetjen,PIT,WR,low,kadenwetjen,0.0,0.0,0.0,0.0,0.0,2.2,11.7,0.1,0.0,4.1,0.0,0.0,0.0,0.0,0.0,0.0,0.0,0.0,0.0,0.0,0.0,0.0,0.0,0.0,,,,0.0,0.0,1.77,0.0,-0.0,,0.0,1.77
Kalif Raymond,CHI,WR,consensus,kalifraymond,0.0,0.0,0.0,0.0,0.0,4.6,27.2,0.2,0.2,46.4,19.2,186.9,0.9,0.0,0.0,0.0,0.0,0.0,0.0,0.0,0.0,0.0,0.0,0.0,,,,0.0,0.0,3.92,43.29,-0.4,,0.0,46.81
Kalif Raymond,CHI,WR,high,kalifraymond,0.0,0.0,0.0,0.0,0.0,4.6,27.2,0.2,0.2,48.0,19.2,186.9,0.9,0.0,0.0,0.0,0.0,0.0,0.0,0.0,0.0,0.0,0.0,0.0,,,,0.0,0.0,3.92,43.29,-0.4,,0.0,46.81
Kalif Raymond,CHI,WR,low,kalifraymond,0.0,0.0,0.0,0.0,0.0,4.6,27.2,0.2,0.2,48.0,19.2,186.9,0.9,0.0,0.0,0.0,0.0,0.0,0.0,0.0,0.0,0.0,0.0,0.0,,,,0.0,0.0,3.92,43.29,-0.4,,0.0,46.81
Kameron Johnson,TB,WR,consensus,kameronjohnson,0.0,0.0,0.0,0.0,0.0,2.2,12.1,0.1,0.0,1.8,0.0,0.0,0.0,0.0,0.0,0.0,0.0,0.0,0.0,0.0,0.0,0.0,0.0,0.0,,,,0.0,0.0,1.81,0.0,-0.0,,0.0,1.81
Kameron Johnson,TB,WR,high,kameronjohnson,0.0,0.0,0.0,0.0,0.0,2.2,12.1,0.1,0.0,3.6,0.0,0.0,0.0,0.0,0.0,0.0,0.0,0.0,0.0,0.0,0.0,0.0,0.0,0.0,,,,0.0,0.0,1.81,0.0,-0.0,,0.0,1.81
Kameron Johnson,TB,WR,low,kameronjohnson,0.0,0.0,0.0,0.0,0.0,2.2,12.1,0.1,0.0,3.6,0.0,0.0,0.0,0.0,0.0,0.0,0.0,0.0,0.0,0.0,0.0,0.0,0.0,0.0,,,,0.0,0.0,1.81,0.0,-0.0,,0.0,1.81
Kayshon Boutte,NE,WR,consensus,kayshonboutte,0.0,0.0,0.0,0.0,0.0,0.0,0.0,0.0,0.1,109.1,33.2,501.5,4.3,0.0,0.0,0.0,0.0,0.0,0.0,0.0,0.0,0.0,0.0,0.0,,,,0.0,0.0,0.0,109.15,-0.2,,0.0,108.95
Kayshon Boutte,NE,WR,high,kayshonboutte,0.0,0.0,0.0,0.0,0.0,0.0,0.0,0.0,0.0,119.2,36.0,589.0,6.0,0.0,0.0,0.0,0.0,0.0,0.0,0.0,0.0,0.0,0.0,0.0,,,,0.0,0.0,0.0,130.9,-0.0,,0.0,130.9
Kayshon Boutte,NE,WR,low,kayshonboutte,0.0,0.0,0.0,0.0,0.0,0.0,0.0,0.0,0.3,90.3,30.3,414.0,2.7,0.0,0.0,0.0,0.0,0.0,0.0,0.0,0.0,0.0,0.0,0.0,,,,0.0,0.0,0.0,87.9,-0.6,,0.0,87.3
Ke'Shawn Williams,CIN,WR,consensus,keshawnwilliams,0.0,0.0,0.0,0.0,0.0,0.0,0.0,0.0,0.0,0.0,0.0,0.0,0.0,0.0,0.0,0.0,0.0,0.0,0.0,0.0,0.0,0.0,0.0,0.0,,,,0.0,0.0,0.0,0.0,-0.0,,0.0,0.0
Ke'Shawn Williams,CIN,WR,high,keshawnwilliams,0.0,0.0,0.0,0.0,0.0,0.0,0.0,0.0,0.0,1.0,0.0,0.0,0.0,0.0,0.0,0.0,0.0,0.0,0.0,0.0,0.0,0.0,0.0,0.0,,,,0.0,0.0,0.0,0.0,-0.0,,0.0,0.0
Ke'Shawn Williams,CIN,WR,low,keshawnwilliams,0.0,0.0,0.0,0.0,0.0,0.0,0.0,0.0,0.0,1.0,0.0,0.0,0.0,0.0,0.0,0.0,0.0,0.0,0.0,0.0,0.0,0.0,0.0,0.0,,,,0.0,0.0,0.0,0.0,-0.0,,0.0,0.0
KeAndre Lambert-Smith,LAC,WR,consensus,keandrelambertsmith,0.0,0.0,0.0,0.0,0.0,0.0,0.0,0.0,0.1,17.8,6.4,80.6,0.6,0.0,0.0,0.0,0.0,0.0,0.0,0.0,0.0,0.0,0.0,0.0,,,,0.0,0.0,0.0,18.06,-0.2,,0.0,17.86
KeAndre Lambert-Smith,LAC,WR,high,keandrelambertsmith,0.0,0.0,0.0,0.0,0.0,0.0,0.0,0.0,0.1,18.1,6.4,80.6,0.6,0.0,0.0,0.0,0.0,0.0,0.0,0.0,0.0,0.0,0.0,0.0,,,,0.0,0.0,0.0,18.06,-0.2,,0.0,17.86
KeAndre Lambert-Smith,LAC,WR,low,keandrelambertsmith,0.0,0.0,0.0,0.0,0.0,0.0,0.0,0.0,0.1,18.1,6.4,80.6,0.6,0.0,0.0,0.0,0.0,0.0,0.0,0.0,0.0,0.0,0.0,0.0,,,,0.0,0.0,0.0,18.06,-0.2,,0.0,17.86
Keenan Allen,IND,WR,consensus,keenanallen,0.0,0.0,0.0,0.0,0.0,0.0,0.0,0.0,0.0,159.5,62.0,675.0,5.0,0.0,0.0,0.0,0.0,0.0,0.0,0.0,0.0,0.0,0.0,0.0,,,,0.0,0.0,0.0,159.5,-0.0,,0.0,159.5
Keenan Allen,IND,WR,high,keenanallen,0.0,0.0,0.0,0.0,0.0,0.0,0.0,0.0,0.0,150.0,62.0,675.0,5.0,0.0,0.0,0.0,0.0,0.0,0.0,0.0,0.0,0.0,0.0,0.0,,,,0.0,0.0,0.0,159.5,-0.0,,0.0,159.5
Keenan Allen,IND,WR,low,keenanallen,0.0,0.0,0.0,0.0,0.0,0.0,0.0,0.0,0.0,150.0,62.0,675.0,5.0,0.0,0.0,0.0,0.0,0.0,0.0,0.0,0.0,0.0,0.0,0.0,,,,0.0,0.0,0.0,159.5,-0.0,,0.0,159.5
Kendrick Bourne,ARI,WR,consensus,kendrickbourne,0.0,0.0,0.0,0.0,0.0,0.0,0.0,0.0,0.2,50.2,22.8,239.2,0.7,0.0,0.0,0.0,0.0,0.0,0.0,0.0,0.0,0.0,0.0,0.0,,,,0.0,0.0,0.0,50.92,-0.4,,0.0,50.52
Kendrick Bourne,ARI,WR,high,kendrickbourne,0.0,0.0,0.0,0.0,0.0,0.0,0.0,0.0,0.2,50.3,22.8,239.2,0.7,0.0,0.0,0.0,0.0,0.0,0.0,0.0,0.0,0.0,0.0,0.0,,,,0.0,0.0,0.0,50.92,-0.4,,0.0,50.52
Kendrick Bourne,ARI,WR,low,kendrickbourne,0.0,0.0,0.0,0.0,0.0,0.0,0.0,0.0,0.2,50.3,22.8,239.2,0.7,0.0,0.0,0.0,0.0,0.0,0.0,0.0,0.0,0.0,0.0,0.0,,,,0.0,0.0,0.0,50.92,-0.4,,0.0,50.52
Keon Coleman,BUF,WR,consensus,keoncoleman,0.0,0.0,0.0,0.0,0.0,0.0,0.0,0.0,0.2,74.6,24.4,337.7,2.8,0.0,0.0,0.0,0.0,0.0,0.0,0.0,0.0,0.0,0.0,0.0,,,,0.0,0.0,0.0,74.97,-0.4,,0.0,74.57
Keon Coleman,BUF,WR,high,keoncoleman,0.0,0.0,0.0,0.0,0.0,0.0,0.0,0.0,0.2,75.4,24.4,337.7,2.8,0.0,0.0,0.0,0.0,0.0,0.0,0.0,0.0,0.0,0.0,0.0,,,,0.0,0.0,0.0,74.97,-0.4,,0.0,74.57
Keon Coleman,BUF,WR,low,keoncoleman,0.0,0.0,0.0,0.0,0.0,0.0,0.0,0.0,0.2,75.4,24.4,337.7,2.8,0.0,0.0,0.0,0.0,0.0,0.0,0.0,0.0,0.0,0.0,0.0,,,,0.0,0.0,0.0,74.97,-0.4,,0.0,74.57
Kevin Coleman Jr.,MIA,WR,consensus,kevincoleman,0.0,0.0,0.0,0.0,0.0,0.0,0.0,0.0,0.1,32.8,13.5,170.2,0.4,0.0,0.0,0.0,0.0,0.0,0.0,0.0,0.0,0.0,0.0,0.0,,,,0.0,0.0,0.0,32.92,-0.2,,0.0,32.72
Kevin Coleman Jr.,MIA,WR,high,kevincoleman,0.0,0.0,0.0,0.0,0.0,0.0,0.0,0.0,0.1,32.9,13.5,170.2,0.4,0.0,0.0,0.0,0.0,0.0,0.0,0.0,0.0,0.0,0.0,0.0,,,,0.0,0.0,0.0,32.92,-0.2,,0.0,32.72
Kevin Coleman Jr.,MIA,WR,low,kevincoleman,0.0,0.0,0.0,0.0,0.0,0.0,0.0,0.0,0.1,32.9,13.5,170.2,0.4,0.0,0.0,0.0,0.0,0.0,0.0,0.0,0.0,0.0,0.0,0.0,,,,0.0,0.0,0.0,32.92,-0.2,,0.0,32.72
Khalil Shakir,BUF,WR,consensus,khalilshakir,0.0,0.0,0.0,0.0,0.0,1.1,5.5,0.0,0.8,164.9,69.7,726.3,3.9,0.0,0.0,0.0,0.0,0.0,0.0,0.0,0.0,0.0,0.0,0.0,,,,0.0,0.0,0.55,165.73,-1.6,,0.0,164.68
Khalil Shakir,BUF,WR,high,khalilshakir,0.0,0.0,0.0,0.0,0.0,2.3,12.5,0.1,0.6,206.3,72.0,766.0,4.0,0.0,0.0,0.0,0.0,0.0,0.0,0.0,0.0,0.0,0.0,0.0,,,,0.0,0.0,1.85,172.6,-1.2,,0.0,173.25
Khalil Shakir,BUF,WR,low,khalilshakir,0.0,0.0,0.0,0.0,0.0,0.0,0.0,0.0,1.0,147.7,67.0,648.0,3.7,0.0,0.0,0.0,0.0,0.0,0.0,0.0,0.0,0.0,0.0,0.0,,,,0.0,0.0,0.0,154.0,-2.0,,0.0,152.0
Konata Mumpfield,LAR,WR,consensus,konatamumpfield,0.0,0.0,0.0,0.0,0.0,0.0,0.0,0.0,0.1,29.2,9.9,126.7,1.1,0.0,0.0,0.0,0.0,0.0,0.0,0.0,0.0,0.0,0.0,0.0,,,,0.0,0.0,0.0,29.17,-0.2,,0.0,28.97
Konata Mumpfield,LAR,WR,high,konatamumpfield,0.0,0.0,0.0,0.0,0.0,0.0,0.0,0.0,0.1,29.2,9.9,126.7,1.1,0.0,0.0,0.0,0.0,0.0,0.0,0.0,0.0,0.0,0.0,0.0,,,,0.0,0.0,0.0,29.17,-0.2,,0.0,28.97
Konata Mumpfield,LAR,WR,low,konatamumpfield,0.0,0.0,0.0,0.0,0.0,0.0,0.0,0.0,0.1,29.2,9.9,126.7,1.1,0.0,0.0,0.0,0.0,0.0,0.0,0.0,0.0,0.0,0.0,0.0,,,,0.0,0.0,0.0,29.17,-0.2,,0.0,28.97
Kyle Williams,NE,WR,consensus,kylewilliams,0.0,0.0,0.0,0.0,0.0,4.1,22.4,0.2,0.1,22.1,6.4,91.4,0.6,0.0,0.0,0.0,0.0,0.0,0.0,0.0,0.0,0.0,0.0,0.0,,,,0.0,0.0,3.44,19.14,-0.2,,0.0,22.38
Kyle Williams,NE,WR,high,kylewilliams,0.0,0.0,0.0,0.0,0.0,4.1,22.4,0.2,0.1,22.6,6.4,91.4,0.6,0.0,0.0,0.0,0.0,0.0,0.0,0.0,0.0,0.0,0.0,0.0,,,,0.0,0.0,3.44,19.14,-0.2,,0.0,22.38
Kyle Williams,NE,WR,low,kylewilliams,0.0,0.0,0.0,0.0,0.0,4.1,22.4,0.2,0.1,22.6,6.4,91.4,0.6,0.0,0.0,0.0,0.0,0.0,0.0,0.0,0.0,0.0,0.0,0.0,,,,0.0,0.0,3.44,19.14,-0.2,,0.0,22.38
LaJohntay Wester,BAL,WR,consensus,lajohntaywester,0.0,0.0,0.0,0.0,0.0,0.0,0.0,0.0,0.0,0.0,0.0,0.0,0.0,0.0,0.0,0.0,0.0,0.0,0.0,0.0,0.0,0.0,0.0,0.0,,,,0.0,0.0,0.0,0.0,-0.0,,0.0,0.0
LaJohntay Wester,BAL,WR,high,lajohntaywester,0.0,0.0,0.0,0.0,0.0,0.0,0.0,0.0,0.0,1.9,0.0,0.0,0.0,0.0,0.0,0.0,0.0,0.0,0.0,0.0,0.0,0.0,0.0,0.0,,,,0.0,0.0,0.0,0.0,-0.0,,0.0,0.0
LaJohntay Wester,BAL,WR,low,lajohntaywester,0.0,0.0,0.0,0.0,0.0,0.0,0.0,0.0,0.0,1.9,0.0,0.0,0.0,0.0,0.0,0.0,0.0,0.0,0.0,0.0,0.0,0.0,0.0,0.0,,,,0.0,0.0,0.0,0.0,-0.0,,0.0,0.0
Ladd McConkey,LAC,WR,consensus,laddmcconkey,0.0,0.0,0.0,0.0,0.0,0.0,0.0,0.0,0.3,220.3,79.2,1010.1,6.8,0.0,0.0,0.0,0.0,0.0,0.0,0.0,0.0,0.0,0.0,0.0,,,,0.0,0.0,0.0,221.01,-0.6,,0.0,220.41
Ladd McConkey,LAC,WR,high,laddmcconkey,0.0,0.0,0.0,0.0,0.0,0.0,0.0,0.0,0.0,248.8,82.0,1039.4,8.0,0.0,0.0,0.0,0.0,0.0,0.0,0.0,0.0,0.0,0.0,0.0,,,,0.0,0.0,0.0,233.94,-0.0,,0.0,233.94
Ladd McConkey,LAC,WR,low,laddmcconkey,0.0,0.0,0.0,0.0,0.0,0.0,0.0,0.0,0.6,220.6,76.0,956.0,6.0,0.0,0.0,0.0,0.0,0.0,0.0,0.0,0.0,0.0,0.0,0.0,,,,0.0,0.0,0.0,207.6,-1.2,,0.0,206.4
Laquon Treadwell,IND,WR,consensus,laquontreadwell,0.0,0.0,0.0,0.0,0.0,0.0,0.0,0.0,0.0,0.0,0.0,0.0,0.0,0.0,0.0,0.0,0.0,0.0,0.0,0.0,0.0,0.0,0.0,0.0,,,,0.0,0.0,0.0,0.0,-0.0,,0.0,0.0
Laquon Treadwell,IND,WR,high,laquontreadwell,0.0,0.0,0.0,0.0,0.0,0.0,0.0,0.0,0.0,0.0,0.0,0.0,0.0,0.0,0.0,0.0,0.0,0.0,0.0,0.0,0.0,0.0,0.0,0.0,,,,0.0,0.0,0.0,0.0,-0.0,,0.0,0.0
Laquon Treadwell,IND,WR,low,laquontreadwell,0.0,0.0,0.0,0.0,0.0,0.0,0.0,0.0,0.0,0.0,0.0,0.0,0.0,0.0,0.0,0.0,0.0,0.0,0.0,0.0,0.0,0.0,0.0,0.0,,,,0.0,0.0,0.0,0.0,-0.0,,0.0,0.0
Luke McCaffrey,WAS,WR,consensus,lukemccaffrey,0.0,0.0,0.0,0.0,0.0,0.0,0.0,0.0,0.0,49.9,14.4,221.1,2.3,0.0,0.0,0.0,0.0,0.0,0.0,0.0,0.0,0.0,0.0,0.0,,,,0.0,0.0,0.0,50.31,-0.0,,0.0,50.31
Luke McCaffrey,WAS,WR,high,lukemccaffrey,0.0,0.0,0.0,0.0,0.0,0.0,0.0,0.0,0.0,67.4,22.0,362.0,4.0,0.0,0.0,0.0,0.0,0.0,0.0,0.0,0.0,0.0,0.0,0.0,,,,0.0,0.0,0.0,82.2,-0.0,,0.0,82.2
Luke McCaffrey,WAS,WR,low,lukemccaffrey,0.0,0.0,0.0,0.0,0.0,0.0,0.0,0.0,0.1,26.1,6.7,80.3,0.5,0.0,0.0,0.0,0.0,0.0,0.0,0.0,0.0,0.0,0.0,0.0,,,,0.0,0.0,0.0,17.73,-0.2,,0.0,17.53
Luther Burden III,CHI,WR,consensus,lutherburden,0.0,0.0,0.0,0.0,0.0,7.7,38.2,0.1,0.3,208.1,72.7,973.1,5.7,0.0,0.0,0.0,0.0,0.0,0.0,0.0,0.0,0.0,0.0,0.0,,,,0.0,0.0,4.42,204.21,-0.6,,0.0,208.03
Luther Burden III,CHI,WR,high,lutherburden,0.0,0.0,0.0,0.0,0.0,9.1,49.5,0.4,0.0,239.6,75.1,1056.0,6.0,0.0,0.0,0.0,0.0,0.0,0.0,0.0,0.0,0.0,0.0,0.0,,,,0.0,0.0,7.35,216.7,-0.0,,0.0,224.05
Luther Burden III,CHI,WR,low,lutherburden,0.0,0.0,0.0,0.0,0.0,6.0,32.0,0.0,0.7,203.5,70.0,926.0,5.1,0.0,0.0,0.0,0.0,0.0,0.0,0.0,0.0,0.0,0.0,0.0,,,,0.0,0.0,3.2,193.2,-1.4,,0.0,195.0
Mack Hollins,NE,WR,consensus,mackhollins,0.0,0.0,0.0,0.0,0.0,0.0,0.0,0.0,0.1,28.0,10.8,126.6,0.8,0.0,0.0,0.0,0.0,0.0,0.0,0.0,0.0,0.0,0.0,0.0,,,,0.0,0.0,0.0,28.26,-0.2,,0.0,28.06
Mack Hollins,NE,WR,high,mackhollins,0.0,0.0,0.0,0.0,0.0,0.0,0.0,0.0,0.1,28.1,10.8,126.6,0.8,0.0,0.0,0.0,0.0,0.0,0.0,0.0,0.0,0.0,0.0,0.0,,,,0.0,0.0,0.0,28.26,-0.2,,0.0,28.06
Mack Hollins,NE,WR,low,mackhollins,0.0,0.0,0.0,0.0,0.0,0.0,0.0,0.0,0.1,28.1,10.8,126.6,0.8,0.0,0.0,0.0,0.0,0.0,0.0,0.0,0.0,0.0,0.0,0.0,,,,0.0,0.0,0.0,28.26,-0.2,,0.0,28.06
Makai Lemon,PHI,WR,consensus,makailemon,0.0,0.0,0.0,0.0,0.0,1.5,6.5,0.0,1.3,150.8,52.8,738.2,4.4,0.0,0.0,0.0,0.0,0.0,0.0,0.0,0.0,0.0,0.0,0.0,,,,0.0,0.0,0.65,153.02,-2.6,,0.0,151.07
Makai Lemon,PHI,WR,high,makailemon,0.0,0.0,0.0,0.0,0.0,3.0,13.0,0.0,0.5,154.9,53.0,741.4,4.7,0.0,0.0,0.0,0.0,0.0,0.0,0.0,0.0,0.0,0.0,0.0,,,,0.0,0.0,1.3,155.34,-1.0,,0.0,155.64
Makai Lemon,PHI,WR,low,makailemon,0.0,0.0,0.0,0.0,0.0,0.0,0.0,0.0,2.0,138.8,52.5,735.0,4.0,0.0,0.0,0.0,0.0,0.0,0.0,0.0,0.0,0.0,0.0,0.0,,,,0.0,0.0,0.0,150.0,-4.0,,0.0,146.0
Malachi Corley,CLE,WR,consensus,malachicorley,0.0,0.0,0.0,0.0,0.0,6.4,44.0,0.2,0.1,9.1,1.7,16.5,0.1,0.0,0.0,0.0,0.0,0.0,0.0,0.0,0.0,0.0,0.0,0.0,,,,0.0,0.0,5.6,3.95,-0.2,,0.0,9.35
Malachi Corley,CLE,WR,high,malachicorley,0.0,0.0,0.0,0.0,0.0,6.4,44.0,0.2,0.1,9.5,1.7,16.5,0.1,0.0,0.0,0.0,0.0,0.0,0.0,0.0,0.0,0.0,0.0,0.0,,,,0.0,0.0,5.6,3.95,-0.2,,0.0,9.35
Malachi Corley,CLE,WR,low,malachicorley,0.0,0.0,0.0,0.0,0.0,6.4,44.0,0.2,0.1,9.5,1.7,16.5,0.1,0.0,0.0,0.0,0.0,0.0,0.0,0.0,0.0,0.0,0.0,0.0,,,,0.0,0.0,5.6,3.95,-0.2,,0.0,9.35
Malachi Fields,NYG,WR,consensus,malachifields,0.0,0.0,0.0,0.0,0.0,0.0,0.0,0.0,0.2,59.7,23.0,279.5,1.5,0.0,0.0,0.0,0.0,0.0,0.0,0.0,0.0,0.0,0.0,0.0,,,,0.0,0.0,0.0,59.95,-0.4,,0.0,59.55
Malachi Fields,NYG,WR,high,malachifields,0.0,0.0,0.0,0.0,0.0,0.0,0.0,0.0,0.2,59.9,23.0,279.5,1.5,0.0,0.0,0.0,0.0,0.0,0.0,0.0,0.0,0.0,0.0,0.0,,,,0.0,0.0,0.0,59.95,-0.4,,0.0,59.55
Malachi Fields,NYG,WR,low,malachifields,0.0,0.0,0.0,0.0,0.0,0.0,0.0,0.0,0.2,59.9,23.0,279.5,1.5,0.0,0.0,0.0,0.0,0.0,0.0,0.0,0.0,0.0,0.0,0.0,,,,0.0,0.0,0.0,59.95,-0.4,,0.0,59.55
Malik Benson,LV,WR,consensus,malikbenson,0.0,0.0,0.0,0.0,0.0,1.0,4.0,0.0,0.6,84.4,33.7,401.2,1.9,0.0,0.0,0.0,0.0,0.0,0.0,0.0,0.0,0.0,0.0,0.0,,,,0.0,0.0,0.4,85.22,-1.2,,0.0,84.42
Malik Benson,LV,WR,high,malikbenson,0.0,0.0,0.0,0.0,0.0,2.0,8.0,0.0,0.2,96.7,48.0,558.0,3.0,0.0,0.0,0.0,0.0,0.0,0.0,0.0,0.0,0.0,0.0,0.0,,,,0.0,0.0,0.8,121.8,-0.4,,0.0,122.2
Malik Benson,LV,WR,low,malikbenson,0.0,0.0,0.0,0.0,0.0,0.0,0.0,0.0,1.0,62.6,19.4,244.4,0.8,0.0,0.0,0.0,0.0,0.0,0.0,0.0,0.0,0.0,0.0,0.0,,,,0.0,0.0,0.0,48.64,-2.0,,0.0,46.64
Malik Nabers,NYG,WR,consensus,maliknabers,0.0,0.0,0.0,0.0,0.0,2.8,8.3,0.1,0.4,240.3,81.0,1082.9,8.4,0.0,0.0,0.0,0.0,0.0,0.0,0.0,0.0,0.0,0.0,0.0,,,,0.0,0.0,1.43,239.69,-0.8,,0.0,240.32
Malik Nabers,NYG,WR,high,maliknabers,0.0,0.0,0.0,0.0,0.0,4.5,22.9,0.2,0.0,271.2,86.1,1134.8,11.0,0.0,0.0,0.0,0.0,0.0,0.0,0.0,0.0,0.0,0.0,0.0,,,,0.0,0.0,3.49,265.58,-0.0,,0.0,269.07
Malik Nabers,NYG,WR,low,maliknabers,0.0,0.0,0.0,0.0,0.0,0.0,0.0,0.0,0.8,240.8,76.0,1037.0,7.0,0.0,0.0,0.0,0.0,0.0,0.0,0.0,0.0,0.0,0.0,0.0,,,,0.0,0.0,0.0,221.7,-1.6,,0.0,220.1
Malik Washington,MIA,WR,consensus,malikwashington,0.0,0.0,0.0,0.0,0.0,13.5,80.8,0.7,0.8,112.1,45.6,414.2,2.4,0.0,0.0,0.0,0.0,0.0,0.0,0.0,0.0,0.0,0.0,0.0,,,,0.0,0.0,12.28,101.42,-1.6,,0.0,112.1
Malik Washington,MIA,WR,high,malikwashington,0.0,0.0,0.0,0.0,0.0,14.0,84.0,1.0,0.6,116.3,46.0,479.4,3.0,0.0,0.0,0.0,0.0,0.0,0.0,0.0,0.0,0.0,0.0,0.0,,,,0.0,0.0,14.4,111.94,-1.2,,0.0,125.14
Malik Washington,MIA,WR,low,malikwashington,0.0,0.0,0.0,0.0,0.0,12.9,77.7,0.4,1.0,97.6,45.2,349.0,1.8,0.0,0.0,0.0,0.0,0.0,0.0,0.0,0.0,0.0,0.0,0.0,,,,0.0,0.0,10.17,90.9,-2.0,,0.0,99.07
Marvin Harrison Jr.,ARI,WR,consensus,marvinharrison,0.0,0.0,0.0,0.0,0.0,0.0,0.0,0.0,0.3,197.2,67.3,945.0,6.0,0.0,0.0,0.0,0.0,0.0,0.0,0.0,0.0,0.0,0.0,0.0,,,,0.0,0.0,0.0,197.8,-0.6,,0.0,197.2
Marvin Harrison Jr.,ARI,WR,high,marvinharrison,0.0,0.0,0.0,0.0,0.0,0.0,0.0,0.0,0.0,228.6,69.0,954.1,7.0,0.0,0.0,0.0,0.0,0.0,0.0,0.0,0.0,0.0,0.0,0.0,,,,0.0,0.0,0.0,206.41,-0.0,,0.0,206.41
Marvin Harrison Jr.,ARI,WR,low,marvinharrison,0.0,0.0,0.0,0.0,0.0,0.0,0.0,0.0,0.6,192.3,64.0,933.0,5.0,0.0,0.0,0.0,0.0,0.0,0.0,0.0,0.0,0.0,0.0,0.0,,,,0.0,0.0,0.0,187.3,-1.2,,0.0,186.1
Marvin Mims Jr.,DEN,WR,consensus,marvinmims,0.0,0.0,0.0,0.0,0.0,8.2,45.2,0.3,0.4,66.8,24.1,273.1,1.6,0.0,0.0,0.0,0.0,0.0,0.0,0.0,0.0,0.0,0.0,0.0,,,,0.0,0.0,6.32,61.01,-0.8,,0.0,66.53
Marvin Mims Jr.,DEN,WR,high,marvinmims,0.0,0.0,0.0,0.0,0.0,8.2,45.2,0.3,0.4,69.9,24.1,273.1,1.6,0.0,0.0,0.0,0.0,0.0,0.0,0.0,0.0,0.0,0.0,0.0,,,,0.0,0.0,6.32,61.01,-0.8,,0.0,66.53
Marvin Mims Jr.,DEN,WR,low,marvinmims,0.0,0.0,0.0,0.0,0.0,8.2,45.2,0.3,0.4,69.9,24.1,273.1,1.6,0.0,0.0,0.0,0.0,0.0,0.0,0.0,0.0,0.0,0.0,0.0,,,,0.0,0.0,6.32,61.01,-0.8,,0.0,66.53
Mason Kinsey,TEN,WR,consensus,masonkinsey,0.0,0.0,0.0,0.0,0.0,0.0,0.0,0.0,0.0,0.0,0.0,0.0,0.0,0.0,0.0,0.0,0.0,0.0,0.0,0.0,0.0,0.0,0.0,0.0,,,,0.0,0.0,0.0,0.0,-0.0,,0.0,0.0
Mason Kinsey,TEN,WR,high,masonkinsey,0.0,0.0,0.0,0.0,0.0,0.0,0.0,0.0,0.0,0.1,0.0,0.0,0.0,0.0,0.0,0.0,0.0,0.0,0.0,0.0,0.0,0.0,0.0,0.0,,,,0.0,0.0,0.0,0.0,-0.0,,0.0,0.0
Mason Kinsey,TEN,WR,low,masonkinsey,0.0,0.0,0.0,0.0,0.0,0.0,0.0,0.0,0.0,0.1,0.0,0.0,0.0,0.0,0.0,0.0,0.0,0.0,0.0,0.0,0.0,0.0,0.0,0.0,,,,0.0,0.0,0.0,0.0,-0.0,,0.0,0.0
Mason Tipton,NO,WR,consensus,masontipton,0.0,0.0,0.0,0.0,0.0,0.0,0.0,0.0,0.1,16.7,6.8,80.6,0.3,0.0,0.0,0.0,0.0,0.0,0.0,0.0,0.0,0.0,0.0,0.0,,,,0.0,0.0,0.0,16.66,-0.2,,0.0,16.46
Mason Tipton,NO,WR,high,masontipton,0.0,0.0,0.0,0.0,0.0,0.0,0.0,0.0,0.1,17.4,6.8,80.6,0.3,0.0,0.0,0.0,0.0,0.0,0.0,0.0,0.0,0.0,0.0,0.0,,,,0.0,0.0,0.0,16.66,-0.2,,0.0,16.46
Mason Tipton,NO,WR,low,masontipton,0.0,0.0,0.0,0.0,0.0,0.0,0.0,0.0,0.1,17.4,6.8,80.6,0.3,0.0,0.0,0.0,0.0,0.0,0.0,0.0,0.0,0.0,0.0,0.0,,,,0.0,0.0,0.0,16.66,-0.2,,0.0,16.46
Matthew Golden,GB,WR,consensus,matthewgolden,0.0,0.0,0.0,0.0,0.0,8.2,40.9,0.1,0.4,165.5,56.8,787.0,4.3,0.0,0.0,0.0,0.0,0.0,0.0,0.0,0.0,0.0,0.0,0.0,,,,0.0,0.0,4.69,161.3,-0.8,,0.0,165.19
Matthew Golden,GB,WR,high,matthewgolden,0.0,0.0,0.0,0.0,0.0,12.0,57.0,0.2,0.0,175.1,66.7,870.1,4.7,0.0,0.0,0.0,0.0,0.0,0.0,0.0,0.0,0.0,0.0,0.0,,,,0.0,0.0,6.9,181.91,-0.0,,0.0,188.81
Matthew Golden,GB,WR,low,matthewgolden,0.0,0.0,0.0,0.0,0.0,4.5,24.8,0.0,0.7,145.8,47.0,704.0,4.0,0.0,0.0,0.0,0.0,0.0,0.0,0.0,0.0,0.0,0.0,0.0,,,,0.0,0.0,2.48,141.4,-1.4,,0.0,142.48
Michael Bandy,DEN,WR,consensus,michaelbandy,0.0,0.0,0.0,0.0,0.0,0.0,0.0,0.0,0.0,0.0,0.0,0.0,0.0,0.0,0.0,0.0,0.0,0.0,0.0,0.0,0.0,0.0,0.0,0.0,,,,0.0,0.0,0.0,0.0,-0.0,,0.0,0.0
Michael Bandy,DEN,WR,high,michaelbandy,0.0,0.0,0.0,0.0,0.0,0.0,0.0,0.0,0.0,0.2,0.0,0.0,0.0,0.0,0.0,0.0,0.0,0.0,0.0,0.0,0.0,0.0,0.0,0.0,,,,0.0,0.0,0.0,0.0,-0.0,,0.0,0.0
Michael Bandy,DEN,WR,low,michaelbandy,0.0,0.0,0.0,0.0,0.0,0.0,0.0,0.0,0.0,0.2,0.0,0.0,0.0,0.0,0.0,0.0,0.0,0.0,0.0,0.0,0.0,0.0,0.0,0.0,,,,0.0,0.0,0.0,0.0,-0.0,,0.0,0.0
Michael Pittman Jr.,PIT,WR,consensus,michaelpittman,0.0,0.0,0.0,0.0,0.0,0.0,0.0,0.0,0.3,190.3,80.5,806.1,5.0,0.0,0.0,0.0,0.0,0.0,0.0,0.0,0.0,0.0,0.0,0.0,,,,0.0,0.0,0.0,191.11,-0.6,,0.0,190.51
Michael Pittman Jr.,PIT,WR,high,michaelpittman,0.0,0.0,0.0,0.0,0.0,0.0,0.0,0.0,0.0,236.2,88.5,877.0,6.0,0.0,0.0,0.0,0.0,0.0,0.0,0.0,0.0,0.0,0.0,0.0,,,,0.0,0.0,0.0,212.2,-0.0,,0.0,212.2
Michael Pittman Jr.,PIT,WR,low,michaelpittman,0.0,0.0,0.0,0.0,0.0,0.0,0.0,0.0,0.7,174.5,76.0,678.0,3.9,0.0,0.0,0.0,0.0,0.0,0.0,0.0,0.0,0.0,0.0,0.0,,,,0.0,0.0,0.0,167.2,-1.4,,0.0,165.8
Michael Wilson,ARI,WR,consensus,michaelwilson,0.0,0.0,0.0,0.0,0.0,0.0,0.7,0.0,0.2,176.6,67.5,826.4,4.5,0.0,0.0,0.0,0.0,0.0,0.0,0.0,0.0,0.0,0.0,0.0,,,,0.0,0.0,0.07,177.14,-0.4,,0.0,176.81
Michael Wilson,ARI,WR,high,michaelwilson,0.0,0.0,0.0,0.0,0.0,0.0,2.0,0.0,0.0,206.7,70.6,860.3,6.0,0.0,0.0,0.0,0.0,0.0,0.0,0.0,0.0,0.0,0.0,0.0,,,,0.0,0.0,0.2,192.63,-0.0,,0.0,192.83
Michael Wilson,ARI,WR,low,michaelwilson,0.0,0.0,0.0,0.0,0.0,0.0,0.0,0.0,0.4,173.5,66.0,797.0,3.4,0.0,0.0,0.0,0.0,0.0,0.0,0.0,0.0,0.0,0.0,0.0,,,,0.0,0.0,0.0,166.1,-0.8,,0.0,165.3
Mike Evans,SF,WR,consensus,mikeevans,0.0,0.0,0.0,0.0,0.0,0.0,0.0,0.0,0.2,203.8,67.4,950.8,7.0,0.0,0.0,0.0,0.0,0.0,0.0,0.0,0.0,0.0,0.0,0.0,,,,0.0,0.0,0.0,204.48,-0.4,,0.0,204.08
Mike Evans,SF,WR,high,mikeevans,0.0,0.0,0.0,0.0,0.0,0.0,0.0,0.0,0.0,239.4,76.0,994.0,8.0,0.0,0.0,0.0,0.0,0.0,0.0,0.0,0.0,0.0,0.0,0.0,,,,0.0,0.0,0.0,223.4,-0.0,,0.0,223.4
Mike Evans,SF,WR,low,mikeevans,0.0,0.0,0.0,0.0,0.0,0.0,0.0,0.0,0.4,192.8,57.1,903.3,5.9,0.0,0.0,0.0,0.0,0.0,0.0,0.0,0.0,0.0,0.0,0.0,,,,0.0,0.0,0.0,182.83,-0.8,,0.0,182.03
Mitch Tinsley,CIN,WR,consensus,mitchtinsley,0.0,0.0,0.0,0.0,0.0,0.0,0.0,0.0,0.0,9.7,3.3,41.8,0.4,0.0,0.0,0.0,0.0,0.0,0.0,0.0,0.0,0.0,0.0,0.0,,,,0.0,0.0,0.0,9.88,-0.0,,0.0,9.88
Mitch Tinsley,CIN,WR,high,mitchtinsley,0.0,0.0,0.0,0.0,0.0,0.0,0.0,0.0,0.0,9.8,3.3,41.8,0.4,0.0,0.0,0.0,0.0,0.0,0.0,0.0,0.0,0.0,0.0,0.0,,,,0.0,0.0,0.0,9.88,-0.0,,0.0,9.88
Mitch Tinsley,CIN,WR,low,mitchtinsley,0.0,0.0,0.0,0.0,0.0,0.0,0.0,0.0,0.0,9.8,3.3,41.8,0.4,0.0,0.0,0.0,0.0,0.0,0.0,0.0,0.0,0.0,0.0,0.0,,,,0.0,0.0,0.0,9.88,-0.0,,0.0,9.88
Myles Price,MIN,WR,consensus,mylesprice,0.0,0.0,0.0,0.0,0.0,0.0,0.0,0.0,0.0,0.0,0.0,0.0,0.0,0.0,0.0,0.0,0.0,0.0,0.0,0.0,0.0,0.0,0.0,0.0,,,,0.0,0.0,0.0,0.0,-0.0,,0.0,0.0
Myles Price,MIN,WR,high,mylesprice,0.0,0.0,0.0,0.0,0.0,0.0,0.0,0.0,0.0,2.0,0.0,0.0,0.0,0.0,0.0,0.0,0.0,0.0,0.0,0.0,0.0,0.0,0.0,0.0,,,,0.0,0.0,0.0,0.0,-0.0,,0.0,0.0
Myles Price,MIN,WR,low,mylesprice,0.0,0.0,0.0,0.0,0.0,0.0,0.0,0.0,0.0,2.0,0.0,0.0,0.0,0.0,0.0,0.0,0.0,0.0,0.0,0.0,0.0,0.0,0.0,0.0,,,,0.0,0.0,0.0,0.0,-0.0,,0.0,0.0
Nick Westbrook-Ikhine,IND,WR,consensus,nickwestbrookikhine,0.0,0.0,0.0,0.0,0.0,0.0,0.0,0.0,0.1,17.2,6.1,76.6,0.6,0.0,0.0,0.0,0.0,0.0,0.0,0.0,0.0,0.0,0.0,0.0,,,,0.0,0.0,0.0,17.36,-0.2,,0.0,17.16
Nick Westbrook-Ikhine,IND,WR,high,nickwestbrookikhine,0.0,0.0,0.0,0.0,0.0,0.0,0.0,0.0,0.1,17.3,6.1,76.6,0.6,0.0,0.0,0.0,0.0,0.0,0.0,0.0,0.0,0.0,0.0,0.0,,,,0.0,0.0,0.0,17.36,-0.2,,0.0,17.16
Nick Westbrook-Ikhine,IND,WR,low,nickwestbrookikhine,0.0,0.0,0.0,0.0,0.0,0.0,0.0,0.0,0.1,17.3,6.1,76.6,0.6,0.0,0.0,0.0,0.0,0.0,0.0,0.0,0.0,0.0,0.0,0.0,,,,0.0,0.0,0.0,17.36,-0.2,,0.0,17.16
Nico Collins,HOU,WR,consensus,nicocollins,0.0,0.0,0.0,0.0,0.0,1.4,8.3,0.4,0.8,248.4,82.5,1210.2,7.3,0.0,0.0,0.0,0.0,0.0,0.0,0.0,0.0,0.0,0.0,0.0,,,,0.0,0.0,3.23,247.32,-1.6,,0.0,248.95
Nico Collins,HOU,WR,high,nicocollins,0.0,0.0,0.0,0.0,0.0,2.1,13.0,1.0,0.7,282.6,86.5,1233.0,8.0,0.0,0.0,0.0,0.0,0.0,0.0,0.0,0.0,0.0,0.0,0.0,,,,0.0,0.0,7.3,257.8,-1.4,,0.0,263.7
Nico Collins,HOU,WR,low,nicocollins,0.0,0.0,0.0,0.0,0.0,0.0,0.0,0.0,1.0,245.5,79.0,1186.0,6.8,0.0,0.0,0.0,0.0,0.0,0.0,0.0,0.0,0.0,0.0,0.0,,,,0.0,0.0,0.0,238.4,-2.0,,0.0,236.4
Nikko Remigio,KC,WR,consensus,nikkoremigio,0.0,0.0,0.0,0.0,0.0,0.0,0.0,0.0,0.0,0.0,0.0,0.0,0.0,0.0,0.0,0.0,0.0,0.0,0.0,0.0,0.0,0.0,0.0,0.0,,,,0.0,0.0,0.0,0.0,-0.0,,0.0,0.0
Nikko Remigio,KC,WR,high,nikkoremigio,0.0,0.0,0.0,0.0,0.0,0.0,0.0,0.0,0.0,1.4,0.0,0.0,0.0,0.0,0.0,0.0,0.0,0.0,0.0,0.0,0.0,0.0,0.0,0.0,,,,0.0,0.0,0.0,0.0,-0.0,,0.0,0.0
Nikko Remigio,KC,WR,low,nikkoremigio,0.0,0.0,0.0,0.0,0.0,0.0,0.0,0.0,0.0,1.4,0.0,0.0,0.0,0.0,0.0,0.0,0.0,0.0,0.0,0.0,0.0,0.0,0.0,0.0,,,,0.0,0.0,0.0,0.0,-0.0,,0.0,0.0
Odell Beckham Jr.,NYG,WR,consensus,odellbeckham,0.0,0.0,0.0,0.0,0.0,0.0,0.0,0.0,0.1,24.0,9.2,113.2,0.6,0.0,0.0,0.0,0.0,0.0,0.0,0.0,0.0,0.0,0.0,0.0,,,,0.0,0.0,0.0,24.12,-0.2,,0.0,23.92
Odell Beckham Jr.,NYG,WR,high,odellbeckham,0.0,0.0,0.0,0.0,0.0,0.0,0.0,0.0,0.1,24.1,9.2,113.2,0.6,0.0,0.0,0.0,0.0,0.0,0.0,0.0,0.0,0.0,0.0,0.0,,,,0.0,0.0,0.0,24.12,-0.2,,0.0,23.92
Odell Beckham Jr.,NYG,WR,low,odellbeckham,0.0,0.0,0.0,0.0,0.0,0.0,0.0,0.0,0.1,24.1,9.2,113.2,0.6,0.0,0.0,0.0,0.0,0.0,0.0,0.0,0.0,0.0,0.0,0.0,,,,0.0,0.0,0.0,24.12,-0.2,,0.0,23.92
Olamide Zaccheaus,ATL,WR,consensus,olamidezaccheaus,0.0,0.0,0.0,0.0,0.0,1.5,9.5,0.0,0.1,69.5,30.1,276.7,1.8,0.0,0.0,0.0,0.0,0.0,0.0,0.0,0.0,0.0,0.0,0.0,,,,0.0,0.0,0.95,68.57,-0.2,,0.0,69.32
Olamide Zaccheaus,ATL,WR,high,olamidezaccheaus,0.0,0.0,0.0,0.0,0.0,3.0,19.0,0.0,0.0,82.1,46.0,411.0,3.0,0.0,0.0,0.0,0.0,0.0,0.0,0.0,0.0,0.0,0.0,0.0,,,,0.0,0.0,1.9,105.1,-0.0,,0.0,107.0
Olamide Zaccheaus,ATL,WR,low,olamidezaccheaus,0.0,0.0,0.0,0.0,0.0,0.0,0.0,0.0,0.2,48.2,14.3,142.3,0.6,0.0,0.0,0.0,0.0,0.0,0.0,0.0,0.0,0.0,0.0,0.0,,,,0.0,0.0,0.0,32.13,-0.4,,0.0,31.73
Omar Cooper Jr.,NYJ,WR,consensus,omarcooper,0.0,0.0,0.0,0.0,0.0,2.1,12.5,0.1,0.6,93.1,34.6,410.8,2.9,0.0,0.0,0.0,0.0,0.0,0.0,0.0,0.0,0.0,0.0,0.0,,,,0.0,0.0,1.85,93.08,-1.2,,0.0,93.73
Omar Cooper Jr.,NYJ,WR,high,omarcooper,0.0,0.0,0.0,0.0,0.0,2.2,13.0,0.1,0.3,100.6,44.0,521.0,4.0,0.0,0.0,0.0,0.0,0.0,0.0,0.0,0.0,0.0,0.0,0.0,,,,0.0,0.0,1.9,120.1,-0.6,,0.0,121.4
Omar Cooper Jr.,NYJ,WR,low,omarcooper,0.0,0.0,0.0,0.0,0.0,2.0,12.0,0.0,1.0,76.7,25.2,300.7,1.7,0.0,0.0,0.0,0.0,0.0,0.0,0.0,0.0,0.0,0.0,0.0,,,,0.0,0.0,1.2,65.47,-2.0,,0.0,64.67
Parker Washington,JAC,WR,consensus,parkerwashington,0.0,0.0,0.0,0.0,0.0,5.0,13.6,0.1,0.4,184.3,62.6,862.5,5.7,0.0,0.0,0.0,0.0,0.0,0.0,0.0,0.0,0.0,0.0,0.0,,,,0.0,0.0,1.96,183.05,-0.8,,0.0,184.21
Parker Washington,JAC,WR,high,parkerwashington,0.0,0.0,0.0,0.0,0.0,8.0,38.9,0.3,0.0,204.8,63.8,925.0,7.0,0.0,0.0,0.0,0.0,0.0,0.0,0.0,0.0,0.0,0.0,0.0,,,,0.0,0.0,5.69,198.3,-0.0,,0.0,203.99
Parker Washington,JAC,WR,low,parkerwashington,0.0,0.0,0.0,0.0,0.0,0.0,0.0,0.0,0.8,186.1,62.0,812.0,5.0,0.0,0.0,0.0,0.0,0.0,0.0,0.0,0.0,0.0,0.0,0.0,,,,0.0,0.0,0.0,173.2,-1.6,,0.0,171.6
Pat Bryant,DEN,WR,consensus,patbryant,0.0,0.0,0.0,0.0,0.0,0.0,0.0,0.0,0.3,72.6,28.4,320.5,2.1,0.0,0.0,0.0,0.0,0.0,0.0,0.0,0.0,0.0,0.0,0.0,,,,0.0,0.0,0.0,73.05,-0.6,,0.0,72.45
Pat Bryant,DEN,WR,high,patbryant,0.0,0.0,0.0,0.0,0.0,0.0,0.0,0.0,0.3,72.8,28.4,320.5,2.1,0.0,0.0,0.0,0.0,0.0,0.0,0.0,0.0,0.0,0.0,0.0,,,,0.0,0.0,0.0,73.05,-0.6,,0.0,72.45
Pat Bryant,DEN,WR,low,patbryant,0.0,0.0,0.0,0.0,0.0,0.0,0.0,0.0,0.3,72.8,28.4,320.5,2.1,0.0,0.0,0.0,0.0,0.0,0.0,0.0,0.0,0.0,0.0,0.0,,,,0.0,0.0,0.0,73.05,-0.6,,0.0,72.45
Puka Nacua,LAR,WR,consensus,pukanacua,0.0,0.0,0.0,0.0,0.0,13.6,85.0,1.4,1.0,339.8,117.0,1539.0,9.0,0.0,0.0,0.0,0.0,0.0,0.0,0.0,0.0,0.0,0.0,0.0,,,,0.0,0.0,16.9,324.9,-2.0,,0.0,339.8
Puka Nacua,LAR,WR,high,pukanacua,0.0,0.0,0.0,0.0,0.0,15.9,85.0,2.0,1.0,343.5,117.0,1539.0,9.0,0.0,0.0,0.0,0.0,0.0,0.0,0.0,0.0,0.0,0.0,0.0,,,,0.0,0.0,20.5,324.9,-2.0,,0.0,343.4
Puka Nacua,LAR,WR,low,pukanacua,0.0,0.0,0.0,0.0,0.0,10.0,85.0,1.0,1.0,337.4,117.0,1539.0,9.0,0.0,0.0,0.0,0.0,0.0,0.0,0.0,0.0,0.0,0.0,0.0,,,,0.0,0.0,14.5,324.9,-2.0,,0.0,337.4
Quentin Johnston,LAC,WR,consensus,quentinjohnston,0.0,0.0,0.0,0.0,0.0,1.7,5.9,0.0,0.7,169.9,53.6,757.3,6.9,0.0,0.0,0.0,0.0,0.0,0.0,0.0,0.0,0.0,0.0,0.0,,,,0.0,0.0,0.59,170.73,-1.4,,0.0,169.92
Quentin Johnston,LAC,WR,high,quentinjohnston,0.0,0.0,0.0,0.0,0.0,3.0,10.8,0.1,0.5,185.3,58.0,787.0,9.0,0.0,0.0,0.0,0.0,0.0,0.0,0.0,0.0,0.0,0.0,0.0,,,,0.0,0.0,1.68,190.7,-1.0,,0.0,191.38
Quentin Johnston,LAC,WR,low,quentinjohnston,0.0,0.0,0.0,0.0,0.0,0.0,0.0,0.0,1.0,166.2,50.0,707.0,5.6,0.0,0.0,0.0,0.0,0.0,0.0,0.0,0.0,0.0,0.0,0.0,,,,0.0,0.0,0.0,154.3,-2.0,,0.0,152.3
Rashee Rice,KC,WR,consensus,rasheerice,0.0,0.0,0.0,0.0,0.0,5.4,25.6,0.9,0.6,274.1,99.1,1101.0,9.7,0.0,0.0,0.0,0.0,0.0,0.0,0.0,0.0,0.0,0.0,0.0,,,,0.0,0.0,7.96,267.4,-1.2,,0.0,274.16
Rashee Rice,KC,WR,high,rasheerice,0.0,0.0,0.0,0.0,0.0,8.3,42.8,2.0,0.0,300.8,105.0,1134.0,13.0,0.0,0.0,0.0,0.0,0.0,0.0,0.0,0.0,0.0,0.0,0.0,,,,0.0,0.0,16.28,296.4,-0.0,,0.0,312.68
Rashee Rice,KC,WR,low,rasheerice,0.0,0.0,0.0,0.0,0.0,0.0,0.0,0.0,1.2,273.8,96.0,1052.0,7.0,0.0,0.0,0.0,0.0,0.0,0.0,0.0,0.0,0.0,0.0,0.0,,,,0.0,0.0,0.0,243.2,-2.4,,0.0,240.8
Rashid Shaheed,SEA,WR,consensus,rashidshaheed,0.0,0.0,0.0,0.0,0.0,13.4,88.9,0.3,0.8,156.8,49.9,755.3,3.8,0.0,0.0,0.0,0.0,0.0,0.0,0.0,0.0,0.0,0.0,0.0,,,,0.0,0.0,10.69,148.23,-1.6,,0.0,157.32
Rashid Shaheed,SEA,WR,high,rashidshaheed,0.0,0.0,0.0,0.0,0.0,13.8,91.0,0.5,0.6,153.9,57.0,864.0,4.0,0.0,0.0,0.0,0.0,0.0,0.0,0.0,0.0,0.0,0.0,0.0,,,,0.0,0.0,12.1,167.4,-1.2,,0.0,178.3
Rashid Shaheed,SEA,WR,low,rashidshaheed,0.0,0.0,0.0,0.0,0.0,13.0,86.7,0.0,1.0,151.6,42.8,646.5,3.5,0.0,0.0,0.0,0.0,0.0,0.0,0.0,0.0,0.0,0.0,0.0,,,,0.0,0.0,8.67,128.45,-2.0,,0.0,135.12
Rashod Bateman,BAL,WR,consensus,rashodbateman,0.0,0.0,0.0,0.0,0.0,0.0,0.0,0.0,0.2,134.3,38.8,598.6,6.0,0.0,0.0,0.0,0.0,0.0,0.0,0.0,0.0,0.0,0.0,0.0,,,,0.0,0.0,0.0,134.66,-0.4,,0.0,134.26
Rashod Bateman,BAL,WR,high,rashodbateman,0.0,0.0,0.0,0.0,0.0,0.0,0.0,0.0,0.0,136.8,40.0,614.3,8.0,0.0,0.0,0.0,0.0,0.0,0.0,0.0,0.0,0.0,0.0,0.0,,,,0.0,0.0,0.0,149.43,-0.0,,0.0,149.43
Rashod Bateman,BAL,WR,low,rashodbateman,0.0,0.0,0.0,0.0,0.0,0.0,0.0,0.0,0.3,123.7,37.7,583.0,4.0,0.0,0.0,0.0,0.0,0.0,0.0,0.0,0.0,0.0,0.0,0.0,,,,0.0,0.0,0.0,120.0,-0.6,,0.0,119.4
Reggie Virgil,ARI,WR,consensus,reggievirgil,0.0,0.0,0.0,0.0,0.0,0.0,0.0,0.0,0.0,8.1,3.4,39.3,0.1,0.0,0.0,0.0,0.0,0.0,0.0,0.0,0.0,0.0,0.0,0.0,,,,0.0,0.0,0.0,7.93,-0.0,,0.0,7.93
Reggie Virgil,ARI,WR,high,reggievirgil,0.0,0.0,0.0,0.0,0.0,0.0,0.0,0.0,0.0,8.1,3.4,39.3,0.1,0.0,0.0,0.0,0.0,0.0,0.0,0.0,0.0,0.0,0.0,0.0,,,,0.0,0.0,0.0,7.93,-0.0,,0.0,7.93
Reggie Virgil,ARI,WR,low,reggievirgil,0.0,0.0,0.0,0.0,0.0,0.0,0.0,0.0,0.0,8.1,3.4,39.3,0.1,0.0,0.0,0.0,0.0,0.0,0.0,0.0,0.0,0.0,0.0,0.0,,,,0.0,0.0,0.0,7.93,-0.0,,0.0,7.93
Roman Wilson,PIT,WR,consensus,romanwilson,0.0,0.0,0.0,0.0,0.0,0.0,0.0,0.0,0.1,28.8,11.8,135.1,0.6,0.0,0.0,0.0,0.0,0.0,0.0,0.0,0.0,0.0,0.0,0.0,,,,0.0,0.0,0.0,28.91,-0.2,,0.0,28.71
Roman Wilson,PIT,WR,high,romanwilson,0.0,0.0,0.0,0.0,0.0,0.0,0.0,0.0,0.1,28.9,11.8,135.1,0.6,0.0,0.0,0.0,0.0,0.0,0.0,0.0,0.0,0.0,0.0,0.0,,,,0.0,0.0,0.0,28.91,-0.2,,0.0,28.71
Roman Wilson,PIT,WR,low,romanwilson,0.0,0.0,0.0,0.0,0.0,0.0,0.0,0.0,0.1,28.9,11.8,135.1,0.6,0.0,0.0,0.0,0.0,0.0,0.0,0.0,0.0,0.0,0.0,0.0,,,,0.0,0.0,0.0,28.91,-0.2,,0.0,28.71
Rome Odunze,CHI,WR,consensus,romeodunze,0.0,0.0,0.0,0.0,0.0,0.3,1.3,0.0,0.3,205.1,62.4,963.4,7.8,0.0,0.0,0.0,0.0,0.0,0.0,0.0,0.0,0.0,0.0,0.0,,,,0.0,0.0,0.13,205.54,-0.6,,0.0,205.07
Rome Odunze,CHI,WR,high,romeodunze,0.0,0.0,0.0,0.0,0.0,1.0,4.0,0.0,0.0,231.4,65.0,1029.1,8.4,0.0,0.0,0.0,0.0,0.0,0.0,0.0,0.0,0.0,0.0,0.0,,,,0.0,0.0,0.4,218.31,-0.0,,0.0,218.71
Rome Odunze,CHI,WR,low,romeodunze,0.0,0.0,0.0,0.0,0.0,0.0,0.0,0.0,0.6,193.4,59.3,916.0,7.0,0.0,0.0,0.0,0.0,0.0,0.0,0.0,0.0,0.0,0.0,0.0,,,,0.0,0.0,0.0,192.9,-1.2,,0.0,191.7
Romeo Doubs,NE,WR,consensus,romeodoubs,0.0,0.0,0.0,0.0,0.0,0.0,0.0,0.0,0.3,156.5,55.2,712.3,5.1,0.0,0.0,0.0,0.0,0.0,0.0,0.0,0.0,0.0,0.0,0.0,,,,0.0,0.0,0.0,157.03,-0.6,,0.0,156.43
Romeo Doubs,NE,WR,high,romeodoubs,0.0,0.0,0.0,0.0,0.0,0.0,0.0,0.0,0.0,190.1,58.0,759.0,5.3,0.0,0.0,0.0,0.0,0.0,0.0,0.0,0.0,0.0,0.0,0.0,,,,0.0,0.0,0.0,165.7,-0.0,,0.0,165.7
Romeo Doubs,NE,WR,low,romeodoubs,0.0,0.0,0.0,0.0,0.0,0.0,0.0,0.0,0.5,148.2,52.6,665.9,5.0,0.0,0.0,0.0,0.0,0.0,0.0,0.0,0.0,0.0,0.0,0.0,,,,0.0,0.0,0.0,149.19,-1.0,,0.0,148.19
Ryan Flournoy,DAL,WR,consensus,ryanflournoy,0.0,0.0,0.0,0.0,0.0,2.2,12.4,0.1,0.4,89.2,33.8,383.0,2.7,0.0,0.0,0.0,0.0,0.0,0.0,0.0,0.0,0.0,0.0,0.0,,,,0.0,0.0,1.84,88.3,-0.8,,0.0,89.34
Ryan Flournoy,DAL,WR,high,ryanflournoy,0.0,0.0,0.0,0.0,0.0,2.2,12.4,0.1,0.4,89.3,33.8,383.0,2.7,0.0,0.0,0.0,0.0,0.0,0.0,0.0,0.0,0.0,0.0,0.0,,,,0.0,0.0,1.84,88.3,-0.8,,0.0,89.34
Ryan Flournoy,DAL,WR,low,ryanflournoy,0.0,0.0,0.0,0.0,0.0,2.2,12.4,0.1,0.4,89.3,33.8,383.0,2.7,0.0,0.0,0.0,0.0,0.0,0.0,0.0,0.0,0.0,0.0,0.0,,,,0.0,0.0,1.84,88.3,-0.8,,0.0,89.34
Savion Williams,GB,WR,consensus,savionwilliams,0.0,0.0,0.0,0.0,0.0,9.0,46.9,0.3,0.3,59.8,20.5,230.9,1.7,0.0,0.0,0.0,0.0,0.0,0.0,0.0,0.0,0.0,0.0,0.0,,,,0.0,0.0,6.49,53.79,-0.6,,0.0,59.68
Savion Williams,GB,WR,high,savionwilliams,0.0,0.0,0.0,0.0,0.0,9.0,46.9,0.3,0.3,60.6,20.5,230.9,1.7,0.0,0.0,0.0,0.0,0.0,0.0,0.0,0.0,0.0,0.0,0.0,,,,0.0,0.0,6.49,53.79,-0.6,,0.0,59.68
Savion Williams,GB,WR,low,savionwilliams,0.0,0.0,0.0,0.0,0.0,9.0,46.9,0.3,0.3,60.6,20.5,230.9,1.7,0.0,0.0,0.0,0.0,0.0,0.0,0.0,0.0,0.0,0.0,0.0,,,,0.0,0.0,6.49,53.79,-0.6,,0.0,59.68
Skyler Bell,BUF,WR,consensus,skylerbell,0.0,0.0,0.0,0.0,0.0,0.0,0.0,0.0,0.1,28.4,10.1,136.5,0.8,0.0,0.0,0.0,0.0,0.0,0.0,0.0,0.0,0.0,0.0,0.0,,,,0.0,0.0,0.0,28.55,-0.2,,0.0,28.35
Skyler Bell,BUF,WR,high,skylerbell,0.0,0.0,0.0,0.0,0.0,0.0,0.0,0.0,0.1,28.5,10.1,136.5,0.8,0.0,0.0,0.0,0.0,0.0,0.0,0.0,0.0,0.0,0.0,0.0,,,,0.0,0.0,0.0,28.55,-0.2,,0.0,28.35
Skyler Bell,BUF,WR,low,skylerbell,0.0,0.0,0.0,0.0,0.0,0.0,0.0,0.0,0.1,28.5,10.1,136.5,0.8,0.0,0.0,0.0,0.0,0.0,0.0,0.0,0.0,0.0,0.0,0.0,,,,0.0,0.0,0.0,28.55,-0.2,,0.0,28.35
Skyy Moore,GB,WR,consensus,skyymoore,0.0,0.0,0.0,0.0,0.0,0.0,0.0,0.0,0.0,0.0,0.0,0.0,0.0,0.0,0.0,0.0,0.0,0.0,0.0,0.0,0.0,0.0,0.0,0.0,,,,0.0,0.0,0.0,0.0,-0.0,,0.0,0.0
Skyy Moore,GB,WR,high,skyymoore,0.0,0.0,0.0,0.0,0.0,0.0,0.0,0.0,0.0,0.4,0.0,0.0,0.0,0.0,0.0,0.0,0.0,0.0,0.0,0.0,0.0,0.0,0.0,0.0,,,,0.0,0.0,0.0,0.0,-0.0,,0.0,0.0
Skyy Moore,GB,WR,low,skyymoore,0.0,0.0,0.0,0.0,0.0,0.0,0.0,0.0,0.0,0.4,0.0,0.0,0.0,0.0,0.0,0.0,0.0,0.0,0.0,0.0,0.0,0.0,0.0,0.0,,,,0.0,0.0,0.0,0.0,-0.0,,0.0,0.0
Stefon Diggs,WAS,WR,consensus,stefondiggs,0.0,0.0,0.0,0.0,0.0,0.3,0.7,0.0,0.2,166.3,67.0,747.5,4.2,0.0,0.0,0.0,0.0,0.0,0.0,0.0,0.0,0.0,0.0,0.0,,,,0.0,0.0,0.07,166.95,-0.4,,0.0,166.62
Stefon Diggs,WAS,WR,high,stefondiggs,0.0,0.0,0.0,0.0,0.0,1.0,2.0,0.0,0.0,204.6,71.1,766.0,5.0,0.0,0.0,0.0,0.0,0.0,0.0,0.0,0.0,0.0,0.0,0.0,,,,0.0,0.0,0.2,177.7,-0.0,,0.0,177.9
Stefon Diggs,WAS,WR,low,stefondiggs,0.0,0.0,0.0,0.0,0.0,0.0,0.0,0.0,0.5,158.0,62.0,726.5,3.5,0.0,0.0,0.0,0.0,0.0,0.0,0.0,0.0,0.0,0.0,0.0,,,,0.0,0.0,0.0,155.65,-1.0,,0.0,154.65
Tai Felton,MIN,WR,consensus,taifelton,0.0,0.0,0.0,0.0,0.0,0.0,0.0,0.0,0.0,8.8,3.7,37.1,0.2,0.0,0.0,0.0,0.0,0.0,0.0,0.0,0.0,0.0,0.0,0.0,,,,0.0,0.0,0.0,8.61,-0.0,,0.0,8.61
Tai Felton,MIN,WR,high,taifelton,0.0,0.0,0.0,0.0,0.0,0.0,0.0,0.0,0.0,9.0,3.7,37.1,0.2,0.0,0.0,0.0,0.0,0.0,0.0,0.0,0.0,0.0,0.0,0.0,,,,0.0,0.0,0.0,8.61,-0.0,,0.0,8.61
Tai Felton,MIN,WR,low,taifelton,0.0,0.0,0.0,0.0,0.0,0.0,0.0,0.0,0.0,9.0,3.7,37.1,0.2,0.0,0.0,0.0,0.0,0.0,0.0,0.0,0.0,0.0,0.0,0.0,,,,0.0,0.0,0.0,8.61,-0.0,,0.0,8.61
Tank Dell,HOU,WR,consensus,tankdell,0.0,0.0,0.0,0.0,0.0,10.2,48.8,0.1,0.2,141.2,50.0,630.7,3.8,0.0,0.0,0.0,0.0,0.0,0.0,0.0,0.0,0.0,0.0,0.0,,,,0.0,0.0,5.48,135.87,-0.4,,0.0,140.95
Tank Dell,HOU,WR,high,tankdell,0.0,0.0,0.0,0.0,0.0,12.0,53.0,0.2,0.0,154.0,62.0,799.0,5.0,0.0,0.0,0.0,0.0,0.0,0.0,0.0,0.0,0.0,0.0,0.0,,,,0.0,0.0,6.5,171.9,-0.0,,0.0,178.4
Tank Dell,HOU,WR,low,tankdell,0.0,0.0,0.0,0.0,0.0,8.4,44.7,0.0,0.4,117.7,38.0,462.4,2.7,0.0,0.0,0.0,0.0,0.0,0.0,0.0,0.0,0.0,0.0,0.0,,,,0.0,0.0,4.47,100.44,-0.8,,0.0,104.11
Ted Hurst III,TB,WR,consensus,tedhurst,0.0,0.0,0.0,0.0,0.0,1.0,6.5,0.0,0.6,83.2,29.4,389.9,2.6,0.0,0.0,0.0,0.0,0.0,0.0,0.0,0.0,0.0,0.0,0.0,,,,0.0,0.0,0.65,83.99,-1.2,,0.0,83.44
Ted Hurst III,TB,WR,high,tedhurst,0.0,0.0,0.0,0.0,0.0,2.0,13.0,0.0,0.2,84.4,36.0,485.0,3.0,0.0,0.0,0.0,0.0,0.0,0.0,0.0,0.0,0.0,0.0,0.0,,,,0.0,0.0,1.3,102.5,-0.4,,0.0,103.4
Ted Hurst III,TB,WR,low,tedhurst,0.0,0.0,0.0,0.0,0.0,0.0,0.0,0.0,1.0,71.6,22.8,294.7,2.1,0.0,0.0,0.0,0.0,0.0,0.0,0.0,0.0,0.0,0.0,0.0,,,,0.0,0.0,0.0,64.87,-2.0,,0.0,62.87
Tee Higgins,CIN,WR,consensus,teehiggins,0.0,0.0,0.0,0.0,0.0,0.0,0.0,0.0,0.2,221.7,70.8,965.4,9.1,0.0,0.0,0.0,0.0,0.0,0.0,0.0,0.0,0.0,0.0,0.0,,,,0.0,0.0,0.0,221.94,-0.4,,0.0,221.54
Tee Higgins,CIN,WR,high,teehiggins,0.0,0.0,0.0,0.0,0.0,0.0,0.0,0.0,0.0,241.9,74.0,1034.0,11.0,0.0,0.0,0.0,0.0,0.0,0.0,0.0,0.0,0.0,0.0,0.0,,,,0.0,0.0,0.0,243.4,-0.0,,0.0,243.4
Tee Higgins,CIN,WR,low,teehiggins,0.0,0.0,0.0,0.0,0.0,0.0,0.0,0.0,0.4,216.9,65.0,906.0,8.0,0.0,0.0,0.0,0.0,0.0,0.0,0.0,0.0,0.0,0.0,0.0,,,,0.0,0.0,0.0,203.6,-0.8,,0.0,202.8
Terry McLaurin,WAS,WR,consensus,terrymclaurin,0.0,0.0,0.0,0.0,0.0,0.3,0.3,0.0,0.3,209.9,69.0,972.5,7.4,0.0,0.0,0.0,0.0,0.0,0.0,0.0,0.0,0.0,0.0,0.0,,,,0.0,0.0,0.03,210.65,-0.6,,0.0,210.08
Terry McLaurin,WAS,WR,high,terrymclaurin,0.0,0.0,0.0,0.0,0.0,1.0,1.0,0.0,0.0,231.2,77.0,1053.4,10.0,0.0,0.0,0.0,0.0,0.0,0.0,0.0,0.0,0.0,0.0,0.0,,,,0.0,0.0,0.1,242.34,-0.0,,0.0,242.44
Terry McLaurin,WAS,WR,low,terrymclaurin,0.0,0.0,0.0,0.0,0.0,0.0,0.0,0.0,0.6,210.7,65.0,927.0,6.0,0.0,0.0,0.0,0.0,0.0,0.0,0.0,0.0,0.0,0.0,0.0,,,,0.0,0.0,0.0,193.7,-1.2,,0.0,192.5
Tetairoa McMillan,CAR,WR,consensus,tetairoamcmillan,0.0,0.0,0.0,0.0,0.0,0.0,0.0,0.0,0.9,233.7,81.2,1146.0,6.6,0.0,0.0,0.0,0.0,0.0,0.0,0.0,0.0,0.0,0.0,0.0,,,,0.0,0.0,0.0,235.4,-1.8,,0.0,233.6
Tetairoa McMillan,CAR,WR,high,tetairoamcmillan,0.0,0.0,0.0,0.0,0.0,0.0,0.0,0.0,0.8,264.3,83.6,1185.1,8.0,0.0,0.0,0.0,0.0,0.0,0.0,0.0,0.0,0.0,0.0,0.0,,,,0.0,0.0,0.0,250.11,-1.6,,0.0,248.51
Tetairoa McMillan,CAR,WR,low,tetairoamcmillan,0.0,0.0,0.0,0.0,0.0,0.0,0.0,0.0,1.0,234.1,78.0,1081.0,5.9,0.0,0.0,0.0,0.0,0.0,0.0,0.0,0.0,0.0,0.0,0.0,,,,0.0,0.0,0.0,221.5,-2.0,,0.0,219.5
Tez Johnson,TB,WR,consensus,tezjohnson,0.0,0.0,0.0,0.0,0.0,4.4,23.2,0.2,0.1,21.4,6.7,77.5,0.6,0.0,0.0,0.0,0.0,0.0,0.0,0.0,0.0,0.0,0.0,0.0,,,,0.0,0.0,3.52,18.05,-0.2,,0.0,21.37
Tez Johnson,TB,WR,high,tezjohnson,0.0,0.0,0.0,0.0,0.0,4.4,23.2,0.2,0.1,21.6,6.7,77.5,0.6,0.0,0.0,0.0,0.0,0.0,0.0,0.0,0.0,0.0,0.0,0.0,,,,0.0,0.0,3.52,18.05,-0.2,,0.0,21.37
Tez Johnson,TB,WR,low,tezjohnson,0.0,0.0,0.0,0.0,0.0,4.4,23.2,0.2,0.1,21.6,6.7,77.5,0.6,0.0,0.0,0.0,0.0,0.0,0.0,0.0,0.0,0.0,0.0,0.0,,,,0.0,0.0,3.52,18.05,-0.2,,0.0,21.37
Theo Wease Jr.,MIA,WR,consensus,theowease,0.0,0.0,0.0,0.0,0.0,0.0,0.0,0.0,0.0,47.1,16.0,233.0,1.3,0.0,0.0,0.0,0.0,0.0,0.0,0.0,0.0,0.0,0.0,0.0,,,,0.0,0.0,0.0,47.1,-0.0,,0.0,47.1
Theo Wease Jr.,MIA,WR,high,theowease,0.0,0.0,0.0,0.0,0.0,0.0,0.0,0.0,0.0,47.1,16.0,233.0,1.3,0.0,0.0,0.0,0.0,0.0,0.0,0.0,0.0,0.0,0.0,0.0,,,,0.0,0.0,0.0,47.1,-0.0,,0.0,47.1
Theo Wease Jr.,MIA,WR,low,theowease,0.0,0.0,0.0,0.0,0.0,0.0,0.0,0.0,0.0,47.1,16.0,233.0,1.3,0.0,0.0,0.0,0.0,0.0,0.0,0.0,0.0,0.0,0.0,0.0,,,,0.0,0.0,0.0,47.1,-0.0,,0.0,47.1
Tory Horton,SEA,WR,consensus,toryhorton,0.0,0.0,0.0,0.0,0.0,0.5,3.0,0.0,0.6,94.5,30.3,401.5,4.2,0.0,0.0,0.0,0.0,0.0,0.0,0.0,0.0,0.0,0.0,0.0,,,,0.0,0.0,0.3,95.65,-1.2,,0.0,94.75
Tory Horton,SEA,WR,high,toryhorton,0.0,0.0,0.0,0.0,0.0,1.0,6.0,0.0,0.2,105.3,39.0,504.0,6.0,0.0,0.0,0.0,0.0,0.0,0.0,0.0,0.0,0.0,0.0,0.0,,,,0.0,0.0,0.6,125.4,-0.4,,0.0,125.6
Tory Horton,SEA,WR,low,toryhorton,0.0,0.0,0.0,0.0,0.0,0.0,0.0,0.0,1.0,74.2,21.6,299.0,2.3,0.0,0.0,0.0,0.0,0.0,0.0,0.0,0.0,0.0,0.0,0.0,,,,0.0,0.0,0.0,65.3,-2.0,,0.0,63.3
Travis Hunter,JAC,WR,consensus,travishunter,0.0,0.0,0.0,0.0,0.0,2.0,10.8,0.1,0.4,111.8,41.6,496.6,3.3,0.0,0.0,0.0,0.0,0.0,0.0,0.0,0.0,0.0,0.0,0.0,,,,0.0,0.0,1.68,111.06,-0.8,,0.0,111.94
Travis Hunter,JAC,WR,high,travishunter,0.0,0.0,0.0,0.0,0.0,2.0,10.8,0.1,0.4,113.1,41.6,496.6,3.3,0.0,0.0,0.0,0.0,0.0,0.0,0.0,0.0,0.0,0.0,0.0,,,,0.0,0.0,1.68,111.06,-0.8,,0.0,111.94
Travis Hunter,JAC,WR,low,travishunter,0.0,0.0,0.0,0.0,0.0,2.0,10.8,0.1,0.4,113.1,41.6,496.6,3.3,0.0,0.0,0.0,0.0,0.0,0.0,0.0,0.0,0.0,0.0,0.0,,,,0.0,0.0,1.68,111.06,-0.8,,0.0,111.94
Tre Tucker,LV,WR,consensus,tretucker,0.0,0.0,0.0,0.0,0.0,11.2,52.6,0.2,0.1,142.3,50.2,635.6,3.8,0.0,0.0,0.0,0.0,0.0,0.0,0.0,0.0,0.0,0.0,0.0,,,,0.0,0.0,6.46,136.56,-0.2,,0.0,142.82
Tre Tucker,LV,WR,high,tretucker,0.0,0.0,0.0,0.0,0.0,12.0,57.3,0.3,0.0,139.8,52.0,658.3,5.0,0.0,0.0,0.0,0.0,0.0,0.0,0.0,0.0,0.0,0.0,0.0,,,,0.0,0.0,7.53,147.83,-0.0,,0.0,155.36
Tre Tucker,LV,WR,low,tretucker,0.0,0.0,0.0,0.0,0.0,10.4,48.0,0.0,0.3,134.2,48.4,613.0,2.5,0.0,0.0,0.0,0.0,0.0,0.0,0.0,0.0,0.0,0.0,0.0,,,,0.0,0.0,4.8,124.7,-0.6,,0.0,128.9
Tre' Harris,LAC,WR,consensus,treharris,0.0,0.0,0.0,0.0,0.0,0.0,0.0,0.0,0.4,89.8,34.5,410.5,2.5,0.0,0.0,0.0,0.0,0.0,0.0,0.0,0.0,0.0,0.0,0.0,,,,0.0,0.0,0.0,90.55,-0.8,,0.0,89.75
Tre' Harris,LAC,WR,high,treharris,0.0,0.0,0.0,0.0,0.0,0.0,0.0,0.0,0.4,89.9,34.5,410.5,2.5,0.0,0.0,0.0,0.0,0.0,0.0,0.0,0.0,0.0,0.0,0.0,,,,0.0,0.0,0.0,90.55,-0.8,,0.0,89.75
Tre' Harris,LAC,WR,low,treharris,0.0,0.0,0.0,0.0,0.0,0.0,0.0,0.0,0.4,89.9,34.5,410.5,2.5,0.0,0.0,0.0,0.0,0.0,0.0,0.0,0.0,0.0,0.0,0.0,,,,0.0,0.0,0.0,90.55,-0.8,,0.0,89.75
Treylon Burks,WAS,WR,consensus,treylonburks,0.0,0.0,0.0,0.0,0.0,0.0,0.0,0.0,0.1,44.7,15.0,217.8,1.4,0.0,0.0,0.0,0.0,0.0,0.0,0.0,0.0,0.0,0.0,0.0,,,,0.0,0.0,0.0,45.18,-0.2,,0.0,44.98
Treylon Burks,WAS,WR,high,treylonburks,0.0,0.0,0.0,0.0,0.0,0.0,0.0,0.0,0.1,45.0,15.0,217.8,1.4,0.0,0.0,0.0,0.0,0.0,0.0,0.0,0.0,0.0,0.0,0.0,,,,0.0,0.0,0.0,45.18,-0.2,,0.0,44.98
Treylon Burks,WAS,WR,low,treylonburks,0.0,0.0,0.0,0.0,0.0,0.0,0.0,0.0,0.1,45.0,15.0,217.8,1.4,0.0,0.0,0.0,0.0,0.0,0.0,0.0,0.0,0.0,0.0,0.0,,,,0.0,0.0,0.0,45.18,-0.2,,0.0,44.98
Troy Franklin,DEN,WR,consensus,troyfranklin,0.0,0.0,0.0,0.0,0.0,3.0,10.8,0.0,0.6,100.3,36.5,403.2,3.9,0.0,0.0,0.0,0.0,0.0,0.0,0.0,0.0,0.0,0.0,0.0,,,,0.0,0.0,1.08,100.22,-1.2,,0.0,100.1
Troy Franklin,DEN,WR,high,troyfranklin,0.0,0.0,0.0,0.0,0.0,4.0,11.0,0.1,0.2,120.5,56.0,590.0,6.0,0.0,0.0,0.0,0.0,0.0,0.0,0.0,0.0,0.0,0.0,0.0,,,,0.0,0.0,1.7,151.0,-0.4,,0.0,152.3
Troy Franklin,DEN,WR,low,troyfranklin,0.0,0.0,0.0,0.0,0.0,2.1,10.6,0.0,1.0,70.3,17.0,216.4,1.8,0.0,0.0,0.0,0.0,0.0,0.0,0.0,0.0,0.0,0.0,0.0,,,,0.0,0.0,1.06,49.44,-2.0,,0.0,48.5
Tutu Atwell,MIA,WR,consensus,tutuatwell,0.0,0.0,0.0,0.0,0.0,2.2,11.4,0.1,0.2,57.0,21.8,311.6,0.5,0.0,0.0,0.0,0.0,0.0,0.0,0.0,0.0,0.0,0.0,0.0,,,,0.0,0.0,1.74,55.96,-0.4,,0.0,57.3
Tutu Atwell,MIA,WR,high,tutuatwell,0.0,0.0,0.0,0.0,0.0,2.2,11.4,0.1,0.2,57.0,21.8,311.6,0.5,0.0,0.0,0.0,0.0,0.0,0.0,0.0,0.0,0.0,0.0,0.0,,,,0.0,0.0,1.74,55.96,-0.4,,0.0,57.3
Tutu Atwell,MIA,WR,low,tutuatwell,0.0,0.0,0.0,0.0,0.0,2.2,11.4,0.1,0.2,57.0,21.8,311.6,0.5,0.0,0.0,0.0,0.0,0.0,0.0,0.0,0.0,0.0,0.0,0.0,,,,0.0,0.0,1.74,55.96,-0.4,,0.0,57.3
Tyquan Thornton,KC,WR,consensus,tyquanthornton,0.0,0.0,0.0,0.0,0.0,0.0,0.0,0.0,0.1,92.9,25.4,467.7,3.5,0.0,0.0,0.0,0.0,0.0,0.0,0.0,0.0,0.0,0.0,0.0,,,,0.0,0.0,0.0,93.17,-0.2,,0.0,92.97
Tyquan Thornton,KC,WR,high,tyquanthornton,0.0,0.0,0.0,0.0,0.0,0.0,0.0,0.0,0.0,98.4,27.0,576.0,4.0,0.0,0.0,0.0,0.0,0.0,0.0,0.0,0.0,0.0,0.0,0.0,,,,0.0,0.0,0.0,108.6,-0.0,,0.0,108.6
Tyquan Thornton,KC,WR,low,tyquanthornton,0.0,0.0,0.0,0.0,0.0,0.0,0.0,0.0,0.2,79.1,23.8,359.3,3.0,0.0,0.0,0.0,0.0,0.0,0.0,0.0,0.0,0.0,0.0,0.0,,,,0.0,0.0,0.0,77.73,-0.4,,0.0,77.33
Tyrell Shavers,BUF,WR,consensus,tyrellshavers,0.0,0.0,0.0,0.0,0.0,0.0,0.0,0.0,0.0,10.9,4.0,52.1,0.3,0.0,0.0,0.0,0.0,0.0,0.0,0.0,0.0,0.0,0.0,0.0,,,,0.0,0.0,0.0,11.01,-0.0,,0.0,11.01
Tyrell Shavers,BUF,WR,high,tyrellshavers,0.0,0.0,0.0,0.0,0.0,0.0,0.0,0.0,0.0,11.0,4.0,52.1,0.3,0.0,0.0,0.0,0.0,0.0,0.0,0.0,0.0,0.0,0.0,0.0,,,,0.0,0.0,0.0,11.01,-0.0,,0.0,11.01
Tyrell Shavers,BUF,WR,low,tyrellshavers,0.0,0.0,0.0,0.0,0.0,0.0,0.0,0.0,0.0,11.0,4.0,52.1,0.3,0.0,0.0,0.0,0.0,0.0,0.0,0.0,0.0,0.0,0.0,0.0,,,,0.0,0.0,0.0,11.01,-0.0,,0.0,11.01
Wan'Dale Robinson,TEN,WR,consensus,wandalerobinson,0.0,0.0,0.0,0.0,0.0,2.0,9.5,0.1,0.3,181.1,79.9,805.9,3.3,0.0,0.0,0.0,0.0,0.0,0.0,0.0,0.0,0.0,0.0,0.0,,,,0.0,0.0,1.55,180.29,-0.6,,0.0,181.24
Wan'Dale Robinson,TEN,WR,high,wandalerobinson,0.0,0.0,0.0,0.0,0.0,4.1,22.5,0.2,0.0,222.0,84.0,823.8,4.0,0.0,0.0,0.0,0.0,0.0,0.0,0.0,0.0,0.0,0.0,0.0,,,,0.0,0.0,3.45,190.38,-0.0,,0.0,193.83
Wan'Dale Robinson,TEN,WR,low,wandalerobinson,0.0,0.0,0.0,0.0,0.0,0.0,0.0,0.0,0.6,173.9,77.0,796.0,2.0,0.0,0.0,0.0,0.0,0.0,0.0,0.0,0.0,0.0,0.0,0.0,,,,0.0,0.0,0.0,168.6,-1.2,,0.0,167.4
Xavier Hutchinson,HOU,WR,consensus,xavierhutchinson,0.0,0.0,0.0,0.0,0.0,2.1,12.4,0.1,0.1,33.6,12.5,152.3,0.7,0.0,0.0,0.0,0.0,0.0,0.0,0.0,0.0,0.0,0.0,0.0,,,,0.0,0.0,1.84,31.93,-0.2,,0.0,33.57
Xavier Hutchinson,HOU,WR,high,xavierhutchinson,0.0,0.0,0.0,0.0,0.0,2.1,12.4,0.1,0.1,33.7,12.5,152.3,0.7,0.0,0.0,0.0,0.0,0.0,0.0,0.0,0.0,0.0,0.0,0.0,,,,0.0,0.0,1.84,31.93,-0.2,,0.0,33.57
Xavier Hutchinson,HOU,WR,low,xavierhutchinson,0.0,0.0,0.0,0.0,0.0,2.1,12.4,0.1,0.1,33.7,12.5,152.3,0.7,0.0,0.0,0.0,0.0,0.0,0.0,0.0,0.0,0.0,0.0,0.0,,,,0.0,0.0,1.84,31.93,-0.2,,0.0,33.57
Xavier Legette,CAR,WR,consensus,xavierlegette,0.0,0.0,0.0,0.0,0.0,2.1,10.8,0.1,0.4,93.8,35.9,417.6,2.6,0.0,0.0,0.0,0.0,0.0,0.0,0.0,0.0,0.0,0.0,0.0,,,,0.0,0.0,1.68,93.26,-0.8,,0.0,94.14
Xavier Legette,CAR,WR,high,xavierlegette,0.0,0.0,0.0,0.0,0.0,2.1,10.8,0.1,0.4,94.1,35.9,417.6,2.6,0.0,0.0,0.0,0.0,0.0,0.0,0.0,0.0,0.0,0.0,0.0,,,,0.0,0.0,1.68,93.26,-0.8,,0.0,94.14
Xavier Legette,CAR,WR,low,xavierlegette,0.0,0.0,0.0,0.0,0.0,2.1,10.8,0.1,0.4,94.1,35.9,417.6,2.6,0.0,0.0,0.0,0.0,0.0,0.0,0.0,0.0,0.0,0.0,0.0,,,,0.0,0.0,1.68,93.26,-0.8,,0.0,94.14
Xavier Smith,LAR,WR,consensus,xaviersmith,0.0,0.0,0.0,0.0,0.0,0.0,0.0,0.0,0.0,9.9,3.6,44.4,0.3,0.0,0.0,0.0,0.0,0.0,0.0,0.0,0.0,0.0,0.0,0.0,,,,0.0,0.0,0.0,9.84,-0.0,,0.0,9.84
Xavier Smith,LAR,WR,high,xaviersmith,0.0,0.0,0.0,0.0,0.0,0.0,0.0,0.0,0.0,11.6,3.6,44.4,0.3,0.0,0.0,0.0,0.0,0.0,0.0,0.0,0.0,0.0,0.0,0.0,,,,0.0,0.0,0.0,9.84,-0.0,,0.0,9.84
Xavier Smith,LAR,WR,low,xaviersmith,0.0,0.0,0.0,0.0,0.0,0.0,0.0,0.0,0.0,11.6,3.6,44.4,0.3,0.0,0.0,0.0,0.0,0.0,0.0,0.0,0.0,0.0,0.0,0.0,,,,0.0,0.0,0.0,9.84,-0.0,,0.0,9.84
Xavier Worthy,KC,WR,consensus,xavierworthy,0.0,0.0,0.0,0.0,0.0,15.5,99.4,0.9,0.2,167.5,55.2,722.7,4.2,0.0,0.0,0.0,0.0,0.0,0.0,0.0,0.0,0.0,0.0,0.0,,,,0.0,0.0,15.34,152.67,-0.4,,0.0,167.61
Xavier Worthy,KC,WR,high,xavierworthy,0.0,0.0,0.0,0.0,0.0,22.0,146.0,1.0,0.0,194.8,57.0,789.2,4.6,0.0,0.0,0.0,0.0,0.0,0.0,0.0,0.0,0.0,0.0,0.0,,,,0.0,0.0,20.6,163.52,-0.0,,0.0,184.12
Xavier Worthy,KC,WR,low,xavierworthy,0.0,0.0,0.0,0.0,0.0,12.0,76.0,0.6,0.3,146.2,53.0,644.0,4.0,0.0,0.0,0.0,0.0,0.0,0.0,0.0,0.0,0.0,0.0,0.0,,,,0.0,0.0,11.2,141.4,-0.6,,0.0,152.0
Zachariah Branch,ATL,WR,consensus,zachariahbranch,0.0,0.0,0.0,0.0,0.0,0.0,0.0,0.0,0.3,80.3,31.4,381.7,1.9,0.0,0.0,0.0,0.0,0.0,0.0,0.0,0.0,0.0,0.0,0.0,,,,0.0,0.0,0.0,80.97,-0.6,,0.0,80.37
Zachariah Branch,ATL,WR,high,zachariahbranch,0.0,0.0,0.0,0.0,0.0,0.0,0.0,0.0,0.3,82.5,31.4,381.7,1.9,0.0,0.0,0.0,0.0,0.0,0.0,0.0,0.0,0.0,0.0,0.0,,,,0.0,0.0,0.0,80.97,-0.6,,0.0,80.37
Zachariah Branch,ATL,WR,low,zachariahbranch,0.0,0.0,0.0,0.0,0.0,0.0,0.0,0.0,0.3,82.5,31.4,381.7,1.9,0.0,0.0,0.0,0.0,0.0,0.0,0.0,0.0,0.0,0.0,0.0,,,,0.0,0.0,0.0,80.97,-0.6,,0.0,80.37
Zavion Thomas,CHI,WR,consensus,zavionthomas,0.0,0.0,0.0,0.0,0.0,0.0,0.0,0.0,0.1,34.9,12.5,153.5,1.2,0.0,0.0,0.0,0.0,0.0,0.0,0.0,0.0,0.0,0.0,0.0,,,,0.0,0.0,0.0,35.05,-0.2,,0.0,34.85
Zavion Thomas,CHI,WR,high,zavionthomas,0.0,0.0,0.0,0.0,0.0,0.0,0.0,0.0,0.1,36.2,12.5,153.5,1.2,0.0,0.0,0.0,0.0,0.0,0.0,0.0,0.0,0.0,0.0,0.0,,,,0.0,0.0,0.0,35.05,-0.2,,0.0,34.85
Zavion Thomas,CHI,WR,low,zavionthomas,0.0,0.0,0.0,0.0,0.0,0.0,0.0,0.0,0.1,36.2,12.5,153.5,1.2,0.0,0.0,0.0,0.0,0.0,0.0,0.0,0.0,0.0,0.0,0.0,,,,0.0,0.0,0.0,35.05,-0.2,,0.0,34.85
Zay Flowers,BAL,WR,consensus,zayflowers,0.0,0.0,0.0,0.0,0.0,9.9,58.8,0.5,1.5,241.8,81.2,1157.2,6.5,0.0,0.0,0.0,0.0,0.0,0.0,0.0,0.0,0.0,0.0,0.0,,,,0.0,0.0,8.88,235.92,-3.0,,0.0,241.8
Zay Flowers,BAL,WR,high,zayflowers,0.0,0.0,0.0,0.0,0.0,10.0,60.0,1.0,1.0,274.3,83.0,1183.0,8.0,0.0,0.0,0.0,0.0,0.0,0.0,0.0,0.0,0.0,0.0,0.0,,,,0.0,0.0,12.0,249.3,-2.0,,0.0,259.3
Zay Flowers,BAL,WR,low,zayflowers,0.0,0.0,0.0,0.0,0.0,9.8,57.4,0.0,2.0,238.3,79.0,1117.0,5.5,0.0,0.0,0.0,0.0,0.0,0.0,0.0,0.0,0.0,0.0,0.0,,,,0.0,0.0,5.74,223.7,-4.0,,0.0,225.44
AJ Barner,SEA,TE,consensus,ajbarner,0.0,0.0,0.0,0.0,0.0,0.0,0.0,0.0,0.2,124.4,48.6,469.9,4.9,0.0,0.0,0.0,0.0,0.0,0.0,0.0,0.0,0.0,0.0,0.0,,,,0.0,0.0,0.0,124.99,-0.4,,0.0,124.59
AJ Barner,SEA,TE,high,ajbarner,0.0,0.0,0.0,0.0,0.0,0.0,0.0,0.0,0.0,150.0,54.0,504.0,7.0,0.0,0.0,0.0,0.0,0.0,0.0,0.0,0.0,0.0,0.0,0.0,,,,0.0,0.0,0.0,146.4,-0.0,,0.0,146.4
AJ Barner,SEA,TE,low,ajbarner,0.0,0.0,0.0,0.0,0.0,0.0,0.0,0.0,0.5,117.6,44.7,432.7,3.6,0.0,0.0,0.0,0.0,0.0,0.0,0.0,0.0,0.0,0.0,0.0,,,,0.0,0.0,0.0,109.57,-1.0,,0.0,108.57
Adam Trautman,DEN,TE,consensus,adamtrautman,0.0,0.0,0.0,0.0,0.0,0.0,0.0,0.0,0.0,47.9,19.3,197.7,1.5,0.0,0.0,0.0,0.0,0.0,0.0,0.0,0.0,0.0,0.0,0.0,,,,0.0,0.0,0.0,48.07,-0.0,,0.0,48.07
Adam Trautman,DEN,TE,high,adamtrautman,0.0,0.0,0.0,0.0,0.0,0.0,0.0,0.0,0.0,50.3,27.0,282.0,2.0,0.0,0.0,0.0,0.0,0.0,0.0,0.0,0.0,0.0,0.0,0.0,,,,0.0,0.0,0.0,67.2,-0.0,,0.0,67.2
Adam Trautman,DEN,TE,low,adamtrautman,0.0,0.0,0.0,0.0,0.0,0.0,0.0,0.0,0.1,36.5,11.7,113.3,1.0,0.0,0.0,0.0,0.0,0.0,0.0,0.0,0.0,0.0,0.0,0.0,,,,0.0,0.0,0.0,29.03,-0.2,,0.0,28.83
Austin Hooper,ATL,TE,consensus,austinhooper,0.0,0.0,0.0,0.0,0.0,0.0,0.0,0.0,0.1,55.7,22.5,236.4,1.6,0.0,0.0,0.0,0.0,0.0,0.0,0.0,0.0,0.0,0.0,0.0,,,,0.0,0.0,0.0,55.74,-0.2,,0.0,55.54
Austin Hooper,ATL,TE,high,austinhooper,0.0,0.0,0.0,0.0,0.0,0.0,0.0,0.0,0.0,70.0,25.0,283.0,2.0,0.0,0.0,0.0,0.0,0.0,0.0,0.0,0.0,0.0,0.0,0.0,,,,0.0,0.0,0.0,65.3,-0.0,,0.0,65.3
Austin Hooper,ATL,TE,low,austinhooper,0.0,0.0,0.0,0.0,0.0,0.0,0.0,0.0,0.1,45.4,20.6,181.2,0.8,0.0,0.0,0.0,0.0,0.0,0.0,0.0,0.0,0.0,0.0,0.0,,,,0.0,0.0,0.0,43.52,-0.2,,0.0,43.32
Bauer Sharp,TB,TE,consensus,bauersharp,0.0,0.0,0.0,0.0,0.0,0.0,0.0,0.0,0.0,28.3,11.0,113.0,1.0,0.0,0.0,0.0,0.0,0.0,0.0,0.0,0.0,0.0,0.0,0.0,,,,0.0,0.0,0.0,28.3,-0.0,,0.0,28.3
Bauer Sharp,TB,TE,high,bauersharp,0.0,0.0,0.0,0.0,0.0,0.0,0.0,0.0,0.0,21.0,11.0,113.0,1.0,0.0,0.0,0.0,0.0,0.0,0.0,0.0,0.0,0.0,0.0,0.0,,,,0.0,0.0,0.0,28.3,-0.0,,0.0,28.3
Bauer Sharp,TB,TE,low,bauersharp,0.0,0.0,0.0,0.0,0.0,0.0,0.0,0.0,0.0,21.0,11.0,113.0,1.0,0.0,0.0,0.0,0.0,0.0,0.0,0.0,0.0,0.0,0.0,0.0,,,,0.0,0.0,0.0,28.3,-0.0,,0.0,28.3
Ben Sims,MIA,TE,consensus,bensims,0.0,0.0,0.0,0.0,0.0,0.0,0.0,0.0,0.0,44.9,19.5,184.6,1.2,0.0,0.0,0.0,0.0,0.0,0.0,0.0,0.0,0.0,0.0,0.0,,,,0.0,0.0,0.0,45.16,-0.0,,0.0,45.16
Ben Sims,MIA,TE,high,bensims,0.0,0.0,0.0,0.0,0.0,0.0,0.0,0.0,0.0,52.5,32.0,304.0,2.0,0.0,0.0,0.0,0.0,0.0,0.0,0.0,0.0,0.0,0.0,0.0,,,,0.0,0.0,0.0,74.4,-0.0,,0.0,74.4
Ben Sims,MIA,TE,low,bensims,0.0,0.0,0.0,0.0,0.0,0.0,0.0,0.0,0.1,27.9,7.0,65.3,0.3,0.0,0.0,0.0,0.0,0.0,0.0,0.0,0.0,0.0,0.0,0.0,,,,0.0,0.0,0.0,15.33,-0.2,,0.0,15.13
Ben Sinnott,WAS,TE,consensus,bensinnott,0.0,0.0,0.0,0.0,0.0,0.0,0.0,0.0,0.0,30.9,11.1,114.4,1.4,0.0,0.0,0.0,0.0,0.0,0.0,0.0,0.0,0.0,0.0,0.0,,,,0.0,0.0,0.0,30.94,-0.0,,0.0,30.94
Ben Sinnott,WAS,TE,high,bensinnott,0.0,0.0,0.0,0.0,0.0,0.0,0.0,0.0,0.0,28.1,11.1,122.0,2.0,0.0,0.0,0.0,0.0,0.0,0.0,0.0,0.0,0.0,0.0,0.0,,,,0.0,0.0,0.0,35.3,-0.0,,0.0,35.3
Ben Sinnott,WAS,TE,low,bensinnott,0.0,0.0,0.0,0.0,0.0,0.0,0.0,0.0,0.1,26.6,11.0,106.7,0.8,0.0,0.0,0.0,0.0,0.0,0.0,0.0,0.0,0.0,0.0,0.0,,,,0.0,0.0,0.0,26.47,-0.2,,0.0,26.27
Blake Whiteheart,CLE,TE,consensus,blakewhiteheart,0.0,0.0,0.0,0.0,0.0,0.0,0.0,0.0,0.0,0.0,0.0,0.0,0.0,0.0,0.0,0.0,0.0,0.0,0.0,0.0,0.0,0.0,0.0,0.0,,,,0.0,0.0,0.0,0.0,-0.0,,0.0,0.0
Blake Whiteheart,CLE,TE,high,blakewhiteheart,0.0,0.0,0.0,0.0,0.0,0.0,0.0,0.0,0.0,0.0,0.0,0.0,0.0,0.0,0.0,0.0,0.0,0.0,0.0,0.0,0.0,0.0,0.0,0.0,,,,0.0,0.0,0.0,0.0,-0.0,,0.0,0.0
Blake Whiteheart,CLE,TE,low,blakewhiteheart,0.0,0.0,0.0,0.0,0.0,0.0,0.0,0.0,0.0,0.0,0.0,0.0,0.0,0.0,0.0,0.0,0.0,0.0,0.0,0.0,0.0,0.0,0.0,0.0,,,,0.0,0.0,0.0,0.0,-0.0,,0.0,0.0
Brenton Strange,JAC,TE,consensus,brentonstrange,0.0,0.0,0.0,0.0,0.0,0.0,0.0,0.0,0.2,151.8,60.0,661.2,4.3,0.0,0.0,0.0,0.0,0.0,0.0,0.0,0.0,0.0,0.0,0.0,,,,0.0,0.0,0.0,151.92,-0.4,,0.0,151.52
Brenton Strange,JAC,TE,high,brentonstrange,0.0,0.0,0.0,0.0,0.0,0.0,0.0,0.0,0.0,166.6,70.0,814.0,5.0,0.0,0.0,0.0,0.0,0.0,0.0,0.0,0.0,0.0,0.0,0.0,,,,0.0,0.0,0.0,181.4,-0.0,,0.0,181.4
Brenton Strange,JAC,TE,low,brentonstrange,0.0,0.0,0.0,0.0,0.0,0.0,0.0,0.0,0.4,143.4,51.0,571.0,4.0,0.0,0.0,0.0,0.0,0.0,0.0,0.0,0.0,0.0,0.0,0.0,,,,0.0,0.0,0.0,132.1,-0.8,,0.0,131.3
Brevyn Spann-Ford,DAL,TE,consensus,brevynspannford,0.0,0.0,0.0,0.0,0.0,0.0,0.0,0.0,0.0,9.4,3.9,36.7,0.3,0.0,0.0,0.0,0.0,0.0,0.0,0.0,0.0,0.0,0.0,0.0,,,,0.0,0.0,0.0,9.37,-0.0,,0.0,9.37
Brevyn Spann-Ford,DAL,TE,high,brevynspannford,0.0,0.0,0.0,0.0,0.0,0.0,0.0,0.0,0.0,9.5,3.9,36.7,0.3,0.0,0.0,0.0,0.0,0.0,0.0,0.0,0.0,0.0,0.0,0.0,,,,0.0,0.0,0.0,9.37,-0.0,,0.0,9.37
Brevyn Spann-Ford,DAL,TE,low,brevynspannford,0.0,0.0,0.0,0.0,0.0,0.0,0.0,0.0,0.0,9.5,3.9,36.7,0.3,0.0,0.0,0.0,0.0,0.0,0.0,0.0,0.0,0.0,0.0,0.0,,,,0.0,0.0,0.0,9.37,-0.0,,0.0,9.37
Brock Bowers,LV,TE,consensus,brockbowers,0.0,0.0,0.0,0.0,0.0,0.0,0.0,0.0,0.2,244.1,96.6,1026.9,7.5,0.0,0.0,0.0,0.0,0.0,0.0,0.0,0.0,0.0,0.0,0.0,,,,0.0,0.0,0.0,244.29,-0.4,,0.0,243.89
Brock Bowers,LV,TE,high,brockbowers,0.0,0.0,0.0,0.0,0.0,0.0,0.0,0.0,0.0,298.9,103.0,1088.0,9.0,0.0,0.0,0.0,0.0,0.0,0.0,0.0,0.0,0.0,0.0,0.0,,,,0.0,0.0,0.0,265.8,-0.0,,0.0,265.8
Brock Bowers,LV,TE,low,brockbowers,0.0,0.0,0.0,0.0,0.0,0.0,0.0,0.0,0.4,238.7,88.0,994.0,6.6,0.0,0.0,0.0,0.0,0.0,0.0,0.0,0.0,0.0,0.0,0.0,,,,0.0,0.0,0.0,227.0,-0.8,,0.0,226.2
Brock Wright,DET,TE,consensus,brockwright,0.0,0.0,0.0,0.0,0.0,0.0,0.0,0.0,0.0,51.2,19.9,175.6,2.3,0.0,0.0,0.0,0.0,0.0,0.0,0.0,0.0,0.0,0.0,0.0,,,,0.0,0.0,0.0,51.26,-0.0,,0.0,51.26
Brock Wright,DET,TE,high,brockwright,0.0,0.0,0.0,0.0,0.0,0.0,0.0,0.0,0.0,62.9,32.0,279.0,4.0,0.0,0.0,0.0,0.0,0.0,0.0,0.0,0.0,0.0,0.0,0.0,,,,0.0,0.0,0.0,83.9,-0.0,,0.0,83.9
Brock Wright,DET,TE,low,brockwright,0.0,0.0,0.0,0.0,0.0,0.0,0.0,0.0,0.0,30.7,7.7,72.2,0.6,0.0,0.0,0.0,0.0,0.0,0.0,0.0,0.0,0.0,0.0,0.0,,,,0.0,0.0,0.0,18.52,-0.0,,0.0,18.52
CJ Dippre,NE,TE,consensus,cjdippre,0.0,0.0,0.0,0.0,0.0,0.0,0.0,0.0,0.0,9.2,3.9,37.3,0.3,0.0,0.0,0.0,0.0,0.0,0.0,0.0,0.0,0.0,0.0,0.0,,,,0.0,0.0,0.0,9.43,-0.0,,0.0,9.43
CJ Dippre,NE,TE,high,cjdippre,0.0,0.0,0.0,0.0,0.0,0.0,0.0,0.0,0.0,9.2,3.9,37.3,0.3,0.0,0.0,0.0,0.0,0.0,0.0,0.0,0.0,0.0,0.0,0.0,,,,0.0,0.0,0.0,9.43,-0.0,,0.0,9.43
CJ Dippre,NE,TE,low,cjdippre,0.0,0.0,0.0,0.0,0.0,0.0,0.0,0.0,0.0,9.2,3.9,37.3,0.3,0.0,0.0,0.0,0.0,0.0,0.0,0.0,0.0,0.0,0.0,0.0,,,,0.0,0.0,0.0,9.43,-0.0,,0.0,9.43
Cade Otton,TB,TE,consensus,cadeotton,0.0,0.0,0.0,0.0,0.0,0.0,0.0,0.0,0.1,128.9,54.8,557.8,3.1,0.0,0.0,0.0,0.0,0.0,0.0,0.0,0.0,0.0,0.0,0.0,,,,0.0,0.0,0.0,129.18,-0.2,,0.0,128.98
Cade Otton,TB,TE,high,cadeotton,0.0,0.0,0.0,0.0,0.0,0.0,0.0,0.0,0.0,151.8,67.0,708.0,4.0,0.0,0.0,0.0,0.0,0.0,0.0,0.0,0.0,0.0,0.0,0.0,,,,0.0,0.0,0.0,161.8,-0.0,,0.0,161.8
Cade Otton,TB,TE,low,cadeotton,0.0,0.0,0.0,0.0,0.0,0.0,0.0,0.0,0.3,112.4,44.5,440.3,2.3,0.0,0.0,0.0,0.0,0.0,0.0,0.0,0.0,0.0,0.0,0.0,,,,0.0,0.0,0.0,102.33,-0.6,,0.0,101.73
Cade Stover,HOU,TE,consensus,cadestover,0.0,0.0,0.0,0.0,0.0,0.0,0.0,0.0,0.1,33.2,15.2,128.2,0.9,0.0,0.0,0.0,0.0,0.0,0.0,0.0,0.0,0.0,0.0,0.0,,,,0.0,0.0,0.0,33.42,-0.2,,0.0,33.22
Cade Stover,HOU,TE,high,cadestover,0.0,0.0,0.0,0.0,0.0,0.0,0.0,0.0,0.0,34.6,15.5,134.3,1.0,0.0,0.0,0.0,0.0,0.0,0.0,0.0,0.0,0.0,0.0,0.0,,,,0.0,0.0,0.0,34.93,-0.0,,0.0,34.93
Cade Stover,HOU,TE,low,cadestover,0.0,0.0,0.0,0.0,0.0,0.0,0.0,0.0,0.1,27.2,15.0,122.0,0.8,0.0,0.0,0.0,0.0,0.0,0.0,0.0,0.0,0.0,0.0,0.0,,,,0.0,0.0,0.0,32.0,-0.2,,0.0,31.8
Charlie Kolar,LAC,TE,consensus,charliekolar,0.0,0.0,0.0,0.0,0.0,0.0,0.0,0.0,0.1,55.4,20.2,230.3,2.0,0.0,0.0,0.0,0.0,0.0,0.0,0.0,0.0,0.0,0.0,0.0,,,,0.0,0.0,0.0,55.23,-0.2,,0.0,55.03
Charlie Kolar,LAC,TE,high,charliekolar,0.0,0.0,0.0,0.0,0.0,0.0,0.0,0.0,0.0,68.2,25.0,333.0,4.0,0.0,0.0,0.0,0.0,0.0,0.0,0.0,0.0,0.0,0.0,0.0,,,,0.0,0.0,0.0,82.3,-0.0,,0.0,82.3
Charlie Kolar,LAC,TE,low,charliekolar,0.0,0.0,0.0,0.0,0.0,0.0,0.0,0.0,0.1,41.8,14.7,148.8,1.0,0.0,0.0,0.0,0.0,0.0,0.0,0.0,0.0,0.0,0.0,0.0,,,,0.0,0.0,0.0,35.58,-0.2,,0.0,35.38
Charlie Woerner,ATL,TE,consensus,charliewoerner,0.0,0.0,0.0,0.0,0.0,0.0,0.0,0.0,0.0,30.7,14.5,127.4,0.6,0.0,0.0,0.0,0.0,0.0,0.0,0.0,0.0,0.0,0.0,0.0,,,,0.0,0.0,0.0,30.84,-0.0,,0.0,30.84
Charlie Woerner,ATL,TE,high,charliewoerner,0.0,0.0,0.0,0.0,0.0,0.0,0.0,0.0,0.0,35.5,25.0,222.0,1.0,0.0,0.0,0.0,0.0,0.0,0.0,0.0,0.0,0.0,0.0,0.0,,,,0.0,0.0,0.0,53.2,-0.0,,0.0,53.2
Charlie Woerner,ATL,TE,low,charliewoerner,0.0,0.0,0.0,0.0,0.0,0.0,0.0,0.0,0.0,18.8,3.9,32.7,0.2,0.0,0.0,0.0,0.0,0.0,0.0,0.0,0.0,0.0,0.0,0.0,,,,0.0,0.0,0.0,8.37,-0.0,,0.0,8.37
Chig Okonkwo,WAS,TE,consensus,chigokonkwo,0.0,0.0,0.0,0.0,0.0,0.0,0.0,0.0,0.1,126.2,52.8,569.8,2.8,0.0,0.0,0.0,0.0,0.0,0.0,0.0,0.0,0.0,0.0,0.0,,,,0.0,0.0,0.0,126.58,-0.2,,0.0,126.38
Chig Okonkwo,WAS,TE,high,chigokonkwo,0.0,0.0,0.0,0.0,0.0,0.0,0.0,0.0,0.0,149.7,54.0,630.0,3.0,0.0,0.0,0.0,0.0,0.0,0.0,0.0,0.0,0.0,0.0,0.0,,,,0.0,0.0,0.0,135.0,-0.0,,0.0,135.0
Chig Okonkwo,WAS,TE,low,chigokonkwo,0.0,0.0,0.0,0.0,0.0,0.0,0.0,0.0,0.3,122.7,51.3,519.0,2.4,0.0,0.0,0.0,0.0,0.0,0.0,0.0,0.0,0.0,0.0,0.0,,,,0.0,0.0,0.0,117.6,-0.6,,0.0,117.0
Chris Manhertz,NYG,TE,consensus,chrismanhertz,0.0,0.0,0.0,0.0,0.0,0.0,0.0,0.0,0.0,13.8,5.4,50.6,0.6,0.0,0.0,0.0,0.0,0.0,0.0,0.0,0.0,0.0,0.0,0.0,,,,0.0,0.0,0.0,14.06,-0.0,,0.0,14.06
Chris Manhertz,NYG,TE,high,chrismanhertz,0.0,0.0,0.0,0.0,0.0,0.0,0.0,0.0,0.0,15.4,9.0,85.0,1.0,0.0,0.0,0.0,0.0,0.0,0.0,0.0,0.0,0.0,0.0,0.0,,,,0.0,0.0,0.0,23.5,-0.0,,0.0,23.5
Chris Manhertz,NYG,TE,low,chrismanhertz,0.0,0.0,0.0,0.0,0.0,0.0,0.0,0.0,0.0,7.7,1.8,16.3,0.1,0.0,0.0,0.0,0.0,0.0,0.0,0.0,0.0,0.0,0.0,0.0,,,,0.0,0.0,0.0,4.03,-0.0,,0.0,4.03
Colby Parkinson,LAR,TE,consensus,colbyparkinson,0.0,0.0,0.0,0.0,0.0,0.0,0.0,0.0,0.6,92.5,34.3,352.5,4.0,0.0,0.0,0.0,0.0,0.0,0.0,0.0,0.0,0.0,0.0,0.0,,,,0.0,0.0,0.0,93.55,-1.2,,0.0,92.35
Colby Parkinson,LAR,TE,high,colbyparkinson,0.0,0.0,0.0,0.0,0.0,0.0,0.0,0.0,0.3,103.3,41.0,435.0,6.0,0.0,0.0,0.0,0.0,0.0,0.0,0.0,0.0,0.0,0.0,0.0,,,,0.0,0.0,0.0,120.5,-0.6,,0.0,119.9
Colby Parkinson,LAR,TE,low,colbyparkinson,0.0,0.0,0.0,0.0,0.0,0.0,0.0,0.0,1.0,81.7,28.0,291.5,3.0,0.0,0.0,0.0,0.0,0.0,0.0,0.0,0.0,0.0,0.0,0.0,,,,0.0,0.0,0.0,75.15,-2.0,,0.0,73.15
Cole Kmet,CHI,TE,consensus,colekmet,0.0,0.0,0.0,0.0,0.0,0.0,0.0,0.0,0.1,66.8,26.2,274.1,2.2,0.0,0.0,0.0,0.0,0.0,0.0,0.0,0.0,0.0,0.0,0.0,,,,0.0,0.0,0.0,66.81,-0.2,,0.0,66.61
Cole Kmet,CHI,TE,high,colekmet,0.0,0.0,0.0,0.0,0.0,0.0,0.0,0.0,0.0,99.1,35.0,374.0,3.0,0.0,0.0,0.0,0.0,0.0,0.0,0.0,0.0,0.0,0.0,0.0,,,,0.0,0.0,0.0,90.4,-0.0,,0.0,90.4
Cole Kmet,CHI,TE,low,colekmet,0.0,0.0,0.0,0.0,0.0,0.0,0.0,0.0,0.1,53.2,21.7,219.2,1.7,0.0,0.0,0.0,0.0,0.0,0.0,0.0,0.0,0.0,0.0,0.0,,,,0.0,0.0,0.0,53.82,-0.2,,0.0,53.62
Cole Turner,MIA,TE,consensus,coleturner,0.0,0.0,0.0,0.0,0.0,0.0,0.0,0.0,0.0,0.0,0.0,0.0,0.0,0.0,0.0,0.0,0.0,0.0,0.0,0.0,0.0,0.0,0.0,0.0,,,,0.0,0.0,0.0,0.0,-0.0,,0.0,0.0
Cole Turner,MIA,TE,high,coleturner,0.0,0.0,0.0,0.0,0.0,0.0,0.0,0.0,0.0,0.0,0.0,0.0,0.0,0.0,0.0,0.0,0.0,0.0,0.0,0.0,0.0,0.0,0.0,0.0,,,,0.0,0.0,0.0,0.0,-0.0,,0.0,0.0
Cole Turner,MIA,TE,low,coleturner,0.0,0.0,0.0,0.0,0.0,0.0,0.0,0.0,0.0,0.0,0.0,0.0,0.0,0.0,0.0,0.0,0.0,0.0,0.0,0.0,0.0,0.0,0.0,0.0,,,,0.0,0.0,0.0,0.0,-0.0,,0.0,0.0
Colston Loveland,CHI,TE,consensus,colstonloveland,0.0,0.0,0.0,0.0,0.0,0.0,0.0,0.0,0.2,211.4,79.1,927.5,6.7,0.0,0.0,0.0,0.0,0.0,0.0,0.0,0.0,0.0,0.0,0.0,,,,0.0,0.0,0.0,212.05,-0.4,,0.0,211.65
Colston Loveland,CHI,TE,high,colstonloveland,0.0,0.0,0.0,0.0,0.0,0.0,0.0,0.0,0.0,236.4,84.0,1037.0,8.0,0.0,0.0,0.0,0.0,0.0,0.0,0.0,0.0,0.0,0.0,0.0,,,,0.0,0.0,0.0,235.7,-0.0,,0.0,235.7
Colston Loveland,CHI,TE,low,colstonloveland,0.0,0.0,0.0,0.0,0.0,0.0,0.0,0.0,0.4,204.8,73.0,848.0,6.0,0.0,0.0,0.0,0.0,0.0,0.0,0.0,0.0,0.0,0.0,0.0,,,,0.0,0.0,0.0,193.8,-0.8,,0.0,193.0
Connor Heyward,LV,TE,consensus,connorheyward,0.0,0.0,0.0,0.0,0.0,0.0,0.0,0.0,0.0,36.3,14.0,103.0,2.0,0.0,0.0,0.0,0.0,0.0,0.0,0.0,0.0,0.0,0.0,0.0,,,,0.0,0.0,0.0,36.3,-0.0,,0.0,36.3
Connor Heyward,LV,TE,high,connorheyward,0.0,0.0,0.0,0.0,0.0,0.0,0.0,0.0,0.0,37.0,14.0,103.0,2.0,0.0,0.0,0.0,0.0,0.0,0.0,0.0,0.0,0.0,0.0,0.0,,,,0.0,0.0,0.0,36.3,-0.0,,0.0,36.3
Connor Heyward,LV,TE,low,connorheyward,0.0,0.0,0.0,0.0,0.0,0.0,0.0,0.0,0.0,37.0,14.0,103.0,2.0,0.0,0.0,0.0,0.0,0.0,0.0,0.0,0.0,0.0,0.0,0.0,,,,0.0,0.0,0.0,36.3,-0.0,,0.0,36.3
Dallas Goedert,PHI,TE,consensus,dallasgoedert,0.0,0.0,0.0,0.0,0.0,0.0,0.0,0.0,0.2,179.4,65.5,688.9,7.6,0.0,0.0,0.0,0.0,0.0,0.0,0.0,0.0,0.0,0.0,0.0,,,,0.0,0.0,0.0,179.99,-0.4,,0.0,179.59
Dallas Goedert,PHI,TE,high,dallasgoedert,0.0,0.0,0.0,0.0,0.0,0.0,0.0,0.0,0.0,201.5,70.6,725.7,11.0,0.0,0.0,0.0,0.0,0.0,0.0,0.0,0.0,0.0,0.0,0.0,,,,0.0,0.0,0.0,209.17,-0.0,,0.0,209.17
Dallas Goedert,PHI,TE,low,dallasgoedert,0.0,0.0,0.0,0.0,0.0,0.0,0.0,0.0,0.4,172.0,58.0,625.0,5.7,0.0,0.0,0.0,0.0,0.0,0.0,0.0,0.0,0.0,0.0,0.0,,,,0.0,0.0,0.0,154.7,-0.8,,0.0,153.9
Dalton Kincaid,BUF,TE,consensus,daltonkincaid,0.0,0.0,0.0,0.0,0.0,0.0,0.0,0.0,0.2,160.2,57.1,706.8,5.5,0.0,0.0,0.0,0.0,0.0,0.0,0.0,0.0,0.0,0.0,0.0,,,,0.0,0.0,0.0,160.78,-0.4,,0.0,160.38
Dalton Kincaid,BUF,TE,high,daltonkincaid,0.0,0.0,0.0,0.0,0.0,0.0,0.0,0.0,0.0,177.6,60.0,778.0,7.0,0.0,0.0,0.0,0.0,0.0,0.0,0.0,0.0,0.0,0.0,0.0,,,,0.0,0.0,0.0,179.8,-0.0,,0.0,179.8
Dalton Kincaid,BUF,TE,low,daltonkincaid,0.0,0.0,0.0,0.0,0.0,0.0,0.0,0.0,0.5,153.2,52.0,645.0,4.4,0.0,0.0,0.0,0.0,0.0,0.0,0.0,0.0,0.0,0.0,0.0,,,,0.0,0.0,0.0,142.9,-1.0,,0.0,141.9
Dalton Schultz,HOU,TE,consensus,daltonschultz,0.0,0.0,0.0,0.0,0.0,0.0,0.0,0.0,0.2,148.6,65.8,628.7,3.4,0.0,0.0,0.0,0.0,0.0,0.0,0.0,0.0,0.0,0.0,0.0,,,,0.0,0.0,0.0,149.07,-0.4,,0.0,148.67
Dalton Schultz,HOU,TE,high,daltonschultz,0.0,0.0,0.0,0.0,0.0,0.0,0.0,0.0,0.0,181.9,71.0,684.0,4.0,0.0,0.0,0.0,0.0,0.0,0.0,0.0,0.0,0.0,0.0,0.0,,,,0.0,0.0,0.0,163.4,-0.0,,0.0,163.4
Dalton Schultz,HOU,TE,low,daltonschultz,0.0,0.0,0.0,0.0,0.0,0.0,0.0,0.0,0.4,139.8,59.5,556.2,3.0,0.0,0.0,0.0,0.0,0.0,0.0,0.0,0.0,0.0,0.0,0.0,,,,0.0,0.0,0.0,133.12,-0.8,,0.0,132.32
Daniel Bellinger,TEN,TE,consensus,danielbellinger,0.0,0.0,0.0,0.0,0.0,0.0,0.0,0.0,0.0,52.0,19.3,222.3,1.8,0.0,0.0,0.0,0.0,0.0,0.0,0.0,0.0,0.0,0.0,0.0,,,,0.0,0.0,0.0,52.33,-0.0,,0.0,52.33
Daniel Bellinger,TEN,TE,high,danielbellinger,0.0,0.0,0.0,0.0,0.0,0.0,0.0,0.0,0.0,61.3,26.0,332.0,3.0,0.0,0.0,0.0,0.0,0.0,0.0,0.0,0.0,0.0,0.0,0.0,,,,0.0,0.0,0.0,77.2,-0.0,,0.0,77.2
Daniel Bellinger,TEN,TE,low,danielbellinger,0.0,0.0,0.0,0.0,0.0,0.0,0.0,0.0,0.1,33.4,12.7,112.6,0.5,0.0,0.0,0.0,0.0,0.0,0.0,0.0,0.0,0.0,0.0,0.0,,,,0.0,0.0,0.0,26.96,-0.2,,0.0,26.76
Darnell Washington,PIT,TE,consensus,darnellwashington,0.0,0.0,0.0,0.0,0.0,0.0,0.0,0.0,0.6,74.1,30.7,329.1,2.0,0.0,0.0,0.0,0.0,0.0,0.0,0.0,0.0,0.0,0.0,0.0,,,,0.0,0.0,0.0,75.61,-1.2,,0.0,74.41
Darnell Washington,PIT,TE,high,darnellwashington,0.0,0.0,0.0,0.0,0.0,0.0,0.0,0.0,0.3,85.6,35.0,383.0,2.0,0.0,0.0,0.0,0.0,0.0,0.0,0.0,0.0,0.0,0.0,0.0,,,,0.0,0.0,0.0,85.3,-0.6,,0.0,84.7
Darnell Washington,PIT,TE,low,darnellwashington,0.0,0.0,0.0,0.0,0.0,0.0,0.0,0.0,1.0,70.7,26.0,299.0,1.9,0.0,0.0,0.0,0.0,0.0,0.0,0.0,0.0,0.0,0.0,0.0,,,,0.0,0.0,0.0,67.3,-2.0,,0.0,65.3
Darren Waller,CAR,TE,consensus,darrenwaller,0.0,0.0,0.0,0.0,0.0,0.0,0.0,0.0,0.1,102.5,37.4,392.8,4.3,0.0,0.0,0.0,0.0,0.0,0.0,0.0,0.0,0.0,0.0,0.0,,,,0.0,0.0,0.0,102.48,-0.2,,0.0,102.28
Darren Waller,CAR,TE,high,darrenwaller,0.0,0.0,0.0,0.0,0.0,0.0,0.0,0.0,0.0,111.4,45.0,473.5,6.0,0.0,0.0,0.0,0.0,0.0,0.0,0.0,0.0,0.0,0.0,0.0,,,,0.0,0.0,0.0,128.35,-0.0,,0.0,128.35
Darren Waller,CAR,TE,low,darrenwaller,0.0,0.0,0.0,0.0,0.0,0.0,0.0,0.0,0.2,91.1,24.0,237.0,3.0,0.0,0.0,0.0,0.0,0.0,0.0,0.0,0.0,0.0,0.0,0.0,,,,0.0,0.0,0.0,65.7,-0.4,,0.0,65.3
David Njoku,LAC,TE,consensus,davidnjoku,0.0,0.0,0.0,0.0,0.0,0.0,0.0,0.0,0.1,100.1,38.3,363.2,4.3,0.0,0.0,0.0,0.0,0.0,0.0,0.0,0.0,0.0,0.0,0.0,,,,0.0,0.0,0.0,100.42,-0.2,,0.0,100.22
David Njoku,LAC,TE,high,davidnjoku,0.0,0.0,0.0,0.0,0.0,0.0,0.0,0.0,0.0,106.3,42.0,416.7,6.0,0.0,0.0,0.0,0.0,0.0,0.0,0.0,0.0,0.0,0.0,0.0,,,,0.0,0.0,0.0,119.67,-0.0,,0.0,119.67
David Njoku,LAC,TE,low,davidnjoku,0.0,0.0,0.0,0.0,0.0,0.0,0.0,0.0,0.3,99.7,33.0,269.0,3.0,0.0,0.0,0.0,0.0,0.0,0.0,0.0,0.0,0.0,0.0,0.0,,,,0.0,0.0,0.0,77.9,-0.6,,0.0,77.3
Davis Allen,LAR,TE,consensus,davisallen,0.0,0.0,0.0,0.0,0.0,0.0,0.0,0.0,0.0,43.8,16.9,157.3,1.9,0.0,0.0,0.0,0.0,0.0,0.0,0.0,0.0,0.0,0.0,0.0,,,,0.0,0.0,0.0,44.03,-0.0,,0.0,44.03
Davis Allen,LAR,TE,high,davisallen,0.0,0.0,0.0,0.0,0.0,0.0,0.0,0.0,0.0,50.9,26.0,241.0,3.0,0.0,0.0,0.0,0.0,0.0,0.0,0.0,0.0,0.0,0.0,0.0,,,,0.0,0.0,0.0,68.1,-0.0,,0.0,68.1
Davis Allen,LAR,TE,low,davisallen,0.0,0.0,0.0,0.0,0.0,0.0,0.0,0.0,0.1,28.6,7.8,73.7,0.7,0.0,0.0,0.0,0.0,0.0,0.0,0.0,0.0,0.0,0.0,0.0,,,,0.0,0.0,0.0,19.37,-0.2,,0.0,19.17
Dawson Knox,BUF,TE,consensus,dawsonknox,0.0,0.0,0.0,0.0,0.0,0.0,0.0,0.0,0.1,79.2,28.6,331.7,2.9,0.0,0.0,0.0,0.0,0.0,0.0,0.0,0.0,0.0,0.0,0.0,,,,0.0,0.0,0.0,79.17,-0.2,,0.0,78.97
Dawson Knox,BUF,TE,high,dawsonknox,0.0,0.0,0.0,0.0,0.0,0.0,0.0,0.0,0.0,92.5,35.0,401.0,3.0,0.0,0.0,0.0,0.0,0.0,0.0,0.0,0.0,0.0,0.0,0.0,,,,0.0,0.0,0.0,93.1,-0.0,,0.0,93.1
Dawson Knox,BUF,TE,low,dawsonknox,0.0,0.0,0.0,0.0,0.0,0.0,0.0,0.0,0.1,71.9,24.9,265.0,2.8,0.0,0.0,0.0,0.0,0.0,0.0,0.0,0.0,0.0,0.0,0.0,,,,0.0,0.0,0.0,68.2,-0.2,,0.0,68.0
Devin Culp,TB,TE,consensus,devinculp,0.0,0.0,0.0,0.0,0.0,0.0,0.0,0.0,0.0,17.4,5.5,59.0,1.0,0.0,0.0,0.0,0.0,0.0,0.0,0.0,0.0,0.0,0.0,0.0,,,,0.0,0.0,0.0,17.4,-0.0,,0.0,17.4
Devin Culp,TB,TE,high,devinculp,0.0,0.0,0.0,0.0,0.0,0.0,0.0,0.0,0.0,21.5,11.0,118.0,2.0,0.0,0.0,0.0,0.0,0.0,0.0,0.0,0.0,0.0,0.0,0.0,,,,0.0,0.0,0.0,34.8,-0.0,,0.0,34.8
Devin Culp,TB,TE,low,devinculp,0.0,0.0,0.0,0.0,0.0,0.0,0.0,0.0,0.0,5.5,0.0,0.0,0.0,0.0,0.0,0.0,0.0,0.0,0.0,0.0,0.0,0.0,0.0,0.0,,,,0.0,0.0,0.0,0.0,-0.0,,0.0,0.0
Drew Ogletree,IND,TE,consensus,drewogletree,0.0,0.0,0.0,0.0,0.0,0.0,0.0,0.0,0.0,8.8,3.6,36.3,0.3,0.0,0.0,0.0,0.0,0.0,0.0,0.0,0.0,0.0,0.0,0.0,,,,0.0,0.0,0.0,9.03,-0.0,,0.0,9.03
Drew Ogletree,IND,TE,high,drewogletree,0.0,0.0,0.0,0.0,0.0,0.0,0.0,0.0,0.0,8.8,3.6,36.3,0.3,0.0,0.0,0.0,0.0,0.0,0.0,0.0,0.0,0.0,0.0,0.0,,,,0.0,0.0,0.0,9.03,-0.0,,0.0,9.03
Drew Ogletree,IND,TE,low,drewogletree,0.0,0.0,0.0,0.0,0.0,0.0,0.0,0.0,0.0,8.8,3.6,36.3,0.3,0.0,0.0,0.0,0.0,0.0,0.0,0.0,0.0,0.0,0.0,0.0,,,,0.0,0.0,0.0,9.03,-0.0,,0.0,9.03
Drew Sample,CIN,TE,consensus,drewsample,0.0,0.0,0.0,0.0,0.0,0.0,0.0,0.0,0.1,33.9,15.2,123.2,1.1,0.0,0.0,0.0,0.0,0.0,0.0,0.0,0.0,0.0,0.0,0.0,,,,0.0,0.0,0.0,34.12,-0.2,,0.0,33.92
Drew Sample,CIN,TE,high,drewsample,0.0,0.0,0.0,0.0,0.0,0.0,0.0,0.0,0.0,36.7,17.3,146.3,1.2,0.0,0.0,0.0,0.0,0.0,0.0,0.0,0.0,0.0,0.0,0.0,,,,0.0,0.0,0.0,39.13,-0.0,,0.0,39.13
Drew Sample,CIN,TE,low,drewsample,0.0,0.0,0.0,0.0,0.0,0.0,0.0,0.0,0.1,25.2,13.0,100.0,1.0,0.0,0.0,0.0,0.0,0.0,0.0,0.0,0.0,0.0,0.0,0.0,,,,0.0,0.0,0.0,29.0,-0.2,,0.0,28.8
Durham Smythe,BAL,TE,consensus,durhamsmythe,0.0,0.0,0.0,0.0,0.0,0.0,0.0,0.0,0.1,23.5,9.8,94.0,0.7,0.0,0.0,0.0,0.0,0.0,0.0,0.0,0.0,0.0,0.0,0.0,,,,0.0,0.0,0.0,23.4,-0.2,,0.0,23.2
Durham Smythe,BAL,TE,high,durhamsmythe,0.0,0.0,0.0,0.0,0.0,0.0,0.0,0.0,0.1,23.6,9.8,94.0,0.7,0.0,0.0,0.0,0.0,0.0,0.0,0.0,0.0,0.0,0.0,0.0,,,,0.0,0.0,0.0,23.4,-0.2,,0.0,23.2
Durham Smythe,BAL,TE,low,durhamsmythe,0.0,0.0,0.0,0.0,0.0,0.0,0.0,0.0,0.1,23.6,9.8,94.0,0.7,0.0,0.0,0.0,0.0,0.0,0.0,0.0,0.0,0.0,0.0,0.0,,,,0.0,0.0,0.0,23.4,-0.2,,0.0,23.2
Eli Raridon,NE,TE,consensus,eliraridon,0.0,0.0,0.0,0.0,0.0,0.0,0.0,0.0,0.6,46.2,18.8,192.8,1.5,0.0,0.0,0.0,0.0,0.0,0.0,0.0,0.0,0.0,0.0,0.0,,,,0.0,0.0,0.0,47.08,-1.2,,0.0,45.88
Eli Raridon,NE,TE,high,eliraridon,0.0,0.0,0.0,0.0,0.0,0.0,0.0,0.0,0.1,43.8,22.0,235.0,2.0,0.0,0.0,0.0,0.0,0.0,0.0,0.0,0.0,0.0,0.0,0.0,,,,0.0,0.0,0.0,57.5,-0.2,,0.0,57.3
Eli Raridon,NE,TE,low,eliraridon,0.0,0.0,0.0,0.0,0.0,0.0,0.0,0.0,1.0,40.3,15.6,150.5,1.1,0.0,0.0,0.0,0.0,0.0,0.0,0.0,0.0,0.0,0.0,0.0,,,,0.0,0.0,0.0,37.25,-2.0,,0.0,35.25
Eli Stowers,PHI,TE,consensus,elistowers,0.0,0.0,0.0,0.0,0.0,0.0,0.0,0.0,0.6,49.6,20.9,214.5,1.4,0.0,0.0,0.0,0.0,0.0,0.0,0.0,0.0,0.0,0.0,0.0,,,,0.0,0.0,0.0,50.75,-1.2,,0.0,49.55
Eli Stowers,PHI,TE,high,elistowers,0.0,0.0,0.0,0.0,0.0,0.0,0.0,0.0,0.1,52.9,31.0,322.0,2.0,0.0,0.0,0.0,0.0,0.0,0.0,0.0,0.0,0.0,0.0,0.0,,,,0.0,0.0,0.0,75.2,-0.2,,0.0,75.0
Eli Stowers,PHI,TE,low,elistowers,0.0,0.0,0.0,0.0,0.0,0.0,0.0,0.0,1.0,39.1,10.8,106.9,0.8,0.0,0.0,0.0,0.0,0.0,0.0,0.0,0.0,0.0,0.0,0.0,,,,0.0,0.0,0.0,26.29,-2.0,,0.0,24.29
Elijah Arroyo,SEA,TE,consensus,elijaharroyo,0.0,0.0,0.0,0.0,0.0,0.0,0.0,0.0,0.2,58.4,23.6,240.1,1.9,0.0,0.0,0.0,0.0,0.0,0.0,0.0,0.0,0.0,0.0,0.0,,,,0.0,0.0,0.0,59.01,-0.4,,0.0,58.61
Elijah Arroyo,SEA,TE,high,elijaharroyo,0.0,0.0,0.0,0.0,0.0,0.0,0.0,0.0,0.2,68.7,24.1,264.2,2.0,0.0,0.0,0.0,0.0,0.0,0.0,0.0,0.0,0.0,0.0,0.0,,,,0.0,0.0,0.0,62.52,-0.4,,0.0,62.12
Elijah Arroyo,SEA,TE,low,elijaharroyo,0.0,0.0,0.0,0.0,0.0,0.0,0.0,0.0,0.2,60.1,23.0,216.0,1.7,0.0,0.0,0.0,0.0,0.0,0.0,0.0,0.0,0.0,0.0,0.0,,,,0.0,0.0,0.0,54.8,-0.4,,0.0,54.4
Elijah Higgins,ARI,TE,consensus,elijahhiggins,0.0,0.0,0.0,0.0,0.0,0.0,0.0,0.0,0.6,45.4,22.0,196.0,0.8,0.0,0.0,0.0,0.0,0.0,0.0,0.0,0.0,0.0,0.0,0.0,,,,0.0,0.0,0.0,46.4,-1.2,,0.0,45.2
Elijah Higgins,ARI,TE,high,elijahhiggins,0.0,0.0,0.0,0.0,0.0,0.0,0.0,0.0,0.2,44.0,23.0,210.0,1.0,0.0,0.0,0.0,0.0,0.0,0.0,0.0,0.0,0.0,0.0,0.0,,,,0.0,0.0,0.0,50.0,-0.4,,0.0,49.6
Elijah Higgins,ARI,TE,low,elijahhiggins,0.0,0.0,0.0,0.0,0.0,0.0,0.0,0.0,1.0,39.0,20.9,182.1,0.7,0.0,0.0,0.0,0.0,0.0,0.0,0.0,0.0,0.0,0.0,0.0,,,,0.0,0.0,0.0,43.31,-2.0,,0.0,41.31
Eric Saubert,SEA,TE,consensus,ericsaubert,0.0,0.0,0.0,0.0,0.0,0.0,0.0,0.0,0.0,8.6,3.4,34.4,0.3,0.0,0.0,0.0,0.0,0.0,0.0,0.0,0.0,0.0,0.0,0.0,,,,0.0,0.0,0.0,8.64,-0.0,,0.0,8.64
Eric Saubert,SEA,TE,high,ericsaubert,0.0,0.0,0.0,0.0,0.0,0.0,0.0,0.0,0.0,8.6,3.4,34.4,0.3,0.0,0.0,0.0,0.0,0.0,0.0,0.0,0.0,0.0,0.0,0.0,,,,0.0,0.0,0.0,8.64,-0.0,,0.0,8.64
Eric Saubert,SEA,TE,low,ericsaubert,0.0,0.0,0.0,0.0,0.0,0.0,0.0,0.0,0.0,8.6,3.4,34.4,0.3,0.0,0.0,0.0,0.0,0.0,0.0,0.0,0.0,0.0,0.0,0.0,,,,0.0,0.0,0.0,8.64,-0.0,,0.0,8.64
Erick All Jr.,CIN,TE,consensus,erickall,0.0,0.0,0.0,0.0,0.0,0.0,0.0,0.0,0.1,68.8,30.5,268.6,1.9,0.0,0.0,0.0,0.0,0.0,0.0,0.0,0.0,0.0,0.0,0.0,,,,0.0,0.0,0.0,68.76,-0.2,,0.0,68.56
Erick All Jr.,CIN,TE,high,erickall,0.0,0.0,0.0,0.0,0.0,0.0,0.0,0.0,0.0,65.1,35.0,302.0,2.0,0.0,0.0,0.0,0.0,0.0,0.0,0.0,0.0,0.0,0.0,0.0,,,,0.0,0.0,0.0,77.2,-0.0,,0.0,77.2
Erick All Jr.,CIN,TE,low,erickall,0.0,0.0,0.0,0.0,0.0,0.0,0.0,0.0,0.2,63.5,25.9,235.3,1.9,0.0,0.0,0.0,0.0,0.0,0.0,0.0,0.0,0.0,0.0,0.0,,,,0.0,0.0,0.0,60.83,-0.4,,0.0,60.43
Evan Engram,DEN,TE,consensus,evanengram,0.0,0.0,0.0,0.0,0.0,0.0,0.0,0.0,0.1,117.1,53.4,475.9,2.7,0.0,0.0,0.0,0.0,0.0,0.0,0.0,0.0,0.0,0.0,0.0,,,,0.0,0.0,0.0,117.19,-0.2,,0.0,116.99
Evan Engram,DEN,TE,high,evanengram,0.0,0.0,0.0,0.0,0.0,0.0,0.0,0.0,0.0,148.3,57.0,484.0,3.0,0.0,0.0,0.0,0.0,0.0,0.0,0.0,0.0,0.0,0.0,0.0,,,,0.0,0.0,0.0,123.4,-0.0,,0.0,123.4
Evan Engram,DEN,TE,low,evanengram,0.0,0.0,0.0,0.0,0.0,0.0,0.0,0.0,0.3,110.4,47.3,464.8,2.2,0.0,0.0,0.0,0.0,0.0,0.0,0.0,0.0,0.0,0.0,0.0,,,,0.0,0.0,0.0,106.98,-0.6,,0.0,106.38
Foster Moreau,HOU,TE,consensus,fostermoreau,0.0,0.0,0.0,0.0,0.0,0.0,0.0,0.0,0.0,27.6,9.3,105.7,1.3,0.0,0.0,0.0,0.0,0.0,0.0,0.0,0.0,0.0,0.0,0.0,,,,0.0,0.0,0.0,27.67,-0.0,,0.0,27.67
Foster Moreau,HOU,TE,high,fostermoreau,0.0,0.0,0.0,0.0,0.0,0.0,0.0,0.0,0.0,26.3,11.0,132.0,2.0,0.0,0.0,0.0,0.0,0.0,0.0,0.0,0.0,0.0,0.0,0.0,,,,0.0,0.0,0.0,36.2,-0.0,,0.0,36.2
Foster Moreau,HOU,TE,low,fostermoreau,0.0,0.0,0.0,0.0,0.0,0.0,0.0,0.0,0.1,20.8,7.7,79.4,0.6,0.0,0.0,0.0,0.0,0.0,0.0,0.0,0.0,0.0,0.0,0.0,,,,0.0,0.0,0.0,19.24,-0.2,,0.0,19.04
George Kittle,SF,TE,consensus,georgekittle,0.0,0.0,0.0,0.0,0.0,0.0,0.0,0.0,0.2,175.7,66.3,753.4,5.7,0.0,0.0,0.0,0.0,0.0,0.0,0.0,0.0,0.0,0.0,0.0,,,,0.0,0.0,0.0,175.84,-0.4,,0.0,175.44
George Kittle,SF,TE,high,georgekittle,0.0,0.0,0.0,0.0,0.0,0.0,0.0,0.0,0.0,190.3,72.0,845.0,7.0,0.0,0.0,0.0,0.0,0.0,0.0,0.0,0.0,0.0,0.0,0.0,,,,0.0,0.0,0.0,198.5,-0.0,,0.0,198.5
George Kittle,SF,TE,low,georgekittle,0.0,0.0,0.0,0.0,0.0,0.0,0.0,0.0,0.3,173.3,57.0,655.0,5.0,0.0,0.0,0.0,0.0,0.0,0.0,0.0,0.0,0.0,0.0,0.0,,,,0.0,0.0,0.0,152.5,-0.6,,0.0,151.9
Grant Calcaterra,PHI,TE,consensus,grantcalcaterra,0.0,0.0,0.0,0.0,0.0,0.0,0.0,0.0,0.0,28.5,11.0,115.0,1.0,0.0,0.0,0.0,0.0,0.0,0.0,0.0,0.0,0.0,0.0,0.0,,,,0.0,0.0,0.0,28.5,-0.0,,0.0,28.5
Grant Calcaterra,PHI,TE,high,grantcalcaterra,0.0,0.0,0.0,0.0,0.0,0.0,0.0,0.0,0.0,38.0,22.0,230.0,2.0,0.0,0.0,0.0,0.0,0.0,0.0,0.0,0.0,0.0,0.0,0.0,,,,0.0,0.0,0.0,57.0,-0.0,,0.0,57.0
Grant Calcaterra,PHI,TE,low,grantcalcaterra,0.0,0.0,0.0,0.0,0.0,0.0,0.0,0.0,0.0,11.0,0.0,0.0,0.0,0.0,0.0,0.0,0.0,0.0,0.0,0.0,0.0,0.0,0.0,0.0,,,,0.0,0.0,0.0,0.0,-0.0,,0.0,0.0
Greg Dulcich,MIA,TE,consensus,gregdulcich,0.0,0.0,0.0,0.0,0.0,0.0,0.0,0.0,1.2,133.5,54.6,620.0,3.2,0.0,0.0,0.0,0.0,0.0,0.0,0.0,0.0,0.0,0.0,0.0,,,,0.0,0.0,0.0,135.8,-2.4,,0.0,133.4
Greg Dulcich,MIA,TE,high,gregdulcich,0.0,0.0,0.0,0.0,0.0,0.0,0.0,0.0,0.4,166.2,58.0,674.0,4.0,0.0,0.0,0.0,0.0,0.0,0.0,0.0,0.0,0.0,0.0,0.0,,,,0.0,0.0,0.0,149.4,-0.8,,0.0,148.6
Greg Dulcich,MIA,TE,low,gregdulcich,0.0,0.0,0.0,0.0,0.0,0.0,0.0,0.0,2.0,122.0,51.7,580.0,1.7,0.0,0.0,0.0,0.0,0.0,0.0,0.0,0.0,0.0,0.0,0.0,,,,0.0,0.0,0.0,119.9,-4.0,,0.0,115.9
Gunnar Helm,TEN,TE,consensus,gunnarhelm,0.0,0.0,0.0,0.0,0.0,0.0,0.0,0.0,0.2,111.6,48.9,444.1,3.1,0.0,0.0,0.0,0.0,0.0,0.0,0.0,0.0,0.0,0.0,0.0,,,,0.0,0.0,0.0,111.91,-0.4,,0.0,111.51
Gunnar Helm,TEN,TE,high,gunnarhelm,0.0,0.0,0.0,0.0,0.0,0.0,0.0,0.0,0.0,134.9,57.7,499.2,3.3,0.0,0.0,0.0,0.0,0.0,0.0,0.0,0.0,0.0,0.0,0.0,,,,0.0,0.0,0.0,127.42,-0.0,,0.0,127.42
Gunnar Helm,TEN,TE,low,gunnarhelm,0.0,0.0,0.0,0.0,0.0,0.0,0.0,0.0,0.4,96.9,44.0,378.0,3.0,0.0,0.0,0.0,0.0,0.0,0.0,0.0,0.0,0.0,0.0,0.0,,,,0.0,0.0,0.0,99.8,-0.8,,0.0,99.0
Harold Fannin Jr.,CLE,TE,consensus,haroldfannin,0.0,0.0,0.0,0.0,0.0,0.0,0.0,0.0,0.8,191.1,78.7,816.3,5.4,0.0,0.0,0.0,0.0,0.0,0.0,0.0,0.0,0.0,0.0,0.0,,,,0.0,0.0,0.0,192.73,-1.6,,0.0,191.13
Harold Fannin Jr.,CLE,TE,high,haroldfannin,0.0,0.0,0.0,0.0,0.0,0.0,0.0,0.0,0.6,227.3,83.0,829.0,8.0,0.0,0.0,0.0,0.0,0.0,0.0,0.0,0.0,0.0,0.0,0.0,,,,0.0,0.0,0.0,213.9,-1.2,,0.0,212.7
Harold Fannin Jr.,CLE,TE,low,haroldfannin,0.0,0.0,0.0,0.0,0.0,0.0,0.0,0.0,1.0,183.3,76.0,801.0,3.2,0.0,0.0,0.0,0.0,0.0,0.0,0.0,0.0,0.0,0.0,0.0,,,,0.0,0.0,0.0,175.3,-2.0,,0.0,173.3
Hayden Rucci,SF,TE,consensus,haydenrucci,0.0,0.0,0.0,0.0,0.0,0.0,0.0,0.0,0.0,29.8,12.0,118.0,1.0,0.0,0.0,0.0,0.0,0.0,0.0,0.0,0.0,0.0,0.0,0.0,,,,0.0,0.0,0.0,29.8,-0.0,,0.0,29.8
Hayden Rucci,SF,TE,high,haydenrucci,0.0,0.0,0.0,0.0,0.0,0.0,0.0,0.0,0.0,22.0,12.0,118.0,1.0,0.0,0.0,0.0,0.0,0.0,0.0,0.0,0.0,0.0,0.0,0.0,,,,0.0,0.0,0.0,29.8,-0.0,,0.0,29.8
Hayden Rucci,SF,TE,low,haydenrucci,0.0,0.0,0.0,0.0,0.0,0.0,0.0,0.0,0.0,22.0,12.0,118.0,1.0,0.0,0.0,0.0,0.0,0.0,0.0,0.0,0.0,0.0,0.0,0.0,,,,0.0,0.0,0.0,29.8,-0.0,,0.0,29.8
Hunter Henry,NE,TE,consensus,hunterhenry,0.0,0.0,0.0,0.0,0.0,0.0,0.0,0.0,0.1,150.4,55.6,645.2,5.1,0.0,0.0,0.0,0.0,0.0,0.0,0.0,0.0,0.0,0.0,0.0,,,,0.0,0.0,0.0,150.72,-0.2,,0.0,150.52
Hunter Henry,NE,TE,high,hunterhenry,0.0,0.0,0.0,0.0,0.0,0.0,0.0,0.0,0.0,175.5,56.0,684.0,5.2,0.0,0.0,0.0,0.0,0.0,0.0,0.0,0.0,0.0,0.0,0.0,,,,0.0,0.0,0.0,155.6,-0.0,,0.0,155.6
Hunter Henry,NE,TE,low,hunterhenry,0.0,0.0,0.0,0.0,0.0,0.0,0.0,0.0,0.2,146.6,55.0,624.0,5.0,0.0,0.0,0.0,0.0,0.0,0.0,0.0,0.0,0.0,0.0,0.0,,,,0.0,0.0,0.0,147.4,-0.4,,0.0,147.0
Hunter Long,JAC,TE,consensus,hunterlong,0.0,0.0,0.0,0.0,0.0,0.0,0.0,0.0,0.0,15.5,5.0,45.0,1.0,0.0,0.0,0.0,0.0,0.0,0.0,0.0,0.0,0.0,0.0,0.0,,,,0.0,0.0,0.0,15.5,-0.0,,0.0,15.5
Hunter Long,JAC,TE,high,hunterlong,0.0,0.0,0.0,0.0,0.0,0.0,0.0,0.0,0.0,21.0,10.0,90.0,2.0,0.0,0.0,0.0,0.0,0.0,0.0,0.0,0.0,0.0,0.0,0.0,,,,0.0,0.0,0.0,31.0,-0.0,,0.0,31.0
Hunter Long,JAC,TE,low,hunterlong,0.0,0.0,0.0,0.0,0.0,0.0,0.0,0.0,0.0,5.0,0.0,0.0,0.0,0.0,0.0,0.0,0.0,0.0,0.0,0.0,0.0,0.0,0.0,0.0,,,,0.0,0.0,0.0,0.0,-0.0,,0.0,0.0
Ian Thomas,LV,TE,consensus,ianthomas,0.0,0.0,0.0,0.0,0.0,0.0,0.0,0.0,0.0,16.5,6.9,62.0,0.6,0.0,0.0,0.0,0.0,0.0,0.0,0.0,0.0,0.0,0.0,0.0,,,,0.0,0.0,0.0,16.7,-0.0,,0.0,16.7
Ian Thomas,LV,TE,high,ianthomas,0.0,0.0,0.0,0.0,0.0,0.0,0.0,0.0,0.0,16.9,10.0,88.0,1.0,0.0,0.0,0.0,0.0,0.0,0.0,0.0,0.0,0.0,0.0,0.0,,,,0.0,0.0,0.0,24.8,-0.0,,0.0,24.8
Ian Thomas,LV,TE,low,ianthomas,0.0,0.0,0.0,0.0,0.0,0.0,0.0,0.0,0.0,11.4,3.8,36.0,0.2,0.0,0.0,0.0,0.0,0.0,0.0,0.0,0.0,0.0,0.0,0.0,,,,0.0,0.0,0.0,8.6,-0.0,,0.0,8.6
Isaiah Likely,NYG,TE,consensus,isaiahlikely,0.0,0.0,0.0,0.0,0.0,0.0,0.0,0.0,1.3,165.0,62.8,745.2,5.0,0.0,0.0,0.0,0.0,0.0,0.0,0.0,0.0,0.0,0.0,0.0,,,,0.0,0.0,0.0,167.32,-2.6,,0.0,164.72
Isaiah Likely,NYG,TE,high,isaiahlikely,0.0,0.0,0.0,0.0,0.0,0.0,0.0,0.0,0.5,181.8,69.0,897.0,7.0,0.0,0.0,0.0,0.0,0.0,0.0,0.0,0.0,0.0,0.0,0.0,,,,0.0,0.0,0.0,200.7,-1.0,,0.0,199.7
Isaiah Likely,NYG,TE,low,isaiahlikely,0.0,0.0,0.0,0.0,0.0,0.0,0.0,0.0,2.0,155.1,56.0,656.0,4.0,0.0,0.0,0.0,0.0,0.0,0.0,0.0,0.0,0.0,0.0,0.0,,,,0.0,0.0,0.0,145.6,-4.0,,0.0,141.6
Ja'Tavion Sanders,CAR,TE,consensus,jatavionsanders,0.0,0.0,0.0,0.0,0.0,0.0,0.0,0.0,0.1,46.6,21.5,190.4,1.0,0.0,0.0,0.0,0.0,0.0,0.0,0.0,0.0,0.0,0.0,0.0,,,,0.0,0.0,0.0,46.54,-0.2,,0.0,46.34
Ja'Tavion Sanders,CAR,TE,high,jatavionsanders,0.0,0.0,0.0,0.0,0.0,0.0,0.0,0.0,0.0,59.0,25.0,215.0,1.1,0.0,0.0,0.0,0.0,0.0,0.0,0.0,0.0,0.0,0.0,0.0,,,,0.0,0.0,0.0,53.1,-0.0,,0.0,53.1
Ja'Tavion Sanders,CAR,TE,low,jatavionsanders,0.0,0.0,0.0,0.0,0.0,0.0,0.0,0.0,0.1,39.5,19.5,164.3,1.0,0.0,0.0,0.0,0.0,0.0,0.0,0.0,0.0,0.0,0.0,0.0,,,,0.0,0.0,0.0,41.93,-0.2,,0.0,41.73
Jack Endries,CIN,TE,consensus,jackendries,0.0,0.0,0.0,0.0,0.0,0.0,0.0,0.0,0.0,31.3,13.0,123.0,1.0,0.0,0.0,0.0,0.0,0.0,0.0,0.0,0.0,0.0,0.0,0.0,,,,0.0,0.0,0.0,31.3,-0.0,,0.0,31.3
Jack Endries,CIN,TE,high,jackendries,0.0,0.0,0.0,0.0,0.0,0.0,0.0,0.0,0.0,24.0,13.0,123.0,1.0,0.0,0.0,0.0,0.0,0.0,0.0,0.0,0.0,0.0,0.0,0.0,,,,0.0,0.0,0.0,31.3,-0.0,,0.0,31.3
Jack Endries,CIN,TE,low,jackendries,0.0,0.0,0.0,0.0,0.0,0.0,0.0,0.0,0.0,24.0,13.0,123.0,1.0,0.0,0.0,0.0,0.0,0.0,0.0,0.0,0.0,0.0,0.0,0.0,,,,0.0,0.0,0.0,31.3,-0.0,,0.0,31.3
Jack Stoll,CLE,TE,consensus,jackstoll,0.0,0.0,0.0,0.0,0.0,0.0,0.0,0.0,0.0,7.5,3.6,30.4,0.2,0.0,0.0,0.0,0.0,0.0,0.0,0.0,0.0,0.0,0.0,0.0,,,,0.0,0.0,0.0,7.84,-0.0,,0.0,7.84
Jack Stoll,CLE,TE,high,jackstoll,0.0,0.0,0.0,0.0,0.0,0.0,0.0,0.0,0.0,7.6,3.6,30.4,0.2,0.0,0.0,0.0,0.0,0.0,0.0,0.0,0.0,0.0,0.0,0.0,,,,0.0,0.0,0.0,7.84,-0.0,,0.0,7.84
Jack Stoll,CLE,TE,low,jackstoll,0.0,0.0,0.0,0.0,0.0,0.0,0.0,0.0,0.0,7.6,3.6,30.4,0.2,0.0,0.0,0.0,0.0,0.0,0.0,0.0,0.0,0.0,0.0,0.0,,,,0.0,0.0,0.0,7.84,-0.0,,0.0,7.84
Jackson Hawes,BUF,TE,consensus,jacksonhawes,0.0,0.0,0.0,0.0,0.0,0.0,0.0,0.0,0.0,30.6,10.5,115.1,1.4,0.0,0.0,0.0,0.0,0.0,0.0,0.0,0.0,0.0,0.0,0.0,,,,0.0,0.0,0.0,30.41,-0.0,,0.0,30.41
Jackson Hawes,BUF,TE,high,jacksonhawes,0.0,0.0,0.0,0.0,0.0,0.0,0.0,0.0,0.0,27.5,11.1,120.0,2.0,0.0,0.0,0.0,0.0,0.0,0.0,0.0,0.0,0.0,0.0,0.0,,,,0.0,0.0,0.0,35.1,-0.0,,0.0,35.1
Jackson Hawes,BUF,TE,low,jacksonhawes,0.0,0.0,0.0,0.0,0.0,0.0,0.0,0.0,0.1,26.9,10.0,110.1,0.9,0.0,0.0,0.0,0.0,0.0,0.0,0.0,0.0,0.0,0.0,0.0,,,,0.0,0.0,0.0,26.41,-0.2,,0.0,26.21
Jake Ferguson,DAL,TE,consensus,jakeferguson,0.0,0.0,0.0,0.0,0.0,0.0,0.0,0.0,1.4,167.4,73.9,606.4,5.9,0.0,0.0,0.0,0.0,0.0,0.0,0.0,0.0,0.0,0.0,0.0,,,,0.0,0.0,0.0,169.94,-2.8,,0.0,167.14
Jake Ferguson,DAL,TE,high,jakeferguson,0.0,0.0,0.0,0.0,0.0,0.0,0.0,0.0,0.8,197.9,78.0,636.0,7.0,0.0,0.0,0.0,0.0,0.0,0.0,0.0,0.0,0.0,0.0,0.0,,,,0.0,0.0,0.0,183.6,-1.6,,0.0,182.0
Jake Ferguson,DAL,TE,low,jakeferguson,0.0,0.0,0.0,0.0,0.0,0.0,0.0,0.0,2.0,166.9,71.0,585.0,5.0,0.0,0.0,0.0,0.0,0.0,0.0,0.0,0.0,0.0,0.0,0.0,,,,0.0,0.0,0.0,159.5,-4.0,,0.0,155.5
Jake Tonges,SF,TE,consensus,jaketonges,0.0,0.0,0.0,0.0,0.0,0.0,0.0,0.0,0.1,48.0,19.1,199.9,1.5,0.0,0.0,0.0,0.0,0.0,0.0,0.0,0.0,0.0,0.0,0.0,,,,0.0,0.0,0.0,48.09,-0.2,,0.0,47.89
Jake Tonges,SF,TE,high,jaketonges,0.0,0.0,0.0,0.0,0.0,0.0,0.0,0.0,0.1,70.1,25.0,265.0,2.0,0.0,0.0,0.0,0.0,0.0,0.0,0.0,0.0,0.0,0.0,0.0,,,,0.0,0.0,0.0,63.5,-0.2,,0.0,63.3
Jake Tonges,SF,TE,low,jaketonges,0.0,0.0,0.0,0.0,0.0,0.0,0.0,0.0,0.1,38.7,13.2,134.7,1.0,0.0,0.0,0.0,0.0,0.0,0.0,0.0,0.0,0.0,0.0,0.0,,,,0.0,0.0,0.0,32.67,-0.2,,0.0,32.47
Jared Wiley,KC,TE,consensus,jaredwiley,0.0,0.0,0.0,0.0,0.0,0.0,0.0,0.0,0.0,26.6,11.0,96.0,1.0,0.0,0.0,0.0,0.0,0.0,0.0,0.0,0.0,0.0,0.0,0.0,,,,0.0,0.0,0.0,26.6,-0.0,,0.0,26.6
Jared Wiley,KC,TE,high,jaredwiley,0.0,0.0,0.0,0.0,0.0,0.0,0.0,0.0,0.0,21.0,11.0,96.0,1.0,0.0,0.0,0.0,0.0,0.0,0.0,0.0,0.0,0.0,0.0,0.0,,,,0.0,0.0,0.0,26.6,-0.0,,0.0,26.6
Jared Wiley,KC,TE,low,jaredwiley,0.0,0.0,0.0,0.0,0.0,0.0,0.0,0.0,0.0,21.0,11.0,96.0,1.0,0.0,0.0,0.0,0.0,0.0,0.0,0.0,0.0,0.0,0.0,0.0,,,,0.0,0.0,0.0,26.6,-0.0,,0.0,26.6
Jelani Woods,NYJ,TE,consensus,jelaniwoods,0.0,0.0,0.0,0.0,0.0,0.0,0.0,0.0,0.0,0.0,0.0,0.0,0.0,0.0,0.0,0.0,0.0,0.0,0.0,0.0,0.0,0.0,0.0,0.0,,,,0.0,0.0,0.0,0.0,-0.0,,0.0,0.0
Jelani Woods,NYJ,TE,high,jelaniwoods,0.0,0.0,0.0,0.0,0.0,0.0,0.0,0.0,0.0,0.0,0.0,0.0,0.0,0.0,0.0,0.0,0.0,0.0,0.0,0.0,0.0,0.0,0.0,0.0,,,,0.0,0.0,0.0,0.0,-0.0,,0.0,0.0
Jelani Woods,NYJ,TE,low,jelaniwoods,0.0,0.0,0.0,0.0,0.0,0.0,0.0,0.0,0.0,0.0,0.0,0.0,0.0,0.0,0.0,0.0,0.0,0.0,0.0,0.0,0.0,0.0,0.0,0.0,,,,0.0,0.0,0.0,0.0,-0.0,,0.0,0.0
Jeremy Ruckert,NYJ,TE,consensus,jeremyruckert,0.0,0.0,0.0,0.0,0.0,0.0,0.0,0.0,0.0,41.9,19.7,146.3,1.3,0.0,0.0,0.0,0.0,0.0,0.0,0.0,0.0,0.0,0.0,0.0,,,,0.0,0.0,0.0,42.13,-0.0,,0.0,42.13
Jeremy Ruckert,NYJ,TE,high,jeremyruckert,0.0,0.0,0.0,0.0,0.0,0.0,0.0,0.0,0.0,43.7,27.0,196.0,2.0,0.0,0.0,0.0,0.0,0.0,0.0,0.0,0.0,0.0,0.0,0.0,,,,0.0,0.0,0.0,58.6,-0.0,,0.0,58.6
Jeremy Ruckert,NYJ,TE,low,jeremyruckert,0.0,0.0,0.0,0.0,0.0,0.0,0.0,0.0,0.1,32.6,12.4,96.7,0.6,0.0,0.0,0.0,0.0,0.0,0.0,0.0,0.0,0.0,0.0,0.0,,,,0.0,0.0,0.0,25.67,-0.2,,0.0,25.47
Joe Royer,CLE,TE,consensus,joeroyer,0.0,0.0,0.0,0.0,0.0,0.0,0.0,0.0,0.1,16.2,7.5,67.4,0.3,0.0,0.0,0.0,0.0,0.0,0.0,0.0,0.0,0.0,0.0,0.0,,,,0.0,0.0,0.0,16.04,-0.2,,0.0,15.84
Joe Royer,CLE,TE,high,joeroyer,0.0,0.0,0.0,0.0,0.0,0.0,0.0,0.0,0.1,16.3,7.5,67.4,0.3,0.0,0.0,0.0,0.0,0.0,0.0,0.0,0.0,0.0,0.0,0.0,,,,0.0,0.0,0.0,16.04,-0.2,,0.0,15.84
Joe Royer,CLE,TE,low,joeroyer,0.0,0.0,0.0,0.0,0.0,0.0,0.0,0.0,0.1,16.3,7.5,67.4,0.3,0.0,0.0,0.0,0.0,0.0,0.0,0.0,0.0,0.0,0.0,0.0,,,,0.0,0.0,0.0,16.04,-0.2,,0.0,15.84
John Bates,WAS,TE,consensus,johnbates,0.0,0.0,0.0,0.0,0.0,0.0,0.0,0.0,0.6,42.4,17.1,169.9,1.6,0.0,0.0,0.0,0.0,0.0,0.0,0.0,0.0,0.0,0.0,0.0,,,,0.0,0.0,0.0,43.69,-1.2,,0.0,42.49
John Bates,WAS,TE,high,johnbates,0.0,0.0,0.0,0.0,0.0,0.0,0.0,0.0,0.1,40.1,20.0,204.0,2.0,0.0,0.0,0.0,0.0,0.0,0.0,0.0,0.0,0.0,0.0,0.0,,,,0.0,0.0,0.0,52.4,-0.2,,0.0,52.2
John Bates,WAS,TE,low,johnbates,0.0,0.0,0.0,0.0,0.0,0.0,0.0,0.0,1.0,37.5,14.1,135.8,1.2,0.0,0.0,0.0,0.0,0.0,0.0,0.0,0.0,0.0,0.0,0.0,,,,0.0,0.0,0.0,34.88,-2.0,,0.0,32.88
Johnny Mundt,PHI,TE,consensus,johnnymundt,0.0,0.0,0.0,0.0,0.0,0.0,0.0,0.0,0.0,8.2,3.5,35.4,0.2,0.0,0.0,0.0,0.0,0.0,0.0,0.0,0.0,0.0,0.0,0.0,,,,0.0,0.0,0.0,8.24,-0.0,,0.0,8.24
Johnny Mundt,PHI,TE,high,johnnymundt,0.0,0.0,0.0,0.0,0.0,0.0,0.0,0.0,0.0,8.2,3.5,35.4,0.2,0.0,0.0,0.0,0.0,0.0,0.0,0.0,0.0,0.0,0.0,0.0,,,,0.0,0.0,0.0,8.24,-0.0,,0.0,8.24
Johnny Mundt,PHI,TE,low,johnnymundt,0.0,0.0,0.0,0.0,0.0,0.0,0.0,0.0,0.0,8.2,3.5,35.4,0.2,0.0,0.0,0.0,0.0,0.0,0.0,0.0,0.0,0.0,0.0,0.0,,,,0.0,0.0,0.0,8.24,-0.0,,0.0,8.24
Josh Cuevas,BAL,TE,consensus,joshcuevas,0.0,0.0,0.0,0.0,0.0,0.0,0.0,0.0,0.0,16.2,5.7,66.4,0.6,0.0,0.0,0.0,0.0,0.0,0.0,0.0,0.0,0.0,0.0,0.0,,,,0.0,0.0,0.0,15.94,-0.0,,0.0,15.94
Josh Cuevas,BAL,TE,high,joshcuevas,0.0,0.0,0.0,0.0,0.0,0.0,0.0,0.0,0.0,15.7,8.0,97.0,1.0,0.0,0.0,0.0,0.0,0.0,0.0,0.0,0.0,0.0,0.0,0.0,,,,0.0,0.0,0.0,23.7,-0.0,,0.0,23.7
Josh Cuevas,BAL,TE,low,joshcuevas,0.0,0.0,0.0,0.0,0.0,0.0,0.0,0.0,0.0,11.0,3.3,35.8,0.3,0.0,0.0,0.0,0.0,0.0,0.0,0.0,0.0,0.0,0.0,0.0,,,,0.0,0.0,0.0,8.68,-0.0,,0.0,8.68
Josh Oliver,MIN,TE,consensus,josholiver,0.0,0.0,0.0,0.0,0.0,0.0,0.0,0.0,0.1,52.1,18.6,194.3,2.4,0.0,0.0,0.0,0.0,0.0,0.0,0.0,0.0,0.0,0.0,0.0,,,,0.0,0.0,0.0,52.43,-0.2,,0.0,52.23
Josh Oliver,MIN,TE,high,josholiver,0.0,0.0,0.0,0.0,0.0,0.0,0.0,0.0,0.0,58.6,22.0,244.0,4.0,0.0,0.0,0.0,0.0,0.0,0.0,0.0,0.0,0.0,0.0,0.0,,,,0.0,0.0,0.0,70.4,-0.0,,0.0,70.4
Josh Oliver,MIN,TE,low,josholiver,0.0,0.0,0.0,0.0,0.0,0.0,0.0,0.0,0.1,40.3,16.7,150.8,1.1,0.0,0.0,0.0,0.0,0.0,0.0,0.0,0.0,0.0,0.0,0.0,,,,0.0,0.0,0.0,38.38,-0.2,,0.0,38.18
Josh Whyle,GB,TE,consensus,joshwhyle,0.0,0.0,0.0,0.0,0.0,0.0,0.0,0.0,0.0,8.8,3.6,33.0,0.3,0.0,0.0,0.0,0.0,0.0,0.0,0.0,0.0,0.0,0.0,0.0,,,,0.0,0.0,0.0,8.7,-0.0,,0.0,8.7
Josh Whyle,GB,TE,high,joshwhyle,0.0,0.0,0.0,0.0,0.0,0.0,0.0,0.0,0.0,8.8,3.6,33.0,0.3,0.0,0.0,0.0,0.0,0.0,0.0,0.0,0.0,0.0,0.0,0.0,,,,0.0,0.0,0.0,8.7,-0.0,,0.0,8.7
Josh Whyle,GB,TE,low,joshwhyle,0.0,0.0,0.0,0.0,0.0,0.0,0.0,0.0,0.0,8.8,3.6,33.0,0.3,0.0,0.0,0.0,0.0,0.0,0.0,0.0,0.0,0.0,0.0,0.0,,,,0.0,0.0,0.0,8.7,-0.0,,0.0,8.7
Julian Hill,NE,TE,consensus,julianhill,0.0,0.0,0.0,0.0,0.0,0.0,0.0,0.0,0.0,0.0,0.0,0.0,0.0,0.0,0.0,0.0,0.0,0.0,0.0,0.0,0.0,0.0,0.0,0.0,,,,0.0,0.0,0.0,0.0,-0.0,,0.0,0.0
Julian Hill,NE,TE,high,julianhill,0.0,0.0,0.0,0.0,0.0,0.0,0.0,0.0,0.0,0.0,0.0,0.0,0.0,0.0,0.0,0.0,0.0,0.0,0.0,0.0,0.0,0.0,0.0,0.0,,,,0.0,0.0,0.0,0.0,-0.0,,0.0,0.0
Julian Hill,NE,TE,low,julianhill,0.0,0.0,0.0,0.0,0.0,0.0,0.0,0.0,0.0,0.0,0.0,0.0,0.0,0.0,0.0,0.0,0.0,0.0,0.0,0.0,0.0,0.0,0.0,0.0,,,,0.0,0.0,0.0,0.0,-0.0,,0.0,0.0
Justin Joly,DEN,TE,consensus,justinjoly,0.0,0.0,0.0,0.0,0.0,0.0,0.0,0.0,0.0,9.5,4.0,37.9,0.3,0.0,0.0,0.0,0.0,0.0,0.0,0.0,0.0,0.0,0.0,0.0,,,,0.0,0.0,0.0,9.59,-0.0,,0.0,9.59
Justin Joly,DEN,TE,high,justinjoly,0.0,0.0,0.0,0.0,0.0,0.0,0.0,0.0,0.0,9.6,4.0,37.9,0.3,0.0,0.0,0.0,0.0,0.0,0.0,0.0,0.0,0.0,0.0,0.0,,,,0.0,0.0,0.0,9.59,-0.0,,0.0,9.59
Justin Joly,DEN,TE,low,justinjoly,0.0,0.0,0.0,0.0,0.0,0.0,0.0,0.0,0.0,9.6,4.0,37.9,0.3,0.0,0.0,0.0,0.0,0.0,0.0,0.0,0.0,0.0,0.0,0.0,,,,0.0,0.0,0.0,9.59,-0.0,,0.0,9.59
Juwan Johnson,NO,TE,consensus,juwanjohnson,0.0,0.0,0.0,0.0,0.0,0.0,0.0,0.0,1.3,154.7,64.7,730.4,3.3,0.0,0.0,0.0,0.0,0.0,0.0,0.0,0.0,0.0,0.0,0.0,,,,0.0,0.0,0.0,157.54,-2.6,,0.0,154.94
Juwan Johnson,NO,TE,high,juwanjohnson,0.0,0.0,0.0,0.0,0.0,0.0,0.0,0.0,0.6,180.3,71.0,870.0,4.0,0.0,0.0,0.0,0.0,0.0,0.0,0.0,0.0,0.0,0.0,0.0,,,,0.0,0.0,0.0,182.0,-1.2,,0.0,180.8
Juwan Johnson,NO,TE,low,juwanjohnson,0.0,0.0,0.0,0.0,0.0,0.0,0.0,0.0,2.0,145.1,60.0,645.1,2.8,0.0,0.0,0.0,0.0,0.0,0.0,0.0,0.0,0.0,0.0,0.0,,,,0.0,0.0,0.0,141.31,-4.0,,0.0,137.31
Kenyon Sadiq,NYJ,TE,consensus,kenyonsadiq,0.0,0.0,0.0,0.0,0.0,0.0,0.0,0.0,0.7,127.3,49.7,546.6,4.1,0.0,0.0,0.0,0.0,0.0,0.0,0.0,0.0,0.0,0.0,0.0,,,,0.0,0.0,0.0,128.96,-1.4,,0.0,127.56
Kenyon Sadiq,NYJ,TE,high,kenyonsadiq,0.0,0.0,0.0,0.0,0.0,0.0,0.0,0.0,0.4,140.6,63.2,656.8,6.0,0.0,0.0,0.0,0.0,0.0,0.0,0.0,0.0,0.0,0.0,0.0,,,,0.0,0.0,0.0,164.88,-0.8,,0.0,164.08
Kenyon Sadiq,NYJ,TE,low,kenyonsadiq,0.0,0.0,0.0,0.0,0.0,0.0,0.0,0.0,1.0,126.7,39.0,455.0,2.0,0.0,0.0,0.0,0.0,0.0,0.0,0.0,0.0,0.0,0.0,0.0,,,,0.0,0.0,0.0,96.5,-2.0,,0.0,94.5
Ko Kieft,TB,TE,consensus,kokieft,0.0,0.0,0.0,0.0,0.0,0.0,0.0,0.0,0.0,9.0,3.7,36.1,0.3,0.0,0.0,0.0,0.0,0.0,0.0,0.0,0.0,0.0,0.0,0.0,,,,0.0,0.0,0.0,9.11,-0.0,,0.0,9.11
Ko Kieft,TB,TE,high,kokieft,0.0,0.0,0.0,0.0,0.0,0.0,0.0,0.0,0.0,9.1,3.7,36.1,0.3,0.0,0.0,0.0,0.0,0.0,0.0,0.0,0.0,0.0,0.0,0.0,,,,0.0,0.0,0.0,9.11,-0.0,,0.0,9.11
Ko Kieft,TB,TE,low,kokieft,0.0,0.0,0.0,0.0,0.0,0.0,0.0,0.0,0.0,9.1,3.7,36.1,0.3,0.0,0.0,0.0,0.0,0.0,0.0,0.0,0.0,0.0,0.0,0.0,,,,0.0,0.0,0.0,9.11,-0.0,,0.0,9.11
Kyle Pitts Sr.,ATL,TE,consensus,kylepitts,0.0,0.0,0.0,0.0,0.0,0.0,0.0,0.0,0.1,195.7,79.5,880.9,4.7,0.0,0.0,0.0,0.0,0.0,0.0,0.0,0.0,0.0,0.0,0.0,,,,0.0,0.0,0.0,195.79,-0.2,,0.0,195.59
Kyle Pitts Sr.,ATL,TE,high,kylepitts,0.0,0.0,0.0,0.0,0.0,0.0,0.0,0.0,0.0,227.1,82.0,929.0,7.0,0.0,0.0,0.0,0.0,0.0,0.0,0.0,0.0,0.0,0.0,0.0,,,,0.0,0.0,0.0,216.9,-0.0,,0.0,216.9
Kyle Pitts Sr.,ATL,TE,low,kylepitts,0.0,0.0,0.0,0.0,0.0,0.0,0.0,0.0,0.3,184.2,76.0,856.0,3.2,0.0,0.0,0.0,0.0,0.0,0.0,0.0,0.0,0.0,0.0,0.0,,,,0.0,0.0,0.0,180.8,-0.6,,0.0,180.2
Lucas Krull,DEN,TE,consensus,lucaskrull,0.0,0.0,0.0,0.0,0.0,0.0,0.0,0.0,0.0,13.5,6.0,44.5,0.5,0.0,0.0,0.0,0.0,0.0,0.0,0.0,0.0,0.0,0.0,0.0,,,,0.0,0.0,0.0,13.45,-0.0,,0.0,13.45
Lucas Krull,DEN,TE,high,lucaskrull,0.0,0.0,0.0,0.0,0.0,0.0,0.0,0.0,0.0,16.0,12.0,89.0,1.0,0.0,0.0,0.0,0.0,0.0,0.0,0.0,0.0,0.0,0.0,0.0,,,,0.0,0.0,0.0,26.9,-0.0,,0.0,26.9
Lucas Krull,DEN,TE,low,lucaskrull,0.0,0.0,0.0,0.0,0.0,0.0,0.0,0.0,0.0,6.0,0.0,0.0,0.0,0.0,0.0,0.0,0.0,0.0,0.0,0.0,0.0,0.0,0.0,0.0,,,,0.0,0.0,0.0,0.0,-0.0,,0.0,0.0
Luke Farrell,SF,TE,consensus,lukefarrell,0.0,0.0,0.0,0.0,0.0,0.0,0.0,0.0,0.0,9.9,4.2,40.7,0.3,0.0,0.0,0.0,0.0,0.0,0.0,0.0,0.0,0.0,0.0,0.0,,,,0.0,0.0,0.0,10.07,-0.0,,0.0,10.07
Luke Farrell,SF,TE,high,lukefarrell,0.0,0.0,0.0,0.0,0.0,0.0,0.0,0.0,0.0,10.0,4.2,40.7,0.3,0.0,0.0,0.0,0.0,0.0,0.0,0.0,0.0,0.0,0.0,0.0,,,,0.0,0.0,0.0,10.07,-0.0,,0.0,10.07
Luke Farrell,SF,TE,low,lukefarrell,0.0,0.0,0.0,0.0,0.0,0.0,0.0,0.0,0.0,10.0,4.2,40.7,0.3,0.0,0.0,0.0,0.0,0.0,0.0,0.0,0.0,0.0,0.0,0.0,,,,0.0,0.0,0.0,10.07,-0.0,,0.0,10.07
Luke Musgrave,GB,TE,consensus,lukemusgrave,0.0,0.0,0.0,0.0,0.0,0.0,0.0,0.0,0.0,47.2,20.5,200.5,1.1,0.0,0.0,0.0,0.0,0.0,0.0,0.0,0.0,0.0,0.0,0.0,,,,0.0,0.0,0.0,47.15,-0.0,,0.0,47.15
Luke Musgrave,GB,TE,high,lukemusgrave,0.0,0.0,0.0,0.0,0.0,0.0,0.0,0.0,0.0,67.4,28.0,269.0,2.0,0.0,0.0,0.0,0.0,0.0,0.0,0.0,0.0,0.0,0.0,0.0,,,,0.0,0.0,0.0,66.9,-0.0,,0.0,66.9
Luke Musgrave,GB,TE,low,lukemusgrave,0.0,0.0,0.0,0.0,0.0,0.0,0.0,0.0,0.1,29.2,7.5,67.4,0.4,0.0,0.0,0.0,0.0,0.0,0.0,0.0,0.0,0.0,0.0,0.0,,,,0.0,0.0,0.0,16.64,-0.2,,0.0,16.44
Luke Schoonmaker,DAL,TE,consensus,lukeschoonmaker,0.0,0.0,0.0,0.0,0.0,0.0,0.0,0.0,0.0,30.9,13.2,121.5,0.9,0.0,0.0,0.0,0.0,0.0,0.0,0.0,0.0,0.0,0.0,0.0,,,,0.0,0.0,0.0,30.75,-0.0,,0.0,30.75
Luke Schoonmaker,DAL,TE,high,lukeschoonmaker,0.0,0.0,0.0,0.0,0.0,0.0,0.0,0.0,0.0,29.5,15.0,133.0,1.0,0.0,0.0,0.0,0.0,0.0,0.0,0.0,0.0,0.0,0.0,0.0,,,,0.0,0.0,0.0,34.3,-0.0,,0.0,34.3
Luke Schoonmaker,DAL,TE,low,lukeschoonmaker,0.0,0.0,0.0,0.0,0.0,0.0,0.0,0.0,0.1,24.2,11.4,110.0,0.9,0.0,0.0,0.0,0.0,0.0,0.0,0.0,0.0,0.0,0.0,0.0,,,,0.0,0.0,0.0,27.8,-0.2,,0.0,27.6
Mark Andrews,BAL,TE,consensus,markandrews,0.0,0.0,0.0,0.0,0.0,0.0,0.0,0.0,0.3,167.2,59.7,618.5,7.7,0.0,0.0,0.0,0.0,0.0,0.0,0.0,0.0,0.0,0.0,0.0,,,,0.0,0.0,0.0,167.75,-0.6,,0.0,167.15
Mark Andrews,BAL,TE,high,markandrews,0.0,0.0,0.0,0.0,0.0,0.0,0.0,0.0,0.0,190.7,61.0,645.0,10.0,0.0,0.0,0.0,0.0,0.0,0.0,0.0,0.0,0.0,0.0,0.0,,,,0.0,0.0,0.0,185.5,-0.0,,0.0,185.5
Mark Andrews,BAL,TE,low,markandrews,0.0,0.0,0.0,0.0,0.0,0.0,0.0,0.0,0.5,171.0,58.0,593.0,6.0,0.0,0.0,0.0,0.0,0.0,0.0,0.0,0.0,0.0,0.0,0.0,,,,0.0,0.0,0.0,153.3,-1.0,,0.0,152.3
Marlin Klein,HOU,TE,consensus,marlinklein,0.0,0.0,0.0,0.0,0.0,0.0,0.0,0.0,0.5,44.4,19.5,192.7,1.1,0.0,0.0,0.0,0.0,0.0,0.0,0.0,0.0,0.0,0.0,0.0,,,,0.0,0.0,0.0,45.37,-1.0,,0.0,44.37
Marlin Klein,HOU,TE,high,marlinklein,0.0,0.0,0.0,0.0,0.0,0.0,0.0,0.0,0.0,56.5,35.0,349.0,2.0,0.0,0.0,0.0,0.0,0.0,0.0,0.0,0.0,0.0,0.0,0.0,,,,0.0,0.0,0.0,81.9,-0.0,,0.0,81.9
Marlin Klein,HOU,TE,low,marlinklein,0.0,0.0,0.0,0.0,0.0,0.0,0.0,0.0,1.0,24.4,4.0,36.3,0.2,0.0,0.0,0.0,0.0,0.0,0.0,0.0,0.0,0.0,0.0,0.0,,,,0.0,0.0,0.0,8.83,-2.0,,0.0,6.83
Mason Taylor,NYJ,TE,consensus,masontaylor,0.0,0.0,0.0,0.0,0.0,0.0,0.0,0.0,0.1,100.6,45.8,403.5,2.4,0.0,0.0,0.0,0.0,0.0,0.0,0.0,0.0,0.0,0.0,0.0,,,,0.0,0.0,0.0,100.55,-0.2,,0.0,100.35
Mason Taylor,NYJ,TE,high,masontaylor,0.0,0.0,0.0,0.0,0.0,0.0,0.0,0.0,0.0,130.9,56.0,481.0,4.0,0.0,0.0,0.0,0.0,0.0,0.0,0.0,0.0,0.0,0.0,0.0,,,,0.0,0.0,0.0,128.1,-0.0,,0.0,128.1
Mason Taylor,NYJ,TE,low,masontaylor,0.0,0.0,0.0,0.0,0.0,0.0,0.0,0.0,0.2,80.6,31.5,268.5,1.3,0.0,0.0,0.0,0.0,0.0,0.0,0.0,0.0,0.0,0.0,0.0,,,,0.0,0.0,0.0,66.15,-0.4,,0.0,65.75
Max Klare,LAR,TE,consensus,maxklare,0.0,0.0,0.0,0.0,0.0,0.0,0.0,0.0,0.0,20.3,8.0,82.6,0.7,0.0,0.0,0.0,0.0,0.0,0.0,0.0,0.0,0.0,0.0,0.0,,,,0.0,0.0,0.0,20.46,-0.0,,0.0,20.46
Max Klare,LAR,TE,high,maxklare,0.0,0.0,0.0,0.0,0.0,0.0,0.0,0.0,0.0,19.0,12.0,127.0,1.0,0.0,0.0,0.0,0.0,0.0,0.0,0.0,0.0,0.0,0.0,0.0,,,,0.0,0.0,0.0,30.7,-0.0,,0.0,30.7
Max Klare,LAR,TE,low,maxklare,0.0,0.0,0.0,0.0,0.0,0.0,0.0,0.0,0.0,13.9,4.0,38.2,0.4,0.0,0.0,0.0,0.0,0.0,0.0,0.0,0.0,0.0,0.0,0.0,,,,0.0,0.0,0.0,10.22,-0.0,,0.0,10.22
Michael Mayer,LV,TE,consensus,michaelmayer,0.0,0.0,0.0,0.0,0.0,0.0,0.0,0.0,0.1,90.2,40.0,378.0,2.1,0.0,0.0,0.0,0.0,0.0,0.0,0.0,0.0,0.0,0.0,0.0,,,,0.0,0.0,0.0,90.4,-0.2,,0.0,90.2
Michael Mayer,LV,TE,high,michaelmayer,0.0,0.0,0.0,0.0,0.0,0.0,0.0,0.0,0.0,121.5,43.0,420.0,3.0,0.0,0.0,0.0,0.0,0.0,0.0,0.0,0.0,0.0,0.0,0.0,,,,0.0,0.0,0.0,103.0,-0.0,,0.0,103.0
Michael Mayer,LV,TE,low,michaelmayer,0.0,0.0,0.0,0.0,0.0,0.0,0.0,0.0,0.3,79.0,37.0,350.0,1.3,0.0,0.0,0.0,0.0,0.0,0.0,0.0,0.0,0.0,0.0,0.0,,,,0.0,0.0,0.0,79.8,-0.6,,0.0,79.2
Mike Gesicki,CIN,TE,consensus,mikegesicki,0.0,0.0,0.0,0.0,0.0,0.0,0.0,0.0,0.1,106.1,41.4,434.3,3.6,0.0,0.0,0.0,0.0,0.0,0.0,0.0,0.0,0.0,0.0,0.0,,,,0.0,0.0,0.0,106.43,-0.2,,0.0,106.23
Mike Gesicki,CIN,TE,high,mikegesicki,0.0,0.0,0.0,0.0,0.0,0.0,0.0,0.0,0.0,131.9,49.0,540.0,4.0,0.0,0.0,0.0,0.0,0.0,0.0,0.0,0.0,0.0,0.0,0.0,,,,0.0,0.0,0.0,127.0,-0.0,,0.0,127.0
Mike Gesicki,CIN,TE,low,mikegesicki,0.0,0.0,0.0,0.0,0.0,0.0,0.0,0.0,0.2,95.0,32.2,312.9,3.0,0.0,0.0,0.0,0.0,0.0,0.0,0.0,0.0,0.0,0.0,0.0,,,,0.0,0.0,0.0,81.49,-0.4,,0.0,81.09
Mitchell Evans,CAR,TE,consensus,mitchellevans,0.0,0.0,0.0,0.0,0.0,0.0,0.0,0.0,0.0,21.2,8.0,71.5,1.0,0.0,0.0,0.0,0.0,0.0,0.0,0.0,0.0,0.0,0.0,0.0,,,,0.0,0.0,0.0,21.15,-0.0,,0.0,21.15
Mitchell Evans,CAR,TE,high,mitchellevans,0.0,0.0,0.0,0.0,0.0,0.0,0.0,0.0,0.0,26.0,16.0,143.0,2.0,0.0,0.0,0.0,0.0,0.0,0.0,0.0,0.0,0.0,0.0,0.0,,,,0.0,0.0,0.0,42.3,-0.0,,0.0,42.3
Mitchell Evans,CAR,TE,low,mitchellevans,0.0,0.0,0.0,0.0,0.0,0.0,0.0,0.0,0.0,8.0,0.0,0.0,0.0,0.0,0.0,0.0,0.0,0.0,0.0,0.0,0.0,0.0,0.0,0.0,,,,0.0,0.0,0.0,0.0,-0.0,,0.0,0.0
Mo Alie-Cox,IND,TE,consensus,moaliecox,0.0,0.0,0.0,0.0,0.0,0.0,0.0,0.0,0.1,27.4,10.7,113.9,0.9,0.0,0.0,0.0,0.0,0.0,0.0,0.0,0.0,0.0,0.0,0.0,,,,0.0,0.0,0.0,27.49,-0.2,,0.0,27.29
Mo Alie-Cox,IND,TE,high,moaliecox,0.0,0.0,0.0,0.0,0.0,0.0,0.0,0.0,0.1,27.6,10.7,113.9,0.9,0.0,0.0,0.0,0.0,0.0,0.0,0.0,0.0,0.0,0.0,0.0,,,,0.0,0.0,0.0,27.49,-0.2,,0.0,27.29
Mo Alie-Cox,IND,TE,low,moaliecox,0.0,0.0,0.0,0.0,0.0,0.0,0.0,0.0,0.1,27.6,10.7,113.9,0.9,0.0,0.0,0.0,0.0,0.0,0.0,0.0,0.0,0.0,0.0,0.0,,,,0.0,0.0,0.0,27.49,-0.2,,0.0,27.29
Nate Adkins,DEN,TE,consensus,nateadkins,0.0,0.0,0.0,0.0,0.0,0.0,0.0,0.0,0.0,31.7,11.9,88.4,1.8,0.0,0.0,0.0,0.0,0.0,0.0,0.0,0.0,0.0,0.0,0.0,,,,0.0,0.0,0.0,31.54,-0.0,,0.0,31.54
Nate Adkins,DEN,TE,high,nateadkins,0.0,0.0,0.0,0.0,0.0,0.0,0.0,0.0,0.0,33.9,16.0,108.0,3.0,0.0,0.0,0.0,0.0,0.0,0.0,0.0,0.0,0.0,0.0,0.0,,,,0.0,0.0,0.0,44.8,-0.0,,0.0,44.8
Nate Adkins,DEN,TE,low,nateadkins,0.0,0.0,0.0,0.0,0.0,0.0,0.0,0.0,0.1,22.8,7.8,68.8,0.7,0.0,0.0,0.0,0.0,0.0,0.0,0.0,0.0,0.0,0.0,0.0,,,,0.0,0.0,0.0,18.88,-0.2,,0.0,18.68
Nate Boerkircher,JAC,TE,consensus,nateboerkircher,0.0,0.0,0.0,0.0,0.0,0.0,0.0,0.0,0.5,37.2,14.9,156.8,1.3,0.0,0.0,0.0,0.0,0.0,0.0,0.0,0.0,0.0,0.0,0.0,,,,0.0,0.0,0.0,38.38,-1.0,,0.0,37.38
Nate Boerkircher,JAC,TE,high,nateboerkircher,0.0,0.0,0.0,0.0,0.0,0.0,0.0,0.0,0.1,40.9,22.0,240.0,2.0,0.0,0.0,0.0,0.0,0.0,0.0,0.0,0.0,0.0,0.0,0.0,,,,0.0,0.0,0.0,58.0,-0.2,,0.0,57.8
Nate Boerkircher,JAC,TE,low,nateboerkircher,0.0,0.0,0.0,0.0,0.0,0.0,0.0,0.0,1.0,25.6,7.8,73.6,0.6,0.0,0.0,0.0,0.0,0.0,0.0,0.0,0.0,0.0,0.0,0.0,,,,0.0,0.0,0.0,18.76,-2.0,,0.0,16.76
Nick Vannett,SEA,TE,consensus,nickvannett,0.0,0.0,0.0,0.0,0.0,0.0,0.0,0.0,0.0,31.5,10.0,95.0,2.0,0.0,0.0,0.0,0.0,0.0,0.0,0.0,0.0,0.0,0.0,0.0,,,,0.0,0.0,0.0,31.5,-0.0,,0.0,31.5
Nick Vannett,SEA,TE,high,nickvannett,0.0,0.0,0.0,0.0,0.0,0.0,0.0,0.0,0.0,26.0,10.0,95.0,2.0,0.0,0.0,0.0,0.0,0.0,0.0,0.0,0.0,0.0,0.0,0.0,,,,0.0,0.0,0.0,31.5,-0.0,,0.0,31.5
Nick Vannett,SEA,TE,low,nickvannett,0.0,0.0,0.0,0.0,0.0,0.0,0.0,0.0,0.0,26.0,10.0,95.0,2.0,0.0,0.0,0.0,0.0,0.0,0.0,0.0,0.0,0.0,0.0,0.0,,,,0.0,0.0,0.0,31.5,-0.0,,0.0,31.5
Noah Fant,NO,TE,consensus,noahfant,0.0,0.0,0.0,0.0,0.0,0.0,0.0,0.0,1.6,63.2,29.3,274.5,1.6,0.0,0.0,0.0,0.0,0.0,0.0,0.0,0.0,0.0,0.0,0.0,,,,0.0,0.0,0.0,66.35,-3.2,,0.0,63.15
Noah Fant,NO,TE,high,noahfant,0.0,0.0,0.0,0.0,0.0,0.0,0.0,0.0,0.1,80.3,44.0,423.0,2.0,0.0,0.0,0.0,0.0,0.0,0.0,0.0,0.0,0.0,0.0,0.0,,,,0.0,0.0,0.0,98.3,-0.2,,0.0,98.1
Noah Fant,NO,TE,low,noahfant,0.0,0.0,0.0,0.0,0.0,0.0,0.0,0.0,3.0,48.5,16.9,145.4,0.8,0.0,0.0,0.0,0.0,0.0,0.0,0.0,0.0,0.0,0.0,0.0,,,,0.0,0.0,0.0,36.24,-6.0,,0.0,30.24
Noah Gray,KC,TE,consensus,noahgray,0.0,0.0,0.0,0.0,0.0,0.0,0.0,0.0,0.1,51.0,21.0,211.8,1.5,0.0,0.0,0.0,0.0,0.0,0.0,0.0,0.0,0.0,0.0,0.0,,,,0.0,0.0,0.0,51.18,-0.2,,0.0,50.98
Noah Gray,KC,TE,high,noahgray,0.0,0.0,0.0,0.0,0.0,0.0,0.0,0.0,0.0,67.4,26.1,262.3,2.0,0.0,0.0,0.0,0.0,0.0,0.0,0.0,0.0,0.0,0.0,0.0,,,,0.0,0.0,0.0,64.33,-0.0,,0.0,64.33
Noah Gray,KC,TE,low,noahgray,0.0,0.0,0.0,0.0,0.0,0.0,0.0,0.0,0.1,33.0,15.0,139.0,1.0,0.0,0.0,0.0,0.0,0.0,0.0,0.0,0.0,0.0,0.0,0.0,,,,0.0,0.0,0.0,34.9,-0.2,,0.0,34.7
Oronde Gadsden II,LAC,TE,consensus,orondegadsden,0.0,0.0,0.0,0.0,0.0,0.0,0.0,0.0,0.6,109.2,40.4,509.2,3.2,0.0,0.0,0.0,0.0,0.0,0.0,0.0,0.0,0.0,0.0,0.0,,,,0.0,0.0,0.0,110.52,-1.2,,0.0,109.32
Oronde Gadsden II,LAC,TE,high,orondegadsden,0.0,0.0,0.0,0.0,0.0,0.0,0.0,0.0,0.2,137.1,49.0,689.0,4.0,0.0,0.0,0.0,0.0,0.0,0.0,0.0,0.0,0.0,0.0,0.0,,,,0.0,0.0,0.0,141.9,-0.4,,0.0,141.5
Oronde Gadsden II,LAC,TE,low,orondegadsden,0.0,0.0,0.0,0.0,0.0,0.0,0.0,0.0,1.0,87.4,30.3,321.7,2.5,0.0,0.0,0.0,0.0,0.0,0.0,0.0,0.0,0.0,0.0,0.0,,,,0.0,0.0,0.0,77.47,-2.0,,0.0,75.47
Oscar Delp,NO,TE,consensus,oscardelp,0.0,0.0,0.0,0.0,0.0,0.0,0.0,0.0,0.1,18.0,7.8,74.2,0.5,0.0,0.0,0.0,0.0,0.0,0.0,0.0,0.0,0.0,0.0,0.0,,,,0.0,0.0,0.0,18.22,-0.2,,0.0,18.02
Oscar Delp,NO,TE,high,oscardelp,0.0,0.0,0.0,0.0,0.0,0.0,0.0,0.0,0.1,18.0,7.8,74.2,0.5,0.0,0.0,0.0,0.0,0.0,0.0,0.0,0.0,0.0,0.0,0.0,,,,0.0,0.0,0.0,18.22,-0.2,,0.0,18.02
Oscar Delp,NO,TE,low,oscardelp,0.0,0.0,0.0,0.0,0.0,0.0,0.0,0.0,0.1,18.0,7.8,74.2,0.5,0.0,0.0,0.0,0.0,0.0,0.0,0.0,0.0,0.0,0.0,0.0,,,,0.0,0.0,0.0,18.22,-0.2,,0.0,18.02
Pat Freiermuth,PIT,TE,consensus,patfreiermuth,0.0,0.0,0.0,0.0,0.0,0.0,0.0,0.0,0.2,134.1,53.0,560.0,4.3,0.0,0.0,0.0,0.0,0.0,0.0,0.0,0.0,0.0,0.0,0.0,,,,0.0,0.0,0.0,134.8,-0.4,,0.0,134.4
Pat Freiermuth,PIT,TE,high,patfreiermuth,0.0,0.0,0.0,0.0,0.0,0.0,0.0,0.0,0.0,166.1,59.9,603.1,5.0,0.0,0.0,0.0,0.0,0.0,0.0,0.0,0.0,0.0,0.0,0.0,,,,0.0,0.0,0.0,150.21,-0.0,,0.0,150.21
Pat Freiermuth,PIT,TE,low,patfreiermuth,0.0,0.0,0.0,0.0,0.0,0.0,0.0,0.0,0.5,127.0,46.0,511.0,2.8,0.0,0.0,0.0,0.0,0.0,0.0,0.0,0.0,0.0,0.0,0.0,,,,0.0,0.0,0.0,113.9,-1.0,,0.0,112.9
Payne Durham,TB,TE,consensus,paynedurham,0.0,0.0,0.0,0.0,0.0,0.0,0.0,0.0,0.0,20.5,7.6,80.8,0.8,0.0,0.0,0.0,0.0,0.0,0.0,0.0,0.0,0.0,0.0,0.0,,,,0.0,0.0,0.0,20.48,-0.0,,0.0,20.48
Payne Durham,TB,TE,high,paynedurham,0.0,0.0,0.0,0.0,0.0,0.0,0.0,0.0,0.0,18.5,8.0,91.0,1.0,0.0,0.0,0.0,0.0,0.0,0.0,0.0,0.0,0.0,0.0,0.0,,,,0.0,0.0,0.0,23.1,-0.0,,0.0,23.1
Payne Durham,TB,TE,low,paynedurham,0.0,0.0,0.0,0.0,0.0,0.0,0.0,0.0,0.1,17.6,7.2,70.6,0.6,0.0,0.0,0.0,0.0,0.0,0.0,0.0,0.0,0.0,0.0,0.0,,,,0.0,0.0,0.0,17.86,-0.2,,0.0,17.66
Quintin Morris,JAC,TE,consensus,quintinmorris,0.0,0.0,0.0,0.0,0.0,0.0,0.0,0.0,0.0,0.0,0.0,0.0,0.0,0.0,0.0,0.0,0.0,0.0,0.0,0.0,0.0,0.0,0.0,0.0,,,,0.0,0.0,0.0,0.0,-0.0,,0.0,0.0
Quintin Morris,JAC,TE,high,quintinmorris,0.0,0.0,0.0,0.0,0.0,0.0,0.0,0.0,0.0,0.0,0.0,0.0,0.0,0.0,0.0,0.0,0.0,0.0,0.0,0.0,0.0,0.0,0.0,0.0,,,,0.0,0.0,0.0,0.0,-0.0,,0.0,0.0
Quintin Morris,JAC,TE,low,quintinmorris,0.0,0.0,0.0,0.0,0.0,0.0,0.0,0.0,0.0,0.0,0.0,0.0,0.0,0.0,0.0,0.0,0.0,0.0,0.0,0.0,0.0,0.0,0.0,0.0,,,,0.0,0.0,0.0,0.0,-0.0,,0.0,0.0
Rivaldo Fairweather,ARI,TE,consensus,rivaldofairweather,0.0,0.0,0.0,0.0,0.0,0.0,0.0,0.0,0.0,28.9,12.0,109.0,1.0,0.0,0.0,0.0,0.0,0.0,0.0,0.0,0.0,0.0,0.0,0.0,,,,0.0,0.0,0.0,28.9,-0.0,,0.0,28.9
Rivaldo Fairweather,ARI,TE,high,rivaldofairweather,0.0,0.0,0.0,0.0,0.0,0.0,0.0,0.0,0.0,22.0,12.0,109.0,1.0,0.0,0.0,0.0,0.0,0.0,0.0,0.0,0.0,0.0,0.0,0.0,,,,0.0,0.0,0.0,28.9,-0.0,,0.0,28.9
Rivaldo Fairweather,ARI,TE,low,rivaldofairweather,0.0,0.0,0.0,0.0,0.0,0.0,0.0,0.0,0.0,22.0,12.0,109.0,1.0,0.0,0.0,0.0,0.0,0.0,0.0,0.0,0.0,0.0,0.0,0.0,,,,0.0,0.0,0.0,28.9,-0.0,,0.0,28.9
Sam LaPorta,DET,TE,consensus,samlaporta,0.0,0.0,0.0,0.0,0.0,0.0,0.0,0.0,0.2,184.1,70.4,813.9,5.5,0.0,0.0,0.0,0.0,0.0,0.0,0.0,0.0,0.0,0.0,0.0,,,,0.0,0.0,0.0,184.79,-0.4,,0.0,184.39
Sam LaPorta,DET,TE,high,samlaporta,0.0,0.0,0.0,0.0,0.0,0.0,0.0,0.0,0.0,205.4,78.3,910.0,6.0,0.0,0.0,0.0,0.0,0.0,0.0,0.0,0.0,0.0,0.0,0.0,,,,0.0,0.0,0.0,205.3,-0.0,,0.0,205.3
Sam LaPorta,DET,TE,low,samlaporta,0.0,0.0,0.0,0.0,0.0,0.0,0.0,0.0,0.4,180.7,61.0,745.0,5.0,0.0,0.0,0.0,0.0,0.0,0.0,0.0,0.0,0.0,0.0,0.0,,,,0.0,0.0,0.0,165.5,-0.8,,0.0,164.7
Sam Roush,CHI,TE,consensus,samroush,0.0,0.0,0.0,0.0,0.0,0.0,0.0,0.0,0.0,17.9,6.8,72.4,0.6,0.0,0.0,0.0,0.0,0.0,0.0,0.0,0.0,0.0,0.0,0.0,,,,0.0,0.0,0.0,17.64,-0.0,,0.0,17.64
Sam Roush,CHI,TE,high,samroush,0.0,0.0,0.0,0.0,0.0,0.0,0.0,0.0,0.0,16.8,10.0,111.0,1.0,0.0,0.0,0.0,0.0,0.0,0.0,0.0,0.0,0.0,0.0,0.0,,,,0.0,0.0,0.0,27.1,-0.0,,0.0,27.1
Sam Roush,CHI,TE,low,samroush,0.0,0.0,0.0,0.0,0.0,0.0,0.0,0.0,0.0,11.9,3.7,33.8,0.3,0.0,0.0,0.0,0.0,0.0,0.0,0.0,0.0,0.0,0.0,0.0,,,,0.0,0.0,0.0,8.88,-0.0,,0.0,8.88
Seydou Traore,MIA,TE,consensus,seydoutraore,0.0,0.0,0.0,0.0,0.0,0.0,0.0,0.0,0.0,23.8,9.0,88.0,1.0,0.0,0.0,0.0,0.0,0.0,0.0,0.0,0.0,0.0,0.0,0.0,,,,0.0,0.0,0.0,23.8,-0.0,,0.0,23.8
Seydou Traore,MIA,TE,high,seydoutraore,0.0,0.0,0.0,0.0,0.0,0.0,0.0,0.0,0.0,19.0,9.0,88.0,1.0,0.0,0.0,0.0,0.0,0.0,0.0,0.0,0.0,0.0,0.0,0.0,,,,0.0,0.0,0.0,23.8,-0.0,,0.0,23.8
Seydou Traore,MIA,TE,low,seydoutraore,0.0,0.0,0.0,0.0,0.0,0.0,0.0,0.0,0.0,19.0,9.0,88.0,1.0,0.0,0.0,0.0,0.0,0.0,0.0,0.0,0.0,0.0,0.0,0.0,,,,0.0,0.0,0.0,23.8,-0.0,,0.0,23.8
T.J. Hockenson,MIN,TE,consensus,tjhockenson,0.0,0.0,0.0,0.0,0.0,0.0,0.0,0.0,0.2,140.6,63.9,574.5,3.3,0.0,0.0,0.0,0.0,0.0,0.0,0.0,0.0,0.0,0.0,0.0,,,,0.0,0.0,0.0,141.15,-0.4,,0.0,140.75
T.J. Hockenson,MIN,TE,high,tjhockenson,0.0,0.0,0.0,0.0,0.0,0.0,0.0,0.0,0.0,168.2,77.7,639.4,4.0,0.0,0.0,0.0,0.0,0.0,0.0,0.0,0.0,0.0,0.0,0.0,,,,0.0,0.0,0.0,165.64,-0.0,,0.0,165.64
T.J. Hockenson,MIN,TE,low,tjhockenson,0.0,0.0,0.0,0.0,0.0,0.0,0.0,0.0,0.3,131.9,55.0,516.0,2.8,0.0,0.0,0.0,0.0,0.0,0.0,0.0,0.0,0.0,0.0,0.0,,,,0.0,0.0,0.0,123.4,-0.6,,0.0,122.8
Tanner Conner,NYG,TE,consensus,tannerconner,0.0,0.0,0.0,0.0,0.0,0.0,0.0,0.0,0.0,27.3,10.0,113.0,1.0,0.0,0.0,0.0,0.0,0.0,0.0,0.0,0.0,0.0,0.0,0.0,,,,0.0,0.0,0.0,27.3,-0.0,,0.0,27.3
Tanner Conner,NYG,TE,high,tannerconner,0.0,0.0,0.0,0.0,0.0,0.0,0.0,0.0,0.0,20.0,10.0,113.0,1.0,0.0,0.0,0.0,0.0,0.0,0.0,0.0,0.0,0.0,0.0,0.0,,,,0.0,0.0,0.0,27.3,-0.0,,0.0,27.3
Tanner Conner,NYG,TE,low,tannerconner,0.0,0.0,0.0,0.0,0.0,0.0,0.0,0.0,0.0,20.0,10.0,113.0,1.0,0.0,0.0,0.0,0.0,0.0,0.0,0.0,0.0,0.0,0.0,0.0,,,,0.0,0.0,0.0,27.3,-0.0,,0.0,27.3
Tanner Hudson,CIN,TE,consensus,tannerhudson,0.0,0.0,0.0,0.0,0.0,0.0,0.0,0.0,0.1,29.3,13.1,110.3,0.9,0.0,0.0,0.0,0.0,0.0,0.0,0.0,0.0,0.0,0.0,0.0,,,,0.0,0.0,0.0,29.53,-0.2,,0.0,29.33
Tanner Hudson,CIN,TE,high,tannerhudson,0.0,0.0,0.0,0.0,0.0,0.0,0.0,0.0,0.1,29.4,13.1,110.3,0.9,0.0,0.0,0.0,0.0,0.0,0.0,0.0,0.0,0.0,0.0,0.0,,,,0.0,0.0,0.0,29.53,-0.2,,0.0,29.33
Tanner Hudson,CIN,TE,low,tannerhudson,0.0,0.0,0.0,0.0,0.0,0.0,0.0,0.0,0.1,29.4,13.1,110.3,0.9,0.0,0.0,0.0,0.0,0.0,0.0,0.0,0.0,0.0,0.0,0.0,,,,0.0,0.0,0.0,29.53,-0.2,,0.0,29.33
Tanner Koziol,JAC,TE,consensus,tannerkoziol,0.0,0.0,0.0,0.0,0.0,0.0,0.0,0.0,0.0,18.1,7.0,73.8,0.6,0.0,0.0,0.0,0.0,0.0,0.0,0.0,0.0,0.0,0.0,0.0,,,,0.0,0.0,0.0,17.98,-0.0,,0.0,17.98
Tanner Koziol,JAC,TE,high,tannerkoziol,0.0,0.0,0.0,0.0,0.0,0.0,0.0,0.0,0.0,17.0,10.0,111.0,1.0,0.0,0.0,0.0,0.0,0.0,0.0,0.0,0.0,0.0,0.0,0.0,,,,0.0,0.0,0.0,27.1,-0.0,,0.0,27.1
Tanner Koziol,JAC,TE,low,tannerkoziol,0.0,0.0,0.0,0.0,0.0,0.0,0.0,0.0,0.0,12.3,3.9,36.7,0.3,0.0,0.0,0.0,0.0,0.0,0.0,0.0,0.0,0.0,0.0,0.0,,,,0.0,0.0,0.0,9.37,-0.0,,0.0,9.37
Terrance Ferguson,LAR,TE,consensus,terranceferguson,0.0,0.0,0.0,0.0,0.0,0.0,0.0,0.0,0.2,117.4,37.3,516.8,4.8,0.0,0.0,0.0,0.0,0.0,0.0,0.0,0.0,0.0,0.0,0.0,,,,0.0,0.0,0.0,117.78,-0.4,,0.0,117.38
Terrance Ferguson,LAR,TE,high,terranceferguson,0.0,0.0,0.0,0.0,0.0,0.0,0.0,0.0,0.0,127.2,45.9,580.3,5.4,0.0,0.0,0.0,0.0,0.0,0.0,0.0,0.0,0.0,0.0,0.0,,,,0.0,0.0,0.0,136.33,-0.0,,0.0,136.33
Terrance Ferguson,LAR,TE,low,terranceferguson,0.0,0.0,0.0,0.0,0.0,0.0,0.0,0.0,0.3,113.3,29.0,440.0,4.0,0.0,0.0,0.0,0.0,0.0,0.0,0.0,0.0,0.0,0.0,0.0,,,,0.0,0.0,0.0,97.0,-0.6,,0.0,96.4
Theo Johnson,NYG,TE,consensus,theojohnson,0.0,0.0,0.0,0.0,0.0,0.0,0.0,0.0,0.1,75.9,27.5,313.7,2.9,0.0,0.0,0.0,0.0,0.0,0.0,0.0,0.0,0.0,0.0,0.0,,,,0.0,0.0,0.0,76.27,-0.2,,0.0,76.07
Theo Johnson,NYG,TE,high,theojohnson,0.0,0.0,0.0,0.0,0.0,0.0,0.0,0.0,0.0,87.5,33.0,390.0,5.0,0.0,0.0,0.0,0.0,0.0,0.0,0.0,0.0,0.0,0.0,0.0,,,,0.0,0.0,0.0,102.0,-0.0,,0.0,102.0
Theo Johnson,NYG,TE,low,theojohnson,0.0,0.0,0.0,0.0,0.0,0.0,0.0,0.0,0.1,63.8,24.0,269.0,1.6,0.0,0.0,0.0,0.0,0.0,0.0,0.0,0.0,0.0,0.0,0.0,,,,0.0,0.0,0.0,60.5,-0.2,,0.0,60.3
Thomas Fidone II,NYG,TE,consensus,thomasfidone,0.0,0.0,0.0,0.0,0.0,0.0,0.0,0.0,0.0,26.1,10.0,101.0,1.0,0.0,0.0,0.0,0.0,0.0,0.0,0.0,0.0,0.0,0.0,0.0,,,,0.0,0.0,0.0,26.1,-0.0,,0.0,26.1
Thomas Fidone II,NYG,TE,high,thomasfidone,0.0,0.0,0.0,0.0,0.0,0.0,0.0,0.0,0.0,20.0,10.0,101.0,1.0,0.0,0.0,0.0,0.0,0.0,0.0,0.0,0.0,0.0,0.0,0.0,,,,0.0,0.0,0.0,26.1,-0.0,,0.0,26.1
Thomas Fidone II,NYG,TE,low,thomasfidone,0.0,0.0,0.0,0.0,0.0,0.0,0.0,0.0,0.0,20.0,10.0,101.0,1.0,0.0,0.0,0.0,0.0,0.0,0.0,0.0,0.0,0.0,0.0,0.0,,,,0.0,0.0,0.0,26.1,-0.0,,0.0,26.1
Tip Reiman,ARI,TE,consensus,tipreiman,0.0,0.0,0.0,0.0,0.0,0.0,0.0,0.0,0.0,17.7,7.9,62.2,0.6,0.0,0.0,0.0,0.0,0.0,0.0,0.0,0.0,0.0,0.0,0.0,,,,0.0,0.0,0.0,17.72,-0.0,,0.0,17.72
Tip Reiman,ARI,TE,high,tipreiman,0.0,0.0,0.0,0.0,0.0,0.0,0.0,0.0,0.0,17.9,12.0,90.0,1.0,0.0,0.0,0.0,0.0,0.0,0.0,0.0,0.0,0.0,0.0,0.0,,,,0.0,0.0,0.0,27.0,-0.0,,0.0,27.0
Tip Reiman,ARI,TE,low,tipreiman,0.0,0.0,0.0,0.0,0.0,0.0,0.0,0.0,0.0,12.5,3.8,34.4,0.2,0.0,0.0,0.0,0.0,0.0,0.0,0.0,0.0,0.0,0.0,0.0,,,,0.0,0.0,0.0,8.44,-0.0,,0.0,8.44
Tommy Tremble,CAR,TE,consensus,tommytremble,0.0,0.0,0.0,0.0,0.0,0.0,0.0,0.0,0.1,49.3,20.7,189.3,1.6,0.0,0.0,0.0,0.0,0.0,0.0,0.0,0.0,0.0,0.0,0.0,,,,0.0,0.0,0.0,49.23,-0.2,,0.0,49.03
Tommy Tremble,CAR,TE,high,tommytremble,0.0,0.0,0.0,0.0,0.0,0.0,0.0,0.0,0.0,45.9,23.0,202.0,2.0,0.0,0.0,0.0,0.0,0.0,0.0,0.0,0.0,0.0,0.0,0.0,,,,0.0,0.0,0.0,55.2,-0.0,,0.0,55.2
Tommy Tremble,CAR,TE,low,tommytremble,0.0,0.0,0.0,0.0,0.0,0.0,0.0,0.0,0.1,44.7,18.4,176.6,1.3,0.0,0.0,0.0,0.0,0.0,0.0,0.0,0.0,0.0,0.0,0.0,,,,0.0,0.0,0.0,43.86,-0.2,,0.0,43.66
Travis Kelce,KC,TE,consensus,traviskelce,0.0,0.0,0.0,0.0,0.0,0.0,0.0,0.0,0.3,182.1,74.9,785.7,4.8,0.0,0.0,0.0,0.0,0.0,0.0,0.0,0.0,0.0,0.0,0.0,,,,0.0,0.0,0.0,182.27,-0.6,,0.0,181.67
Travis Kelce,KC,TE,high,traviskelce,0.0,0.0,0.0,0.0,0.0,0.0,0.0,0.0,0.0,212.5,78.0,815.0,6.0,0.0,0.0,0.0,0.0,0.0,0.0,0.0,0.0,0.0,0.0,0.0,,,,0.0,0.0,0.0,195.5,-0.0,,0.0,195.5
Travis Kelce,KC,TE,low,traviskelce,0.0,0.0,0.0,0.0,0.0,0.0,0.0,0.0,0.5,178.7,73.0,771.0,4.0,0.0,0.0,0.0,0.0,0.0,0.0,0.0,0.0,0.0,0.0,0.0,,,,0.0,0.0,0.0,174.1,-1.0,,0.0,173.1
Trey McBride,ARI,TE,consensus,treymcbride,0.0,0.0,0.0,0.0,0.0,0.0,0.0,0.0,0.2,254.3,108.9,1051.1,6.8,0.0,0.0,0.0,0.0,0.0,0.0,0.0,0.0,0.0,0.0,0.0,,,,0.0,0.0,0.0,254.81,-0.4,,0.0,254.41
Trey McBride,ARI,TE,high,treymcbride,0.0,0.0,0.0,0.0,0.0,0.0,0.0,0.0,0.0,307.8,115.0,1081.0,8.0,0.0,0.0,0.0,0.0,0.0,0.0,0.0,0.0,0.0,0.0,0.0,,,,0.0,0.0,0.0,271.1,-0.0,,0.0,271.1
Trey McBride,ARI,TE,low,treymcbride,0.0,0.0,0.0,0.0,0.0,0.0,0.0,0.0,0.5,243.0,104.0,1023.3,5.4,0.0,0.0,0.0,0.0,0.0,0.0,0.0,0.0,0.0,0.0,0.0,,,,0.0,0.0,0.0,238.73,-1.0,,0.0,237.73
Tucker Kraft,GB,TE,consensus,tuckerkraft,0.0,0.0,0.0,0.0,0.0,0.0,0.0,0.0,0.2,178.4,61.5,785.8,6.5,0.0,0.0,0.0,0.0,0.0,0.0,0.0,0.0,0.0,0.0,0.0,,,,0.0,0.0,0.0,179.08,-0.4,,0.0,178.68
Tucker Kraft,GB,TE,high,tuckerkraft,0.0,0.0,0.0,0.0,0.0,0.0,0.0,0.0,0.0,193.5,71.4,818.4,10.0,0.0,0.0,0.0,0.0,0.0,0.0,0.0,0.0,0.0,0.0,0.0,,,,0.0,0.0,0.0,213.24,-0.0,,0.0,213.24
Tucker Kraft,GB,TE,low,tuckerkraft,0.0,0.0,0.0,0.0,0.0,0.0,0.0,0.0,0.5,170.8,56.0,724.0,4.4,0.0,0.0,0.0,0.0,0.0,0.0,0.0,0.0,0.0,0.0,0.0,,,,0.0,0.0,0.0,154.8,-1.0,,0.0,153.8
Tyler Conklin,DET,TE,consensus,tylerconklin,0.0,0.0,0.0,0.0,0.0,0.0,0.0,0.0,0.0,8.9,3.7,37.9,0.3,0.0,0.0,0.0,0.0,0.0,0.0,0.0,0.0,0.0,0.0,0.0,,,,0.0,0.0,0.0,9.29,-0.0,,0.0,9.29
Tyler Conklin,DET,TE,high,tylerconklin,0.0,0.0,0.0,0.0,0.0,0.0,0.0,0.0,0.0,8.9,3.7,37.9,0.3,0.0,0.0,0.0,0.0,0.0,0.0,0.0,0.0,0.0,0.0,0.0,,,,0.0,0.0,0.0,9.29,-0.0,,0.0,9.29
Tyler Conklin,DET,TE,low,tylerconklin,0.0,0.0,0.0,0.0,0.0,0.0,0.0,0.0,0.0,8.9,3.7,37.9,0.3,0.0,0.0,0.0,0.0,0.0,0.0,0.0,0.0,0.0,0.0,0.0,,,,0.0,0.0,0.0,9.29,-0.0,,0.0,9.29
Tyler Higbee,LAR,TE,consensus,tylerhigbee,0.0,0.0,0.0,0.0,0.0,0.0,0.0,0.0,0.0,71.2,26.1,306.5,2.4,0.0,0.0,0.0,0.0,0.0,0.0,0.0,0.0,0.0,0.0,0.0,,,,0.0,0.0,0.0,71.15,-0.0,,0.0,71.15
Tyler Higbee,LAR,TE,high,tylerhigbee,0.0,0.0,0.0,0.0,0.0,0.0,0.0,0.0,0.0,91.1,40.0,499.0,4.0,0.0,0.0,0.0,0.0,0.0,0.0,0.0,0.0,0.0,0.0,0.0,,,,0.0,0.0,0.0,113.9,-0.0,,0.0,113.9
Tyler Higbee,LAR,TE,low,tylerhigbee,0.0,0.0,0.0,0.0,0.0,0.0,0.0,0.0,0.1,48.9,15.3,154.4,1.3,0.0,0.0,0.0,0.0,0.0,0.0,0.0,0.0,0.0,0.0,0.0,,,,0.0,0.0,0.0,38.54,-0.2,,0.0,38.34
Tyler Warren,IND,TE,consensus,tylerwarren,0.0,0.0,0.0,0.0,0.0,0.0,0.0,0.0,0.3,199.2,79.0,878.1,5.5,0.0,0.0,0.0,0.0,0.0,0.0,0.0,0.0,0.0,0.0,0.0,,,,0.0,0.0,0.0,199.81,-0.6,,0.0,199.21
Tyler Warren,IND,TE,high,tylerwarren,0.0,0.0,0.0,0.0,0.0,0.0,0.0,0.0,0.0,231.6,85.0,904.0,6.0,0.0,0.0,0.0,0.0,0.0,0.0,0.0,0.0,0.0,0.0,0.0,,,,0.0,0.0,0.0,211.4,-0.0,,0.0,211.4
Tyler Warren,IND,TE,low,tylerwarren,0.0,0.0,0.0,0.0,0.0,0.0,0.0,0.0,0.6,204.0,74.0,836.0,5.0,0.0,0.0,0.0,0.0,0.0,0.0,0.0,0.0,0.0,0.0,0.0,,,,0.0,0.0,0.0,187.6,-1.2,,0.0,186.4
Will Kacmarek,MIA,TE,consensus,willkacmarek,0.0,0.0,0.0,0.0,0.0,0.0,0.0,0.0,0.6,61.8,26.6,251.2,1.9,0.0,0.0,0.0,0.0,0.0,0.0,0.0,0.0,0.0,0.0,0.0,,,,0.0,0.0,0.0,63.12,-1.2,,0.0,61.92
Will Kacmarek,MIA,TE,high,willkacmarek,0.0,0.0,0.0,0.0,0.0,0.0,0.0,0.0,0.1,66.6,35.0,328.0,3.0,0.0,0.0,0.0,0.0,0.0,0.0,0.0,0.0,0.0,0.0,0.0,,,,0.0,0.0,0.0,85.8,-0.2,,0.0,85.6
Will Kacmarek,MIA,TE,low,willkacmarek,0.0,0.0,0.0,0.0,0.0,0.0,0.0,0.0,1.0,48.4,18.1,174.4,0.8,0.0,0.0,0.0,0.0,0.0,0.0,0.0,0.0,0.0,0.0,0.0,,,,0.0,0.0,0.0,40.34,-2.0,,0.0,38.34
Will Mallory,IND,TE,consensus,willmallory,0.0,0.0,0.0,0.0,0.0,0.0,0.0,0.0,0.0,29.5,11.0,125.0,1.0,0.0,0.0,0.0,0.0,0.0,0.0,0.0,0.0,0.0,0.0,0.0,,,,0.0,0.0,0.0,29.5,-0.0,,0.0,29.5
Will Mallory,IND,TE,high,willmallory,0.0,0.0,0.0,0.0,0.0,0.0,0.0,0.0,0.0,22.0,11.0,125.0,1.0,0.0,0.0,0.0,0.0,0.0,0.0,0.0,0.0,0.0,0.0,0.0,,,,0.0,0.0,0.0,29.5,-0.0,,0.0,29.5
Will Mallory,IND,TE,low,willmallory,0.0,0.0,0.0,0.0,0.0,0.0,0.0,0.0,0.0,22.0,11.0,125.0,1.0,0.0,0.0,0.0,0.0,0.0,0.0,0.0,0.0,0.0,0.0,0.0,,,,0.0,0.0,0.0,29.5,-0.0,,0.0,29.5
Zack Kuntz,DAL,TE,consensus,zackkuntz,0.0,0.0,0.0,0.0,0.0,0.0,0.0,0.0,0.0,30.8,12.0,128.0,1.0,0.0,0.0,0.0,0.0,0.0,0.0,0.0,0.0,0.0,0.0,0.0,,,,0.0,0.0,0.0,30.8,-0.0,,0.0,30.8
Zack Kuntz,DAL,TE,high,zackkuntz,0.0,0.0,0.0,0.0,0.0,0.0,0.0,0.0,0.0,23.0,12.0,128.0,1.0,0.0,0.0,0.0,0.0,0.0,0.0,0.0,0.0,0.0,0.0,0.0,,,,0.0,0.0,0.0,30.8,-0.0,,0.0,30.8
Zack Kuntz,DAL,TE,low,zackkuntz,0.0,0.0,0.0,0.0,0.0,0.0,0.0,0.0,0.0,23.0,12.0,128.0,1.0,0.0,0.0,0.0,0.0,0.0,0.0,0.0,0.0,0.0,0.0,0.0,,,,0.0,0.0,0.0,30.8,-0.0,,0.0,30.8
Andre Szmyt,CLE,K,consensus,andreszmyt,0.0,0.0,0.0,0.0,0.0,0.0,0.0,0.0,0.0,102.2,0.0,0.0,0.0,24.6,28.1,28.3,0.0,0.0,0.0,0.0,0.0,0.0,0.0,0.0,24.0,38.545,player history with empirical shrinkage,0.0,0.0,0.0,0.0,-0.0,123.12,0.0,123.12
Andre Szmyt,CLE,K,high,andreszmyt,0.0,0.0,0.0,0.0,0.0,0.0,0.0,0.0,0.0,121.7,0.0,0.0,0.0,27.9,32.4,32.0,0.0,0.0,0.0,0.0,0.0,0.0,0.0,0.0,24.0,38.545,player history with empirical shrinkage,0.0,0.0,0.0,0.0,-0.0,139.539,0.0,139.539
Andre Szmyt,CLE,K,low,andreszmyt,0.0,0.0,0.0,0.0,0.0,0.0,0.0,0.0,0.0,101.0,0.0,0.0,0.0,23.0,26.0,24.5,0.0,0.0,0.0,0.0,0.0,0.0,0.0,0.0,24.0,38.545,player history with empirical shrinkage,0.0,0.0,0.0,0.0,-0.0,113.153,0.0,113.153
Andy Borregales,NE,K,consensus,andyborregales,0.0,0.0,0.0,0.0,0.0,0.0,0.0,0.0,0.0,119.4,0.0,0.0,0.0,25.8,30.9,42.0,0.0,0.0,0.0,0.0,0.0,0.0,0.0,0.0,27.0,36.663,player history with empirical shrinkage,0.0,0.0,0.0,0.0,-0.0,136.59,0.0,136.59
Andy Borregales,NE,K,high,andyborregales,0.0,0.0,0.0,0.0,0.0,0.0,0.0,0.0,0.0,129.1,0.0,0.0,0.0,26.0,31.0,42.0,0.0,0.0,0.0,0.0,0.0,0.0,0.0,0.0,27.0,36.663,player history with empirical shrinkage,0.0,0.0,0.0,0.0,-0.0,137.323,0.0,137.323
Andy Borregales,NE,K,low,andyborregales,0.0,0.0,0.0,0.0,0.0,0.0,0.0,0.0,0.0,120.0,0.0,0.0,0.0,25.4,30.6,42.0,0.0,0.0,0.0,0.0,0.0,0.0,0.0,0.0,27.0,36.663,player history with empirical shrinkage,0.0,0.0,0.0,0.0,-0.0,135.123,0.0,135.123
Ben Sauls,NYG,K,consensus,bensauls,0.0,0.0,0.0,0.0,0.0,0.0,0.0,0.0,0.0,58.5,0.0,0.0,0.0,15.3,18.7,12.5,0.0,0.0,0.0,0.0,0.0,0.0,0.0,0.0,8.0,35.695,player history with empirical shrinkage,0.0,0.0,0.0,0.0,-0.0,67.114,0.0,67.114
Ben Sauls,NYG,K,high,bensauls,0.0,0.0,0.0,0.0,0.0,0.0,0.0,0.0,0.0,119.0,0.0,0.0,0.0,26.0,30.0,25.0,0.0,0.0,0.0,0.0,0.0,0.0,0.0,0.0,8.0,35.695,player history with empirical shrinkage,0.0,0.0,0.0,0.0,-0.0,117.808,0.0,117.808
Ben Sauls,NYG,K,low,bensauls,0.0,0.0,0.0,0.0,0.0,0.0,0.0,0.0,0.0,0.0,0.0,0.0,0.0,0.0,0.0,0.0,0.0,0.0,0.0,0.0,0.0,0.0,0.0,0.0,8.0,35.695,player history with empirical shrinkage,0.0,0.0,0.0,0.0,-0.0,0.0,0.0,0.0
Blake Grupe,IND,K,consensus,blakegrupe,0.0,0.0,0.0,0.0,0.0,0.0,0.0,0.0,0.0,133.4,0.0,0.0,0.0,30.2,36.5,42.9,0.0,0.0,0.0,0.0,0.0,0.0,0.0,0.0,56.0,39.281,player history with empirical shrinkage,0.0,0.0,0.0,0.0,-0.0,161.527,0.0,161.527
Blake Grupe,IND,K,high,blakegrupe,0.0,0.0,0.0,0.0,0.0,0.0,0.0,0.0,0.0,153.0,0.0,0.0,0.0,34.0,42.0,51.0,0.0,0.0,0.0,0.0,0.0,0.0,0.0,0.0,56.0,39.281,player history with empirical shrinkage,0.0,0.0,0.0,0.0,-0.0,184.554,0.0,184.554
Blake Grupe,IND,K,low,blakegrupe,0.0,0.0,0.0,0.0,0.0,0.0,0.0,0.0,0.0,123.0,0.0,0.0,0.0,28.0,33.0,34.8,0.0,0.0,0.0,0.0,0.0,0.0,0.0,0.0,56.0,39.281,player history with empirical shrinkage,0.0,0.0,0.0,0.0,-0.0,144.786,0.0,144.786
Brandon Aubrey,DAL,K,consensus,brandonaubrey,0.0,0.0,0.0,0.0,0.0,0.0,0.0,0.0,0.0,153.0,0.0,0.0,0.0,35.2,39.5,47.6,0.0,0.0,0.0,0.0,0.0,0.0,0.0,0.0,76.0,42.227,player history with empirical shrinkage,0.0,0.0,0.0,0.0,-0.0,196.239,0.0,196.239
Brandon Aubrey,DAL,K,high,brandonaubrey,0.0,0.0,0.0,0.0,0.0,0.0,0.0,0.0,0.0,171.7,0.0,0.0,0.0,35.5,40.0,49.0,0.0,0.0,0.0,0.0,0.0,0.0,0.0,0.0,76.0,42.227,player history with empirical shrinkage,0.0,0.0,0.0,0.0,-0.0,198.906,0.0,198.906
Brandon Aubrey,DAL,K,low,brandonaubrey,0.0,0.0,0.0,0.0,0.0,0.0,0.0,0.0,0.0,150.0,0.0,0.0,0.0,35.0,39.0,46.1,0.0,0.0,0.0,0.0,0.0,0.0,0.0,0.0,76.0,42.227,player history with empirical shrinkage,0.0,0.0,0.0,0.0,-0.0,193.894,0.0,193.894
Cade York,NYJ,K,consensus,cadeyork,0.0,0.0,0.0,0.0,0.0,0.0,0.0,0.0,0.0,36.0,0.0,0.0,0.0,12.0,15.0,0.0,0.0,0.0,0.0,0.0,0.0,0.0,0.0,0.0,9.0,36.29,player history with empirical shrinkage,0.0,0.0,0.0,0.0,-0.0,43.548,0.0,43.548
Cade York,NYJ,K,high,cadeyork,0.0,0.0,0.0,0.0,0.0,0.0,0.0,0.0,0.0,102.0,0.0,0.0,0.0,24.0,30.0,0.0,0.0,0.0,0.0,0.0,0.0,0.0,0.0,0.0,9.0,36.29,player history with empirical shrinkage,0.0,0.0,0.0,0.0,-0.0,87.097,0.0,87.097
Cade York,NYJ,K,low,cadeyork,0.0,0.0,0.0,0.0,0.0,0.0,0.0,0.0,0.0,0.0,0.0,0.0,0.0,0.0,0.0,0.0,0.0,0.0,0.0,0.0,0.0,0.0,0.0,0.0,9.0,36.29,player history with empirical shrinkage,0.0,0.0,0.0,0.0,-0.0,0.0,0.0,0.0
Cairo Santos,CHI,K,consensus,cairosantos,0.0,0.0,0.0,0.0,0.0,0.0,0.0,0.0,0.0,133.3,0.0,0.0,0.0,30.0,34.5,43.3,0.0,0.0,0.0,0.0,0.0,0.0,0.0,0.0,46.0,40.67,player history with empirical shrinkage,0.0,0.0,0.0,0.0,-0.0,165.31,0.0,165.31
Cairo Santos,CHI,K,high,cairosantos,0.0,0.0,0.0,0.0,0.0,0.0,0.0,0.0,0.0,144.4,0.0,0.0,0.0,32.0,37.0,47.0,0.0,0.0,0.0,0.0,0.0,0.0,0.0,0.0,46.0,40.67,player history with empirical shrinkage,0.0,0.0,0.0,0.0,-0.0,177.144,0.0,177.144
Cairo Santos,CHI,K,low,cairosantos,0.0,0.0,0.0,0.0,0.0,0.0,0.0,0.0,0.0,124.0,0.0,0.0,0.0,28.0,32.0,39.7,0.0,0.0,0.0,0.0,0.0,0.0,0.0,0.0,46.0,40.67,player history with empirical shrinkage,0.0,0.0,0.0,0.0,-0.0,153.576,0.0,153.576
Cam Little,JAC,K,consensus,camlittle,0.0,0.0,0.0,0.0,0.0,0.0,0.0,0.0,0.0,131.5,0.0,0.0,0.0,29.1,32.5,44.1,0.0,0.0,0.0,0.0,0.0,0.0,0.0,0.0,57.0,39.605,player history with empirical shrinkage,0.0,0.0,0.0,0.0,-0.0,159.35,0.0,159.35
Cam Little,JAC,K,high,camlittle,0.0,0.0,0.0,0.0,0.0,0.0,0.0,0.0,0.0,146.9,0.0,0.0,0.0,30.3,34.4,48.0,0.0,0.0,0.0,0.0,0.0,0.0,0.0,0.0,57.0,39.605,player history with empirical shrinkage,0.0,0.0,0.0,0.0,-0.0,168.002,0.0,168.002
Cam Little,JAC,K,low,camlittle,0.0,0.0,0.0,0.0,0.0,0.0,0.0,0.0,0.0,125.0,0.0,0.0,0.0,28.0,31.0,40.3,0.0,0.0,0.0,0.0,0.0,0.0,0.0,0.0,57.0,39.605,player history with empirical shrinkage,0.0,0.0,0.0,0.0,-0.0,151.193,0.0,151.193
Cameron Dicker,LAC,K,consensus,camerondicker,0.0,0.0,0.0,0.0,0.0,0.0,0.0,0.0,0.0,143.7,0.0,0.0,0.0,34.7,38.3,39.8,0.0,0.0,0.0,0.0,0.0,0.0,0.0,0.0,77.0,38.765,player history with empirical shrinkage,0.0,0.0,0.0,0.0,-0.0,174.313,0.0,174.313
Cameron Dicker,LAC,K,high,camerondicker,0.0,0.0,0.0,0.0,0.0,0.0,0.0,0.0,0.0,161.9,0.0,0.0,0.0,35.0,39.0,41.5,0.0,0.0,0.0,0.0,0.0,0.0,0.0,0.0,77.0,38.765,player history with empirical shrinkage,0.0,0.0,0.0,0.0,-0.0,177.176,0.0,177.176
Cameron Dicker,LAC,K,low,camerondicker,0.0,0.0,0.0,0.0,0.0,0.0,0.0,0.0,0.0,143.0,0.0,0.0,0.0,34.0,37.8,38.0,0.0,0.0,0.0,0.0,0.0,0.0,0.0,0.0,77.0,38.765,player history with empirical shrinkage,0.0,0.0,0.0,0.0,-0.0,169.8,0.0,169.8
Chad Ryland,ARI,K,consensus,chadryland,0.0,0.0,0.0,0.0,0.0,0.0,0.0,0.0,0.0,111.7,0.0,0.0,0.0,26.6,33.1,31.8,0.0,0.0,0.0,0.0,0.0,0.0,0.0,0.0,53.0,38.786,player history with empirical shrinkage,0.0,0.0,0.0,0.0,-0.0,134.971,0.0,134.971
Chad Ryland,ARI,K,high,chadryland,0.0,0.0,0.0,0.0,0.0,0.0,0.0,0.0,0.0,121.7,0.0,0.0,0.0,27.9,34.3,37.0,0.0,0.0,0.0,0.0,0.0,0.0,0.0,0.0,53.0,38.786,player history with empirical shrinkage,0.0,0.0,0.0,0.0,-0.0,145.213,0.0,145.213
Chad Ryland,ARI,K,low,chadryland,0.0,0.0,0.0,0.0,0.0,0.0,0.0,0.0,0.0,112.0,0.0,0.0,0.0,26.0,32.0,26.5,0.0,0.0,0.0,0.0,0.0,0.0,0.0,0.0,53.0,38.786,player history with empirical shrinkage,0.0,0.0,0.0,0.0,-0.0,127.344,0.0,127.344
Charlie Smyth,NO,K,consensus,charliesmyth,0.0,0.0,0.0,0.0,0.0,0.0,0.0,0.0,0.0,123.0,0.0,0.0,0.0,29.5,35.0,34.4,0.0,0.0,0.0,0.0,0.0,0.0,0.0,0.0,12.0,41.569,player history with empirical shrinkage,0.0,0.0,0.0,0.0,-0.0,157.028,0.0,157.028
Charlie Smyth,NO,K,high,charliesmyth,0.0,0.0,0.0,0.0,0.0,0.0,0.0,0.0,0.0,137.9,0.0,0.0,0.0,30.6,36.0,37.0,0.0,0.0,0.0,0.0,0.0,0.0,0.0,0.0,12.0,41.569,player history with empirical shrinkage,0.0,0.0,0.0,0.0,-0.0,164.201,0.0,164.201
Charlie Smyth,NO,K,low,charliesmyth,0.0,0.0,0.0,0.0,0.0,0.0,0.0,0.0,0.0,120.0,0.0,0.0,0.0,28.0,33.0,31.7,0.0,0.0,0.0,0.0,0.0,0.0,0.0,0.0,12.0,41.569,player history with empirical shrinkage,0.0,0.0,0.0,0.0,-0.0,148.093,0.0,148.093
Chase McLaughlin,TB,K,consensus,chasemclaughlin,0.0,0.0,0.0,0.0,0.0,0.0,0.0,0.0,0.0,132.9,0.0,0.0,0.0,31.5,36.5,38.3,0.0,0.0,0.0,0.0,0.0,0.0,0.0,0.0,62.0,39.354,player history with empirical shrinkage,0.0,0.0,0.0,0.0,-0.0,162.266,0.0,162.266
Chase McLaughlin,TB,K,high,chasemclaughlin,0.0,0.0,0.0,0.0,0.0,0.0,0.0,0.0,0.0,142.2,0.0,0.0,0.0,33.0,40.0,42.0,0.0,0.0,0.0,0.0,0.0,0.0,0.0,0.0,62.0,39.354,player history with empirical shrinkage,0.0,0.0,0.0,0.0,-0.0,171.87,0.0,171.87
Chase McLaughlin,TB,K,low,chasemclaughlin,0.0,0.0,0.0,0.0,0.0,0.0,0.0,0.0,0.0,131.0,0.0,0.0,0.0,30.6,34.5,34.6,0.0,0.0,0.0,0.0,0.0,0.0,0.0,0.0,62.0,39.354,player history with empirical shrinkage,0.0,0.0,0.0,0.0,-0.0,155.024,0.0,155.024
Chris Boswell,PIT,K,consensus,chrisboswell,0.0,0.0,0.0,0.0,0.0,0.0,0.0,0.0,0.0,118.3,0.0,0.0,0.0,28.1,32.4,34.0,0.0,0.0,0.0,0.0,0.0,0.0,0.0,0.0,68.0,40.943,player history with empirical shrinkage,0.0,0.0,0.0,0.0,-0.0,149.049,0.0,149.049
Chris Boswell,PIT,K,high,chrisboswell,0.0,0.0,0.0,0.0,0.0,0.0,0.0,0.0,0.0,142.9,0.0,0.0,0.0,31.4,35.1,36.0,0.0,0.0,0.0,0.0,0.0,0.0,0.0,0.0,68.0,40.943,player history with empirical shrinkage,0.0,0.0,0.0,0.0,-0.0,164.56,0.0,164.56
Chris Boswell,PIT,K,low,chrisboswell,0.0,0.0,0.0,0.0,0.0,0.0,0.0,0.0,0.0,111.0,0.0,0.0,0.0,25.0,29.0,31.9,0.0,0.0,0.0,0.0,0.0,0.0,0.0,0.0,68.0,40.943,player history with empirical shrinkage,0.0,0.0,0.0,0.0,-0.0,134.256,0.0,134.256
Dominic Zvada,NYG,K,consensus,dominiczvada,0.0,0.0,0.0,0.0,0.0,0.0,0.0,0.0,0.0,76.7,0.0,0.0,0.0,18.2,21.7,22.2,0.0,0.0,0.0,0.0,0.0,0.0,0.0,0.0,0.0,38.852,2024-2025 NFL league average,0.0,0.0,0.0,0.0,-0.0,92.91,0.0,92.91
Dominic Zvada,NYG,K,high,dominiczvada,0.0,0.0,0.0,0.0,0.0,0.0,0.0,0.0,0.0,137.2,0.0,0.0,0.0,29.4,34.5,35.3,0.0,0.0,0.0,0.0,0.0,0.0,0.0,0.0,0.0,38.852,2024-2025 NFL league average,0.0,0.0,0.0,0.0,-0.0,149.524,0.0,149.524
Dominic Zvada,NYG,K,low,dominiczvada,0.0,0.0,0.0,0.0,0.0,0.0,0.0,0.0,0.0,30.0,0.0,0.0,0.0,7.0,9.0,9.0,0.0,0.0,0.0,0.0,0.0,0.0,0.0,0.0,0.0,38.852,2024-2025 NFL league average,0.0,0.0,0.0,0.0,-0.0,36.196,0.0,36.196
Drew Stevens,WAS,K,consensus,drewstevens,0.0,0.0,0.0,0.0,0.0,0.0,0.0,0.0,0.0,120.6,0.0,0.0,0.0,27.8,33.2,37.1,0.0,0.0,0.0,0.0,0.0,0.0,0.0,0.0,0.0,38.852,2024-2025 NFL league average,0.0,0.0,0.0,0.0,-0.0,145.108,0.0,145.108
Drew Stevens,WAS,K,high,drewstevens,0.0,0.0,0.0,0.0,0.0,0.0,0.0,0.0,0.0,133.8,0.0,0.0,0.0,28.7,34.5,39.0,0.0,0.0,0.0,0.0,0.0,0.0,0.0,0.0,0.0,38.852,2024-2025 NFL league average,0.0,0.0,0.0,0.0,-0.0,150.504,0.0,150.504
Drew Stevens,WAS,K,low,drewstevens,0.0,0.0,0.0,0.0,0.0,0.0,0.0,0.0,0.0,120.0,0.0,0.0,0.0,27.0,32.0,35.3,0.0,0.0,0.0,0.0,0.0,0.0,0.0,0.0,0.0,38.852,2024-2025 NFL league average,0.0,0.0,0.0,0.0,-0.0,140.2,0.0,140.2
Eddy Pineiro,SF,K,consensus,eddypineiro,0.0,0.0,0.0,0.0,0.0,0.0,0.0,0.0,0.0,132.6,0.0,0.0,0.0,31.0,34.7,39.5,0.0,0.0,0.0,0.0,0.0,0.0,0.0,0.0,50.0,38.609,player history with empirical shrinkage,0.0,0.0,0.0,0.0,-0.0,159.187,0.0,159.187
Eddy Pineiro,SF,K,high,eddypineiro,0.0,0.0,0.0,0.0,0.0,0.0,0.0,0.0,0.0,155.3,0.0,0.0,0.0,32.1,36.1,42.0,0.0,0.0,0.0,0.0,0.0,0.0,0.0,0.0,50.0,38.609,player history with empirical shrinkage,0.0,0.0,0.0,0.0,-0.0,165.934,0.0,165.934
Eddy Pineiro,SF,K,low,eddypineiro,0.0,0.0,0.0,0.0,0.0,0.0,0.0,0.0,0.0,130.0,0.0,0.0,0.0,30.0,34.0,37.0,0.0,0.0,0.0,0.0,0.0,0.0,0.0,0.0,50.0,38.609,player history with empirical shrinkage,0.0,0.0,0.0,0.0,-0.0,152.826,0.0,152.826
Evan McPherson,CIN,K,consensus,evanmcpherson,0.0,0.0,0.0,0.0,0.0,0.0,0.0,0.0,0.0,128.7,0.0,0.0,0.0,27.7,32.1,45.7,0.0,0.0,0.0,0.0,0.0,0.0,0.0,0.0,41.0,39.226,player history with empirical shrinkage,0.0,0.0,0.0,0.0,-0.0,154.356,0.0,154.356
Evan McPherson,CIN,K,high,evanmcpherson,0.0,0.0,0.0,0.0,0.0,0.0,0.0,0.0,0.0,142.1,0.0,0.0,0.0,29.0,34.0,47.0,0.0,0.0,0.0,0.0,0.0,0.0,0.0,0.0,41.0,39.226,player history with empirical shrinkage,0.0,0.0,0.0,0.0,-0.0,160.755,0.0,160.755
Evan McPherson,CIN,K,low,evanmcpherson,0.0,0.0,0.0,0.0,0.0,0.0,0.0,0.0,0.0,121.0,0.0,0.0,0.0,26.0,30.0,44.4,0.0,0.0,0.0,0.0,0.0,0.0,0.0,0.0,41.0,39.226,player history with empirical shrinkage,0.0,0.0,0.0,0.0,-0.0,146.387,0.0,146.387
Harrison Butker,KC,K,consensus,harrisonbutker,0.0,0.0,0.0,0.0,0.0,0.0,0.0,0.0,0.0,131.9,0.0,0.0,0.0,31.3,36.6,38.1,0.0,0.0,0.0,0.0,0.0,0.0,0.0,0.0,54.0,36.539,player history with empirical shrinkage,0.0,0.0,0.0,0.0,-0.0,152.468,0.0,152.468
Harrison Butker,KC,K,high,harrisonbutker,0.0,0.0,0.0,0.0,0.0,0.0,0.0,0.0,0.0,148.8,0.0,0.0,0.0,33.0,39.0,41.2,0.0,0.0,0.0,0.0,0.0,0.0,0.0,0.0,54.0,36.539,player history with empirical shrinkage,0.0,0.0,0.0,0.0,-0.0,161.78,0.0,161.78
Harrison Butker,KC,K,low,harrisonbutker,0.0,0.0,0.0,0.0,0.0,0.0,0.0,0.0,0.0,130.0,0.0,0.0,0.0,30.0,35.0,35.0,0.0,0.0,0.0,0.0,0.0,0.0,0.0,0.0,54.0,36.539,player history with empirical shrinkage,0.0,0.0,0.0,0.0,-0.0,144.618,0.0,144.618
Harrison Mevis,LAR,K,consensus,harrisonmevis,0.0,0.0,0.0,0.0,0.0,0.0,0.0,0.0,0.0,136.9,0.0,0.0,0.0,27.3,30.2,54.9,0.0,0.0,0.0,0.0,0.0,0.0,0.0,0.0,12.0,37.751,player history with empirical shrinkage,0.0,0.0,0.0,0.0,-0.0,157.96,0.0,157.96
Harrison Mevis,LAR,K,high,harrisonmevis,0.0,0.0,0.0,0.0,0.0,0.0,0.0,0.0,0.0,159.5,0.0,0.0,0.0,30.0,34.5,55.0,0.0,0.0,0.0,0.0,0.0,0.0,0.0,0.0,12.0,37.751,player history with empirical shrinkage,0.0,0.0,0.0,0.0,-0.0,168.252,0.0,168.252
Harrison Mevis,LAR,K,low,harrisonmevis,0.0,0.0,0.0,0.0,0.0,0.0,0.0,0.0,0.0,120.0,0.0,0.0,0.0,23.0,25.0,54.9,0.0,0.0,0.0,0.0,0.0,0.0,0.0,0.0,12.0,37.751,player history with empirical shrinkage,0.0,0.0,0.0,0.0,-0.0,141.727,0.0,141.727
Jake Bates,DET,K,consensus,jakebates,0.0,0.0,0.0,0.0,0.0,0.0,0.0,0.0,0.0,135.9,0.0,0.0,0.0,28.3,33.8,51.0,0.0,0.0,0.0,0.0,0.0,0.0,0.0,0.0,53.0,39.675,player history with empirical shrinkage,0.0,0.0,0.0,0.0,-0.0,163.28,0.0,163.28
Jake Bates,DET,K,high,jakebates,0.0,0.0,0.0,0.0,0.0,0.0,0.0,0.0,0.0,146.0,0.0,0.0,0.0,31.0,38.0,53.0,0.0,0.0,0.0,0.0,0.0,0.0,0.0,0.0,53.0,39.675,player history with empirical shrinkage,0.0,0.0,0.0,0.0,-0.0,175.992,0.0,175.992
Jake Bates,DET,K,low,jakebates,0.0,0.0,0.0,0.0,0.0,0.0,0.0,0.0,0.0,125.0,0.0,0.0,0.0,26.0,31.0,49.1,0.0,0.0,0.0,0.0,0.0,0.0,0.0,0.0,53.0,39.675,player history with empirical shrinkage,0.0,0.0,0.0,0.0,-0.0,152.255,0.0,152.255
Jake Elliott,PHI,K,consensus,jakeelliott,0.0,0.0,0.0,0.0,0.0,0.0,0.0,0.0,0.0,119.8,0.0,0.0,0.0,26.0,31.8,41.7,0.0,0.0,0.0,0.0,0.0,0.0,0.0,0.0,48.0,37.612,player history with empirical shrinkage,0.0,0.0,0.0,0.0,-0.0,139.492,0.0,139.492
Jake Elliott,PHI,K,high,jakeelliott,0.0,0.0,0.0,0.0,0.0,0.0,0.0,0.0,0.0,135.8,0.0,0.0,0.0,27.1,33.0,42.3,0.0,0.0,0.0,0.0,0.0,0.0,0.0,0.0,48.0,37.612,player history with empirical shrinkage,0.0,0.0,0.0,0.0,-0.0,144.23,0.0,144.23
Jake Elliott,PHI,K,low,jakeelliott,0.0,0.0,0.0,0.0,0.0,0.0,0.0,0.0,0.0,119.0,0.0,0.0,0.0,25.0,30.0,41.0,0.0,0.0,0.0,0.0,0.0,0.0,0.0,0.0,48.0,37.612,player history with empirical shrinkage,0.0,0.0,0.0,0.0,-0.0,135.031,0.0,135.031
Jason Myers,SEA,K,consensus,jasonmyers,0.0,0.0,0.0,0.0,0.0,0.0,0.0,0.0,0.0,150.4,0.0,0.0,0.0,34.7,39.6,46.3,0.0,0.0,0.0,0.0,0.0,0.0,0.0,0.0,67.0,41.085,player history with empirical shrinkage,0.0,0.0,0.0,0.0,-0.0,188.864,0.0,188.864
Jason Myers,SEA,K,high,jasonmyers,0.0,0.0,0.0,0.0,0.0,0.0,0.0,0.0,0.0,167.0,0.0,0.0,0.0,39.0,44.0,50.0,0.0,0.0,0.0,0.0,0.0,0.0,0.0,0.0,67.0,41.085,player history with empirical shrinkage,0.0,0.0,0.0,0.0,-0.0,210.23,0.0,210.23
Jason Myers,SEA,K,low,jasonmyers,0.0,0.0,0.0,0.0,0.0,0.0,0.0,0.0,0.0,138.0,0.0,0.0,0.0,32.0,37.0,42.6,0.0,0.0,0.0,0.0,0.0,0.0,0.0,0.0,67.0,41.085,player history with empirical shrinkage,0.0,0.0,0.0,0.0,-0.0,174.071,0.0,174.071
Jason Sanders,NYJ,K,consensus,jasonsanders,0.0,0.0,0.0,0.0,0.0,0.0,0.0,0.0,0.0,118.0,0.0,0.0,0.0,28.7,33.2,31.9,0.0,0.0,0.0,0.0,0.0,0.0,0.0,0.0,37.0,40.139,player history with empirical shrinkage,0.0,0.0,0.0,0.0,-0.0,147.098,0.0,147.098
Jason Sanders,NYJ,K,high,jasonsanders,0.0,0.0,0.0,0.0,0.0,0.0,0.0,0.0,0.0,128.4,0.0,0.0,0.0,29.0,34.0,35.0,0.0,0.0,0.0,0.0,0.0,0.0,0.0,0.0,37.0,40.139,player history with empirical shrinkage,0.0,0.0,0.0,0.0,-0.0,151.402,0.0,151.402
Jason Sanders,NYJ,K,low,jasonsanders,0.0,0.0,0.0,0.0,0.0,0.0,0.0,0.0,0.0,122.0,0.0,0.0,0.0,28.4,32.4,28.8,0.0,0.0,0.0,0.0,0.0,0.0,0.0,0.0,37.0,40.139,player history with empirical shrinkage,0.0,0.0,0.0,0.0,-0.0,142.794,0.0,142.794
Joey Slye,TEN,K,consensus,joeyslye,0.0,0.0,0.0,0.0,0.0,0.0,0.0,0.0,0.0,113.9,0.0,0.0,0.0,27.4,33.1,31.7,0.0,0.0,0.0,0.0,0.0,0.0,0.0,0.0,54.0,40.055,player history with empirical shrinkage,0.0,0.0,0.0,0.0,-0.0,141.451,0.0,141.451
Joey Slye,TEN,K,high,joeyslye,0.0,0.0,0.0,0.0,0.0,0.0,0.0,0.0,0.0,123.4,0.0,0.0,0.0,29.0,35.0,34.0,0.0,0.0,0.0,0.0,0.0,0.0,0.0,0.0,54.0,40.055,player history with empirical shrinkage,0.0,0.0,0.0,0.0,-0.0,150.159,0.0,150.159
Joey Slye,TEN,K,low,joeyslye,0.0,0.0,0.0,0.0,0.0,0.0,0.0,0.0,0.0,106.0,0.0,0.0,0.0,26.0,32.0,29.4,0.0,0.0,0.0,0.0,0.0,0.0,0.0,0.0,54.0,40.055,player history with empirical shrinkage,0.0,0.0,0.0,0.0,-0.0,133.543,0.0,133.543
Ka'imi Fairbairn,HOU,K,consensus,kaimifairbairn,0.0,0.0,0.0,0.0,0.0,0.0,0.0,0.0,0.0,144.1,0.0,0.0,0.0,36.3,40.5,35.2,0.0,0.0,0.0,0.0,0.0,0.0,0.0,0.0,80.0,40.172,player history with empirical shrinkage,0.0,0.0,0.0,0.0,-0.0,181.026,0.0,181.026
Ka'imi Fairbairn,HOU,K,high,kaimifairbairn,0.0,0.0,0.0,0.0,0.0,0.0,0.0,0.0,0.0,157.9,0.0,0.0,0.0,39.0,43.0,39.0,0.0,0.0,0.0,0.0,0.0,0.0,0.0,0.0,80.0,40.172,player history with empirical shrinkage,0.0,0.0,0.0,0.0,-0.0,195.672,0.0,195.672
Ka'imi Fairbairn,HOU,K,low,kaimifairbairn,0.0,0.0,0.0,0.0,0.0,0.0,0.0,0.0,0.0,138.0,0.0,0.0,0.0,34.0,38.0,31.3,0.0,0.0,0.0,0.0,0.0,0.0,0.0,0.0,80.0,40.172,player history with empirical shrinkage,0.0,0.0,0.0,0.0,-0.0,167.886,0.0,167.886
Matt Gay,LV,K,consensus,mattgay,0.0,0.0,0.0,0.0,0.0,0.0,0.0,0.0,0.0,107.6,0.0,0.0,0.0,25.8,32.5,30.1,0.0,0.0,0.0,0.0,0.0,0.0,0.0,0.0,48.0,37.905,player history with empirical shrinkage,0.0,0.0,0.0,0.0,-0.0,127.896,0.0,127.896
Matt Gay,LV,K,high,mattgay,0.0,0.0,0.0,0.0,0.0,0.0,0.0,0.0,0.0,125.1,0.0,0.0,0.0,28.5,34.4,33.0,0.0,0.0,0.0,0.0,0.0,0.0,0.0,0.0,48.0,37.905,player history with empirical shrinkage,0.0,0.0,0.0,0.0,-0.0,141.031,0.0,141.031
Matt Gay,LV,K,low,mattgay,0.0,0.0,0.0,0.0,0.0,0.0,0.0,0.0,0.0,102.0,0.0,0.0,0.0,23.0,31.0,27.1,0.0,0.0,0.0,0.0,0.0,0.0,0.0,0.0,48.0,37.905,player history with empirical shrinkage,0.0,0.0,0.0,0.0,-0.0,114.283,0.0,114.283
Nick Folk,ATL,K,consensus,nickfolk,0.0,0.0,0.0,0.0,0.0,0.0,0.0,0.0,0.0,128.6,0.0,0.0,0.0,30.0,32.8,38.5,0.0,0.0,0.0,0.0,0.0,0.0,0.0,0.0,49.0,40.161,player history with empirical shrinkage,0.0,0.0,0.0,0.0,-0.0,158.984,0.0,158.984
Nick Folk,ATL,K,high,nickfolk,0.0,0.0,0.0,0.0,0.0,0.0,0.0,0.0,0.0,151.0,0.0,0.0,0.0,35.0,38.0,46.0,0.0,0.0,0.0,0.0,0.0,0.0,0.0,0.0,49.0,40.161,player history with empirical shrinkage,0.0,0.0,0.0,0.0,-0.0,186.565,0.0,186.565
Nick Folk,ATL,K,low,nickfolk,0.0,0.0,0.0,0.0,0.0,0.0,0.0,0.0,0.0,109.0,0.0,0.0,0.0,24.0,26.0,31.1,0.0,0.0,0.0,0.0,0.0,0.0,0.0,0.0,49.0,40.161,player history with empirical shrinkage,0.0,0.0,0.0,0.0,-0.0,127.487,0.0,127.487
Riley Patterson,MIA,K,consensus,rileypatterson,0.0,0.0,0.0,0.0,0.0,0.0,0.0,0.0,0.0,114.7,0.0,0.0,0.0,27.9,32.1,31.2,0.0,0.0,0.0,0.0,0.0,0.0,0.0,0.0,31.0,39.5,player history with empirical shrinkage,0.0,0.0,0.0,0.0,-0.0,141.406,0.0,141.406
Riley Patterson,MIA,K,high,rileypatterson,0.0,0.0,0.0,0.0,0.0,0.0,0.0,0.0,0.0,127.4,0.0,0.0,0.0,29.6,34.2,38.0,0.0,0.0,0.0,0.0,0.0,0.0,0.0,0.0,31.0,39.5,player history with empirical shrinkage,0.0,0.0,0.0,0.0,-0.0,154.921,0.0,154.921
Riley Patterson,MIA,K,low,rileypatterson,0.0,0.0,0.0,0.0,0.0,0.0,0.0,0.0,0.0,111.0,0.0,0.0,0.0,27.0,31.0,24.3,0.0,0.0,0.0,0.0,0.0,0.0,0.0,0.0,31.0,39.5,player history with empirical shrinkage,0.0,0.0,0.0,0.0,-0.0,130.951,0.0,130.951
Ryan Fitzgerald,CAR,K,consensus,ryanfitzgerald,0.0,0.0,0.0,0.0,0.0,0.0,0.0,0.0,0.0,107.9,0.0,0.0,0.0,25.5,30.2,31.4,0.0,0.0,0.0,0.0,0.0,0.0,0.0,0.0,24.0,38.103,player history with empirical shrinkage,0.0,0.0,0.0,0.0,-0.0,128.564,0.0,128.564
Ryan Fitzgerald,CAR,K,high,ryanfitzgerald,0.0,0.0,0.0,0.0,0.0,0.0,0.0,0.0,0.0,124.1,0.0,0.0,0.0,27.5,32.5,34.0,0.0,0.0,0.0,0.0,0.0,0.0,0.0,0.0,24.0,38.103,player history with empirical shrinkage,0.0,0.0,0.0,0.0,-0.0,138.784,0.0,138.784
Ryan Fitzgerald,CAR,K,low,ryanfitzgerald,0.0,0.0,0.0,0.0,0.0,0.0,0.0,0.0,0.0,106.0,0.0,0.0,0.0,24.0,29.0,28.8,0.0,0.0,0.0,0.0,0.0,0.0,0.0,0.0,24.0,38.103,player history with empirical shrinkage,0.0,0.0,0.0,0.0,-0.0,120.248,0.0,120.248
Spencer Shrader,IND,K,consensus,spencershrader,0.0,0.0,0.0,0.0,0.0,0.0,0.0,0.0,0.0,0.0,0.0,0.0,0.0,0.0,0.0,0.0,0.0,0.0,0.0,0.0,0.0,0.0,0.0,0.0,18.0,36.126,player history with empirical shrinkage,0.0,0.0,0.0,0.0,-0.0,0.0,0.0,0.0
Spencer Shrader,IND,K,high,spencershrader,0.0,0.0,0.0,0.0,0.0,0.0,0.0,0.0,0.0,0.0,0.0,0.0,0.0,0.0,0.0,0.0,0.0,0.0,0.0,0.0,0.0,0.0,0.0,0.0,18.0,36.126,player history with empirical shrinkage,0.0,0.0,0.0,0.0,-0.0,0.0,0.0,0.0
Spencer Shrader,IND,K,low,spencershrader,0.0,0.0,0.0,0.0,0.0,0.0,0.0,0.0,0.0,0.0,0.0,0.0,0.0,0.0,0.0,0.0,0.0,0.0,0.0,0.0,0.0,0.0,0.0,0.0,18.0,36.126,player history with empirical shrinkage,0.0,0.0,0.0,0.0,-0.0,0.0,0.0,0.0
Tanner Brown,NO,K,consensus,tannerbrown,0.0,0.0,0.0,0.0,0.0,0.0,0.0,0.0,0.0,0.0,0.0,0.0,0.0,0.0,0.0,0.0,0.0,0.0,0.0,0.0,0.0,0.0,0.0,0.0,0.0,38.852,2024-2025 NFL league average,0.0,0.0,0.0,0.0,-0.0,0.0,0.0,0.0
Tanner Brown,NO,K,high,tannerbrown,0.0,0.0,0.0,0.0,0.0,0.0,0.0,0.0,0.0,0.0,0.0,0.0,0.0,0.0,0.0,0.0,0.0,0.0,0.0,0.0,0.0,0.0,0.0,0.0,0.0,38.852,2024-2025 NFL league average,0.0,0.0,0.0,0.0,-0.0,0.0,0.0,0.0
Tanner Brown,NO,K,low,tannerbrown,0.0,0.0,0.0,0.0,0.0,0.0,0.0,0.0,0.0,0.0,0.0,0.0,0.0,0.0,0.0,0.0,0.0,0.0,0.0,0.0,0.0,0.0,0.0,0.0,0.0,38.852,2024-2025 NFL league average,0.0,0.0,0.0,0.0,-0.0,0.0,0.0,0.0
Trey Smack,GB,K,consensus,treysmack,0.0,0.0,0.0,0.0,0.0,0.0,0.0,0.0,0.0,126.9,0.0,0.0,0.0,28.9,34.1,40.1,0.0,0.0,0.0,0.0,0.0,0.0,0.0,0.0,0.0,38.852,2024-2025 NFL league average,0.0,0.0,0.0,0.0,-0.0,152.381,0.0,152.381
Trey Smack,GB,K,high,treysmack,0.0,0.0,0.0,0.0,0.0,0.0,0.0,0.0,0.0,144.0,0.0,0.0,0.0,29.8,35.4,41.1,0.0,0.0,0.0,0.0,0.0,0.0,0.0,0.0,0.0,38.852,2024-2025 NFL league average,0.0,0.0,0.0,0.0,-0.0,156.878,0.0,156.878
Trey Smack,GB,K,low,treysmack,0.0,0.0,0.0,0.0,0.0,0.0,0.0,0.0,0.0,124.0,0.0,0.0,0.0,28.0,33.0,39.0,0.0,0.0,0.0,0.0,0.0,0.0,0.0,0.0,0.0,38.852,2024-2025 NFL league average,0.0,0.0,0.0,0.0,-0.0,147.785,0.0,147.785
Tyler Bass,BUF,K,consensus,tylerbass,0.0,0.0,0.0,0.0,0.0,0.0,0.0,0.0,0.0,123.6,0.0,0.0,0.0,25.6,30.9,46.7,0.0,0.0,0.0,0.0,0.0,0.0,0.0,0.0,24.0,38.868,player history with empirical shrinkage,0.0,0.0,0.0,0.0,-0.0,146.202,0.0,146.202
Tyler Bass,BUF,K,high,tylerbass,0.0,0.0,0.0,0.0,0.0,0.0,0.0,0.0,0.0,136.8,0.0,0.0,0.0,26.0,32.0,47.5,0.0,0.0,0.0,0.0,0.0,0.0,0.0,0.0,24.0,38.868,player history with empirical shrinkage,0.0,0.0,0.0,0.0,-0.0,148.557,0.0,148.557
Tyler Bass,BUF,K,low,tylerbass,0.0,0.0,0.0,0.0,0.0,0.0,0.0,0.0,0.0,124.0,0.0,0.0,0.0,25.0,30.0,46.0,0.0,0.0,0.0,0.0,0.0,0.0,0.0,0.0,24.0,38.868,player history with empirical shrinkage,0.0,0.0,0.0,0.0,-0.0,143.17,0.0,143.17
Tyler Loop,BAL,K,consensus,tylerloop,0.0,0.0,0.0,0.0,0.0,0.0,0.0,0.0,0.0,132.1,0.0,0.0,0.0,28.4,32.5,46.8,0.0,0.0,0.0,0.0,0.0,0.0,0.0,0.0,30.0,35.388,player history with empirical shrinkage,0.0,0.0,0.0,0.0,-0.0,147.302,0.0,147.302
Tyler Loop,BAL,K,high,tylerloop,0.0,0.0,0.0,0.0,0.0,0.0,0.0,0.0,0.0,146.0,0.0,0.0,0.0,29.3,34.5,49.0,0.0,0.0,0.0,0.0,0.0,0.0,0.0,0.0,30.0,35.388,player history with empirical shrinkage,0.0,0.0,0.0,0.0,-0.0,152.687,0.0,152.687
Tyler Loop,BAL,K,low,tylerloop,0.0,0.0,0.0,0.0,0.0,0.0,0.0,0.0,0.0,125.0,0.0,0.0,0.0,27.0,31.0,44.5,0.0,0.0,0.0,0.0,0.0,0.0,0.0,0.0,30.0,35.388,player history with empirical shrinkage,0.0,0.0,0.0,0.0,-0.0,140.047,0.0,140.047
Wil Lutz,DEN,K,consensus,willutz,0.0,0.0,0.0,0.0,0.0,0.0,0.0,0.0,0.0,128.5,0.0,0.0,0.0,29.0,33.7,41.5,0.0,0.0,0.0,0.0,0.0,0.0,0.0,0.0,59.0,37.935,player history with empirical shrinkage,0.0,0.0,0.0,0.0,-0.0,151.512,0.0,151.512
Wil Lutz,DEN,K,high,willutz,0.0,0.0,0.0,0.0,0.0,0.0,0.0,0.0,0.0,135.9,0.0,0.0,0.0,30.0,36.0,44.0,0.0,0.0,0.0,0.0,0.0,0.0,0.0,0.0,59.0,37.935,player history with empirical shrinkage,0.0,0.0,0.0,0.0,-0.0,157.805,0.0,157.805
Wil Lutz,DEN,K,low,willutz,0.0,0.0,0.0,0.0,0.0,0.0,0.0,0.0,0.0,133.0,0.0,0.0,0.0,28.0,32.0,39.1,0.0,0.0,0.0,0.0,0.0,0.0,0.0,0.0,59.0,37.935,player history with empirical shrinkage,0.0,0.0,0.0,0.0,-0.0,145.318,0.0,145.318
Will Reichard,MIN,K,consensus,willreichard,0.0,0.0,0.0,0.0,0.0,0.0,0.0,0.0,0.0,130.7,0.0,0.0,0.0,30.9,34.2,38.0,0.0,0.0,0.0,0.0,0.0,0.0,0.0,0.0,57.0,40.829,player history with empirical shrinkage,0.0,0.0,0.0,0.0,-0.0,164.16,0.0,164.16
Will Reichard,MIN,K,high,willreichard,0.0,0.0,0.0,0.0,0.0,0.0,0.0,0.0,0.0,142.2,0.0,0.0,0.0,33.0,36.0,42.0,0.0,0.0,0.0,0.0,0.0,0.0,0.0,0.0,57.0,40.829,player history with empirical shrinkage,0.0,0.0,0.0,0.0,-0.0,176.734,0.0,176.734
Will Reichard,MIN,K,low,willreichard,0.0,0.0,0.0,0.0,0.0,0.0,0.0,0.0,0.0,125.0,0.0,0.0,0.0,29.0,32.0,34.0,0.0,0.0,0.0,0.0,0.0,0.0,0.0,0.0,57.0,40.829,player history with empirical shrinkage,0.0,0.0,0.0,0.0,-0.0,152.403,0.0,152.403
Zane Gonzalez,MIA,K,consensus,zanegonzalez,0.0,0.0,0.0,0.0,0.0,0.0,0.0,0.0,0.0,0.0,0.0,0.0,0.0,0.0,0.0,0.0,0.0,0.0,0.0,0.0,0.0,0.0,0.0,0.0,24.0,42.78,player history with empirical shrinkage,0.0,0.0,0.0,0.0,-0.0,0.0,0.0,0.0
Zane Gonzalez,MIA,K,high,zanegonzalez,0.0,0.0,0.0,0.0,0.0,0.0,0.0,0.0,0.0,0.0,0.0,0.0,0.0,0.0,0.0,0.0,0.0,0.0,0.0,0.0,0.0,0.0,0.0,0.0,24.0,42.78,player history with empirical shrinkage,0.0,0.0,0.0,0.0,-0.0,0.0,0.0,0.0
Zane Gonzalez,MIA,K,low,zanegonzalez,0.0,0.0,0.0,0.0,0.0,0.0,0.0,0.0,0.0,0.0,0.0,0.0,0.0,0.0,0.0,0.0,0.0,0.0,0.0,0.0,0.0,0.0,0.0,0.0,24.0,42.78,player history with empirical shrinkage,0.0,0.0,0.0,0.0,-0.0,0.0,0.0,0.0
Arizona Cardinals,ARI,DST,consensus,arizonacardinals,0.0,0.0,0.0,0.0,0.0,0.0,0.0,0.0,0.0,90.1,0.0,0.0,0.0,0.0,0.0,0.0,35.8,11.8,9.3,14.0,1.9,0.5,465.9,6151.2,,,,-13.247,0.0,0.0,0.0,-0.0,,126.2,112.953
Arizona Cardinals,ARI,DST,high,arizonacardinals,0.0,0.0,0.0,0.0,0.0,0.0,0.0,0.0,0.0,97.8,0.0,0.0,0.0,0.0,0.0,0.0,36.0,12.4,12.0,16.0,2.4,1.0,516.0,6018.0,,,,-23.961,0.0,0.0,0.0,-0.0,,137.2,113.239
Arizona Cardinals,ARI,DST,low,arizonacardinals,0.0,0.0,0.0,0.0,0.0,0.0,0.0,0.0,0.0,50.7,0.0,0.0,0.0,0.0,0.0,0.0,35.4,11.0,7.8,12.1,1.0,0.0,427.0,6284.4,,,,-4.647,0.0,0.0,0.0,-0.0,,114.4,109.753
Atlanta Falcons,ATL,DST,consensus,atlantafalcons,0.0,0.0,0.0,0.0,0.0,0.0,0.0,0.0,0.0,101.6,0.0,0.0,0.0,0.0,0.0,0.0,46.0,12.3,8.1,12.7,2.3,0.5,423.6,5669.5,,,,-4.084,0.0,0.0,0.0,-0.0,,147.6,143.516
Atlanta Falcons,ATL,DST,high,atlantafalcons,0.0,0.0,0.0,0.0,0.0,0.0,0.0,0.0,0.0,158.5,0.0,0.0,0.0,0.0,0.0,0.0,60.3,14.0,10.0,14.0,2.7,1.0,448.0,5226.0,,,,-9.663,0.0,0.0,0.0,-0.0,,186.8,177.137
Atlanta Falcons,ATL,DST,low,atlantafalcons,0.0,0.0,0.0,0.0,0.0,0.0,0.0,0.0,0.0,60.0,0.0,0.0,0.0,0.0,0.0,0.0,37.8,11.0,7.0,11.4,2.0,0.0,410.7,6112.9,,,,-0.688,0.0,0.0,0.0,-0.0,,123.6,122.912
Baltimore Ravens,BAL,DST,consensus,baltimoreravens,0.0,0.0,0.0,0.0,0.0,0.0,0.0,0.0,0.0,102.0,0.0,0.0,0.0,0.0,0.0,0.0,46.1,12.8,9.3,14.1,2.0,0.0,356.9,5267.3,,,,12.503,0.0,0.0,0.0,-0.0,,148.4,160.903
Baltimore Ravens,BAL,DST,high,baltimoreravens,0.0,0.0,0.0,0.0,0.0,0.0,0.0,0.0,0.0,184.2,0.0,0.0,0.0,0.0,0.0,0.0,49.4,13.0,12.0,16.0,2.8,0.0,374.0,5028.0,,,,7.925,0.0,0.0,0.0,-0.0,,165.6,173.525
Baltimore Ravens,BAL,DST,low,baltimoreravens,0.0,0.0,0.0,0.0,0.0,0.0,0.0,0.0,0.0,99.0,0.0,0.0,0.0,0.0,0.0,0.0,43.8,12.4,7.9,12.1,1.0,0.0,329.6,5506.6,,,,19.652,0.0,0.0,0.0,-0.0,,134.2,153.852
Buffalo Bills,BUF,DST,consensus,buffalobills,0.0,0.0,0.0,0.0,0.0,0.0,0.0,0.0,0.0,106.6,0.0,0.0,0.0,0.0,0.0,0.0,42.7,14.6,9.6,12.7,2.4,0.5,392.7,5726.1,,,,3.403,0.0,0.0,0.0,-0.0,,149.2,152.603
Buffalo Bills,BUF,DST,high,buffalobills,0.0,0.0,0.0,0.0,0.0,0.0,0.0,0.0,0.0,151.3,0.0,0.0,0.0,0.0,0.0,0.0,47.3,17.0,11.0,15.0,3.0,1.0,414.0,5317.0,,,,-1.326,0.0,0.0,0.0,-0.0,,170.6,169.274
Buffalo Bills,BUF,DST,low,buffalobills,0.0,0.0,0.0,0.0,0.0,0.0,0.0,0.0,0.0,58.5,0.0,0.0,0.0,0.0,0.0,0.0,40.0,11.8,6.8,10.5,2.0,0.0,367.0,6135.2,,,,9.545,0.0,0.0,0.0,-0.0,,129.2,138.745
Carolina Panthers,CAR,DST,consensus,carolinapanthers,0.0,0.0,0.0,0.0,0.0,0.0,0.0,0.0,0.0,86.5,0.0,0.0,0.0,0.0,0.0,0.0,38.2,11.6,7.1,10.6,1.8,0.0,404.1,5815.6,,,,0.557,0.0,0.0,0.0,-0.0,,124.6,125.157
Carolina Panthers,CAR,DST,high,carolinapanthers,0.0,0.0,0.0,0.0,0.0,0.0,0.0,0.0,0.0,134.6,0.0,0.0,0.0,0.0,0.0,0.0,42.2,13.0,9.0,13.0,2.4,0.0,421.0,5669.0,,,,-3.296,0.0,0.0,0.0,-0.0,,142.8,139.504
Carolina Panthers,CAR,DST,low,carolinapanthers,0.0,0.0,0.0,0.0,0.0,0.0,0.0,0.0,0.0,62.3,0.0,0.0,0.0,0.0,0.0,0.0,35.0,10.8,5.4,8.3,1.0,0.0,386.2,5962.2,,,,4.647,0.0,0.0,0.0,-0.0,,108.4,113.047
Chicago Bears,CHI,DST,consensus,chicagobears,0.0,0.0,0.0,0.0,0.0,0.0,0.0,0.0,0.0,101.0,0.0,0.0,0.0,0.0,0.0,0.0,39.1,14.1,10.6,16.6,2.1,0.0,390.5,5913.3,,,,3.897,0.0,0.0,0.0,-0.0,,140.2,144.097
Chicago Bears,CHI,DST,high,chicagobears,0.0,0.0,0.0,0.0,0.0,0.0,0.0,0.0,0.0,151.2,0.0,0.0,0.0,0.0,0.0,0.0,42.6,15.0,13.0,18.0,3.1,0.0,399.0,5898.5,,,,1.895,0.0,0.0,0.0,-0.0,,159.8,161.695
Chicago Bears,CHI,DST,low,chicagobears,0.0,0.0,0.0,0.0,0.0,0.0,0.0,0.0,0.0,89.0,0.0,0.0,0.0,0.0,0.0,0.0,36.0,13.2,9.0,15.1,1.0,0.0,377.4,5928.0,,,,7.149,0.0,0.0,0.0,-0.0,,122.4,129.549
Cincinnati Bengals,CIN,DST,consensus,cincinnatibengals,0.0,0.0,0.0,0.0,0.0,0.0,0.0,0.0,0.0,99.8,0.0,0.0,0.0,0.0,0.0,0.0,41.2,13.1,9.8,13.4,2.1,0.0,413.3,5840.3,,,,-1.326,0.0,0.0,0.0,-0.0,,140.8,139.474
Cincinnati Bengals,CIN,DST,high,cincinnatibengals,0.0,0.0,0.0,0.0,0.0,0.0,0.0,0.0,0.0,151.7,0.0,0.0,0.0,0.0,0.0,0.0,47.1,14.0,13.0,17.0,3.1,0.0,436.0,5711.0,,,,-7.305,0.0,0.0,0.0,-0.0,,166.8,159.495
Cincinnati Bengals,CIN,DST,low,cincinnatibengals,0.0,0.0,0.0,0.0,0.0,0.0,0.0,0.0,0.0,73.5,0.0,0.0,0.0,0.0,0.0,0.0,38.0,12.3,6.3,9.8,1.0,0.0,375.0,5969.5,,,,7.812,0.0,0.0,0.0,-0.0,,119.2,127.012
Cleveland Browns,CLE,DST,consensus,clevelandbrowns,0.0,0.0,0.0,0.0,0.0,0.0,0.0,0.0,0.0,101.1,0.0,0.0,0.0,0.0,0.0,0.0,46.3,12.1,8.6,12.8,2.2,0.0,387.7,5195.2,,,,4.422,0.0,0.0,0.0,-0.0,,147.2,151.622
Cleveland Browns,CLE,DST,high,clevelandbrowns,0.0,0.0,0.0,0.0,0.0,0.0,0.0,0.0,0.0,183.9,0.0,0.0,0.0,0.0,0.0,0.0,52.9,13.0,11.0,15.0,2.5,0.0,412.0,4713.0,,,,-0.819,0.0,0.0,0.0,-0.0,,168.8,167.981
Cleveland Browns,CLE,DST,low,clevelandbrowns,0.0,0.0,0.0,0.0,0.0,0.0,0.0,0.0,0.0,97.0,0.0,0.0,0.0,0.0,0.0,0.0,41.1,11.4,6.9,10.6,2.0,0.0,341.0,5677.3,,,,16.706,0.0,0.0,0.0,-0.0,,130.8,147.506
Dallas Cowboys,DAL,DST,consensus,dallascowboys,0.0,0.0,0.0,0.0,0.0,0.0,0.0,0.0,0.0,91.6,0.0,0.0,0.0,0.0,0.0,0.0,42.1,10.7,8.4,13.1,1.9,0.0,437.6,6052.1,,,,-7.624,0.0,0.0,0.0,-0.0,,133.8,126.176
Dallas Cowboys,DAL,DST,high,dallascowboys,0.0,0.0,0.0,0.0,0.0,0.0,0.0,0.0,0.0,100.2,0.0,0.0,0.0,0.0,0.0,0.0,43.8,11.2,11.0,15.0,2.4,0.0,495.0,5884.2,,,,-19.439,0.0,0.0,0.0,-0.0,,146.4,126.961
Dallas Cowboys,DAL,DST,low,dallascowboys,0.0,0.0,0.0,0.0,0.0,0.0,0.0,0.0,0.0,78.7,0.0,0.0,0.0,0.0,0.0,0.0,39.4,10.0,7.0,11.2,1.0,0.0,387.7,6220.0,,,,4.422,0.0,0.0,0.0,-0.0,,118.8,123.222
Denver Broncos,DEN,DST,consensus,denverbroncos,0.0,0.0,0.0,0.0,0.0,0.0,0.0,0.0,0.0,118.3,0.0,0.0,0.0,0.0,0.0,0.0,59.8,13.3,8.3,12.3,2.4,0.5,319.3,4842.7,,,,22.21,0.0,0.0,0.0,-0.0,,178.2,200.41
Denver Broncos,DEN,DST,high,denverbroncos,0.0,0.0,0.0,0.0,0.0,0.0,0.0,0.0,0.0,276.4,0.0,0.0,0.0,0.0,0.0,0.0,73.0,15.0,10.0,14.0,2.9,1.0,326.0,4237.0,,,,20.478,0.0,0.0,0.0,-0.0,,215.4,235.878
Denver Broncos,DEN,DST,low,denverbroncos,0.0,0.0,0.0,0.0,0.0,0.0,0.0,0.0,0.0,121.0,0.0,0.0,0.0,0.0,0.0,0.0,45.3,12.0,6.8,10.5,2.0,0.0,314.0,5448.3,,,,24.243,0.0,0.0,0.0,-0.0,,140.2,164.443
Detroit Lions,DET,DST,consensus,detroitlions,0.0,0.0,0.0,0.0,0.0,0.0,0.0,0.0,0.0,106.8,0.0,0.0,0.0,0.0,0.0,0.0,48.0,13.4,9.0,13.9,2.2,0.5,374.6,5456.9,,,,7.812,0.0,0.0,0.0,-0.0,,155.0,162.812
Detroit Lions,DET,DST,high,detroitlions,0.0,0.0,0.0,0.0,0.0,0.0,0.0,0.0,0.0,161.9,0.0,0.0,0.0,0.0,0.0,0.0,59.5,14.0,10.0,14.0,3.4,1.0,400.0,5224.0,,,,1.645,0.0,0.0,0.0,-0.0,,189.4,191.045
Detroit Lions,DET,DST,low,detroitlions,0.0,0.0,0.0,0.0,0.0,0.0,0.0,0.0,0.0,103.0,0.0,0.0,0.0,0.0,0.0,0.0,39.6,12.3,8.0,13.8,1.0,0.0,335.7,5689.8,,,,17.713,0.0,0.0,0.0,-0.0,,125.8,143.513
Green Bay Packers,GB,DST,consensus,greenbaypackers,0.0,0.0,0.0,0.0,0.0,0.0,0.0,0.0,0.0,95.3,0.0,0.0,0.0,0.0,0.0,0.0,40.5,11.9,9.7,13.5,1.9,0.0,366.9,5512.2,,,,9.545,0.0,0.0,0.0,-0.0,,135.6,145.145
Green Bay Packers,GB,DST,high,greenbaypackers,0.0,0.0,0.0,0.0,0.0,0.0,0.0,0.0,0.0,139.5,0.0,0.0,0.0,0.0,0.0,0.0,41.1,13.0,12.0,16.0,2.7,0.0,376.0,5176.0,,,,7.624,0.0,0.0,0.0,-0.0,,148.4,156.024
Green Bay Packers,GB,DST,low,greenbaypackers,0.0,0.0,0.0,0.0,0.0,0.0,0.0,0.0,0.0,90.3,0.0,0.0,0.0,0.0,0.0,0.0,39.3,11.0,7.2,11.1,1.0,0.0,356.0,5848.3,,,,12.766,0.0,0.0,0.0,-0.0,,121.0,133.766
Houston Texans,HOU,DST,consensus,houstontexans,0.0,0.0,0.0,0.0,0.0,0.0,0.0,0.0,0.0,120.3,0.0,0.0,0.0,0.0,0.0,0.0,49.5,14.4,11.6,18.3,2.8,1.0,322.1,5053.6,,,,21.253,0.0,0.0,0.0,-0.0,,169.8,191.053
Houston Texans,HOU,DST,high,houstontexans,0.0,0.0,0.0,0.0,0.0,0.0,0.0,0.0,0.0,238.3,0.0,0.0,0.0,0.0,0.0,0.0,57.1,16.0,14.0,20.0,3.2,1.0,325.0,4654.0,,,,20.765,0.0,0.0,0.0,-0.0,,195.4,216.165
Houston Texans,HOU,DST,low,houstontexans,0.0,0.0,0.0,0.0,0.0,0.0,0.0,0.0,0.0,126.0,0.0,0.0,0.0,0.0,0.0,0.0,43.4,12.3,10.0,16.7,2.1,1.0,319.0,5453.3,,,,22.498,0.0,0.0,0.0,-0.0,,146.0,168.498
Indianapolis Colts,IND,DST,consensus,indianapoliscolts,0.0,0.0,0.0,0.0,0.0,0.0,0.0,0.0,0.0,94.1,0.0,0.0,0.0,0.0,0.0,0.0,39.4,12.9,8.7,12.3,1.9,0.0,398.7,5561.7,,,,1.895,0.0,0.0,0.0,-0.0,,133.4,135.295
Indianapolis Colts,IND,DST,high,indianapoliscolts,0.0,0.0,0.0,0.0,0.0,0.0,0.0,0.0,0.0,136.7,0.0,0.0,0.0,0.0,0.0,0.0,41.1,15.0,11.0,15.0,2.6,0.0,415.0,5202.0,,,,-1.407,0.0,0.0,0.0,-0.0,,149.8,148.393
Indianapolis Colts,IND,DST,low,indianapoliscolts,0.0,0.0,0.0,0.0,0.0,0.0,0.0,0.0,0.0,75.2,0.0,0.0,0.0,0.0,0.0,0.0,38.0,11.8,6.2,9.5,1.0,0.0,379.0,5921.5,,,,7.005,0.0,0.0,0.0,-0.0,,118.0,125.005
Jacksonville Jaguars,JAX,DST,consensus,jacksonvillejaguars,0.0,0.0,0.0,0.0,0.0,0.0,0.0,0.0,0.0,99.9,0.0,0.0,0.0,0.0,0.0,0.0,37.1,13.9,9.6,13.7,2.6,0.0,387.1,5481.7,,,,4.422,0.0,0.0,0.0,-0.0,,136.8,141.222
Jacksonville Jaguars,JAX,DST,high,jacksonvillejaguars,0.0,0.0,0.0,0.0,0.0,0.0,0.0,0.0,0.0,172.0,0.0,0.0,0.0,0.0,0.0,0.0,41.4,16.0,12.0,17.0,3.5,0.0,388.4,5070.0,,,,4.228,0.0,0.0,0.0,-0.0,,159.8,164.028
Jacksonville Jaguars,JAX,DST,low,jacksonvillejaguars,0.0,0.0,0.0,0.0,0.0,0.0,0.0,0.0,0.0,81.4,0.0,0.0,0.0,0.0,0.0,0.0,33.0,12.6,6.8,10.4,2.0,0.0,385.0,5893.4,,,,4.985,0.0,0.0,0.0,-0.0,,116.8,121.785
Kansas City Chiefs,KC,DST,consensus,kansascitychiefs,0.0,0.0,0.0,0.0,0.0,0.0,0.0,0.0,0.0,93.2,0.0,0.0,0.0,0.0,0.0,0.0,42.0,12.0,7.9,12.2,1.9,0.0,348.9,5391.2,,,,14.548,0.0,0.0,0.0,-0.0,,135.2,149.748
Kansas City Chiefs,KC,DST,high,kansascitychiefs,0.0,0.0,0.0,0.0,0.0,0.0,0.0,0.0,0.0,173.0,0.0,0.0,0.0,0.0,0.0,0.0,44.0,13.0,10.0,14.0,2.5,0.0,361.0,5080.0,,,,11.415,0.0,0.0,0.0,-0.0,,149.0,160.415
Kansas City Chiefs,KC,DST,low,kansascitychiefs,0.0,0.0,0.0,0.0,0.0,0.0,0.0,0.0,0.0,83.0,0.0,0.0,0.0,0.0,0.0,0.0,41.0,11.0,6.8,10.5,1.0,0.0,327.0,5702.5,,,,20.315,0.0,0.0,0.0,-0.0,,123.6,143.915
Las Vegas Raiders,LV,DST,consensus,lasvegasraiders,0.0,0.0,0.0,0.0,0.0,0.0,0.0,0.0,0.0,90.5,0.0,0.0,0.0,0.0,0.0,0.0,40.9,10.2,8.7,14.0,1.8,0.5,440.0,5752.9,,,,-8.262,0.0,0.0,0.0,-0.0,,131.4,123.138
Las Vegas Raiders,LV,DST,high,lasvegasraiders,0.0,0.0,0.0,0.0,0.0,0.0,0.0,0.0,0.0,143.0,0.0,0.0,0.0,0.0,0.0,0.0,47.2,11.0,13.0,17.0,2.3,1.0,470.0,5375.0,,,,-14.454,0.0,0.0,0.0,-0.0,,158.2,143.746
Las Vegas Raiders,LV,DST,low,lasvegasraiders,0.0,0.0,0.0,0.0,0.0,0.0,0.0,0.0,0.0,53.9,0.0,0.0,0.0,0.0,0.0,0.0,37.0,9.0,6.0,11.1,1.0,0.0,419.1,6130.8,,,,-3.052,0.0,0.0,0.0,-0.0,,110.0,106.948
Los Angeles Chargers,LAC,DST,consensus,losangeleschargers,0.0,0.0,0.0,0.0,0.0,0.0,0.0,0.0,0.0,108.6,0.0,0.0,0.0,0.0,0.0,0.0,48.9,15.3,8.7,12.6,2.0,0.0,366.6,5474.0,,,,9.545,0.0,0.0,0.0,-0.0,,157.8,167.345
Los Angeles Chargers,LAC,DST,high,losangeleschargers,0.0,0.0,0.0,0.0,0.0,0.0,0.0,0.0,0.0,160.7,0.0,0.0,0.0,0.0,0.0,0.0,59.9,17.0,9.0,13.0,2.8,0.0,379.0,5117.0,,,,7.005,0.0,0.0,0.0,-0.0,,188.6,195.605
Los Angeles Chargers,LAC,DST,low,losangeleschargers,0.0,0.0,0.0,0.0,0.0,0.0,0.0,0.0,0.0,93.4,0.0,0.0,0.0,0.0,0.0,0.0,39.7,12.8,8.0,12.3,1.0,0.0,350.0,5831.1,,,,14.286,0.0,0.0,0.0,-0.0,,127.0,141.286
Los Angeles Rams,LAR,DST,consensus,losangelesrams,0.0,0.0,0.0,0.0,0.0,0.0,0.0,0.0,0.0,108.0,0.0,0.0,0.0,0.0,0.0,0.0,46.5,13.8,9.5,14.5,2.3,0.5,347.2,5237.9,,,,14.855,0.0,0.0,0.0,-0.0,,154.4,169.255
Los Angeles Rams,LAR,DST,high,losangelesrams,0.0,0.0,0.0,0.0,0.0,0.0,0.0,0.0,0.0,227.3,0.0,0.0,0.0,0.0,0.0,0.0,51.9,16.0,12.0,16.0,2.9,1.0,368.0,5008.0,,,,9.219,0.0,0.0,0.0,-0.0,,179.2,188.419
Los Angeles Rams,LAR,DST,low,losangelesrams,0.0,0.0,0.0,0.0,0.0,0.0,0.0,0.0,0.0,106.0,0.0,0.0,0.0,0.0,0.0,0.0,43.7,12.3,8.0,13.0,2.0,0.0,331.7,5467.8,,,,18.82,0.0,0.0,0.0,-0.0,,140.0,158.82
Miami Dolphins,MIA,DST,consensus,miamidolphins,0.0,0.0,0.0,0.0,0.0,0.0,0.0,0.0,0.0,90.5,0.0,0.0,0.0,0.0,0.0,0.0,42.3,10.2,9.1,13.8,1.6,0.0,450.1,6079.0,,,,-10.333,0.0,0.0,0.0,-0.0,,132.8,122.467
Miami Dolphins,MIA,DST,high,miamidolphins,0.0,0.0,0.0,0.0,0.0,0.0,0.0,0.0,0.0,148.5,0.0,0.0,0.0,0.0,0.0,0.0,52.3,11.5,13.0,18.0,2.7,0.0,472.0,5798.0,,,,-14.717,0.0,0.0,0.0,-0.0,,169.8,155.083
Miami Dolphins,MIA,DST,low,miamidolphins,0.0,0.0,0.0,0.0,0.0,0.0,0.0,0.0,0.0,44.5,0.0,0.0,0.0,0.0,0.0,0.0,37.0,9.0,6.2,9.6,0.0,0.0,417.0,6360.1,,,,-2.152,0.0,0.0,0.0,-0.0,,104.4,102.248
Minnesota Vikings,MIN,DST,consensus,minnesotavikings,0.0,0.0,0.0,0.0,0.0,0.0,0.0,0.0,0.0,112.8,0.0,0.0,0.0,0.0,0.0,0.0,49.3,12.6,12.1,18.1,2.4,0.0,361.1,5301.8,,,,11.327,0.0,0.0,0.0,-0.0,,162.4,173.727
Minnesota Vikings,MIN,DST,high,minnesotavikings,0.0,0.0,0.0,0.0,0.0,0.0,0.0,0.0,0.0,206.0,0.0,0.0,0.0,0.0,0.0,0.0,61.4,14.0,16.0,22.0,3.1,0.0,380.4,4655.0,,,,6.348,0.0,0.0,0.0,-0.0,,201.4,207.748
Minnesota Vikings,MIN,DST,low,minnesotavikings,0.0,0.0,0.0,0.0,0.0,0.0,0.0,0.0,0.0,74.3,0.0,0.0,0.0,0.0,0.0,0.0,38.6,10.7,9.2,14.1,2.0,0.0,346.0,5948.5,,,,15.418,0.0,0.0,0.0,-0.0,,129.0,144.418
New England Patriots,NE,DST,consensus,newenglandpatriots,0.0,0.0,0.0,0.0,0.0,0.0,0.0,0.0,0.0,99.6,0.0,0.0,0.0,0.0,0.0,0.0,41.1,11.9,8.9,13.0,2.6,0.5,359.3,5331.3,,,,11.627,0.0,0.0,0.0,-0.0,,140.4,152.027
New England Patriots,NE,DST,high,newenglandpatriots,0.0,0.0,0.0,0.0,0.0,0.0,0.0,0.0,0.0,187.2,0.0,0.0,0.0,0.0,0.0,0.0,45.6,14.0,12.0,17.0,3.6,1.0,370.0,4935.0,,,,8.794,0.0,0.0,0.0,-0.0,,166.8,175.594
New England Patriots,NE,DST,low,newenglandpatriots,0.0,0.0,0.0,0.0,0.0,0.0,0.0,0.0,0.0,99.0,0.0,0.0,0.0,0.0,0.0,0.0,37.0,9.0,5.8,8.9,2.0,0.0,352.8,5727.7,,,,13.535,0.0,0.0,0.0,-0.0,,115.6,129.135
New Orleans Saints,NO,DST,consensus,neworleanssaints,0.0,0.0,0.0,0.0,0.0,0.0,0.0,0.0,0.0,100.9,0.0,0.0,0.0,0.0,0.0,0.0,45.1,12.2,8.8,12.8,2.3,0.0,395.5,5451.6,,,,2.796,0.0,0.0,0.0,-0.0,,146.0,148.796
New Orleans Saints,NO,DST,high,neworleanssaints,0.0,0.0,0.0,0.0,0.0,0.0,0.0,0.0,0.0,189.9,0.0,0.0,0.0,0.0,0.0,0.0,55.1,13.0,12.0,16.0,2.8,0.0,436.0,5081.0,,,,-7.305,0.0,0.0,0.0,-0.0,,177.0,169.695
New Orleans Saints,NO,DST,low,neworleanssaints,0.0,0.0,0.0,0.0,0.0,0.0,0.0,0.0,0.0,90.6,0.0,0.0,0.0,0.0,0.0,0.0,38.2,11.6,6.3,9.7,2.0,0.0,360.6,5822.2,,,,11.415,0.0,0.0,0.0,-0.0,,124.2,135.615
New York Giants,NYG,DST,consensus,newyorkgiants,0.0,0.0,0.0,0.0,0.0,0.0,0.0,0.0,0.0,91.3,0.0,0.0,0.0,0.0,0.0,0.0,40.9,10.5,8.8,12.4,2.0,0.0,418.7,6054.4,,,,-2.846,0.0,0.0,0.0,-0.0,,132.4,129.554
New York Giants,NYG,DST,high,newyorkgiants,0.0,0.0,0.0,0.0,0.0,0.0,0.0,0.0,0.0,132.9,0.0,0.0,0.0,0.0,0.0,0.0,41.3,11.4,11.0,15.0,2.6,0.0,466.0,5944.9,,,,-13.247,0.0,0.0,0.0,-0.0,,143.0,129.753
New York Giants,NYG,DST,low,newyorkgiants,0.0,0.0,0.0,0.0,0.0,0.0,0.0,0.0,0.0,70.1,0.0,0.0,0.0,0.0,0.0,0.0,40.3,10.0,6.4,9.8,1.0,0.0,390.0,6164.0,,,,4.053,0.0,0.0,0.0,-0.0,,119.4,123.453
New York Jets,NYJ,DST,consensus,newyorkjets,0.0,0.0,0.0,0.0,0.0,0.0,0.0,0.0,0.0,85.0,0.0,0.0,0.0,0.0,0.0,0.0,37.4,10.0,7.7,12.2,1.9,0.5,432.5,5654.1,,,,-6.111,0.0,0.0,0.0,-0.0,,122.6,116.489
New York Jets,NYJ,DST,high,newyorkjets,0.0,0.0,0.0,0.0,0.0,0.0,0.0,0.0,0.0,91.6,0.0,0.0,0.0,0.0,0.0,0.0,39.5,11.0,8.1,12.4,3.0,1.0,491.0,5400.0,,,,-18.876,0.0,0.0,0.0,-0.0,,137.2,118.324
New York Jets,NYJ,DST,low,newyorkjets,0.0,0.0,0.0,0.0,0.0,0.0,0.0,0.0,0.0,75.0,0.0,0.0,0.0,0.0,0.0,0.0,35.6,8.0,7.0,12.0,0.0,0.0,371.4,5908.1,,,,8.219,0.0,0.0,0.0,-0.0,,101.2,109.419
Philadelphia Eagles,PHI,DST,consensus,philadelphiaeagles,0.0,0.0,0.0,0.0,0.0,0.0,0.0,0.0,0.0,102.6,0.0,0.0,0.0,0.0,0.0,0.0,42.5,13.0,10.0,14.4,2.4,0.0,323.6,5266.7,,,,20.934,0.0,0.0,0.0,-0.0,,145.4,166.334
Philadelphia Eagles,PHI,DST,high,philadelphiaeagles,0.0,0.0,0.0,0.0,0.0,0.0,0.0,0.0,0.0,222.4,0.0,0.0,0.0,0.0,0.0,0.0,46.4,15.0,13.0,18.0,3.0,0.0,332.9,4964.0,,,,18.589,0.0,0.0,0.0,-0.0,,166.8,185.389
Philadelphia Eagles,PHI,DST,low,philadelphiaeagles,0.0,0.0,0.0,0.0,0.0,0.0,0.0,0.0,0.0,104.0,0.0,0.0,0.0,0.0,0.0,0.0,39.0,11.9,7.0,10.8,2.0,0.0,317.0,5569.4,,,,22.973,0.0,0.0,0.0,-0.0,,127.8,150.773
Pittsburgh Steelers,PIT,DST,consensus,pittsburghsteelers,0.0,0.0,0.0,0.0,0.0,0.0,0.0,0.0,0.0,111.9,0.0,0.0,0.0,0.0,0.0,0.0,46.0,13.2,12.5,18.7,2.4,0.0,347.4,5440.3,,,,14.855,0.0,0.0,0.0,-0.0,,157.8,172.655
Pittsburgh Steelers,PIT,DST,high,pittsburghsteelers,0.0,0.0,0.0,0.0,0.0,0.0,0.0,0.0,0.0,158.5,0.0,0.0,0.0,0.0,0.0,0.0,50.5,16.0,16.0,23.0,3.0,0.0,364.0,5385.0,,,,10.814,0.0,0.0,0.0,-0.0,,183.0,193.814
Pittsburgh Steelers,PIT,DST,low,pittsburghsteelers,0.0,0.0,0.0,0.0,0.0,0.0,0.0,0.0,0.0,118.0,0.0,0.0,0.0,0.0,0.0,0.0,43.6,11.7,9.4,14.5,2.0,0.0,319.3,5495.7,,,,22.21,0.0,0.0,0.0,-0.0,,141.4,163.61
San Francisco 49ers,SF,DST,consensus,sanfrancisco49ers,0.0,0.0,0.0,0.0,0.0,0.0,0.0,0.0,0.0,88.1,0.0,0.0,0.0,0.0,0.0,0.0,35.9,11.1,9.3,15.3,1.9,0.0,394.4,5641.0,,,,2.983,0.0,0.0,0.0,-0.0,,124.0,126.983
San Francisco 49ers,SF,DST,high,sanfrancisco49ers,0.0,0.0,0.0,0.0,0.0,0.0,0.0,0.0,0.0,127.6,0.0,0.0,0.0,0.0,0.0,0.0,38.8,11.3,12.0,17.0,2.6,0.0,405.0,5407.0,,,,0.557,0.0,0.0,0.0,-0.0,,139.8,140.357
San Francisco 49ers,SF,DST,low,sanfrancisco49ers,0.0,0.0,0.0,0.0,0.0,0.0,0.0,0.0,0.0,79.0,0.0,0.0,0.0,0.0,0.0,0.0,32.0,11.0,7.0,13.6,1.0,0.0,383.1,5875.1,,,,5.473,0.0,0.0,0.0,-0.0,,106.0,111.473
Seattle Seahawks,SEA,DST,consensus,seattleseahawks,0.0,0.0,0.0,0.0,0.0,0.0,0.0,0.0,0.0,110.9,0.0,0.0,0.0,0.0,0.0,0.0,46.5,13.6,8.4,13.5,3.2,0.5,314.4,5108.2,,,,24.055,0.0,0.0,0.0,-0.0,,157.2,181.255
Seattle Seahawks,SEA,DST,high,seattleseahawks,0.0,0.0,0.0,0.0,0.0,0.0,0.0,0.0,0.0,229.0,0.0,0.0,0.0,0.0,0.0,0.0,51.0,14.0,12.0,16.0,4.0,1.0,331.1,4707.0,,,,18.82,0.0,0.0,0.0,-0.0,,180.0,198.82
Seattle Seahawks,SEA,DST,low,seattleseahawks,0.0,0.0,0.0,0.0,0.0,0.0,0.0,0.0,0.0,112.0,0.0,0.0,0.0,0.0,0.0,0.0,42.4,12.9,6.0,11.1,2.7,0.0,299.0,5509.5,,,,28.652,0.0,0.0,0.0,-0.0,,138.8,167.452
Tampa Bay Buccaneers,TB,DST,consensus,tampabaybuccaneers,0.0,0.0,0.0,0.0,0.0,0.0,0.0,0.0,0.0,97.3,0.0,0.0,0.0,0.0,0.0,0.0,41.1,11.7,10.0,13.4,2.0,0.5,393.2,5614.9,,,,3.14,0.0,0.0,0.0,-0.0,,138.6,141.74
Tampa Bay Buccaneers,TB,DST,high,tampabaybuccaneers,0.0,0.0,0.0,0.0,0.0,0.0,0.0,0.0,0.0,143.2,0.0,0.0,0.0,0.0,0.0,0.0,42.0,12.1,14.0,19.0,2.8,1.0,421.0,5468.0,,,,-3.296,0.0,0.0,0.0,-0.0,,155.0,151.704
Tampa Bay Buccaneers,TB,DST,low,tampabaybuccaneers,0.0,0.0,0.0,0.0,0.0,0.0,0.0,0.0,0.0,92.8,0.0,0.0,0.0,0.0,0.0,0.0,40.4,11.0,5.1,7.9,1.0,0.0,362.5,5761.8,,,,10.896,0.0,0.0,0.0,-0.0,,119.0,129.896
Tennessee Titans,TEN,DST,consensus,tennesseetitans,0.0,0.0,0.0,0.0,0.0,0.0,0.0,0.0,0.0,95.5,0.0,0.0,0.0,0.0,0.0,0.0,44.9,10.0,8.5,13.0,2.1,0.5,464.0,5958.1,,,,-12.841,0.0,0.0,0.0,-0.0,,140.4,127.559
Tennessee Titans,TEN,DST,high,tennesseetitans,0.0,0.0,0.0,0.0,0.0,0.0,0.0,0.0,0.0,113.7,0.0,0.0,0.0,0.0,0.0,0.0,53.5,12.1,12.0,16.0,2.7,1.0,522.0,5937.0,,,,-25.581,0.0,0.0,0.0,-0.0,,173.4,147.819
Tennessee Titans,TEN,DST,low,tennesseetitans,0.0,0.0,0.0,0.0,0.0,0.0,0.0,0.0,0.0,67.0,0.0,0.0,0.0,0.0,0.0,0.0,40.0,8.0,6.5,10.0,1.0,0.0,404.0,5979.2,,,,0.869,0.0,0.0,0.0,-0.0,,115.0,115.869
Washington Commanders,WAS,DST,consensus,washingtoncommanders,0.0,0.0,0.0,0.0,0.0,0.0,0.0,0.0,0.0,94.4,0.0,0.0,0.0,0.0,0.0,0.0,43.8,9.7,8.9,13.5,2.0,0.5,439.9,6139.8,,,,-8.262,0.0,0.0,0.0,-0.0,,137.8,129.538
Washington Commanders,WAS,DST,high,washingtoncommanders,0.0,0.0,0.0,0.0,0.0,0.0,0.0,0.0,0.0,138.0,0.0,0.0,0.0,0.0,0.0,0.0,47.2,11.2,9.8,15.1,2.8,1.0,457.0,6139.0,,,,-11.734,0.0,0.0,0.0,-0.0,,155.2,143.466
Washington Commanders,WAS,DST,low,washingtoncommanders,0.0,0.0,0.0,0.0,0.0,0.0,0.0,0.0,0.0,61.7,0.0,0.0,0.0,0.0,0.0,0.0,42.0,7.0,8.0,12.0,1.0,0.0,422.0,6140.6,,,,-3.446,0.0,0.0,0.0,-0.0,,120.0,116.554
