Round,Type,Year,Period,TeamA,TeamB,TeamAScore,TeamBScore,DivisionGame,ConferenceGame,Game_ID
Regular,Regular Season,2021,1,Little Rock,St. Louis,345.5,67.5,0,0,2021_001
Regular,Regular Season,2021,1,Providence,Anchorage,155,258,0,0,2021_002
Regular,Regular Season,2021,1,Buffalo,Honolulu,196,217,0,0,2021_003
Regular,Regular Season,2021,1,Nashville,Austin,207,206,0,0,2021_004
Regular,Regular Season,2021,1,San Diego,Birmingham,134,279,0,0,2021_005
Regular,Regular Season,2021,1,Jacksonville,Tulsa,289,124,0,0,2021_006
Regular,Regular Season,2021,1,Baltimore,Vegas,340,73,0,0,2021_007
Regular,Regular Season,2021,1,Cincinnati,Lincoln,196,217,0,0,2021_008
Regular,Regular Season,2021,1,Lansing,El Paso,268,145,0,0,2021_009
Regular,Regular Season,2021,1,Kentucky,Vancouver,67.5,345.5,0,0,2021_010
Regular,Regular Season,2021,1,Columbus,Boise,232.5,180.5,0,0,2021_011
Regular,Regular Season,2021,1,Tampa Bay,Albuquerque,309,104,0,0,2021_012
Regular,Regular Season,2021,1,Des Moines,Seattle,324.5,88.5,0,0,2021_013
Regular,Regular Season,2021,1,Pittsburgh,Anaheim,93.5,319.5,0,0,2021_014
Regular,Regular Season,2021,1,Manchester,San Jose,52,361,0,0,2021_015
Regular,Regular Season,2021,2,St. Louis,El Paso,340,73,1,1,2021_016
Regular,Regular Season,2021,2,Providence,Buffalo,278.5,134.5,1,1,2021_017
Regular,Regular Season,2021,2,Vancouver,Anaheim,206,207,0,1,2021_018
Regular,Regular Season,2021,2,Little Rock,Lansing,237,176,0,1,2021_019
Regular,Regular Season,2021,2,Birmingham,Lincoln,278,135,0,0,2021_020
Regular,Regular Season,2021,2,Vegas,San Jose,361,52,1,1,2021_021
Regular,Regular Season,2021,2,Kentucky,Pittsburgh,207,206,0,1,2021_022
Regular,Regular Season,2021,2,St. Louis,Des Moines,155,258,0,0,2021_023
Regular,Regular Season,2021,2,Jacksonville,Nashville,289,124,1,1,2021_024
Regular,Regular Season,2021,2,Lincoln,Manchester,314.5,98.5,0,0,2021_025
Regular,Regular Season,2021,2,Tampa Bay,San Diego,392,21,0,0,2021_026
Regular,Regular Season,2021,2,Boise,Pittsburgh,341,72,0,0,2021_027
Regular,Regular Season,2021,2,Cincinnati,San Jose,340,73,0,0,2021_028
Regular,Regular Season,2021,2,El Paso,Baltimore,93,320,0,0,2021_029
Regular,Regular Season,2021,2,San Diego,Albuquerque,83,330,0,1,2021_030
Regular,Regular Season,2021,2,Anchorage,Honolulu,252.5,160.5,0,1,2021_031
Regular,Regular Season,2021,2,Des Moines,Honolulu,289,124,0,0,2021_032
Regular,Regular Season,2021,2,Birmingham,Cincinnati,114,299,0,1,2021_033
Regular,Regular Season,2021,2,Jacksonville,Boise,232.5,180.5,0,0,2021_034
Regular,Regular Season,2021,2,Nashville,Anchorage,186,227,0,0,2021_035
Regular,Regular Season,2021,2,Lansing,Vegas,145,268,0,0,2021_036
Regular,Regular Season,2021,2,Austin,Providence,145,268,0,0,2021_037
Regular,Regular Season,2021,2,Tulsa,Austin,150.5,262.5,1,1,2021_038
Regular,Regular Season,2021,2,Baltimore,Manchester,361,52,1,1,2021_039
Regular,Regular Season,2021,2,Seattle,Buffalo,201.5,211.5,0,0,2021_040
Regular,Regular Season,2021,2,Albuquerque,Kentucky,129.5,283.5,0,0,2021_041
Regular,Regular Season,2021,2,Tampa Bay,Vancouver,361,52,0,0,2021_042
Regular,Regular Season,2021,2,Tulsa,Columbus,83,330,0,0,2021_043
Regular,Regular Season,2021,2,Columbus,Anaheim,195,218,0,0,2021_044
Regular,Regular Season,2021,2,Little Rock,Seattle,330,83,0,0,2021_045
Regular,Regular Season,2021,3,Anchorage,Little Rock,293.5,119.5,0,0,2021_046
Regular,Regular Season,2021,3,El Paso,Austin,237,176,1,1,2021_047
Regular,Regular Season,2021,3,Boise,St. Louis,392,21,0,1,2021_048
Regular,Regular Season,2021,3,Columbus,Honolulu,247,166,0,0,2021_049
Regular,Regular Season,2021,3,Manchester,San Diego,371,42,0,0,2021_050
Regular,Regular Season,2021,3,Lincoln,Albuquerque,140,273,0,1,2021_051
Regular,Regular Season,2021,3,Tampa Bay,Boise,200.5,212.5,0,0,2021_052
Regular,Regular Season,2021,3,Vancouver,Birmingham,289,124,0,0,2021_053
Regular,Regular Season,2021,3,Baltimore,Kentucky,190.5,222.5,0,1,2021_054
Regular,Regular Season,2021,3,Tulsa,Albuquerque,145,268,1,1,2021_055
Regular,Regular Season,2021,3,Honolulu,Nashville,289,124,0,0,2021_056
Regular,Regular Season,2021,3,Birmingham,El Paso,268,145,0,0,2021_057
Regular,Regular Season,2021,3,Baltimore,Buffalo,325.5,87.5,1,1,2021_058
Regular,Regular Season,2021,3,Buffalo,Des Moines,72.5,340.5,0,1,2021_059
Regular,Regular Season,2021,3,Des Moines,San Jose,258,155,0,0,2021_060
Regular,Regular Season,2021,3,Seattle,Tulsa,320,93,0,1,2021_061
Regular,Regular Season,2021,3,Little Rock,Lincoln,124.5,288.5,0,0,2021_062
Regular,Regular Season,2021,3,Vegas,Jacksonville,124,289,0,0,2021_063
Regular,Regular Season,2021,3,Providence,Pittsburgh,155,258,1,1,2021_064
Regular,Regular Season,2021,3,Anaheim,Lansing,330,83,0,0,2021_065
Regular,Regular Season,2021,3,Manchester,Columbus,67.5,345.5,0,1,2021_066
Regular,Regular Season,2021,3,Cincinnati,Vegas,299,114,0,0,2021_067
Regular,Regular Season,2021,3,Lansing,Anchorage,248,165,0,0,2021_068
Regular,Regular Season,2021,3,Kentucky,Anaheim,175,238,0,0,2021_069
Regular,Regular Season,2021,3,San Diego,Providence,42,371,0,0,2021_070
Regular,Regular Season,2021,3,Pittsburgh,Cincinnati,73,340,0,1,2021_071
Regular,Regular Season,2021,3,Nashville,Vancouver,124,289,0,0,2021_072
Regular,Regular Season,2021,3,Jacksonville,Seattle,165,248,0,0,2021_073
Regular,Regular Season,2021,3,San Jose,Tampa Bay,207,206,0,0,2021_074
Regular,Regular Season,2021,3,St. Louis,Austin,217,196,1,1,2021_075
Regular,Regular Season,2021,4,Providence,Boise,124,289,0,0,2021_076
Regular,Regular Season,2021,4,Lansing,Tampa Bay,155,258,0,1,2021_077
Regular,Regular Season,2021,4,Vegas,Anchorage,268,145,0,1,2021_078
Regular,Regular Season,2021,4,Des Moines,El Paso,320,93,0,0,2021_079
Regular,Regular Season,2021,4,San Diego,Nashville,320,93,0,0,2021_080
Regular,Regular Season,2021,4,San Diego,Little Rock,135,278,0,0,2021_081
Regular,Regular Season,2021,4,Pittsburgh,San Jose,73,340,0,0,2021_082
Regular,Regular Season,2021,4,Lansing,Albuquerque,268,145,0,0,2021_083
Regular,Regular Season,2021,4,Jacksonville,Birmingham,361,52,1,1,2021_084
Regular,Regular Season,2021,4,Cincinnati,Jacksonville,93.5,319.5,0,1,2021_085
Regular,Regular Season,2021,4,Providence,Tulsa,170.5,242.5,0,0,2021_086
Regular,Regular Season,2021,4,Honolulu,Boise,176,237,0,1,2021_087
Regular,Regular Season,2021,4,Kentucky,St. Louis,145,268,0,0,2021_088
Regular,Regular Season,2021,4,Tampa Bay,St. Louis,289,124,0,0,2021_089
Regular,Regular Season,2021,4,Pittsburgh,Lincoln,191.5,221.5,0,0,2021_090
Regular,Regular Season,2021,4,Des Moines,Little Rock,135,278,0,1,2021_091
Regular,Regular Season,2021,4,Manchester,Anchorage,221.5,191.5,0,0,2021_092
Regular,Regular Season,2021,4,Baltimore,Albuquerque,258,155,0,0,2021_093
Regular,Regular Season,2021,4,Anaheim,Honolulu,166,247,1,1,2021_094
Regular,Regular Season,2021,4,San Jose,Vancouver,175,238,0,1,2021_095
Regular,Regular Season,2021,4,Kentucky,Seattle,114,299,0,0,2021_096
Regular,Regular Season,2021,4,Nashville,Tulsa,145,268,0,0,2021_097
Regular,Regular Season,2021,4,Cincinnati,Austin,345.5,67.5,0,0,2021_098
Regular,Regular Season,2021,4,Columbus,Lincoln,361,52,0,0,2021_099
Regular,Regular Season,2021,4,Columbus,Birmingham,392,21,0,1,2021_100
Regular,Regular Season,2021,4,Buffalo,Vegas,52,361,0,0,2021_101
Regular,Regular Season,2021,4,Manchester,Austin,221.5,191.5,0,0,2021_102
Regular,Regular Season,2021,4,Buffalo,El Paso,289,124,0,0,2021_103
Regular,Regular Season,2021,4,Baltimore,Vancouver,124,289,0,0,2021_104
Regular,Regular Season,2021,4,Anaheim,Seattle,238,175,0,1,2021_105
Regular,Regular Season,2021,5,Pittsburgh,Lansing,176,237,0,1,2021_106
Regular,Regular Season,2021,5,Albuquerque,Des Moines,72.5,340.5,0,0,2021_107
Regular,Regular Season,2021,5,Vancouver,St. Louis,340,73,0,1,2021_108
Regular,Regular Season,2021,5,San Jose,Honolulu,221.5,191.5,1,1,2021_109
Regular,Regular Season,2021,5,El Paso,San Diego,309,104,0,1,2021_110
Regular,Regular Season,2021,5,Providence,Kentucky,268,145,0,1,2021_111
Regular,Regular Season,2021,5,Honolulu,Tampa Bay,114,299,0,0,2021_112
Regular,Regular Season,2021,5,Tulsa,Cincinnati,52,361,0,0,2021_113
Regular,Regular Season,2021,5,Little Rock,Tampa Bay,73,340,1,1,2021_114
Regular,Regular Season,2021,5,Buffalo,Cincinnati,139.5,273.5,0,1,2021_115
Regular,Regular Season,2021,5,Boise,Tulsa,392,21,0,1,2021_116
Regular,Regular Season,2021,5,Manchester,Des Moines,83,330,0,1,2021_117
Regular,Regular Season,2021,5,Vancouver,Buffalo,299,114,0,0,2021_118
Regular,Regular Season,2021,5,Vegas,Little Rock,148.5,264.5,0,0,2021_119
Regular,Regular Season,2021,5,Lincoln,Austin,340,73,0,1,2021_120
Regular,Regular Season,2021,5,El Paso,Kentucky,134,279,0,0,2021_121
Regular,Regular Season,2021,5,Lincoln,Providence,248,165,0,0,2021_122
Regular,Regular Season,2021,5,St. Louis,Lansing,207,206,0,0,2021_123
Regular,Regular Season,2021,5,San Jose,Jacksonville,124,289,0,0,2021_124
Regular,Regular Season,2021,5,Boise,Manchester,320,93,0,0,2021_125
Regular,Regular Season,2021,5,Anaheim,Nashville,340,73,0,0,2021_126
Regular,Regular Season,2021,5,Anchorage,Pittsburgh,73,340,0,0,2021_127
Regular,Regular Season,2021,5,Jacksonville,San Diego,309,104,0,0,2021_128
Regular,Regular Season,2021,5,Anchorage,Birmingham,160.5,252.5,0,0,2021_129
Regular,Regular Season,2021,5,Seattle,Baltimore,242.5,170.5,0,0,2021_130
Regular,Regular Season,2021,5,Seattle,Albuquerque,345.5,67.5,0,1,2021_131
Regular,Regular Season,2021,5,Baltimore,Columbus,320,93,0,1,2021_132
Regular,Regular Season,2021,5,Austin,Columbus,73,340,0,0,2021_133
Regular,Regular Season,2021,5,Birmingham,Nashville,134,279,1,1,2021_134
Regular,Regular Season,2021,5,Vegas,Anaheim,31.5,381.5,1,1,2021_135
Regular,Regular Season,2021,6,Lincoln,Tampa Bay,217,196,0,0,2021_136
Regular,Regular Season,2021,6,Tampa Bay,Little Rock,268,145,1,1,2021_137
Regular,Regular Season,2021,6,San Jose,Kentucky,176,237,0,0,2021_138
Regular,Regular Season,2021,6,Nashville,Birmingham,278,135,1,1,2021_139
Regular,Regular Season,2021,6,Honolulu,San Jose,124,289,1,1,2021_140
Regular,Regular Season,2021,6,Vancouver,Cincinnati,279,134,0,0,2021_141
Regular,Regular Season,2021,6,Seattle,Nashville,299,114,0,0,2021_142
Regular,Regular Season,2021,6,Pittsburgh,Anchorage,371,42,0,0,2021_143
Regular,Regular Season,2021,6,Pittsburgh,Manchester,361,52,1,1,2021_144
Regular,Regular Season,2021,6,Boise,Lansing,67.5,345.5,0,0,2021_145
Regular,Regular Season,2021,6,Albuquerque,Birmingham,258,155,0,0,2021_146
Regular,Regular Season,2021,6,San Diego,Buffalo,238,175,0,0,2021_147
Regular,Regular Season,2021,6,Columbus,Austin,175,238,0,0,2021_148
Regular,Regular Season,2021,6,Providence,Lincoln,67.5,345.5,0,0,2021_149
Regular,Regular Season,2021,6,Kentucky,El Paso,283.5,129.5,0,0,2021_150
Regular,Regular Season,2021,6,San Diego,Jacksonville,201.5,211.5,0,0,2021_151
Regular,Regular Season,2021,6,Buffalo,Vancouver,31,382,0,0,2021_152
Regular,Regular Season,2021,6,El Paso,Jacksonville,108.5,304.5,0,0,2021_153
Regular,Regular Season,2021,6,Austin,Little Rock,145,268,0,0,2021_154
Regular,Regular Season,2021,6,Vegas,Columbus,259,154,0,0,2021_155
Regular,Regular Season,2021,6,Anaheim,Vegas,227,186,1,1,2021_156
Regular,Regular Season,2021,6,Des Moines,Albuquerque,258,155,0,0,2021_157
Regular,Regular Season,2021,6,Manchester,Boise,52,361,0,0,2021_158
Regular,Regular Season,2021,6,Tulsa,St. Louis,135,278,1,1,2021_159
Regular,Regular Season,2021,6,Honolulu,Providence,196,217,0,0,2021_160
Regular,Regular Season,2021,6,Baltimore,Seattle,278,135,0,0,2021_161
Regular,Regular Season,2021,6,Lansing,St. Louis,237,176,0,0,2021_162
Regular,Regular Season,2021,6,Anaheim,Baltimore,176,237,0,0,2021_163
Regular,Regular Season,2021,6,Cincinnati,Tulsa,237,176,0,0,2021_164
Regular,Regular Season,2021,6,Anchorage,Des Moines,42,371,0,0,2021_165
Regular,Regular Season,2021,7,Anaheim,Vegas,350.5,62.5,1,1,2021_166
Regular,Regular Season,2021,7,Lansing,Manchester,145,268,0,1,2021_167
Regular,Regular Season,2021,7,San Diego,Lincoln,124,289,0,1,2021_168
Regular,Regular Season,2021,7,Vancouver,Lincoln,216,197,1,1,2021_169
Regular,Regular Season,2021,7,Des Moines,Providence,289,124,0,1,2021_170
Regular,Regular Season,2021,7,Little Rock,Honolulu,268,145,0,0,2021_171
Regular,Regular Season,2021,7,Nashville,Little Rock,83,330,1,1,2021_172
Regular,Regular Season,2021,7,Nashville,Buffalo,67.5,345.5,0,1,2021_173
Regular,Regular Season,2021,7,Tampa Bay,Pittsburgh,361,52,0,1,2021_174
Regular,Regular Season,2021,7,Kentucky,Cincinnati,103.5,309.5,1,1,2021_175
Regular,Regular Season,2021,7,Birmingham,San Jose,73,340,0,0,2021_176
Regular,Regular Season,2021,7,St. Louis,Vegas,268,145,0,1,2021_177
Regular,Regular Season,2021,7,San Diego,San Jose,83,330,1,1,2021_178
Regular,Regular Season,2021,7,Columbus,Kentucky,289,124,1,1,2021_179
Regular,Regular Season,2021,7,Pittsburgh,Baltimore,232,181,1,1,2021_180
Regular,Regular Season,2021,7,Austin,St. Louis,104,309,1,1,2021_181
Regular,Regular Season,2021,7,Jacksonville,Anaheim,268,145,0,0,2021_182
Regular,Regular Season,2021,7,Albuquerque,Vancouver,145,268,0,1,2021_183
Regular,Regular Season,2021,7,El Paso,Seattle,73,340,0,1,2021_184
Regular,Regular Season,2021,7,Austin,Boise,145,268,0,1,2021_185
Regular,Regular Season,2021,7,El Paso,Tulsa,197,216,1,1,2021_186
Regular,Regular Season,2021,7,Tampa Bay,Birmingham,361,52,1,1,2021_187
Regular,Regular Season,2021,7,Columbus,Lansing,361,52,1,1,2021_188
Regular,Regular Season,2021,7,Cincinnati,Baltimore,237,176,0,1,2021_189
Regular,Regular Season,2021,7,Anchorage,Seattle,21,392,1,1,2021_190
Regular,Regular Season,2021,7,Tulsa,Anchorage,392,21,0,1,2021_191
Regular,Regular Season,2021,7,Buffalo,Providence,258,155,1,1,2021_192
Regular,Regular Season,2021,8,Vegas,St. Louis,289,124,0,1,2021_193
Regular,Regular Season,2021,8,Boise,Austin,361,52,0,1,2021_194
Regular,Regular Season,2021,8,Manchester,Lansing,52,361,0,1,2021_195
Regular,Regular Season,2021,8,Albuquerque,Austin,340.5,72.5,1,1,2021_196
Regular,Regular Season,2021,8,Nashville,Birmingham,83,330,1,1,2021_197
Regular,Regular Season,2021,8,Seattle,El Paso,392,21,0,1,2021_198
Regular,Regular Season,2021,8,Providence,Des Moines,278,135,0,1,2021_199
Regular,Regular Season,2021,8,Anaheim,Jacksonville,320,93,0,0,2021_200
Regular,Regular Season,2021,8,Anchorage,Tulsa,83,330,0,1,2021_201
Regular,Regular Season,2021,8,Pittsburgh,Providence,53,360,1,1,2021_202
Regular,Regular Season,2021,8,Kentucky,Columbus,345.5,67.5,1,1,2021_203
Regular,Regular Season,2021,8,Baltimore,Cincinnati,278,135,0,1,2021_204
Regular,Regular Season,2021,8,Anchorage,Lincoln,52,361,1,1,2021_205
Regular,Regular Season,2021,8,Boise,Vancouver,290,123,1,1,2021_206
Regular,Regular Season,2021,8,Honolulu,Little Rock,155,258,0,0,2021_207
Regular,Regular Season,2021,8,El Paso,St. Louis,119.5,293.5,1,1,2021_208
Regular,Regular Season,2021,8,Pittsburgh,Tampa Bay,42,371,0,1,2021_209
Regular,Regular Season,2021,8,Jacksonville,Tampa Bay,36.5,376.5,1,1,2021_210
Regular,Regular Season,2021,8,Vancouver,Albuquerque,206,207,0,1,2021_211
Regular,Regular Season,2021,8,Kentucky,Lansing,164,249,1,1,2021_212
Regular,Regular Season,2021,8,Lincoln,San Diego,361,52,0,1,2021_213
Regular,Regular Season,2021,8,San Jose,Birmingham,268,145,0,0,2021_214
Regular,Regular Season,2021,8,Honolulu,Anaheim,176,237,1,1,2021_215
Regular,Regular Season,2021,8,Manchester,Buffalo,114,299,1,1,2021_216
Regular,Regular Season,2021,8,Des Moines,Columbus,361,52,1,1,2021_217
Regular,Regular Season,2021,8,San Diego,Vegas,52,361,1,1,2021_218
Regular,Regular Season,2021,8,Buffalo,Nashville,314.5,98.5,0,1,2021_219
Regular,Regular Season,2021,9,Buffalo,Pittsburgh,186,227,1,1,2021_220
Regular,Regular Season,2021,9,Vegas,San Jose,135,278,1,1,2021_221
Regular,Regular Season,2021,9,Anaheim,San Diego,340,73,1,1,2021_222
Regular,Regular Season,2021,9,Manchester,Pittsburgh,185.5,227.5,1,1,2021_223
Regular,Regular Season,2021,9,Providence,Baltimore,72,341,1,1,2021_224
Regular,Regular Season,2021,9,Tampa Bay,Nashville,320,93,1,1,2021_225
Regular,Regular Season,2021,9,Little Rock,Jacksonville,392,21,1,1,2021_226
Regular,Regular Season,2021,9,Tulsa,Albuquerque,135,278,1,1,2021_227
Regular,Regular Season,2021,9,Lincoln,Seattle,21,392,1,1,2021_228
Regular,Regular Season,2021,9,Cincinnati,Des Moines,15.5,397.5,1,1,2021_229
Regular,Regular Season,2021,9,Austin,El Paso,258,155,1,1,2021_230
Regular,Regular Season,2021,9,Jacksonville,Nashville,139.5,273.5,1,1,2021_231
Regular,Regular Season,2021,9,Vancouver,Anchorage,392,21,1,1,2021_232
Regular,Regular Season,2021,9,Columbus,Kentucky,113.5,299.5,1,1,2021_233
Regular,Regular Season,2021,9,Honolulu,San Diego,299,114,1,1,2021_234
Regular,Regular Season,2021,9,Baltimore,Manchester,146,267,1,1,2021_235
Regular,Regular Season,2021,9,Seattle,Boise,361,52,1,1,2021_236
Regular,Regular Season,2021,9,Lansing,Cincinnati,207,206,1,1,2021_237
Regular,Regular Season,2021,9,Birmingham,Little Rock,114,299,1,1,2021_238
Regular,Regular Season,2021,9,San Jose,Honolulu,206,207,1,1,2021_239
Regular,Regular Season,2021,9,St. Louis,Tulsa,62,351,1,1,2021_240
Regular,Regular Season,2021,9,Des Moines,Kentucky,309,104,1,1,2021_241
Regular,Regular Season,2021,9,Albuquerque,El Paso,330,83,1,1,2021_242
Regular,Regular Season,2021,9,Boise,Anchorage,361,52,1,1,2021_243
Regular,Regular Season,2021,10,Anchorage,San Jose,21,392,0,1,2021_244
Regular,Regular Season,2021,10,El Paso,Manchester,124,289,0,0,2021_245
Regular,Regular Season,2021,10,Des Moines,Lincoln,361,52,0,0,2021_246
Regular,Regular Season,2021,10,Seattle,Pittsburgh,268,145,0,0,2021_247
Regular,Regular Season,2021,10,Lansing,Austin,247,166,0,0,2021_248
Regular,Regular Season,2021,10,Little Rock,Birmingham,299,114,1,1,2021_249
Regular,Regular Season,2021,10,San Diego,Vegas,186,227,1,1,2021_250
Regular,Regular Season,2021,10,Kentucky,Boise,237,176,0,0,2021_251
Regular,Regular Season,2021,10,Nashville,Albuquerque,227,186,0,0,2021_252
Regular,Regular Season,2021,10,Austin,Baltimore,52,361,0,0,2021_253
Regular,Regular Season,2021,10,Tampa Bay,Nashville,268,145,1,1,2021_254
Regular,Regular Season,2021,10,Cincinnati,El Paso,320,93,0,0,2021_255
Regular,Regular Season,2021,10,Providence,Vancouver,113.5,299.5,0,0,2021_256
Regular,Regular Season,2021,10,Jacksonville,St. Louis,293.5,119.5,0,0,2021_257
Regular,Regular Season,2021,10,Vancouver,Honolulu,258,155,0,1,2021_258
Regular,Regular Season,2021,10,Columbus,Seattle,21,392,0,0,2021_259
Regular,Regular Season,2021,10,Lincoln,Buffalo,114,299,0,0,2021_260
Regular,Regular Season,2021,10,Manchester,Vegas,170.5,242.5,0,0,2021_261
Regular,Regular Season,2021,10,St. Louis,Columbus,320,93,0,0,2021_262
Regular,Regular Season,2021,10,Anaheim,San Diego,299,114,1,1,2021_263
Regular,Regular Season,2021,10,Jacksonville,Lansing,392,21,0,1,2021_264
Regular,Regular Season,2021,10,Tampa Bay,Tulsa,299,114,0,0,2021_265
Regular,Regular Season,2021,10,Baltimore,Anchorage,392,21,0,0,2021_266
Regular,Regular Season,2021,10,Boise,Anaheim,62,351,0,1,2021_267
Regular,Regular Season,2021,10,Buffalo,San Jose,124,289,0,0,2021_268
Regular,Regular Season,2021,10,Birmingham,Des Moines,62,351,0,1,2021_269
Regular,Regular Season,2021,10,Little Rock,Cincinnati,237,176,0,1,2021_270
Regular,Regular Season,2021,10,Pittsburgh,Honolulu,145,268,0,0,2021_271
Regular,Regular Season,2021,10,Tulsa,Kentucky,129.5,283.5,0,0,2021_272
Regular,Regular Season,2021,10,Albuquerque,Providence,145,268,0,0,2021_273
Regular,Regular Season,2021,11,Lincoln,Anchorage,196,217,1,1,2021_274
Regular,Regular Season,2021,11,St. Louis,Pittsburgh,52,361,0,0,2021_275
Regular,Regular Season,2021,11,Vancouver,Kentucky,145,268,0,0,2021_276
Regular,Regular Season,2021,11,Seattle,Vancouver,413,0,1,1,2021_277
Regular,Regular Season,2021,11,Seattle,Des Moines,269,144,0,0,2021_278
Regular,Regular Season,2021,11,Honolulu,Buffalo,175,238,0,0,2021_279
Regular,Regular Season,2021,11,Anchorage,Providence,145,268,0,0,2021_280
Regular,Regular Season,2021,11,El Paso,Vegas,340,73,0,1,2021_281
Regular,Regular Season,2021,11,Birmingham,Buffalo,62,351,0,1,2021_282
Regular,Regular Season,2021,11,Anaheim,Pittsburgh,166,247,0,0,2021_283
Regular,Regular Season,2021,11,El Paso,Lansing,288,125,0,0,2021_284
Regular,Regular Season,2021,11,Jacksonville,Baltimore,257,156,0,1,2021_285
Regular,Regular Season,2021,11,Albuquerque,Honolulu,351,62,0,1,2021_286
Regular,Regular Season,2021,11,Boise,Columbus,124,289,0,0,2021_287
Regular,Regular Season,2021,11,Birmingham,San Diego,72.5,340.5,0,0,2021_288
Regular,Regular Season,2021,11,Tampa Bay,Providence,345.5,67.5,0,1,2021_289
Regular,Regular Season,2021,11,Cincinnati,Des Moines,170.5,242.5,1,1,2021_290
Regular,Regular Season,2021,11,Tulsa,Anaheim,52,361,0,1,2021_291
Regular,Regular Season,2021,11,Austin,San Jose,36.5,376.5,0,1,2021_292
Regular,Regular Season,2021,11,Lansing,Columbus,144,269,1,1,2021_293
Regular,Regular Season,2021,11,Vegas,Baltimore,98,315,0,0,2021_294
Regular,Regular Season,2021,11,St. Louis,Little Rock,52,361,0,0,2021_295
Regular,Regular Season,2021,11,Austin,Nashville,186,227,0,0,2021_296
Regular,Regular Season,2021,11,San Diego,Boise,104,309,0,1,2021_297
Regular,Regular Season,2021,11,Albuquerque,Tampa Bay,124,289,0,0,2021_298
Regular,Regular Season,2021,11,Little Rock,Manchester,258,155,0,1,2021_299
Regular,Regular Season,2021,11,San Jose,Manchester,345.5,67.5,0,0,2021_300
Regular,Regular Season,2021,11,Nashville,Kentucky,217,196,0,1,2021_301
Regular,Regular Season,2021,11,Lincoln,Cincinnati,190.5,222.5,0,0,2021_302
Regular,Regular Season,2021,11,Tulsa,Jacksonville,93,320,0,0,2021_303
Regular,Regular Season,2021,12,Seattle,Anchorage,392,21,1,1,2021_304
Regular,Regular Season,2021,12,Anaheim,St. Louis,335.5,77.5,0,1,2021_305
Regular,Regular Season,2021,12,Boise,Vancouver,165,248,1,1,2021_306
Regular,Regular Season,2021,12,Albuquerque,Anaheim,114,299,0,1,2021_307
Regular,Regular Season,2021,12,Jacksonville,Providence,289,124,0,1,2021_308
Regular,Regular Season,2021,12,Kentucky,Lansing,134.5,278.5,1,1,2021_309
Regular,Regular Season,2021,12,Tulsa,Pittsburgh,36.5,376.5,0,0,2021_310
Regular,Regular Season,2021,12,Buffalo,Little Rock,232,181,0,1,2021_311
Regular,Regular Season,2021,12,Lansing,Des Moines,104,309,1,1,2021_312
Regular,Regular Season,2021,12,San Jose,Albuquerque,371,42,0,1,2021_313
Regular,Regular Season,2021,12,Austin,Honolulu,186,227,0,1,2021_314
Regular,Regular Season,2021,12,Vancouver,Lincoln,268,145,1,1,2021_315
Regular,Regular Season,2021,12,Anchorage,El Paso,67.5,345.5,0,1,2021_316
Regular,Regular Season,2021,12,Little Rock,Baltimore,104,309,0,1,2021_317
Regular,Regular Season,2021,12,San Diego,Des Moines,124,289,0,0,2021_318
Regular,Regular Season,2021,12,El Paso,San Jose,104,309,0,1,2021_319
Regular,Regular Season,2021,12,Nashville,Columbus,104,309,0,1,2021_320
Regular,Regular Season,2021,12,Cincinnati,San Diego,237,176,0,0,2021_321
Regular,Regular Season,2021,12,Pittsburgh,Birmingham,309,104,0,1,2021_322
Regular,Regular Season,2021,12,Columbus,Cincinnati,211.5,201.5,1,1,2021_323
Regular,Regular Season,2021,12,Tampa Bay,Kentucky,320,93,0,1,2021_324
Regular,Regular Season,2021,12,Providence,Nashville,371,42,0,1,2021_325
Regular,Regular Season,2021,12,Lincoln,Vegas,145,268,0,1,2021_326
Regular,Regular Season,2021,12,Boise,Seattle,82.5,330.5,1,1,2021_327
Regular,Regular Season,2021,12,Baltimore,Tampa Bay,93,320,0,1,2021_328
Regular,Regular Season,2021,12,Manchester,Jacksonville,52,361,0,1,2021_329
Regular,Regular Season,2021,12,Honolulu,Tulsa,289,124,0,1,2021_330
Regular,Regular Season,2021,12,Birmingham,Manchester,330,83,0,1,2021_331
Regular,Regular Season,2021,12,Vegas,Austin,299,114,0,1,2021_332
Regular,Regular Season,2021,12,St. Louis,Buffalo,52,361,0,0,2021_333
Regular,Regular Season,2021,13,Lincoln,El Paso,361,52,0,1,2021_334
Regular,Regular Season,2021,13,Buffalo,Lansing,294.5,118.5,0,1,2021_335
Regular,Regular Season,2021,13,Seattle,Austin,366.5,46.5,0,1,2021_336
Regular,Regular Season,2021,13,Pittsburgh,Little Rock,21,392,0,1,2021_337
Regular,Regular Season,2021,13,Boise,Albuquerque,309,104,0,1,2021_338
Regular,Regular Season,2021,13,Providence,Columbus,304.5,108.5,0,1,2021_339
Regular,Regular Season,2021,13,Anchorage,St. Louis,21,392,0,1,2021_340
Regular,Regular Season,2021,13,Baltimore,Des Moines,231.5,181.5,0,1,2021_341
Regular,Regular Season,2021,13,Seattle,San Diego,392,21,0,1,2021_342
Regular,Regular Season,2021,13,Vancouver,Tulsa,175,238,0,1,2021_343
Regular,Regular Season,2021,13,Honolulu,Jacksonville,309,104,0,0,2021_344
Regular,Regular Season,2021,13,Anaheim,Birmingham,361,52,0,0,2021_345
Regular,Regular Season,2021,13,Manchester,Cincinnati,232.5,180.5,0,1,2021_346
Regular,Regular Season,2021,13,Kentucky,Cincinnati,52,361,1,1,2021_347
Regular,Regular Season,2021,13,San Diego,Kentucky,129.5,283.5,0,0,2021_348
Regular,Regular Season,2021,13,Boise,Lincoln,237,176,1,1,2021_349
Regular,Regular Season,2021,13,San Jose,Tulsa,268,145,0,1,2021_350
Regular,Regular Season,2021,13,Vegas,Albuquerque,304.5,108.5,0,1,2021_351
Regular,Regular Season,2021,13,Honolulu,St. Louis,248,165,0,1,2021_352
Regular,Regular Season,2021,13,Anaheim,Tampa Bay,176,237,0,0,2021_353
Regular,Regular Season,2021,13,Pittsburgh,Nashville,0,413,0,1,2021_354
Regular,Regular Season,2021,13,Columbus,Des Moines,73,340,1,1,2021_355
Regular,Regular Season,2021,13,Baltimore,Nashville,361,52,0,1,2021_356
Regular,Regular Season,2021,13,Manchester,Tampa Bay,98.5,314.5,0,1,2021_357
Regular,Regular Season,2021,13,Vegas,Birmingham,330,83,0,0,2021_358
Regular,Regular Season,2021,13,Providence,Lansing,135,278,0,1,2021_359
Regular,Regular Season,2021,13,San Jose,Little Rock,145,268,0,0,2021_360
Regular,Regular Season,2021,13,Anchorage,Austin,83,330,0,1,2021_361
Regular,Regular Season,2021,13,Buffalo,Jacksonville,340,73,0,1,2021_362
Regular,Regular Season,2021,13,Vancouver,El Paso,242.5,170.5,0,1,2021_363
Regular,Regular Season,2021,14,Kentucky,Jacksonville,135,278,0,1,2021_364
Regular,Regular Season,2021,14,Anaheim,Manchester,340,73,0,0,2021_365
Regular,Regular Season,2021,14,Vegas,Kentucky,258,155,0,0,2021_366
Regular,Regular Season,2021,14,Honolulu,Baltimore,190.5,222.5,0,0,2021_367
Regular,Regular Season,2021,14,Vegas,Seattle,42,371,0,1,2021_368
Regular,Regular Season,2021,14,Anchorage,Boise,42,371,1,1,2021_369
Regular,Regular Season,2021,14,St. Louis,San Diego,392,21,0,1,2021_370
Regular,Regular Season,2021,14,Pittsburgh,Albuquerque,145,268,0,0,2021_371
Regular,Regular Season,2021,14,Providence,Little Rock,145,268,0,1,2021_372
Regular,Regular Season,2021,14,Albuquerque,Little Rock,207,206,0,0,2021_373
Regular,Regular Season,2021,14,Vancouver,San Diego,392,21,0,1,2021_374
Regular,Regular Season,2021,14,Lincoln,Nashville,62,351,0,0,2021_375
Regular,Regular Season,2021,14,Baltimore,Birmingham,382,31,0,1,2021_376
Regular,Regular Season,2021,14,Manchester,St. Louis,67.5,345.5,0,0,2021_377
Regular,Regular Season,2021,14,Austin,Jacksonville,114,299,0,0,2021_378
Regular,Regular Season,2021,14,Pittsburgh,Buffalo,145,268,1,1,2021_379
Regular,Regular Season,2021,14,San Jose,Lincoln,320,93,0,1,2021_380
Regular,Regular Season,2021,14,San Jose,Providence,314.5,98.5,0,0,2021_381
Regular,Regular Season,2021,14,El Paso,Tampa Bay,73,340,0,0,2021_382
Regular,Regular Season,2021,14,Anchorage,Columbus,73,340,0,0,2021_383
Regular,Regular Season,2021,14,Boise,Cincinnati,299,114,0,0,2021_384
Regular,Regular Season,2021,14,Cincinnati,Lansing,114,299,1,1,2021_385
Regular,Regular Season,2021,14,Tulsa,Birmingham,216.5,196.5,0,0,2021_386
Regular,Regular Season,2021,14,Vancouver,Des Moines,155,258,0,0,2021_387
Regular,Regular Season,2021,14,Buffalo,Tulsa,350.5,62.5,0,0,2021_388
Regular,Regular Season,2021,14,Des Moines,Nashville,201.5,211.5,0,1,2021_389
Regular,Regular Season,2021,14,Honolulu,El Paso,237,176,0,1,2021_390
Regular,Regular Season,2021,14,Columbus,Tampa Bay,129.5,283.5,0,1,2021_391
Regular,Regular Season,2021,14,Anaheim,Austin,273.5,139.5,0,1,2021_392
Regular,Regular Season,2021,14,Seattle,Lansing,361,52,0,0,2021_393
Regular,Regular Season,2021,15,Kentucky,Lincoln,123,290,0,0,2021_394
Regular,Regular Season,2021,15,Lansing,Tulsa,330,83,0,0,2021_395
Regular,Regular Season,2021,15,Baltimore,Boise,155,258,0,0,2021_396
Regular,Regular Season,2021,15,Providence,Seattle,196,217,0,0,2021_397
Regular,Regular Season,2021,15,Vancouver,Columbus,310,103,0,0,2021_398
Regular,Regular Season,2021,15,Anaheim,San Jose,186,227,1,1,2021_399
Regular,Regular Season,2021,15,Honolulu,Manchester,258,155,0,0,2021_400
Regular,Regular Season,2021,15,Tulsa,Little Rock,134,279,0,0,2021_401
Regular,Regular Season,2021,15,Des Moines,Austin,392,21,0,0,2021_402
Regular,Regular Season,2021,15,Vegas,Providence,139.5,273.5,0,0,2021_403
Regular,Regular Season,2021,15,San Jose,Baltimore,268,145,0,0,2021_404
Regular,Regular Season,2021,15,Columbus,El Paso,181.5,231.5,0,0,2021_405
Regular,Regular Season,2021,15,Buffalo,Anchorage,268,145,0,0,2021_406
Regular,Regular Season,2021,15,Boise,Des Moines,207.5,205.5,0,0,2021_407
Regular,Regular Season,2021,15,Honolulu,San Diego,299,114,1,1,2021_408
Regular,Regular Season,2021,15,Austin,Tampa Bay,21,392,0,0,2021_409
Regular,Regular Season,2021,15,Pittsburgh,Vegas,187,226,0,0,2021_410
Regular,Regular Season,2021,15,Cincinnati,Albuquerque,361,52,0,0,2021_411
Regular,Regular Season,2021,15,Lincoln,Lansing,207,206,0,0,2021_412
Regular,Regular Season,2021,15,Anchorage,Kentucky,145,268,0,0,2021_413
Regular,Regular Season,2021,15,San Diego,Pittsburgh,57.5,355.5,0,0,2021_414
Regular,Regular Season,2021,15,Tampa Bay,Birmingham,392,21,1,1,2021_415
Regular,Regular Season,2021,15,Seattle,Cincinnati,237,176,0,0,2021_416
Regular,Regular Season,2021,15,Albuquerque,Jacksonville,52,361,0,0,2021_417
Regular,Regular Season,2021,15,Nashville,St. Louis,269,144,0,0,2021_418
Regular,Regular Season,2021,15,Jacksonville,Little Rock,258,155,1,1,2021_419
Regular,Regular Season,2021,15,Manchester,Vancouver,118.5,294.5,0,0,2021_420
Regular,Regular Season,2021,15,El Paso,Nashville,134,279,0,0,2021_421
Regular,Regular Season,2021,15,Anaheim,Buffalo,248,165,0,0,2021_422
Regular,Regular Season,2021,15,St. Louis,Birmingham,345.5,67.5,0,0,2021_423
Regular,Regular Season,2021,16,Seattle,Kentucky,371,42,0,0,2021_424
Regular,Regular Season,2021,16,Honolulu,Anaheim,31,382,1,1,2021_425
Regular,Regular Season,2021,16,Little Rock,San Diego,392,21,0,0,2021_426
Regular,Regular Season,2021,16,Cincinnati,Anchorage,299,114,0,0,2021_427
Regular,Regular Season,2021,16,Tampa Bay,Seattle,98.5,314.5,0,0,2021_428
Regular,Regular Season,2021,16,Nashville,Boise,42,371,0,0,2021_429
Regular,Regular Season,2021,16,Anchorage,Manchester,278,135,0,0,2021_430
Regular,Regular Season,2021,16,Boise,Providence,392,21,0,0,2021_431
Regular,Regular Season,2021,16,Manchester,Buffalo,21,392,1,1,2021_432
Regular,Regular Season,2021,16,Kentucky,Honolulu,145,268,0,0,2021_433
Regular,Regular Season,2021,16,Little Rock,El Paso,309,104,0,0,2021_434
Regular,Regular Season,2021,16,Birmingham,Jacksonville,52,361,1,1,2021_435
Regular,Regular Season,2021,16,Baltimore,Pittsburgh,258,155,1,1,2021_436
Regular,Regular Season,2021,16,Lansing,Vancouver,259,154,0,0,2021_437
Regular,Regular Season,2021,16,Columbus,San Jose,124,289,0,0,2021_438
Regular,Regular Season,2021,16,Providence,Anaheim,113.5,299.5,0,0,2021_439
Regular,Regular Season,2021,16,Birmingham,Austin,62,351,0,0,2021_440
Regular,Regular Season,2021,16,Vegas,Buffalo,52,361,0,0,2021_441
Regular,Regular Season,2021,16,Jacksonville,Lincoln,309,104,0,0,2021_442
Regular,Regular Season,2021,16,Albuquerque,Lansing,247,166,0,0,2021_443
Regular,Regular Season,2021,16,Des Moines,Vegas,289,124,0,0,2021_444
Regular,Regular Season,2021,16,St. Louis,Tampa Bay,52,361,0,0,2021_445
Regular,Regular Season,2021,16,St. Louis,Albuquerque,36.5,376.5,1,1,2021_446
Regular,Regular Season,2021,16,San Jose,Pittsburgh,258,155,0,0,2021_447
Regular,Regular Season,2021,16,Tulsa,Nashville,299,114,0,0,2021_448
Regular,Regular Season,2021,16,Vancouver,Baltimore,299,114,0,0,2021_449
Regular,Regular Season,2021,16,San Diego,Tulsa,21,392,0,1,2021_450
Regular,Regular Season,2021,16,Lincoln,Columbus,228,185,0,0,2021_451
Regular,Regular Season,2021,16,El Paso,Des Moines,176,237,0,0,2021_452
Regular,Regular Season,2021,16,Austin,Cincinnati,83,330,0,0,2021_453
Regular,Regular Season,2021,17,Little Rock,Des Moines,160.5,252.5,0,1,2021_454
Regular,Regular Season,2021,17,Birmingham,Columbus,83,330,0,1,2021_455
Regular,Regular Season,2021,17,Des Moines,Boise,52,361,0,0,2021_456
Regular,Regular Season,2021,17,Lansing,Lincoln,351,62,0,0,2021_457
Regular,Regular Season,2021,17,Birmingham,St. Louis,83,330,0,0,2021_458
Regular,Regular Season,2021,17,Austin,Manchester,361,52,0,0,2021_459
Regular,Regular Season,2021,17,Jacksonville,Cincinnati,237,176,0,1,2021_460
Regular,Regular Season,2021,17,El Paso,Buffalo,10.5,402.5,0,0,2021_461
Regular,Regular Season,2021,17,Vancouver,San Jose,175,238,0,1,2021_462
Regular,Regular Season,2021,17,Nashville,El Paso,248,165,0,0,2021_463
Regular,Regular Season,2021,17,Pittsburgh,San Diego,330,83,0,0,2021_464
Regular,Regular Season,2021,17,Providence,Vegas,164,249,0,0,2021_465
Regular,Regular Season,2021,17,Buffalo,Anaheim,206,207,0,0,2021_466
Regular,Regular Season,2021,17,Baltimore,San Jose,309,104,0,0,2021_467
Regular,Regular Season,2021,17,Seattle,Anaheim,227,186,0,1,2021_468
Regular,Regular Season,2021,17,Boise,Honolulu,309,104,0,1,2021_469
Regular,Regular Season,2021,17,Nashville,San Diego,309.5,103.5,0,0,2021_470
Regular,Regular Season,2021,17,Little Rock,Tulsa,191.5,221.5,0,0,2021_471
Regular,Regular Season,2021,17,Cincinnati,Seattle,145,268,0,0,2021_472
Regular,Regular Season,2021,17,Tampa Bay,Lansing,258,155,0,1,2021_473
Regular,Regular Season,2021,17,Jacksonville,Albuquerque,351,62,0,0,2021_474
Regular,Regular Season,2021,17,Albuquerque,Baltimore,0,413,0,0,2021_475
Regular,Regular Season,2021,17,Manchester,Honolulu,124,289,0,0,2021_476
Regular,Regular Season,2021,17,Kentucky,Anchorage,227,186,0,0,2021_477
Regular,Regular Season,2021,17,Tampa Bay,Austin,268,145,0,0,2021_478
Regular,Regular Season,2021,17,Tulsa,Providence,145.5,267.5,0,0,2021_479
Regular,Regular Season,2021,17,Columbus,Vancouver,104,309,0,0,2021_480
Regular,Regular Season,2021,17,Lincoln,Pittsburgh,299,114,0,0,2021_481
Regular,Regular Season,2021,17,St. Louis,Kentucky,155,258,0,0,2021_482
Regular,Regular Season,2021,17,Anchorage,Vegas,104,309,0,1,2021_483
Regular,Regular Season,2021,18,Lansing,Des Moines,309,104,1,1,2021_484
Regular,Regular Season,2021,18,Cincinnati,Boise,145,268,0,0,2021_485
Regular,Regular Season,2021,18,Manchester,Anaheim,52,361,0,0,2021_486
Regular,Regular Season,2021,18,Des Moines,Vancouver,351,62,0,0,2021_487
Regular,Regular Season,2021,18,St. Louis,Albuquerque,269,144,1,1,2021_488
Regular,Regular Season,2021,18,Little Rock,Tampa Bay,114,299,1,1,2021_489
Regular,Regular Season,2021,18,Tampa Bay,El Paso,351,62,0,0,2021_490
Regular,Regular Season,2021,18,Nashville,Lincoln,308.5,104.5,0,0,2021_491
Regular,Regular Season,2021,18,Columbus,Anchorage,340,73,0,0,2021_492
Regular,Regular Season,2021,18,Buffalo,Pittsburgh,299,114,1,1,2021_493
Regular,Regular Season,2021,18,Cincinnati,Columbus,248,165,1,1,2021_494
Regular,Regular Season,2021,18,Kentucky,Vegas,31,382,0,0,2021_495
Regular,Regular Season,2021,18,Baltimore,Buffalo,201.5,211.5,1,1,2021_496
Regular,Regular Season,2021,18,Lincoln,Boise,104,309,1,1,2021_497
Regular,Regular Season,2021,18,Vegas,Honolulu,413,0,1,1,2021_498
Regular,Regular Season,2021,18,Seattle,Vancouver,371,42,1,1,2021_499
Regular,Regular Season,2021,18,San Diego,St. Louis,21,392,0,1,2021_500
Regular,Regular Season,2021,18,San Jose,Anaheim,206,207,1,1,2021_501
Regular,Regular Season,2021,18,Providence,San Jose,93,320,0,0,2021_502
Regular,Regular Season,2021,18,Lansing,Seattle,304.5,108.5,0,0,2021_503
Regular,Regular Season,2021,18,Birmingham,Jacksonville,52,361,1,1,2021_504
Regular,Regular Season,2021,18,Little Rock,Albuquerque,361,52,0,0,2021_505
Regular,Regular Season,2021,18,Jacksonville,Austin,361,52,0,0,2021_506
Regular,Regular Season,2021,18,Birmingham,Tulsa,196.5,216.5,0,0,2021_507
Regular,Regular Season,2021,18,Baltimore,Honolulu,361,52,0,0,2021_508
Regular,Regular Season,2021,18,Tulsa,Austin,258,155,1,1,2021_509
Regular,Regular Season,2021,18,Providence,Manchester,361,52,1,1,2021_510
Regular,Regular Season,2021,19,Lansing,Baltimore,309,104,0,1,2021_511
Regular,Regular Season,2021,19,Seattle,Columbus,361,52,0,0,2021_512
Regular,Regular Season,2021,19,El Paso,Cincinnati,52,361,0,0,2021_513
Regular,Regular Season,2021,19,Birmingham,Honolulu,21,392,0,0,2021_514
Regular,Regular Season,2021,19,Tampa Bay,Buffalo,185,228,0,1,2021_515
Regular,Regular Season,2021,19,Anchorage,Baltimore,21,392,0,0,2021_516
Regular,Regular Season,2021,19,Columbus,San Diego,83,330,0,0,2021_517
Regular,Regular Season,2021,19,Birmingham,Little Rock,52,361,1,1,2021_518
Regular,Regular Season,2021,19,El Paso,Boise,52,361,0,1,2021_519
Regular,Regular Season,2021,19,Austin,Vancouver,155,258,0,1,2021_520
Regular,Regular Season,2021,19,Austin,Lansing,145,268,0,0,2021_521
Regular,Regular Season,2021,19,Nashville,Manchester,330,83,0,1,2021_522
Regular,Regular Season,2021,19,San Diego,Anaheim,52,361,1,1,2021_523
Regular,Regular Season,2021,19,St. Louis,Jacksonville,134,279,0,0,2021_524
Regular,Regular Season,2021,19,Honolulu,Pittsburgh,335.5,77.5,0,0,2021_525
Regular,Regular Season,2021,19,San Jose,Buffalo,247,166,0,0,2021_526
Regular,Regular Season,2021,19,Tulsa,Tampa Bay,52,361,0,0,2021_527
Regular,Regular Season,2021,19,Vancouver,Providence,283.5,129.5,0,0,2021_528
Regular,Regular Season,2021,19,St. Louis,San Jose,129.5,283.5,0,1,2021_529
Regular,Regular Season,2021,19,Albuquerque,Anchorage,392,21,0,1,2021_530
Regular,Regular Season,2021,19,Lincoln,Seattle,21,392,1,1,2021_531
Regular,Regular Season,2021,19,Boise,Kentucky,268,145,0,0,2021_532
Regular,Regular Season,2021,19,Jacksonville,Pittsburgh,361,52,0,1,2021_533
Regular,Regular Season,2021,19,Vegas,Manchester,392,21,0,0,2021_534
Regular,Regular Season,2021,19,Albuquerque,Nashville,324.5,88.5,0,0,2021_535
Regular,Regular Season,2021,19,Tulsa,Vegas,83,330,0,1,2021_536
Regular,Regular Season,2021,19,Little Rock,Anaheim,206,207,0,0,2021_537
Regular,Regular Season,2021,19,Cincinnati,Providence,299,114,0,1,2021_538
Regular,Regular Season,2021,19,Des Moines,Kentucky,237,176,1,1,2021_539
Regular,Regular Season,2021,19,Lincoln,Des Moines,145,268,0,0,2021_540
Regular,Regular Season,2021,20,Anchorage,Lincoln,221.5,191.5,1,1,2021_541
Regular,Regular Season,2021,20,Vancouver,Seattle,42,371,1,1,2021_542
Regular,Regular Season,2021,20,Albuquerque,Tulsa,325,88,1,1,2021_543
Regular,Regular Season,2021,20,Honolulu,Columbus,392,21,0,0,2021_544
Regular,Regular Season,2021,20,Boise,Tampa Bay,125,288,0,0,2021_545
Regular,Regular Season,2021,20,Anaheim,Tulsa,340,73,0,1,2021_546
Regular,Regular Season,2021,20,Honolulu,Albuquerque,350.5,62.5,0,1,2021_547
Regular,Regular Season,2021,20,San Jose,Des Moines,340,73,0,0,2021_548
Regular,Regular Season,2021,20,San Jose,Austin,299,114,0,1,2021_549
Regular,Regular Season,2021,20,Anchorage,Lansing,191.5,221.5,0,0,2021_550
Regular,Regular Season,2021,20,El Paso,Birmingham,206,207,0,0,2021_551
Regular,Regular Season,2021,20,Vegas,El Paso,345.5,67.5,0,1,2021_552
Regular,Regular Season,2021,20,Pittsburgh,St. Louis,160.5,252.5,0,0,2021_553
Regular,Regular Season,2021,20,Providence,Tampa Bay,21,392,0,1,2021_554
Regular,Regular Season,2021,20,Boise,San Diego,268,145,0,1,2021_555
Regular,Regular Season,2021,20,Buffalo,Birmingham,299,114,0,1,2021_556
Regular,Regular Season,2021,20,Baltimore,Jacksonville,298,115,0,1,2021_557
Regular,Regular Season,2021,20,Manchester,Little Rock,21,392,0,1,2021_558
Regular,Regular Season,2021,20,Buffalo,Baltimore,212.5,200.5,1,1,2021_559
Regular,Regular Season,2021,20,Vegas,Cincinnati,155,258,0,0,2021_560
Regular,Regular Season,2021,20,Lincoln,Little Rock,176,237,0,0,2021_561
Regular,Regular Season,2021,20,Anaheim,Kentucky,340,73,0,0,2021_562
Regular,Regular Season,2021,20,Austin,St. Louis,155,258,1,1,2021_563
Regular,Regular Season,2021,20,Des Moines,Cincinnati,52,361,1,1,2021_564
Regular,Regular Season,2021,20,Columbus,Lansing,52,361,1,1,2021_565
Regular,Regular Season,2021,20,Vancouver,Nashville,253,160,0,0,2021_566
Regular,Regular Season,2021,20,San Diego,Manchester,309.5,103.5,0,0,2021_567
Regular,Regular Season,2021,20,Pittsburgh,Providence,130.5,282.5,1,1,2021_568
Regular,Regular Season,2021,20,Seattle,Jacksonville,392,21,0,0,2021_569
Regular,Regular Season,2021,20,Kentucky,Nashville,124,289,0,1,2021_570
Regular,Regular Season,2021,21,Lincoln,Vancouver,155,258,1,1,2021_571
Regular,Regular Season,2021,21,Tampa Bay,Baltimore,273.5,139.5,0,1,2021_572
Regular,Regular Season,2021,21,San Diego,Cincinnati,114,299,0,0,2021_573
Regular,Regular Season,2021,21,Des Moines,San Diego,320,93,0,0,2021_574
Regular,Regular Season,2021,21,Austin,Vegas,206,207,0,1,2021_575
Regular,Regular Season,2021,21,Honolulu,Austin,309,104,0,1,2021_576
Regular,Regular Season,2021,21,Baltimore,Little Rock,268,145,0,1,2021_577
Regular,Regular Season,2021,21,Nashville,Providence,299,114,0,1,2021_578
Regular,Regular Season,2021,21,San Jose,El Paso,330,83,0,1,2021_579
Regular,Regular Season,2021,21,Lansing,Kentucky,361,52,1,1,2021_580
Regular,Regular Season,2021,21,Anchorage,Seattle,21,392,1,1,2021_581
Regular,Regular Season,2021,21,Providence,Jacksonville,124,289,0,1,2021_582
Regular,Regular Season,2021,21,Tulsa,Honolulu,52,361,0,1,2021_583
Regular,Regular Season,2021,21,Manchester,Birmingham,114,299,0,1,2021_584
Regular,Regular Season,2021,21,Vancouver,Boise,155,258,1,1,2021_585
Regular,Regular Season,2021,21,Vegas,Lincoln,320,93,0,1,2021_586
Regular,Regular Season,2021,21,St. Louis,Anaheim,129.5,283.5,0,1,2021_587
Regular,Regular Season,2021,21,Birmingham,Pittsburgh,73,340,0,1,2021_588
Regular,Regular Season,2021,21,Columbus,Nashville,52,361,0,1,2021_589
Regular,Regular Season,2021,21,Seattle,Boise,392,21,1,1,2021_590
Regular,Regular Season,2021,21,Kentucky,Tampa Bay,21,392,0,1,2021_591
Regular,Regular Season,2021,21,Albuquerque,San Jose,139.5,273.5,0,1,2021_592
Regular,Regular Season,2021,21,Buffalo,St. Louis,289,124,0,0,2021_593
Regular,Regular Season,2021,21,Anaheim,Albuquerque,309,104,0,1,2021_594
Regular,Regular Season,2021,21,Des Moines,Lansing,314.5,98.5,1,1,2021_595
Regular,Regular Season,2021,21,Pittsburgh,Tulsa,247,166,0,0,2021_596
Regular,Regular Season,2021,21,Jacksonville,Manchester,361,52,0,1,2021_597
Regular,Regular Season,2021,21,Little Rock,Buffalo,114,299,0,1,2021_598
Regular,Regular Season,2021,21,El Paso,Anchorage,345.5,67.5,0,1,2021_599
Regular,Regular Season,2021,21,Cincinnati,Columbus,392,21,1,1,2021_600
Regular,Regular Season,2021,22,Little Rock,San Jose,170.5,242.5,0,0,2021_601
Regular,Regular Season,2021,22,Nashville,Pittsburgh,52,361,0,1,2021_602
Regular,Regular Season,2021,22,Little Rock,Austin,392,21,0,0,2021_603
Regular,Regular Season,2021,22,Jacksonville,Honolulu,114,299,0,0,2021_604
Regular,Regular Season,2021,22,Jacksonville,El Paso,299.5,113.5,0,0,2021_605
Regular,Regular Season,2021,22,El Paso,Lincoln,134,279,0,1,2021_606
Regular,Regular Season,2021,22,Tampa Bay,Anaheim,175,238,0,0,2021_607
Regular,Regular Season,2021,22,Tulsa,Vancouver,67.5,345.5,0,1,2021_608
Regular,Regular Season,2021,22,Nashville,Seattle,21,392,0,0,2021_609
Regular,Regular Season,2021,22,Baltimore,Anaheim,83,330,0,0,2021_610
Regular,Regular Season,2021,22,Providence,Honolulu,21,392,0,0,2021_611
Regular,Regular Season,2021,22,St. Louis,Tulsa,361,52,1,1,2021_612
Regular,Regular Season,2021,22,Des Moines,Baltimore,83.5,329.5,0,1,2021_613
Regular,Regular Season,2021,22,Des Moines,Anchorage,361,52,0,0,2021_614
Regular,Regular Season,2021,22,Columbus,Vegas,52,361,0,0,2021_615
Regular,Regular Season,2021,22,Lansing,Buffalo,299,114,0,1,2021_616
Regular,Regular Season,2021,22,Buffalo,San Diego,258,155,0,0,2021_617
Regular,Regular Season,2021,22,Birmingham,Vegas,62,351,0,0,2021_618
Regular,Regular Season,2021,22,Tampa Bay,Lincoln,237,176,0,0,2021_619
Regular,Regular Season,2021,22,Columbus,Providence,160.5,252.5,0,1,2021_620
Regular,Regular Season,2021,22,Kentucky,San Jose,21,392,0,0,2021_621
Regular,Regular Season,2021,22,Albuquerque,Boise,114,299,0,1,2021_622
Regular,Regular Season,2021,22,Austin,Seattle,52,361,0,1,2021_623
Regular,Regular Season,2021,22,Kentucky,San Diego,21,392,0,0,2021_624
Regular,Regular Season,2021,22,Birmingham,Albuquerque,21,392,0,0,2021_625
Regular,Regular Season,2021,22,Cincinnati,Vancouver,258,155,0,0,2021_626
Regular,Regular Season,2021,22,Manchester,Pittsburgh,114,299,1,1,2021_627
Regular,Regular Season,2021,22,Lansing,Boise,155,258,0,0,2021_628
Regular,Regular Season,2021,22,St. Louis,Anchorage,392,21,0,1,2021_629
Regular,Regular Season,2021,22,Cincinnati,Manchester,376.5,36.5,0,1,2021_630
Regular,Regular Season,2021,23,Seattle,Vegas,340,73,0,1,2021_631
Regular,Regular Season,2021,23,Vegas,Lansing,207,206,0,0,2021_632
Regular,Regular Season,2021,23,Jacksonville,Kentucky,309.5,103.5,0,1,2021_633
Regular,Regular Season,2021,23,Boise,Anchorage,392,21,1,1,2021_634
Regular,Regular Season,2021,23,Birmingham,Baltimore,52,361,0,1,2021_635
Regular,Regular Season,2021,23,Buffalo,Providence,320,93,1,1,2021_636
Regular,Regular Season,2021,23,St. Louis,Manchester,279,134,0,0,2021_637
Regular,Regular Season,2021,23,Vancouver,Tampa Bay,135,278,0,0,2021_638
Regular,Regular Season,2021,23,Lincoln,San Jose,248,165,0,1,2021_639
Regular,Regular Season,2021,23,San Jose,Cincinnati,340,73,0,0,2021_640
Regular,Regular Season,2021,23,Austin,Tulsa,207,206,1,1,2021_641
Regular,Regular Season,2021,23,Little Rock,Providence,330,83,0,1,2021_642
Regular,Regular Season,2021,23,Pittsburgh,Kentucky,171.5,241.5,0,1,2021_643
Regular,Regular Season,2021,23,El Paso,Honolulu,248,165,0,1,2021_644
Regular,Regular Season,2021,23,Manchester,Baltimore,104,309,1,1,2021_645
Regular,Regular Season,2021,23,El Paso,St. Louis,237,176,1,1,2021_646
Regular,Regular Season,2021,23,San Diego,Vancouver,103,310,0,1,2021_647
Regular,Regular Season,2021,23,Lansing,Cincinnati,268,145,1,1,2021_648
Regular,Regular Season,2021,23,Tampa Bay,Columbus,361,52,0,1,2021_649
Regular,Regular Season,2021,23,Nashville,Des Moines,155,258,0,1,2021_650
Regular,Regular Season,2021,23,Tulsa,Buffalo,73,340,0,0,2021_651
Regular,Regular Season,2021,23,Seattle,Little Rock,330,83,0,0,2021_652
Regular,Regular Season,2021,23,Lincoln,Birmingham,371,42,0,0,2021_653
Regular,Regular Season,2021,23,Albuquerque,San Diego,258,155,0,1,2021_654
Regular,Regular Season,2021,23,Anaheim,Columbus,361,52,0,0,2021_655
Regular,Regular Season,2021,23,Anchorage,Nashville,0,413,0,0,2021_656
Regular,Regular Season,2021,23,Austin,Anaheim,104,309,0,1,2021_657
Regular,Regular Season,2021,23,Albuquerque,Pittsburgh,273.5,139.5,0,0,2021_658
Regular,Regular Season,2021,23,Boise,Jacksonville,227,186,0,0,2021_659
Regular,Regular Season,2021,23,Honolulu,Des Moines,52,361,0,0,2021_660
Regular,Regular Season,2021,24,Lansing,San Diego,340,73,0,0,2021_661
Regular,Regular Season,2021,24,Tampa Bay,Jacksonville,330,83,1,1,2021_662
Regular,Regular Season,2021,24,Des Moines,Tulsa,289,124,0,0,2021_663
Regular,Regular Season,2021,24,Providence,El Paso,186,227,0,0,2021_664
Regular,Regular Season,2021,24,Little Rock,Kentucky,237,176,0,1,2021_665
Regular,Regular Season,2021,24,Jacksonville,Columbus,392,21,0,1,2021_666
Regular,Regular Season,2021,24,Birmingham,Providence,31.5,381.5,0,1,2021_667
Regular,Regular Season,2021,24,Boise,Vegas,278,135,0,1,2021_668
Regular,Regular Season,2021,24,Nashville,Cincinnati,124,289,0,1,2021_669
Regular,Regular Season,2021,24,St. Louis,Baltimore,155,258,0,0,2021_670
Regular,Regular Season,2021,24,Anaheim,Anchorage,299,114,0,1,2021_671
Regular,Regular Season,2021,24,Austin,Pittsburgh,258,155,0,0,2021_672
Regular,Regular Season,2021,24,Manchester,Seattle,176,237,0,0,2021_673
Regular,Regular Season,2021,24,Tampa Bay,Des Moines,293.5,119.5,0,1,2021_674
Regular,Regular Season,2021,24,Albuquerque,Buffalo,73,340,0,0,2021_675
Regular,Regular Season,2021,24,Columbus,Albuquerque,21,392,0,0,2021_676
Regular,Regular Season,2021,24,El Paso,Anaheim,93,320,0,1,2021_677
Regular,Regular Season,2021,24,Seattle,San Jose,114,299,0,1,2021_678
Regular,Regular Season,2021,24,Pittsburgh,Vancouver,155,258,0,0,2021_679
Regular,Regular Season,2021,24,Tulsa,Manchester,237,176,0,0,2021_680
Regular,Regular Season,2021,24,Baltimore,Lincoln,361,52,0,0,2021_681
Regular,Regular Season,2021,24,Nashville,Little Rock,176,237,1,1,2021_682
Regular,Regular Season,2021,24,Vancouver,Anchorage,289,124,1,1,2021_683
Regular,Regular Season,2021,24,San Jose,San Diego,355.5,57.5,1,1,2021_684
Regular,Regular Season,2021,24,Cincinnati,St. Louis,186,227,0,0,2021_685
Regular,Regular Season,2021,24,Lincoln,Honolulu,42,371,0,1,2021_686
Regular,Regular Season,2021,24,Honolulu,Vegas,278,135,1,1,2021_687
Regular,Regular Season,2021,24,Kentucky,Austin,134.5,278.5,0,0,2021_688
Regular,Regular Season,2021,24,Lansing,Birmingham,309,104,0,1,2021_689
Regular,Regular Season,2021,24,Buffalo,Boise,195,218,0,0,2021_690
Regular,Regular Season,2021,25,Columbus,Tulsa,21,392,0,0,2021_691
Regular,Regular Season,2021,25,Anaheim,Lincoln,392,21,0,1,2021_692
Regular,Regular Season,2021,25,Columbus,Little Rock,52,361,0,1,2021_693
Regular,Regular Season,2021,25,Kentucky,Albuquerque,52,361,0,0,2021_694
Regular,Regular Season,2021,25,Manchester,Albuquerque,186,227,0,0,2021_695
Regular,Regular Season,2021,25,Lansing,Little Rock,299,114,0,1,2021_696
Regular,Regular Season,2021,25,Kentucky,Birmingham,134.5,278.5,0,1,2021_697
Regular,Regular Season,2021,25,San Jose,Vegas,180.5,232.5,1,1,2021_698
Regular,Regular Season,2021,25,Cincinnati,Tampa Bay,73,340,0,1,2021_699
Regular,Regular Season,2021,25,Nashville,Jacksonville,124,289,1,1,2021_700
Regular,Regular Season,2021,25,Manchester,Lincoln,160.5,252.5,0,0,2021_701
Regular,Regular Season,2021,25,Baltimore,El Paso,232.5,180.5,0,0,2021_702
Regular,Regular Season,2021,25,Anchorage,San Diego,31,382,0,1,2021_703
Regular,Regular Season,2021,25,San Jose,Boise,155,258,0,1,2021_704
Regular,Regular Season,2021,25,Pittsburgh,Boise,104,309,0,0,2021_705
Regular,Regular Season,2021,25,Buffalo,Seattle,206,207,0,0,2021_706
Regular,Regular Season,2021,25,Honolulu,Anchorage,392,21,0,1,2021_707
Regular,Regular Season,2021,25,Providence,Austin,361,52,0,0,2021_708
Regular,Regular Season,2021,25,Providence,St. Louis,155,258,0,0,2021_709
Regular,Regular Season,2021,25,Des Moines,St. Louis,299,114,0,0,2021_710
Regular,Regular Season,2021,25,San Diego,Tampa Bay,73,340,0,0,2021_711
Regular,Regular Season,2021,25,Pittsburgh,El Paso,320,93,0,0,2021_712
Regular,Regular Season,2021,25,Vegas,Vancouver,341,72,0,1,2021_713
Regular,Regular Season,2021,25,Baltimore,Tulsa,320,93,0,0,2021_714
Regular,Regular Season,2021,25,Honolulu,Seattle,139.5,273.5,0,1,2021_715
Regular,Regular Season,2021,25,Des Moines,Jacksonville,114,299,0,1,2021_716
Regular,Regular Season,2021,25,Cincinnati,Birmingham,304.5,108.5,0,1,2021_717
Regular,Regular Season,2021,25,Buffalo,Austin,392,21,0,0,2021_718
Regular,Regular Season,2021,25,Lansing,Nashville,211.5,201.5,0,1,2021_719
Regular,Regular Season,2021,25,Anaheim,Vancouver,361,52,0,1,2021_720
Regular,Regular Season,2021,26,Cincinnati,Little Rock,382,31,0,1,2021_721
Regular,Regular Season,2021,26,Pittsburgh,Jacksonville,124,289,0,1,2021_722
Regular,Regular Season,2021,26,Baltimore,Austin,361,52,0,0,2021_723
Regular,Regular Season,2021,26,Manchester,El Paso,21,392,0,0,2021_724
Regular,Regular Season,2021,26,Honolulu,Vancouver,413,0,0,1,2021_725
Regular,Regular Season,2021,26,Des Moines,Birmingham,392,21,0,1,2021_726
Regular,Regular Season,2021,26,Anchorage,Albuquerque,21,392,0,1,2021_727
Regular,Regular Season,2021,26,Nashville,Tampa Bay,21,392,1,1,2021_728
Regular,Regular Season,2021,26,Lansing,Jacksonville,186,227,0,1,2021_729
Regular,Regular Season,2021,26,Pittsburgh,Seattle,114,299,0,0,2021_730
Regular,Regular Season,2021,26,Vancouver,Austin,159.5,253.5,0,1,2021_731
Regular,Regular Season,2021,26,San Jose,Anchorage,361,52,0,1,2021_732
Regular,Regular Season,2021,26,Seattle,Lincoln,330,83,1,1,2021_733
Regular,Regular Season,2021,26,San Jose,St. Louis,227,186,0,1,2021_734
Regular,Regular Season,2021,26,Anaheim,Boise,268,145,0,1,2021_735
Regular,Regular Season,2021,26,Honolulu,Birmingham,392,21,0,0,2021_736
Regular,Regular Season,2021,26,Kentucky,Tulsa,67.5,345.5,0,0,2021_737
Regular,Regular Season,2021,26,Vegas,San Diego,361,52,1,1,2021_738
Regular,Regular Season,2021,26,Buffalo,Lincoln,330,83,0,0,2021_739
Regular,Regular Season,2021,26,Vegas,Tulsa,320,93,0,1,2021_740
Regular,Regular Season,2021,26,San Diego,Columbus,392,21,0,0,2021_741
Regular,Regular Season,2021,26,Buffalo,Tampa Bay,187,226,0,1,2021_742
Regular,Regular Season,2021,26,Manchester,Nashville,67.5,345.5,0,1,2021_743
Regular,Regular Season,2021,26,Columbus,St. Louis,21,392,0,0,2021_744
Regular,Regular Season,2021,26,Providence,Albuquerque,21,392,0,0,2021_745
Regular,Regular Season,2021,26,Anaheim,Little Rock,340,73,0,0,2021_746
Regular,Regular Season,2021,26,Baltimore,Lansing,207,206,0,1,2021_747
Regular,Regular Season,2021,26,Kentucky,Des Moines,21,392,1,1,2021_748
Regular,Regular Season,2021,26,Boise,El Paso,237,176,0,1,2021_749
Regular,Regular Season,2021,26,Providence,Cincinnati,21,392,0,1,2021_750
Regular,Regular Season,2021,27,Tulsa,Des Moines,21,392,0,0,2021_751
Regular,Regular Season,2021,27,Buffalo,Columbus,392,21,0,1,2021_752
Regular,Regular Season,2021,27,Lincoln,Tulsa,186,227,0,1,2021_753
Regular,Regular Season,2021,27,El Paso,Providence,258,155,0,0,2021_754
Regular,Regular Season,2021,27,San Diego,San Jose,42,371,1,1,2021_755
Regular,Regular Season,2021,27,Vancouver,Pittsburgh,125,288,0,0,2021_756
Regular,Regular Season,2021,27,Boise,Birmingham,355.5,57.5,0,0,2021_757
Regular,Regular Season,2021,27,Pittsburgh,Des Moines,41.5,371.5,0,1,2021_758
Regular,Regular Season,2021,27,Vegas,Honolulu,114,299,1,1,2021_759
Regular,Regular Season,2021,27,Austin,San Diego,227,186,0,1,2021_760
Regular,Regular Season,2021,27,Boise,Buffalo,361,52,0,0,2021_761
Regular,Regular Season,2021,27,St. Louis,Cincinnati,237,176,0,0,2021_762
Regular,Regular Season,2021,27,Vancouver,Little Rock,155,258,0,0,2021_763
Regular,Regular Season,2021,27,Vegas,Tampa Bay,103,310,0,0,2021_764
Regular,Regular Season,2021,27,San Jose,Nashville,330,83,0,0,2021_765
Regular,Regular Season,2021,27,Anchorage,Jacksonville,73,340,0,0,2021_766
Regular,Regular Season,2021,27,Anchorage,Anaheim,73,340,0,1,2021_767
Regular,Regular Season,2021,27,Little Rock,Nashville,248,165,1,1,2021_768
Regular,Regular Season,2021,27,Birmingham,Lansing,155,258,0,1,2021_769
Regular,Regular Season,2021,27,Austin,Kentucky,139.5,273.5,0,0,2021_770
Regular,Regular Season,2021,27,Manchester,Kentucky,118.5,294.5,0,1,2021_771
Regular,Regular Season,2021,27,Anaheim,Cincinnati,279,134,0,0,2021_772
Regular,Regular Season,2021,27,Baltimore,Providence,361,52,1,1,2021_773
Regular,Regular Season,2021,27,Honolulu,Lansing,361,52,0,0,2021_774
Regular,Regular Season,2021,27,El Paso,Albuquerque,134.5,278.5,1,1,2021_775
Regular,Regular Season,2021,27,Seattle,Manchester,320,93,0,0,2021_776
Regular,Regular Season,2021,27,Albuquerque,Columbus,361,52,0,0,2021_777
Regular,Regular Season,2021,27,Lincoln,Baltimore,93,320,0,0,2021_778
Regular,Regular Season,2021,27,Seattle,St. Louis,155.5,257.5,0,1,2021_779
Regular,Regular Season,2021,27,Jacksonville,Tampa Bay,72,341,1,1,2021_780
Regular,Regular Season,2021,28,Birmingham,Tampa Bay,73,340,1,1,2021_781
Regular,Regular Season,2021,28,Tulsa,Lansing,129.5,283.5,0,0,2021_782
Regular,Regular Season,2021,28,Little Rock,Jacksonville,236.5,176.5,1,1,2021_783
Regular,Regular Season,2021,28,Boise,Baltimore,304.5,108.5,0,0,2021_784
Regular,Regular Season,2021,28,Albuquerque,Cincinnati,36.5,376.5,0,0,2021_785
Regular,Regular Season,2021,28,Tampa Bay,San Jose,160.5,252.5,0,0,2021_786
Regular,Regular Season,2021,28,San Jose,Anaheim,165,248,1,1,2021_787
Regular,Regular Season,2021,28,Nashville,Honolulu,145,268,0,0,2021_788
Regular,Regular Season,2021,28,Vegas,Pittsburgh,330,83,0,0,2021_789
Regular,Regular Season,2021,28,Austin,El Paso,145,268,1,1,2021_790
Regular,Regular Season,2021,28,Columbus,Manchester,320,93,0,1,2021_791
Regular,Regular Season,2021,28,Kentucky,Baltimore,155,258,0,1,2021_792
Regular,Regular Season,2021,28,Jacksonville,Vegas,155,258,0,0,2021_793
Regular,Regular Season,2021,28,Cincinnati,Pittsburgh,201.5,211.5,0,1,2021_794
Regular,Regular Season,2021,28,San Diego,Honolulu,52,361,1,1,2021_795
Regular,Regular Season,2021,28,Lansing,Anaheim,185,228,0,0,2021_796
Regular,Regular Season,2021,28,Austin,Des Moines,124,289,0,0,2021_797
Regular,Regular Season,2021,28,Lincoln,Kentucky,114,299,0,0,2021_798
Regular,Regular Season,2021,28,Providence,San Diego,232,181,0,0,2021_799
Regular,Regular Season,2021,28,Albuquerque,Lincoln,62,351,0,1,2021_800
Regular,Regular Season,2021,28,Birmingham,Vancouver,269,144,0,0,2021_801
Regular,Regular Season,2021,28,Little Rock,Anchorage,361,52,0,0,2021_802
Regular,Regular Season,2021,28,St. Louis,Nashville,134,279,0,0,2021_803
Regular,Regular Season,2021,28,Vancouver,Manchester,263.5,149.5,0,0,2021_804
Regular,Regular Season,2021,28,Tulsa,Seattle,42,371,0,1,2021_805
Regular,Regular Season,2021,28,Des Moines,Buffalo,309,104,0,1,2021_806
Regular,Regular Season,2021,28,St. Louis,Boise,186,227,0,1,2021_807
Regular,Regular Season,2021,28,Anchorage,Buffalo,52,361,0,0,2021_808
Regular,Regular Season,2021,28,El Paso,Columbus,345.5,67.5,0,0,2021_809
Regular,Regular Season,2021,28,Seattle,Providence,392,21,0,0,2021_810
Regular,Regular Season,2021,29,Nashville,Lansing,155,258,0,1,2021_811
Regular,Regular Season,2021,29,Lincoln,Anaheim,93,320,0,1,2021_812
Regular,Regular Season,2021,29,Columbus,Jacksonville,52,361,0,1,2021_813
Regular,Regular Season,2021,29,San Diego,Anchorage,361,52,0,1,2021_814
Regular,Regular Season,2021,29,Vancouver,Vegas,57.5,355.5,0,1,2021_815
Regular,Regular Season,2021,29,El Paso,Pittsburgh,83,330,0,0,2021_816
Regular,Regular Season,2021,29,Vegas,Boise,186,227,0,1,2021_817
Regular,Regular Season,2021,29,Anchorage,Vancouver,0,413,1,1,2021_818
Regular,Regular Season,2021,29,Tampa Bay,Cincinnati,278.5,134.5,0,1,2021_819
Regular,Regular Season,2021,29,Austin,Buffalo,73,340,0,0,2021_820
Regular,Regular Season,2021,29,Birmingham,Kentucky,93,320,0,1,2021_821
Regular,Regular Season,2021,29,San Jose,Seattle,31,382,0,1,2021_822
Regular,Regular Season,2021,29,Providence,Birmingham,145,268,0,1,2021_823
Regular,Regular Season,2021,29,Kentucky,Little Rock,73,340,0,1,2021_824
Regular,Regular Season,2021,29,Pittsburgh,Austin,330,83,0,0,2021_825
Regular,Regular Season,2021,29,Honolulu,Lincoln,273.5,139.5,0,1,2021_826
Regular,Regular Season,2021,29,Little Rock,Columbus,392,21,0,1,2021_827
Regular,Regular Season,2021,29,Boise,San Jose,371,42,0,1,2021_828
Regular,Regular Season,2021,29,Albuquerque,Manchester,289,124,0,0,2021_829
Regular,Regular Season,2021,29,St. Louis,Providence,361,52,0,0,2021_830
Regular,Regular Season,2021,29,Seattle,Honolulu,351,62,0,1,2021_831
Regular,Regular Season,2021,29,Tulsa,Baltimore,124,289,0,0,2021_832
Regular,Regular Season,2021,29,San Diego,Lansing,104,309,0,0,2021_833
Regular,Regular Season,2021,29,Baltimore,St. Louis,351,62,0,0,2021_834
Regular,Regular Season,2021,29,Jacksonville,Des Moines,94,319,0,1,2021_835
Regular,Regular Season,2021,29,Manchester,Tulsa,52,361,0,0,2021_836
Regular,Regular Season,2021,29,Cincinnati,Nashville,273.5,139.5,0,1,2021_837
Regular,Regular Season,2021,29,Buffalo,Albuquerque,268,145,0,0,2021_838
Regular,Regular Season,2021,29,Des Moines,Tampa Bay,145,268,0,1,2021_839
Regular,Regular Season,2021,29,Anaheim,El Paso,392,21,0,1,2021_840
Regular,Regular Season,2021,30,Albuquerque,Austin,345.5,67.5,1,1,2021_841
Regular,Regular Season,2021,30,Boise,Nashville,320,93,0,0,2021_842
Regular,Regular Season,2021,30,Tulsa,San Diego,268,145,0,1,2021_843
Regular,Regular Season,2021,30,St. Louis,Lincoln,134,279,0,1,2021_844
Regular,Regular Season,2021,30,Honolulu,Kentucky,268,145,0,0,2021_845
Regular,Regular Season,2021,30,Baltimore,San Diego,299,114,0,0,2021_846
Regular,Regular Season,2021,30,Cincinnati,Honolulu,247,166,0,0,2021_847
Regular,Regular Season,2021,30,Des Moines,Anaheim,195,218,0,0,2021_848
Regular,Regular Season,2021,30,Anaheim,Providence,392,21,0,0,2021_849
Regular,Regular Season,2021,30,Vancouver,Lansing,83,330,0,0,2021_850
Regular,Regular Season,2021,30,El Paso,Little Rock,104,309,0,0,2021_851
Regular,Regular Season,2021,30,Nashville,Vegas,108.5,304.5,0,0,2021_852
Regular,Regular Season,2021,30,Little Rock,Boise,258,155,0,0,2021_853
Regular,Regular Season,2021,30,Lincoln,Jacksonville,155,258,0,0,2021_854
Regular,Regular Season,2021,30,Lansing,San Jose,176,237,0,0,2021_855
Regular,Regular Season,2021,30,Seattle,Tampa Bay,72.5,340.5,0,0,2021_856
Regular,Regular Season,2021,30,Austin,Birmingham,118.5,294.5,0,0,2021_857
Regular,Regular Season,2021,30,Buffalo,Manchester,237,176,1,1,2021_858
Regular,Regular Season,2021,30,Jacksonville,Vancouver,320,93,0,0,2021_859
Regular,Regular Season,2021,30,San Jose,Columbus,392,21,0,0,2021_860
Regular,Regular Season,2021,30,Kentucky,Buffalo,124,289,0,1,2021_861
Regular,Regular Season,2021,30,Pittsburgh,Baltimore,124,289,1,1,2021_862
Regular,Regular Season,2021,30,Tulsa,El Paso,206,207,1,1,2021_863
Regular,Regular Season,2021,30,Providence,Manchester,36.5,376.5,1,1,2021_864
Regular,Regular Season,2021,30,Columbus,Pittsburgh,21,392,0,1,2021_865
Regular,Regular Season,2021,30,Albuquerque,St. Louis,273,140,1,1,2021_866
Regular,Regular Season,2021,30,Tampa Bay,Anchorage,340,73,0,0,2021_867
Regular,Regular Season,2021,30,Birmingham,Seattle,52,361,0,0,2021_868
Regular,Regular Season,2021,30,Vegas,Des Moines,98.5,314.5,0,0,2021_869
Regular,Regular Season,2021,30,Anchorage,Cincinnati,135,278,0,0,2021_870
Regular,Regular Season,2021,31,Manchester,Providence,392,21,1,1,2021_871
Regular,Regular Season,2021,31,Lansing,Honolulu,279,134,0,0,2021_872
Regular,Regular Season,2021,31,Tulsa,Lincoln,185,228,0,1,2021_873
Regular,Regular Season,2021,31,Jacksonville,Anchorage,299,114,0,0,2021_874
Regular,Regular Season,2021,31,San Jose,Lansing,227,186,0,0,2021_875
Regular,Regular Season,2021,31,Birmingham,Boise,21,392,0,0,2021_876
Regular,Regular Season,2021,31,Providence,Baltimore,21,392,1,1,2021_877
Regular,Regular Season,2021,31,St. Louis,Seattle,21,392,0,1,2021_878
Regular,Regular Season,2021,31,El Paso,Tulsa,72,341,1,1,2021_879
Regular,Regular Season,2021,31,Cincinnati,Anaheim,73,340,0,0,2021_880
Regular,Regular Season,2021,31,Des Moines,Pittsburgh,299,114,0,1,2021_881
Regular,Regular Season,2021,31,Little Rock,Vancouver,340,73,0,0,2021_882
Regular,Regular Season,2021,31,Anaheim,Des Moines,253.5,159.5,0,0,2021_883
Regular,Regular Season,2021,31,San Diego,Austin,36.5,376.5,0,1,2021_884
Regular,Regular Season,2021,31,Vegas,Nashville,320,93,0,0,2021_885
Regular,Regular Season,2021,31,Lincoln,St. Louis,350.5,62.5,0,1,2021_886
Regular,Regular Season,2021,31,Buffalo,Kentucky,330,83,0,1,2021_887
Regular,Regular Season,2021,31,San Diego,Baltimore,21,392,0,0,2021_888
Regular,Regular Season,2021,31,Anchorage,Tampa Bay,21,392,0,0,2021_889
Regular,Regular Season,2021,31,Austin,Albuquerque,176,237,1,1,2021_890
Regular,Regular Season,2021,31,Honolulu,Cincinnati,237,176,0,0,2021_891
Regular,Regular Season,2021,31,Nashville,San Jose,93,320,0,0,2021_892
Regular,Regular Season,2021,31,Tampa Bay,Vegas,283.5,129.5,0,0,2021_893
Regular,Regular Season,2021,31,Boise,Little Rock,135,278,0,0,2021_894
Regular,Regular Season,2021,31,Kentucky,Manchester,252.5,160.5,0,1,2021_895
Regular,Regular Season,2021,31,Vancouver,Jacksonville,104,309,0,0,2021_896
Regular,Regular Season,2021,31,Seattle,Birmingham,392,21,0,0,2021_897
Regular,Regular Season,2021,31,Columbus,Buffalo,21,392,0,1,2021_898
Regular,Regular Season,2021,31,Albuquerque,El Paso,310,103,1,1,2021_899
Regular,Regular Season,2021,31,Pittsburgh,Columbus,361,52,0,1,2021_900
Regular,Regular Season,2021,32,Cincinnati,Kentucky,361,52,1,1,2021_901
Regular,Regular Season,2021,32,Albuquerque,Vegas,135,278,0,1,2021_902
Regular,Regular Season,2021,32,San Diego,El Paso,52,361,0,1,2021_903
Regular,Regular Season,2021,32,Birmingham,Anchorage,376.5,36.5,0,0,2021_904
Regular,Regular Season,2021,32,Tampa Bay,Honolulu,258,155,0,0,2021_905
Regular,Regular Season,2021,32,Jacksonville,Buffalo,268,145,0,1,2021_906
Regular,Regular Season,2021,32,Jacksonville,San Jose,197,216,0,0,2021_907
Regular,Regular Season,2021,32,El Paso,Vancouver,165,248,0,1,2021_908
Regular,Regular Season,2021,32,Albuquerque,Seattle,73,340,0,1,2021_909
Regular,Regular Season,2021,32,Tampa Bay,Manchester,320,93,0,1,2021_910
Regular,Regular Season,2021,32,Kentucky,Providence,289,124,0,1,2021_911
Regular,Regular Season,2021,32,Lansing,Providence,237,176,0,1,2021_912
Regular,Regular Season,2021,32,Birmingham,Anaheim,114,299,0,0,2021_913
Regular,Regular Season,2021,32,Des Moines,Manchester,392,21,0,1,2021_914
Regular,Regular Season,2021,32,Des Moines,Columbus,392,21,1,1,2021_915
Regular,Regular Season,2021,32,Cincinnati,Buffalo,304.5,108.5,0,1,2021_916
Regular,Regular Season,2021,32,Nashville,Baltimore,129.5,283.5,0,1,2021_917
Regular,Regular Season,2021,32,Nashville,Anaheim,103.5,309.5,0,0,2021_918
Regular,Regular Season,2021,32,Little Rock,Pittsburgh,371,42,0,1,2021_919
Regular,Regular Season,2021,32,Austin,Anchorage,299,114,0,1,2021_920
Regular,Regular Season,2021,32,San Diego,Seattle,21,392,0,1,2021_921
Regular,Regular Season,2021,32,Little Rock,Vegas,330,83,0,0,2021_922
Regular,Regular Season,2021,32,Lincoln,Boise,135,278,1,1,2021_923
Regular,Regular Season,2021,32,Austin,Lincoln,83,330,0,1,2021_924
Regular,Regular Season,2021,32,Tulsa,Boise,67.5,345.5,0,1,2021_925
Regular,Regular Season,2021,32,St. Louis,Vancouver,268,145,0,1,2021_926
Regular,Regular Season,2021,32,Lansing,Pittsburgh,268,145,0,1,2021_927
Regular,Regular Season,2021,32,St. Louis,Honolulu,129.5,283.5,0,1,2021_928
Regular,Regular Season,2021,32,Tulsa,San Jose,52,361,0,1,2021_929
Regular,Regular Season,2021,32,Columbus,Baltimore,21,392,0,1,2021_930
Play-In Round 1,Play-In,2021,33,Nashville,Pittsburgh,268,145,0,0,2021_931
Play-In Round 1,Play-In,2021,33,Lincoln,St. Louis,202.5,210.5,0,0,2021_932
Play-In Round 1,Play-In,2021,33,Cincinnati,Lansing,330,83,0,0,2021_933
Play-In Round 1,Play-In,2021,33,Vancouver,Honolulu,185,228,0,0,2021_934
Play-In Round 2,Play-In,2021,34,Nashville,Lansing,52,361,0,0,2021_935
Play-In Round 2,Play-In,2021,34,St. Louis,Vancouver,149.5,263.5,0,0,2021_936
Conference Quarterfinals,Playoffs,2021,35,Lansing,Tampa Bay,83,330,0,0,2021_937
Conference Quarterfinals,Playoffs,2021,35,Vancouver,Anaheim,73,340,0,0,2021_938
Conference Quarterfinals,Playoffs,2021,35,Little Rock,Jacksonville,309,104,0,0,2021_939
Conference Quarterfinals,Playoffs,2021,35,Vegas,San Jose,268,145,0,0,2021_940
Conference Quarterfinals,Playoffs,2021,35,Honolulu,Seattle,330.5,82.5,0,0,2021_941
Conference Quarterfinals,Playoffs,2021,35,Buffalo,Baltimore,103,310,0,0,2021_942
Conference Quarterfinals,Playoffs,2021,35,Albuquerque,Boise,73,340,0,0,2021_943
Conference Quarterfinals,Playoffs,2021,35,Cincinnati,Des Moines,207,206,0,0,2021_944
Conference Semifinals,Playoffs,2021,36,Cincinnati,Baltimore,145,268,0,0,2021_945
Conference Semifinals,Playoffs,2021,36,Vegas,Anaheim,226,187,0,0,2021_946
Conference Semifinals,Playoffs,2021,36,Little Rock,Tampa Bay,63,350,0,0,2021_947
Conference Semifinals,Playoffs,2021,36,Honolulu,Boise,62,351,0,0,2021_948
Conference Finals,Playoffs,2021,37,Vegas,Boise,241.5,171.5,0,0,2021_949
Conference Finals,Playoffs,2021,37,Baltimore,Tampa Bay,176,237,0,0,2021_950
SBCFBL Finals,Playoffs,2021,38,Vegas,Tampa Bay,166,247,0,0,2021_951
Regular,Regular Season,2022,1,Lansing,Birmingham,258,155,0,1,2022_001
Regular,Regular Season,2022,1,Pittsburgh,Jacksonville,52,361,0,1,2022_002
Regular,Regular Season,2022,1,Seattle,El Paso,382,31,0,1,2022_003
Regular,Regular Season,2022,1,Manchester,Little Rock,176,237,0,1,2022_004
Regular,Regular Season,2022,1,Boise,Tulsa,175.5,237.5,0,1,2022_005
Regular,Regular Season,2022,1,Cincinnati,Lansing,197,216,1,1,2022_006
Regular,Regular Season,2022,1,Cincinnati,Tampa Bay,52,361,0,1,2022_007
Regular,Regular Season,2022,1,Baltimore,Albuquerque,156,257,0,0,2022_008
Regular,Regular Season,2022,1,Vancouver,Honolulu,278,135,0,1,2022_009
Regular,Regular Season,2022,1,Honolulu,Vegas,211.5,201.5,1,1,2022_010
Regular,Regular Season,2022,1,Columbus,Kentucky,190.5,222.5,1,1,2022_011
Regular,Regular Season,2022,1,Anchorage,Des Moines,371,42,0,0,2022_012
Regular,Regular Season,2022,1,Kentucky,Jacksonville,222.5,190.5,0,1,2022_013
Regular,Regular Season,2022,1,Providence,Tulsa,21,392,0,0,2022_014
Regular,Regular Season,2022,1,San Diego,San Jose,98.5,314.5,1,1,2022_015
Regular,Regular Season,2022,1,Manchester,El Paso,237,176,0,0,2022_016
Regular,Regular Season,2022,1,Des Moines,Little Rock,73,340,0,1,2022_017
Regular,Regular Season,2022,1,Lincoln,San Jose,145,268,0,1,2022_018
Regular,Regular Season,2022,1,Baltimore,Tampa Bay,52,361,0,1,2022_019
Regular,Regular Season,2022,1,Anaheim,Albuquerque,259,154,0,1,2022_020
Regular,Regular Season,2022,1,Vancouver,Austin,330,83,0,1,2022_021
Regular,Regular Season,2022,1,Columbus,Nashville,289,124,0,1,2022_022
Regular,Regular Season,2022,1,Seattle,San Diego,237.5,175.5,0,1,2022_023
Regular,Regular Season,2022,1,Buffalo,Nashville,299,114,0,1,2022_024
Regular,Regular Season,2022,1,Lincoln,St. Louis,382,31,0,1,2022_025
Regular,Regular Season,2022,1,Anaheim,Anchorage,196,217,0,1,2022_026
Regular,Regular Season,2022,1,Buffalo,Austin,361,52,0,0,2022_027
Regular,Regular Season,2022,1,Providence,Birmingham,51.5,361.5,0,1,2022_028
Regular,Regular Season,2022,1,Boise,Vegas,211,202,0,1,2022_029
Regular,Regular Season,2022,1,Pittsburgh,St. Louis,258,155,0,0,2022_030
Regular,Regular Season,2022,2,Jacksonville,Little Rock,109.5,303.5,1,1,2022_031
Regular,Regular Season,2022,2,Boise,Nashville,309,104,0,0,2022_032
Regular,Regular Season,2022,2,San Diego,Albuquerque,200.5,212.5,0,1,2022_033
Regular,Regular Season,2022,2,Manchester,San Jose,52,361,0,0,2022_034
Regular,Regular Season,2022,2,Providence,Kentucky,52,361,0,1,2022_035
Regular,Regular Season,2022,2,Birmingham,Nashville,83,330,1,1,2022_036
Regular,Regular Season,2022,2,Pittsburgh,Lansing,124,289,0,1,2022_037
Regular,Regular Season,2022,2,Des Moines,St. Louis,371.5,41.5,0,0,2022_038
Regular,Regular Season,2022,2,Lincoln,Vancouver,340.5,72.5,1,1,2022_039
Regular,Regular Season,2022,2,Lansing,Tampa Bay,103,310,0,1,2022_040
Regular,Regular Season,2022,2,Baltimore,Little Rock,104,309,0,1,2022_041
Regular,Regular Season,2022,2,Anchorage,Columbus,247,166,0,0,2022_042
Regular,Regular Season,2022,2,Columbus,El Paso,279,134,0,0,2022_043
Regular,Regular Season,2022,2,Anaheim,El Paso,361,52,0,1,2022_044
Regular,Regular Season,2022,2,Seattle,Anchorage,258,155,1,1,2022_045
Regular,Regular Season,2022,2,Seattle,Tulsa,222.5,190.5,0,1,2022_046
Regular,Regular Season,2022,2,Kentucky,Tulsa,114,299,0,0,2022_047
Regular,Regular Season,2022,2,Baltimore,Honolulu,176,237,0,0,2022_048
Regular,Regular Season,2022,2,Pittsburgh,Vegas,257,156,0,0,2022_049
Regular,Regular Season,2022,2,San Jose,Vegas,294,119,1,1,2022_050
Regular,Regular Season,2022,2,Cincinnati,Austin,279,134,0,0,2022_051
Regular,Regular Season,2022,2,Manchester,Birmingham,135,278,0,1,2022_052
Regular,Regular Season,2022,2,Buffalo,San Diego,299,114,0,0,2022_053
Regular,Regular Season,2022,2,Honolulu,Austin,361,52,0,1,2022_054
Regular,Regular Season,2022,2,Lincoln,Tampa Bay,145,268,0,0,2022_055
Regular,Regular Season,2022,2,Cincinnati,Des Moines,176.5,236.5,1,1,2022_056
Regular,Regular Season,2022,2,Boise,Anaheim,154,259,0,1,2022_057
Regular,Regular Season,2022,2,Buffalo,Jacksonville,309,104,0,1,2022_058
Regular,Regular Season,2022,2,Vancouver,St. Louis,361,52,0,1,2022_059
Regular,Regular Season,2022,2,Providence,Albuquerque,52,361,0,0,2022_060
Regular,Regular Season,2022,3,Little Rock,Kentucky,330,83,0,1,2022_061
Regular,Regular Season,2022,3,Little Rock,Pittsburgh,361,52,0,1,2022_062
Regular,Regular Season,2022,3,Baltimore,Des Moines,330,83,0,1,2022_063
Regular,Regular Season,2022,3,Jacksonville,Manchester,237,176,0,1,2022_064
Regular,Regular Season,2022,3,Jacksonville,Lansing,155,258,0,1,2022_065
Regular,Regular Season,2022,3,Birmingham,Buffalo,21,392,0,1,2022_066
Regular,Regular Season,2022,3,Albuquerque,Boise,124,289,0,1,2022_067
Regular,Regular Season,2022,3,Nashville,Providence,392,21,0,1,2022_068
Regular,Regular Season,2022,3,El Paso,Pittsburgh,289,124,0,0,2022_069
Regular,Regular Season,2022,3,San Jose,Boise,258,155,0,1,2022_070
Regular,Regular Season,2022,3,Tampa Bay,Columbus,268,145,0,1,2022_071
Regular,Regular Season,2022,3,San Jose,Vegas,299,114,1,1,2022_072
Regular,Regular Season,2022,3,El Paso,Seattle,196,217,0,1,2022_073
Regular,Regular Season,2022,3,San Diego,Lincoln,226.5,186.5,0,1,2022_074
Regular,Regular Season,2022,3,St. Louis,Vancouver,93,320,0,1,2022_075
Regular,Regular Season,2022,3,Austin,Manchester,211.5,201.5,0,0,2022_076
Regular,Regular Season,2022,3,Albuquerque,Buffalo,52,361,0,0,2022_077
Regular,Regular Season,2022,3,Anaheim,Vancouver,238,175,0,1,2022_078
Regular,Regular Season,2022,3,Honolulu,Seattle,345.5,67.5,0,1,2022_079
Regular,Regular Season,2022,3,St. Louis,Providence,413,0,0,0,2022_080
Regular,Regular Season,2022,3,Birmingham,Anchorage,21,392,0,0,2022_081
Regular,Regular Season,2022,3,Austin,Lincoln,267.5,145.5,0,1,2022_082
Regular,Regular Season,2022,3,Tulsa,Cincinnati,299,114,0,0,2022_083
Regular,Regular Season,2022,3,Anaheim,Tulsa,304.5,108.5,0,1,2022_084
Regular,Regular Season,2022,3,Vegas,Baltimore,129.5,283.5,0,0,2022_085
Regular,Regular Season,2022,3,Honolulu,Columbus,289,124,0,0,2022_086
Regular,Regular Season,2022,3,Anchorage,San Diego,381.5,31.5,0,1,2022_087
Regular,Regular Season,2022,3,Kentucky,Lansing,114,299,1,1,2022_088
Regular,Regular Season,2022,3,Nashville,Des Moines,361,52,0,1,2022_089
Regular,Regular Season,2022,3,Cincinnati,Tampa Bay,73,340,0,1,2022_090
Regular,Regular Season,2022,4,El Paso,Lincoln,247,166,0,1,2022_091
Regular,Regular Season,2022,4,San Jose,Albuquerque,309,104,0,1,2022_092
Regular,Regular Season,2022,4,Nashville,Pittsburgh,360,53,0,1,2022_093
Regular,Regular Season,2022,4,Tampa Bay,San Diego,340,73,0,0,2022_094
Regular,Regular Season,2022,4,Little Rock,Manchester,330,83,0,1,2022_095
Regular,Regular Season,2022,4,Little Rock,Anaheim,114,299,0,0,2022_096
Regular,Regular Season,2022,4,Austin,Boise,83,330,0,1,2022_097
Regular,Regular Season,2022,4,El Paso,Albuquerque,207,206,1,1,2022_098
Regular,Regular Season,2022,4,Jacksonville,Vancouver,175.5,237.5,0,0,2022_099
Regular,Regular Season,2022,4,Honolulu,San Diego,283.5,129.5,1,1,2022_100
Regular,Regular Season,2022,4,Providence,Pittsburgh,36.5,376.5,1,1,2022_101
Regular,Regular Season,2022,4,Cincinnati,Manchester,376.5,36.5,0,1,2022_102
Regular,Regular Season,2022,4,St. Louis,Seattle,83,330,0,1,2022_103
Regular,Regular Season,2022,4,Nashville,Honolulu,339.5,73.5,0,0,2022_104
Regular,Regular Season,2022,4,Anchorage,Vegas,31.5,381.5,0,1,2022_105
Regular,Regular Season,2022,4,Des Moines,Baltimore,42,371,0,1,2022_106
Regular,Regular Season,2022,4,Jacksonville,Buffalo,186,227,0,1,2022_107
Regular,Regular Season,2022,4,St. Louis,Vegas,134,279,0,1,2022_108
Regular,Regular Season,2022,4,Tampa Bay,Providence,392,21,0,1,2022_109
Regular,Regular Season,2022,4,Birmingham,Seattle,52,361,0,0,2022_110
Regular,Regular Season,2022,4,Lansing,Lincoln,371,42,0,0,2022_111
Regular,Regular Season,2022,4,Tulsa,San Jose,201.5,211.5,0,1,2022_112
Regular,Regular Season,2022,4,Kentucky,Boise,207,206,0,0,2022_113
Regular,Regular Season,2022,4,Columbus,Des Moines,371,42,1,1,2022_114
Regular,Regular Season,2022,4,Baltimore,Lansing,63,350,0,1,2022_115
Regular,Regular Season,2022,4,Anchorage,Austin,200.5,212.5,0,1,2022_116
Regular,Regular Season,2022,4,Tulsa,Vancouver,164,249,0,1,2022_117
Regular,Regular Season,2022,4,Columbus,Buffalo,170.5,242.5,0,1,2022_118
Regular,Regular Season,2022,4,Anaheim,Cincinnati,237,176,0,0,2022_119
Regular,Regular Season,2022,4,Kentucky,Birmingham,392,21,0,1,2022_120
Regular,Regular Season,2022,5,Vancouver,Tulsa,304.5,108.5,0,1,2022_121
Regular,Regular Season,2022,5,Nashville,El Paso,124,289,0,0,2022_122
Regular,Regular Season,2022,5,Little Rock,Austin,242.5,170.5,0,0,2022_123
Regular,Regular Season,2022,5,Lansing,San Jose,206.5,206.5,0,0,2022_124
Regular,Regular Season,2022,5,Anaheim,St. Louis,392,21,0,1,2022_125
Regular,Regular Season,2022,5,Buffalo,Baltimore,206.5,206.5,1,1,2022_126
Regular,Regular Season,2022,5,Jacksonville,Albuquerque,109.5,303.5,0,0,2022_127
Regular,Regular Season,2022,5,Des Moines,Honolulu,98.5,314.5,0,0,2022_128
Regular,Regular Season,2022,5,Seattle,Tampa Bay,83,330,0,0,2022_129
Regular,Regular Season,2022,5,San Diego,Austin,154,259,0,1,2022_130
Regular,Regular Season,2022,5,Anchorage,Tulsa,145,268,0,1,2022_131
Regular,Regular Season,2022,5,Vegas,Anchorage,269,144,0,1,2022_132
Regular,Regular Season,2022,5,Tampa Bay,St. Louis,361,52,0,0,2022_133
Regular,Regular Season,2022,5,Pittsburgh,Lincoln,268,145,0,0,2022_134
Regular,Regular Season,2022,5,Kentucky,San Diego,340,73,0,0,2022_135
Regular,Regular Season,2022,5,Manchester,Lansing,114,299,0,1,2022_136
Regular,Regular Season,2022,5,Boise,Little Rock,218,195,0,0,2022_137
Regular,Regular Season,2022,5,Cincinnati,Vancouver,217,196,0,0,2022_138
Regular,Regular Season,2022,5,Buffalo,Birmingham,237,176,0,1,2022_139
Regular,Regular Season,2022,5,Lincoln,Nashville,294.5,118.5,0,0,2022_140
Regular,Regular Season,2022,5,Manchester,Boise,52,361,0,0,2022_141
Regular,Regular Season,2022,5,Pittsburgh,Kentucky,268,145,0,1,2022_142
Regular,Regular Season,2022,5,Cincinnati,Columbus,330,83,1,1,2022_143
Regular,Regular Season,2022,5,Providence,Seattle,52,361,0,0,2022_144
Regular,Regular Season,2022,5,Providence,Des Moines,67.5,345.5,0,1,2022_145
Regular,Regular Season,2022,5,Baltimore,Jacksonville,330,83,0,1,2022_146
Regular,Regular Season,2022,5,Birmingham,Vegas,145,268,0,0,2022_147
Regular,Regular Season,2022,5,Columbus,Anaheim,21,392,0,0,2022_148
Regular,Regular Season,2022,5,Honolulu,El Paso,206,207,0,1,2022_149
Regular,Regular Season,2022,5,San Jose,Albuquerque,196,217,0,1,2022_150
Regular,Regular Season,2022,6,Providence,Jacksonville,52,361,0,1,2022_151
Regular,Regular Season,2022,6,Honolulu,San Jose,36.5,376.5,1,1,2022_152
Regular,Regular Season,2022,6,Lansing,El Paso,289,124,0,0,2022_153
Regular,Regular Season,2022,6,Des Moines,Kentucky,93,320,1,1,2022_154
Regular,Regular Season,2022,6,Cincinnati,San Jose,253.5,159.5,0,0,2022_155
Regular,Regular Season,2022,6,Buffalo,Vancouver,356,57,0,0,2022_156
Regular,Regular Season,2022,6,Manchester,Nashville,222.5,190.5,0,1,2022_157
Regular,Regular Season,2022,6,Little Rock,Tampa Bay,73,340,1,1,2022_158
Regular,Regular Season,2022,6,Columbus,Vegas,340,73,0,0,2022_159
Regular,Regular Season,2022,6,Providence,San Diego,52,361,0,0,2022_160
Regular,Regular Season,2022,6,Des Moines,Albuquerque,376.5,36.5,0,0,2022_161
Regular,Regular Season,2022,6,Manchester,Anaheim,42,371,0,0,2022_162
Regular,Regular Season,2022,6,San Diego,Anchorage,124,289,0,1,2022_163
Regular,Regular Season,2022,6,Kentucky,Austin,248,165,0,0,2022_164
Regular,Regular Season,2022,6,Columbus,Lansing,166,247,1,1,2022_165
Regular,Regular Season,2022,6,Vancouver,Albuquerque,283.5,129.5,0,1,2022_166
Regular,Regular Season,2022,6,Baltimore,Seattle,72,341,0,0,2022_167
Regular,Regular Season,2022,6,Lincoln,El Paso,309,104,0,1,2022_168
Regular,Regular Season,2022,6,Baltimore,Tulsa,145,268,0,0,2022_169
Regular,Regular Season,2022,6,Anchorage,Nashville,268.5,144.5,0,0,2022_170
Regular,Regular Season,2022,6,Anaheim,Vegas,371,42,1,1,2022_171
Regular,Regular Season,2022,6,Cincinnati,Birmingham,268,145,0,1,2022_172
Regular,Regular Season,2022,6,Birmingham,St. Louis,145,268,0,0,2022_173
Regular,Regular Season,2022,6,Jacksonville,Tulsa,227,186,0,0,2022_174
Regular,Regular Season,2022,6,Buffalo,Tampa Bay,52,361,0,1,2022_175
Regular,Regular Season,2022,6,Boise,Lincoln,268,145,1,1,2022_176
Regular,Regular Season,2022,6,Seattle,Austin,248,165,0,1,2022_177
Regular,Regular Season,2022,6,Pittsburgh,Little Rock,181.5,231.5,0,1,2022_178
Regular,Regular Season,2022,6,Pittsburgh,Honolulu,145,268,0,0,2022_179
Regular,Regular Season,2022,6,Boise,St. Louis,278,135,0,1,2022_180
Regular,Regular Season,2022,7,Columbus,Austin,299,114,0,0,2022_181
Regular,Regular Season,2022,7,Manchester,Seattle,119.5,293.5,0,0,2022_182
Regular,Regular Season,2022,7,Pittsburgh,San Jose,42,371,0,0,2022_183
Regular,Regular Season,2022,7,Jacksonville,El Paso,98.5,314.5,0,0,2022_184
Regular,Regular Season,2022,7,Birmingham,Austin,73,340,0,0,2022_185
Regular,Regular Season,2022,7,Jacksonville,Nashville,109.5,303.5,1,1,2022_186
Regular,Regular Season,2022,7,Columbus,San Diego,309,104,0,0,2022_187
Regular,Regular Season,2022,7,Lansing,Albuquerque,299,114,0,0,2022_188
Regular,Regular Season,2022,7,Baltimore,Anaheim,93.5,319.5,0,0,2022_189
Regular,Regular Season,2022,7,Boise,Vancouver,340,73,1,1,2022_190
Regular,Regular Season,2022,7,Nashville,Tulsa,83,330,0,0,2022_191
Regular,Regular Season,2022,7,Cincinnati,Albuquerque,330,83,0,0,2022_192
Regular,Regular Season,2022,7,Cincinnati,Honolulu,320,93,0,0,2022_193
Regular,Regular Season,2022,7,Lansing,Tulsa,46.5,366.5,0,0,2022_194
Regular,Regular Season,2022,7,Kentucky,St. Louis,289,124,0,0,2022_195
Regular,Regular Season,2022,7,Baltimore,Boise,83,330,0,0,2022_196
Regular,Regular Season,2022,7,Anchorage,Little Rock,187,226,0,0,2022_197
Regular,Regular Season,2022,7,Manchester,San Diego,238,175,0,0,2022_198
Regular,Regular Season,2022,7,Des Moines,El Paso,258,155,0,0,2022_199
Regular,Regular Season,2022,7,Des Moines,San Jose,155,258,0,0,2022_200
Regular,Regular Season,2022,7,Providence,Vegas,21,392,0,0,2022_201
Regular,Regular Season,2022,7,Pittsburgh,Vancouver,207,206,0,0,2022_202
Regular,Regular Season,2022,7,Providence,Anaheim,21,392,0,0,2022_203
Regular,Regular Season,2022,7,Buffalo,Honolulu,413,0,0,0,2022_204
Regular,Regular Season,2022,7,Buffalo,Lincoln,330,83,0,0,2022_205
Regular,Regular Season,2022,7,Kentucky,Vegas,268,145,0,0,2022_206
Regular,Regular Season,2022,7,Birmingham,Tampa Bay,73,340,1,1,2022_207
Regular,Regular Season,2022,7,Anchorage,Tampa Bay,135,278,0,0,2022_208
Regular,Regular Season,2022,7,Little Rock,St. Louis,330,83,0,0,2022_209
Regular,Regular Season,2022,7,Lincoln,Seattle,222.5,190.5,1,1,2022_210
Regular,Regular Season,2022,8,Buffalo,Tulsa,176,237,0,0,2022_211
Regular,Regular Season,2022,8,Vancouver,Cincinnati,299,114,0,0,2022_212
Regular,Regular Season,2022,8,Anaheim,San Jose,243.5,169.5,1,1,2022_213
Regular,Regular Season,2022,8,El Paso,Nashville,278,135,0,0,2022_214
Regular,Regular Season,2022,8,Baltimore,Buffalo,202.5,210.5,1,1,2022_215
Regular,Regular Season,2022,8,Honolulu,San Diego,299,114,1,1,2022_216
Regular,Regular Season,2022,8,Albuquerque,Jacksonville,217,196,0,0,2022_217
Regular,Regular Season,2022,8,Vegas,Birmingham,392,21,0,0,2022_218
Regular,Regular Season,2022,8,Lincoln,Pittsburgh,392,21,0,0,2022_219
Regular,Regular Season,2022,8,Boise,Manchester,237,176,0,0,2022_220
Regular,Regular Season,2022,8,Austin,Little Rock,176,237,0,0,2022_221
Regular,Regular Season,2022,8,Anchorage,Kentucky,300.5,112.5,0,0,2022_222
Regular,Regular Season,2022,8,Lincoln,Austin,197,216,0,1,2022_223
Regular,Regular Season,2022,8,Tulsa,Anchorage,92,321,0,1,2022_224
Regular,Regular Season,2022,8,Seattle,Albuquerque,283.5,129.5,0,1,2022_225
Regular,Regular Season,2022,8,San Diego,Kentucky,52,361,0,0,2022_226
Regular,Regular Season,2022,8,Anaheim,Columbus,228,185,0,0,2022_227
Regular,Regular Season,2022,8,St. Louis,Tampa Bay,52,361,0,0,2022_228
Regular,Regular Season,2022,8,Des Moines,Lansing,98.5,314.5,1,1,2022_229
Regular,Regular Season,2022,8,Honolulu,Des Moines,175,238,0,0,2022_230
Regular,Regular Season,2022,8,Boise,El Paso,330.5,82.5,0,1,2022_231
Regular,Regular Season,2022,8,Providence,Little Rock,124,289,0,1,2022_232
Regular,Regular Season,2022,8,San Jose,Lansing,145,268,0,0,2022_233
Regular,Regular Season,2022,8,Manchester,Tampa Bay,83,330,0,1,2022_234
Regular,Regular Season,2022,8,Vancouver,Vegas,206,207,0,1,2022_235
Regular,Regular Season,2022,8,Columbus,Birmingham,361,52,0,1,2022_236
Regular,Regular Season,2022,8,Pittsburgh,Nashville,83,330,0,1,2022_237
Regular,Regular Season,2022,8,Seattle,Providence,217,196,0,0,2022_238
Regular,Regular Season,2022,8,Cincinnati,Jacksonville,320,93,0,1,2022_239
Regular,Regular Season,2022,8,Baltimore,St. Louis,268,145,0,0,2022_240
Regular,Regular Season,2022,9,Lansing,Honolulu,361,52,0,0,2022_241
Regular,Regular Season,2022,9,Manchester,Buffalo,320,93,1,1,2022_242
Regular,Regular Season,2022,9,Tampa Bay,Austin,361,52,0,0,2022_243
Regular,Regular Season,2022,9,Des Moines,Vancouver,319,94,0,0,2022_244
Regular,Regular Season,2022,9,St. Louis,Tulsa,145,268,1,1,2022_245
Regular,Regular Season,2022,9,Boise,Seattle,268,145,1,1,2022_246
Regular,Regular Season,2022,9,Nashville,Tampa Bay,42,371,1,1,2022_247
Regular,Regular Season,2022,9,Cincinnati,Lincoln,304.5,108.5,0,0,2022_248
Regular,Regular Season,2022,9,Pittsburgh,Baltimore,21,392,1,1,2022_249
Regular,Regular Season,2022,9,San Diego,Austin,93,320,0,1,2022_250
Regular,Regular Season,2022,9,Vancouver,San Jose,94,319,0,1,2022_251
Regular,Regular Season,2022,9,Columbus,Seattle,98.5,314.5,0,0,2022_252
Regular,Regular Season,2022,9,Birmingham,San Diego,207,206,0,0,2022_253
Regular,Regular Season,2022,9,Baltimore,Manchester,268,145,1,1,2022_254
Regular,Regular Season,2022,9,Cincinnati,Lansing,237,176,1,1,2022_255
Regular,Regular Season,2022,9,Nashville,Albuquerque,196,217,0,0,2022_256
Regular,Regular Season,2022,9,El Paso,Little Rock,21,392,0,0,2022_257
Regular,Regular Season,2022,9,Anchorage,Lincoln,330,83,1,1,2022_258
Regular,Regular Season,2022,9,Providence,Kentucky,83,330,0,1,2022_259
Regular,Regular Season,2022,9,Little Rock,Vegas,392,21,0,0,2022_260
Regular,Regular Season,2022,9,Tulsa,El Paso,361,52,1,1,2022_261
Regular,Regular Season,2022,9,Anaheim,Vegas,350.5,62.5,1,1,2022_262
Regular,Regular Season,2022,9,Des Moines,Jacksonville,361,52,0,1,2022_263
Regular,Regular Season,2022,9,Honolulu,Albuquerque,227,186,0,1,2022_264
Regular,Regular Season,2022,9,Anchorage,St. Louis,145,268,0,1,2022_265
Regular,Regular Season,2022,9,Buffalo,Pittsburgh,283.5,129.5,1,1,2022_266
Regular,Regular Season,2022,9,Columbus,Birmingham,268,145,0,1,2022_267
Regular,Regular Season,2022,9,Jacksonville,San Jose,88.5,324.5,0,0,2022_268
Regular,Regular Season,2022,9,Providence,Boise,52,361,0,0,2022_269
Regular,Regular Season,2022,9,Kentucky,Anaheim,113,300,0,0,2022_270
Regular,Regular Season,2022,10,Boise,Providence,392,21,0,0,2022_271
Regular,Regular Season,2022,10,Albuquerque,Nashville,83,330,0,0,2022_272
Regular,Regular Season,2022,10,Baltimore,Pittsburgh,340.5,72.5,1,1,2022_273
Regular,Regular Season,2022,10,Vancouver,Baltimore,77.5,335.5,0,0,2022_274
Regular,Regular Season,2022,10,St. Louis,Lansing,114,299,0,0,2022_275
Regular,Regular Season,2022,10,Honolulu,Manchester,180.5,232.5,0,0,2022_276
Regular,Regular Season,2022,10,San Jose,Providence,392,21,0,0,2022_277
Regular,Regular Season,2022,10,Tulsa,Birmingham,299,114,0,0,2022_278
Regular,Regular Season,2022,10,Honolulu,Lansing,125,288,0,0,2022_279
Regular,Regular Season,2022,10,Anaheim,Kentucky,196,217,0,0,2022_280
Regular,Regular Season,2022,10,Austin,Tampa Bay,67.5,345.5,0,0,2022_281
Regular,Regular Season,2022,10,Anchorage,Lincoln,247.5,165.5,1,1,2022_282
Regular,Regular Season,2022,10,Lincoln,Cincinnati,155,258,0,0,2022_283
Regular,Regular Season,2022,10,Albuquerque,Columbus,52,361,0,0,2022_284
Regular,Regular Season,2022,10,El Paso,Kentucky,155,258,0,0,2022_285
Regular,Regular Season,2022,10,El Paso,Tulsa,288,125,1,1,2022_286
Regular,Regular Season,2022,10,Seattle,Columbus,135,278,0,0,2022_287
Regular,Regular Season,2022,10,Vegas,Little Rock,160.5,252.5,0,0,2022_288
Regular,Regular Season,2022,10,Vancouver,Des Moines,176,237,0,0,2022_289
Regular,Regular Season,2022,10,Vegas,Cincinnati,243,170,0,0,2022_290
Regular,Regular Season,2022,10,Nashville,Little Rock,124,289,1,1,2022_291
Regular,Regular Season,2022,10,San Jose,Jacksonville,268,145,0,0,2022_292
Regular,Regular Season,2022,10,Anaheim,Buffalo,232.5,180.5,0,0,2022_293
Regular,Regular Season,2022,10,Austin,Des Moines,170.5,242.5,0,0,2022_294
Regular,Regular Season,2022,10,Seattle,Boise,114,299,1,1,2022_295
Regular,Regular Season,2022,10,San Diego,Pittsburgh,304,109,0,0,2022_296
Regular,Regular Season,2022,10,San Diego,Birmingham,340,73,0,0,2022_297
Regular,Regular Season,2022,10,Buffalo,Manchester,196,217,1,1,2022_298
Regular,Regular Season,2022,10,St. Louis,Anchorage,139.5,273.5,0,1,2022_299
Regular,Regular Season,2022,10,Tampa Bay,Jacksonville,299,114,1,1,2022_300
Regular,Regular Season,2022,11,El Paso,Austin,289,124,1,1,2022_301
Regular,Regular Season,2022,11,Columbus,Honolulu,299,114,0,0,2022_302
Regular,Regular Season,2022,11,Nashville,St. Louis,211.5,201.5,0,0,2022_303
Regular,Regular Season,2022,11,Des Moines,Cincinnati,140.5,272.5,1,1,2022_304
Regular,Regular Season,2022,11,Tulsa,Albuquerque,206.5,206.5,1,1,2022_305
Regular,Regular Season,2022,11,Baltimore,Anchorage,279,134,0,0,2022_306
Regular,Regular Season,2022,11,Lansing,Kentucky,299,114,1,1,2022_307
Regular,Regular Season,2022,11,Little Rock,El Paso,165,248,0,0,2022_308
Regular,Regular Season,2022,11,Buffalo,Boise,21,392,0,0,2022_309
Regular,Regular Season,2022,11,Cincinnati,Anaheim,98.5,314.5,0,0,2022_310
Regular,Regular Season,2022,11,Seattle,Anchorage,166,247,1,1,2022_311
Regular,Regular Season,2022,11,Columbus,Pittsburgh,376.5,36.5,0,1,2022_312
Regular,Regular Season,2022,11,Vancouver,Boise,21,392,1,1,2022_313
Regular,Regular Season,2022,11,Kentucky,San Jose,129.5,283.5,0,0,2022_314
Regular,Regular Season,2022,11,Vegas,Honolulu,238,175,1,1,2022_315
Regular,Regular Season,2022,11,San Jose,Anaheim,154,259,1,1,2022_316
Regular,Regular Season,2022,11,Jacksonville,Lincoln,268,145,0,0,2022_317
Regular,Regular Season,2022,11,Manchester,Buffalo,335.5,77.5,1,1,2022_318
Regular,Regular Season,2022,11,Little Rock,Birmingham,309,104,1,1,2022_319
Regular,Regular Season,2022,11,Manchester,Lincoln,382,31,0,0,2022_320
Regular,Regular Season,2022,11,Pittsburgh,Seattle,0,413,0,0,2022_321
Regular,Regular Season,2022,11,Birmingham,Albuquerque,21,392,0,0,2022_322
Regular,Regular Season,2022,11,Des Moines,San Diego,253.5,159.5,0,0,2022_323
Regular,Regular Season,2022,11,Jacksonville,Austin,248,165,0,0,2022_324
Regular,Regular Season,2022,11,Tampa Bay,Nashville,371,42,1,1,2022_325
Regular,Regular Season,2022,11,Lansing,Vegas,164,249,0,0,2022_326
Regular,Regular Season,2022,11,St. Louis,San Diego,186,227,0,1,2022_327
Regular,Regular Season,2022,11,Providence,Baltimore,52,361,1,1,2022_328
Regular,Regular Season,2022,11,Tampa Bay,Tulsa,145,268,0,0,2022_329
Regular,Regular Season,2022,11,Providence,Vancouver,88.5,324.5,0,0,2022_330
Regular,Regular Season,2022,12,Anaheim,San Diego,330,83,1,1,2022_331
Regular,Regular Season,2022,12,Little Rock,Buffalo,248,165,0,1,2022_332
Regular,Regular Season,2022,12,St. Louis,Lincoln,93.5,319.5,0,1,2022_333
Regular,Regular Season,2022,12,Vancouver,Providence,258,155,0,0,2022_334
Regular,Regular Season,2022,12,Buffalo,Columbus,340,73,0,1,2022_335
Regular,Regular Season,2022,12,Lansing,Birmingham,206,207,0,1,2022_336
Regular,Regular Season,2022,12,Manchester,Cincinnati,217,196,0,1,2022_337
Regular,Regular Season,2022,12,Austin,Anchorage,196,217,0,1,2022_338
Regular,Regular Season,2022,12,Baltimore,Des Moines,176,237,0,1,2022_339
Regular,Regular Season,2022,12,Vegas,St. Louis,340,73,0,1,2022_340
Regular,Regular Season,2022,12,Boise,Kentucky,340,73,0,0,2022_341
Regular,Regular Season,2022,12,San Diego,Tampa Bay,83,330,0,0,2022_342
Regular,Regular Season,2022,12,San Jose,Tulsa,293.5,119.5,0,1,2022_343
Regular,Regular Season,2022,12,Tulsa,Seattle,242.5,170.5,0,1,2022_344
Regular,Regular Season,2022,12,Kentucky,Jacksonville,155,258,0,1,2022_345
Regular,Regular Season,2022,12,Cincinnati,Des Moines,207,206,1,1,2022_346
Regular,Regular Season,2022,12,Albuquerque,El Paso,206,207,1,1,2022_347
Regular,Regular Season,2022,12,Seattle,Birmingham,227,186,0,0,2022_348
Regular,Regular Season,2022,12,Pittsburgh,Providence,217,196,1,1,2022_349
Regular,Regular Season,2022,12,Anchorage,Honolulu,124.5,288.5,0,1,2022_350
Regular,Regular Season,2022,12,Vancouver,Jacksonville,176,237,0,0,2022_351
Regular,Regular Season,2022,12,Vegas,Albuquerque,115,298,0,1,2022_352
Regular,Regular Season,2022,12,Lincoln,Lansing,196,217,0,0,2022_353
Regular,Regular Season,2022,12,Honolulu,Nashville,268,145,0,0,2022_354
Regular,Regular Season,2022,12,Baltimore,Columbus,268,145,0,1,2022_355
Regular,Regular Season,2022,12,El Paso,Boise,145,268,0,1,2022_356
Regular,Regular Season,2022,12,Nashville,Manchester,155,258,0,1,2022_357
Regular,Regular Season,2022,12,Tampa Bay,Pittsburgh,320,93,0,1,2022_358
Regular,Regular Season,2022,12,San Jose,Austin,283.5,129.5,0,1,2022_359
Regular,Regular Season,2022,12,Anaheim,Little Rock,119.5,293.5,0,0,2022_360
Regular,Regular Season,2022,13,Buffalo,St. Louis,114,299,0,0,2022_361
Regular,Regular Season,2022,13,Seattle,Vegas,216.5,196.5,0,1,2022_362
Regular,Regular Season,2022,13,Birmingham,Pittsburgh,247.5,165.5,0,1,2022_363
Regular,Regular Season,2022,13,Columbus,Jacksonville,181.5,231.5,0,1,2022_364
Regular,Regular Season,2022,13,Little Rock,Buffalo,114,299,0,1,2022_365
Regular,Regular Season,2022,13,Anchorage,San Jose,268,145,0,1,2022_366
Regular,Regular Season,2022,13,Boise,Austin,361,52,0,1,2022_367
Regular,Regular Season,2022,13,El Paso,Vancouver,269,144,0,1,2022_368
Regular,Regular Season,2022,13,Cincinnati,Little Rock,187,226,0,1,2022_369
Regular,Regular Season,2022,13,Jacksonville,Manchester,309,104,0,1,2022_370
Regular,Regular Season,2022,13,Lansing,Providence,320,93,0,1,2022_371
Regular,Regular Season,2022,13,Kentucky,Lansing,52,361,1,1,2022_372
Regular,Regular Season,2022,13,Albuquerque,Honolulu,145,268,0,1,2022_373
Regular,Regular Season,2022,13,Des Moines,Birmingham,299,114,0,1,2022_374
Regular,Regular Season,2022,13,Austin,Anaheim,0,413,0,1,2022_375
Regular,Regular Season,2022,13,Nashville,Baltimore,237,176,0,1,2022_376
Regular,Regular Season,2022,13,Des Moines,Columbus,114,299,1,1,2022_377
Regular,Regular Season,2022,13,Manchester,Tulsa,119.5,293.5,0,0,2022_378
Regular,Regular Season,2022,13,Providence,Nashville,247,166,0,1,2022_379
Regular,Regular Season,2022,13,Baltimore,El Paso,93,320,0,0,2022_380
Regular,Regular Season,2022,13,Honolulu,Anchorage,258,155,0,1,2022_381
Regular,Regular Season,2022,13,Anaheim,San Diego,299.5,113.5,1,1,2022_382
Regular,Regular Season,2022,13,Vancouver,San Jose,278,135,0,1,2022_383
Regular,Regular Season,2022,13,Tampa Bay,Boise,278.5,134.5,0,0,2022_384
Regular,Regular Season,2022,13,Tulsa,Lincoln,180.5,232.5,0,1,2022_385
Regular,Regular Season,2022,13,Lincoln,Albuquerque,330,83,0,1,2022_386
Regular,Regular Season,2022,13,Vegas,San Diego,98.5,314.5,1,1,2022_387
Regular,Regular Season,2022,13,Pittsburgh,Tampa Bay,176,237,0,1,2022_388
Regular,Regular Season,2022,13,St. Louis,Seattle,268,145,0,1,2022_389
Regular,Regular Season,2022,13,Kentucky,Cincinnati,134,279,1,1,2022_390
Regular,Regular Season,2022,14,Kentucky,Little Rock,52,361,0,1,2022_391
Regular,Regular Season,2022,14,Albuquerque,El Paso,258,155,1,1,2022_392
Regular,Regular Season,2022,14,Seattle,Honolulu,62,351,0,1,2022_393
Regular,Regular Season,2022,14,Lincoln,San Diego,330,83,0,1,2022_394
Regular,Regular Season,2022,14,Manchester,Des Moines,145,268,0,1,2022_395
Regular,Regular Season,2022,14,Boise,Buffalo,124,289,0,0,2022_396
Regular,Regular Season,2022,14,Lincoln,San Diego,330,83,0,1,2022_397
Regular,Regular Season,2022,14,Providence,St. Louis,134.5,278.5,0,0,2022_398
Regular,Regular Season,2022,14,Pittsburgh,Columbus,67.5,345.5,0,1,2022_399
Regular,Regular Season,2022,14,Birmingham,Little Rock,21,392,1,1,2022_400
Regular,Regular Season,2022,14,Vancouver,Anaheim,145,268,0,1,2022_401
Regular,Regular Season,2022,14,Austin,Anchorage,222.5,190.5,0,1,2022_402
Regular,Regular Season,2022,14,San Jose,Tulsa,345.5,67.5,0,1,2022_403
Regular,Regular Season,2022,14,Cincinnati,Tulsa,278,135,0,0,2022_404
Regular,Regular Season,2022,14,Jacksonville,Baltimore,42,371,0,1,2022_405
Regular,Regular Season,2022,14,Baltimore,Vegas,371,42,0,0,2022_406
Regular,Regular Season,2022,14,Vancouver,Anaheim,145,268,0,1,2022_407
Regular,Regular Season,2022,14,Vegas,St. Louis,233,180,0,1,2022_408
Regular,Regular Season,2022,14,Pittsburgh,El Paso,206,207,0,0,2022_409
Regular,Regular Season,2022,14,Columbus,Tampa Bay,42,371,0,1,2022_410
Regular,Regular Season,2022,14,Lansing,Nashville,258,155,0,1,2022_411
Regular,Regular Season,2022,14,Providence,Cincinnati,72.5,340.5,0,1,2022_412
Regular,Regular Season,2022,14,Lansing,Jacksonville,361,52,0,1,2022_413
Regular,Regular Season,2022,14,Des Moines,Nashville,273.5,139.5,0,1,2022_414
Regular,Regular Season,2022,14,Boise,San Jose,109.5,303.5,0,1,2022_415
Regular,Regular Season,2022,14,Manchester,Austin,93.5,319.5,0,0,2022_416
Regular,Regular Season,2022,14,Seattle,Honolulu,62,351,0,1,2022_417
Regular,Regular Season,2022,14,Kentucky,Tampa Bay,52,361,0,1,2022_418
Regular,Regular Season,2022,14,Anchorage,Birmingham,361,52,0,0,2022_419
Regular,Regular Season,2022,14,Buffalo,Albuquerque,330,83,0,0,2022_420
Regular,Regular Season,2022,15,Little Rock,Honolulu,269,144,0,0,2022_421
Regular,Regular Season,2022,15,Des Moines,Boise,134,279,0,0,2022_422
Regular,Regular Season,2022,15,Little Rock,Seattle,36.5,376.5,0,0,2022_423
Regular,Regular Season,2022,15,Lansing,Seattle,114,299,0,0,2022_424
Regular,Regular Season,2022,15,Cincinnati,Buffalo,166,247,0,1,2022_425
Regular,Regular Season,2022,15,Jacksonville,Anaheim,144,269,0,0,2022_426
Regular,Regular Season,2022,15,Lansing,Columbus,118.5,294.5,1,1,2022_427
Regular,Regular Season,2022,15,Tulsa,Vegas,83,330,0,1,2022_428
Regular,Regular Season,2022,15,Vancouver,Anchorage,21,392,1,1,2022_429
Regular,Regular Season,2022,15,Kentucky,Lincoln,289,124,0,0,2022_430
Regular,Regular Season,2022,15,Pittsburgh,Baltimore,21,392,1,1,2022_431
Regular,Regular Season,2022,15,Nashville,San Diego,160.5,252.5,0,0,2022_432
Regular,Regular Season,2022,15,Tampa Bay,San Jose,208,205,0,0,2022_433
Regular,Regular Season,2022,15,Birmingham,Vancouver,21,392,0,0,2022_434
Regular,Regular Season,2022,15,Columbus,Baltimore,166,247,0,1,2022_435
Regular,Regular Season,2022,15,El Paso,Austin,248,165,1,1,2022_436
Regular,Regular Season,2022,15,Nashville,Birmingham,392,21,1,1,2022_437
Regular,Regular Season,2022,15,Tampa Bay,Jacksonville,289,124,1,1,2022_438
Regular,Regular Season,2022,15,St. Louis,Albuquerque,83,330,1,1,2022_439
Regular,Regular Season,2022,15,Vegas,Anaheim,216,197,1,1,2022_440
Regular,Regular Season,2022,15,Providence,Manchester,272.5,140.5,1,1,2022_441
Regular,Regular Season,2022,15,San Diego,Honolulu,145,268,1,1,2022_442
Regular,Regular Season,2022,15,Des Moines,Manchester,345.5,67.5,0,1,2022_443
Regular,Regular Season,2022,15,Kentucky,Cincinnati,236.5,176.5,1,1,2022_444
Regular,Regular Season,2022,15,Pittsburgh,Anchorage,36.5,376.5,0,0,2022_445
Regular,Regular Season,2022,15,Lincoln,Boise,21,392,1,1,2022_446
Regular,Regular Season,2022,15,Tulsa,Austin,217,196,1,1,2022_447
Regular,Regular Season,2022,15,St. Louis,Albuquerque,83,330,1,1,2022_448
Regular,Regular Season,2022,15,El Paso,San Jose,160.5,252.5,0,1,2022_449
Regular,Regular Season,2022,15,Providence,Buffalo,104,309,1,1,2022_450
Regular,Regular Season,2022,16,Baltimore,Buffalo,249,164,1,1,2022_451
Regular,Regular Season,2022,16,Anaheim,Austin,320,93,0,1,2022_452
Regular,Regular Season,2022,16,Cincinnati,Jacksonville,227,186,0,1,2022_453
Regular,Regular Season,2022,16,San Jose,El Paso,299,114,0,1,2022_454
Regular,Regular Season,2022,16,San Diego,St. Louis,135,278,0,1,2022_455
Regular,Regular Season,2022,16,Seattle,Vegas,258,155,0,1,2022_456
Regular,Regular Season,2022,16,Anaheim,Honolulu,361,52,1,1,2022_457
Regular,Regular Season,2022,16,St. Louis,Boise,145,268,0,1,2022_458
Regular,Regular Season,2022,16,Birmingham,Providence,310,103,0,1,2022_459
Regular,Regular Season,2022,16,Cincinnati,Columbus,93.5,319.5,1,1,2022_460
Regular,Regular Season,2022,16,Lincoln,San Jose,217,196,0,1,2022_461
Regular,Regular Season,2022,16,Tampa Bay,Manchester,268,145,0,1,2022_462
Regular,Regular Season,2022,16,Albuquerque,Anchorage,104,309,0,1,2022_463
Regular,Regular Season,2022,16,Pittsburgh,Lansing,93,320,0,1,2022_464
Regular,Regular Season,2022,16,Nashville,Buffalo,165,248,0,1,2022_465
Regular,Regular Season,2022,16,Providence,Des Moines,83,330,0,1,2022_466
Regular,Regular Season,2022,16,Birmingham,Baltimore,191.5,221.5,0,1,2022_467
Regular,Regular Season,2022,16,Columbus,Little Rock,330,83,0,1,2022_468
Regular,Regular Season,2022,16,Seattle,Pittsburgh,248,165,0,0,2022_469
Regular,Regular Season,2022,16,Tulsa,Tampa Bay,52,361,0,0,2022_470
Regular,Regular Season,2022,16,Vancouver,San Diego,196,217,0,1,2022_471
Regular,Regular Season,2022,16,Des Moines,Nashville,191,222,0,1,2022_472
Regular,Regular Season,2022,16,Anchorage,Boise,104,309,1,1,2022_473
Regular,Regular Season,2022,16,Vegas,Austin,228,185,0,1,2022_474
Regular,Regular Season,2022,16,Kentucky,Little Rock,207,206,0,1,2022_475
Regular,Regular Season,2022,16,Lansing,Jacksonville,283.5,129.5,0,1,2022_476
Regular,Regular Season,2022,16,Albuquerque,Vancouver,191.5,221.5,0,1,2022_477
Regular,Regular Season,2022,16,Tulsa,Lincoln,196,217,0,1,2022_478
Regular,Regular Season,2022,16,Honolulu,El Paso,139.5,273.5,0,1,2022_479
Regular,Regular Season,2022,16,Manchester,Kentucky,170.5,242.5,0,1,2022_480
Regular,Regular Season,2022,17,Austin,El Paso,62.5,350.5,1,1,2022_481
Regular,Regular Season,2022,17,Anaheim,San Jose,217.5,195.5,1,1,2022_482
Regular,Regular Season,2022,17,Honolulu,Vegas,135,278,1,1,2022_483
Regular,Regular Season,2022,17,Des Moines,Birmingham,361,52,0,1,2022_484
Regular,Regular Season,2022,17,St. Louis,Anchorage,108.5,304.5,0,1,2022_485
Regular,Regular Season,2022,17,Lincoln,Kentucky,165.5,247.5,0,0,2022_486
Regular,Regular Season,2022,17,Albuquerque,St. Louis,310,103,1,1,2022_487
Regular,Regular Season,2022,17,San Diego,Nashville,197,216,0,0,2022_488
Regular,Regular Season,2022,17,Columbus,Lansing,273.5,139.5,1,1,2022_489
Regular,Regular Season,2022,17,Vancouver,Birmingham,376.5,36.5,0,0,2022_490
Regular,Regular Season,2022,17,Manchester,Pittsburgh,309,104,1,1,2022_491
Regular,Regular Season,2022,17,Vegas,Tulsa,197,216,0,1,2022_492
Regular,Regular Season,2022,17,San Jose,Tampa Bay,124,289,0,0,2022_493
Regular,Regular Season,2022,17,Boise,Des Moines,320,93,0,0,2022_494
Regular,Regular Season,2022,17,El Paso,Tulsa,196.5,216.5,1,1,2022_495
Regular,Regular Season,2022,17,Manchester,Providence,413,0,1,1,2022_496
Regular,Regular Season,2022,17,Austin,Jacksonville,124,289,0,0,2022_497
Regular,Regular Season,2022,17,Buffalo,Cincinnati,278,135,0,1,2022_498
Regular,Regular Season,2022,17,San Diego,Albuquerque,93,320,0,1,2022_499
Regular,Regular Season,2022,17,Honolulu,Little Rock,83,330,0,0,2022_500
Regular,Regular Season,2022,17,Cincinnati,Kentucky,108.5,304.5,1,1,2022_501
Regular,Regular Season,2022,17,Boise,Vancouver,371,42,1,1,2022_502
Regular,Regular Season,2022,17,Seattle,Lansing,237,176,0,0,2022_503
Regular,Regular Season,2022,17,Buffalo,Providence,361,52,1,1,2022_504
Regular,Regular Season,2022,17,Lincoln,Seattle,176,237,1,1,2022_505
Regular,Regular Season,2022,17,Anchorage,Pittsburgh,289,124,0,0,2022_506
Regular,Regular Season,2022,17,Anaheim,Jacksonville,279,134,0,0,2022_507
Regular,Regular Season,2022,17,Baltimore,Columbus,218,195,0,1,2022_508
Regular,Regular Season,2022,17,Little Rock,Tampa Bay,155,258,1,1,2022_509
Regular,Regular Season,2022,17,Nashville,Baltimore,155,258,0,1,2022_510
Regular,Regular Season,2022,18,Albuquerque,St. Louis,221.5,191.5,1,1,2022_511
Regular,Regular Season,2022,18,San Jose,Kentucky,330,83,0,0,2022_512
Regular,Regular Season,2022,18,Pittsburgh,Cincinnati,144.5,268.5,0,1,2022_513
Regular,Regular Season,2022,18,San Jose,Cincinnati,227,186,0,0,2022_514
Regular,Regular Season,2022,18,Vancouver,Buffalo,268,145,0,0,2022_515
Regular,Regular Season,2022,18,St. Louis,Birmingham,228,185,0,0,2022_516
Regular,Regular Season,2022,18,Anaheim,Manchester,361,52,0,0,2022_517
Regular,Regular Season,2022,18,Tampa Bay,Little Rock,257.5,155.5,1,1,2022_518
Regular,Regular Season,2022,18,San Diego,Providence,249,164,0,0,2022_519
Regular,Regular Season,2022,18,Austin,Kentucky,320,93,0,0,2022_520
Regular,Regular Season,2022,18,Jacksonville,Little Rock,242.5,170.5,1,1,2022_521
Regular,Regular Season,2022,18,Manchester,Columbus,176,237,0,1,2022_522
Regular,Regular Season,2022,18,Anchorage,Vancouver,299,114,1,1,2022_523
Regular,Regular Season,2022,18,Seattle,Anaheim,52,361,0,1,2022_524
Regular,Regular Season,2022,18,Birmingham,Nashville,159.5,253.5,1,1,2022_525
Regular,Regular Season,2022,18,El Paso,Lansing,108.5,304.5,0,0,2022_526
Regular,Regular Season,2022,18,Lansing,Tampa Bay,104,309,0,1,2022_527
Regular,Regular Season,2022,18,Lincoln,Boise,73,340,1,1,2022_528
Regular,Regular Season,2022,18,Vegas,Columbus,135,278,0,0,2022_529
Regular,Regular Season,2022,18,Lincoln,Honolulu,114,299,0,1,2022_530
Regular,Regular Season,2022,18,Buffalo,Des Moines,293.5,119.5,0,1,2022_531
Regular,Regular Season,2022,18,Austin,El Paso,340.5,72.5,1,1,2022_532
Regular,Regular Season,2022,18,Baltimore,Providence,361,52,1,1,2022_533
Regular,Regular Season,2022,18,Boise,San Diego,340,73,0,1,2022_534
Regular,Regular Season,2022,18,Seattle,Baltimore,129.5,283.5,0,0,2022_535
Regular,Regular Season,2022,18,Tulsa,Jacksonville,83,330,0,0,2022_536
Regular,Regular Season,2022,18,Vegas,Tulsa,304.5,108.5,0,1,2022_537
Regular,Regular Season,2022,18,Nashville,Anchorage,21,392,0,0,2022_538
Regular,Regular Season,2022,18,Honolulu,Pittsburgh,289,124,0,0,2022_539
Regular,Regular Season,2022,18,Albuquerque,Des Moines,340,73,0,0,2022_540
Regular,Regular Season,2022,19,Tulsa,St. Louis,361,52,1,1,2022_541
Regular,Regular Season,2022,19,El Paso,Albuquerque,160.5,252.5,1,1,2022_542
Regular,Regular Season,2022,19,Manchester,Baltimore,21,392,1,1,2022_543
Regular,Regular Season,2022,19,Vancouver,Columbus,144,269,0,0,2022_544
Regular,Regular Season,2022,19,San Jose,Birmingham,268,145,0,0,2022_545
Regular,Regular Season,2022,19,El Paso,Tampa Bay,258,155,0,0,2022_546
Regular,Regular Season,2022,19,St. Louis,Tulsa,52,361,1,1,2022_547
Regular,Regular Season,2022,19,Boise,Anchorage,83,330,1,1,2022_548
Regular,Regular Season,2022,19,Des Moines,Columbus,371,42,1,1,2022_549
Regular,Regular Season,2022,19,Kentucky,Buffalo,98.5,314.5,0,1,2022_550
Regular,Regular Season,2022,19,Lansing,Cincinnati,11,402,1,1,2022_551
Regular,Regular Season,2022,19,Honolulu,Anaheim,104,309,1,1,2022_552
Regular,Regular Season,2022,19,Honolulu,Kentucky,263.5,149.5,0,0,2022_553
Regular,Regular Season,2022,19,Baltimore,Manchester,392,21,1,1,2022_554
Regular,Regular Season,2022,19,Anaheim,Des Moines,294.5,118.5,0,0,2022_555
Regular,Regular Season,2022,19,Seattle,Cincinnati,83,330,0,0,2022_556
Regular,Regular Season,2022,19,Providence,Pittsburgh,103.5,309.5,1,1,2022_557
Regular,Regular Season,2022,19,Albuquerque,Little Rock,247,166,0,0,2022_558
Regular,Regular Season,2022,19,San Diego,Lansing,288.5,124.5,0,0,2022_559
Regular,Regular Season,2022,19,Vegas,Jacksonville,248.5,164.5,0,0,2022_560
Regular,Regular Season,2022,19,Boise,Pittsburgh,371,42,0,0,2022_561
Regular,Regular Season,2022,19,Lincoln,Providence,361,52,0,0,2022_562
Regular,Regular Season,2022,19,Anchorage,Buffalo,134,279,0,0,2022_563
Regular,Regular Season,2022,19,Seattle,Lincoln,154,259,1,1,2022_564
Regular,Regular Season,2022,19,Austin,Nashville,67.5,345.5,0,0,2022_565
Regular,Regular Season,2022,19,Tampa Bay,Birmingham,268,145,1,1,2022_566
Regular,Regular Season,2022,19,Nashville,Vancouver,319,94,0,0,2022_567
Regular,Regular Season,2022,19,Austin,Vegas,83,330,0,1,2022_568
Regular,Regular Season,2022,19,Little Rock,Jacksonville,361,52,1,1,2022_569
Regular,Regular Season,2022,19,San Jose,San Diego,207,206,1,1,2022_570
Regular,Regular Season,2022,20,Lincoln,Des Moines,155,258,0,0,2022_571
Regular,Regular Season,2022,20,San Diego,Columbus,145,268,0,0,2022_572
Regular,Regular Season,2022,20,Buffalo,Providence,392,21,1,1,2022_573
Regular,Regular Season,2022,20,Anaheim,Providence,361,52,0,0,2022_574
Regular,Regular Season,2022,20,Tulsa,Nashville,139.5,273.5,0,0,2022_575
Regular,Regular Season,2022,20,Seattle,Manchester,330.5,82.5,0,0,2022_576
Regular,Regular Season,2022,20,Honolulu,Jacksonville,355.5,57.5,0,0,2022_577
Regular,Regular Season,2022,20,Austin,St. Louis,21,392,1,1,2022_578
Regular,Regular Season,2022,20,Manchester,Pittsburgh,258,155,1,1,2022_579
Regular,Regular Season,2022,20,El Paso,Anchorage,237,176,0,1,2022_580
Regular,Regular Season,2022,20,Albuquerque,Lansing,196,217,0,0,2022_581
Regular,Regular Season,2022,20,San Jose,Nashville,258,155,0,0,2022_582
Regular,Regular Season,2022,20,Lincoln,Buffalo,114,299,0,0,2022_583
Regular,Regular Season,2022,20,Austin,Birmingham,21,392,0,0,2022_584
Regular,Regular Season,2022,20,San Jose,Des Moines,237,176,0,0,2022_585
Regular,Regular Season,2022,20,Boise,Baltimore,371,42,0,0,2022_586
Regular,Regular Season,2022,20,El Paso,Jacksonville,340,73,0,0,2022_587
Regular,Regular Season,2022,20,Tampa Bay,Anchorage,268,145,0,0,2022_588
Regular,Regular Season,2022,20,Baltimore,Cincinnati,279.5,133.5,0,1,2022_589
Regular,Regular Season,2022,20,Albuquerque,Tulsa,289,124,1,1,2022_590
Regular,Regular Season,2022,20,Vegas,Kentucky,139.5,273.5,0,0,2022_591
Regular,Regular Season,2022,20,San Diego,Little Rock,93,320,0,0,2022_592
Regular,Regular Season,2022,20,Vancouver,Lansing,73,340,0,0,2022_593
Regular,Regular Season,2022,20,St. Louis,Little Rock,124,289,0,0,2022_594
Regular,Regular Season,2022,20,Boise,Columbus,361,52,0,0,2022_595
Regular,Regular Season,2022,20,Vancouver,Pittsburgh,361,52,0,0,2022_596
Regular,Regular Season,2022,20,Seattle,Kentucky,124,289,0,0,2022_597
Regular,Regular Season,2022,20,Vegas,Tampa Bay,98.5,314.5,0,0,2022_598
Regular,Regular Season,2022,20,Anaheim,Birmingham,350.5,62.5,0,0,2022_599
Regular,Regular Season,2022,20,Honolulu,Cincinnati,277.5,135.5,0,0,2022_600
Regular,Regular Season,2022,21,Manchester,Jacksonville,228,185,0,1,2022_601
Regular,Regular Season,2022,21,Vegas,El Paso,21,392,0,1,2022_602
Regular,Regular Season,2022,21,Anaheim,Austin,340,73,0,1,2022_603
Regular,Regular Season,2022,21,Cincinnati,Kentucky,289,124,1,1,2022_604
Regular,Regular Season,2022,21,Honolulu,Albuquerque,212.5,200.5,0,1,2022_605
Regular,Regular Season,2022,21,Boise,Tampa Bay,155,258,0,0,2022_606
Regular,Regular Season,2022,21,Anaheim,Nashville,268,145,0,0,2022_607
Regular,Regular Season,2022,21,Providence,Lansing,21,392,0,1,2022_608
Regular,Regular Season,2022,21,Albuquerque,Austin,340,73,1,1,2022_609
Regular,Regular Season,2022,21,San Diego,Tulsa,124,289,0,1,2022_610
Regular,Regular Season,2022,21,Anchorage,Providence,345.5,67.5,0,0,2022_611
Regular,Regular Season,2022,21,Pittsburgh,Birmingham,83,330,0,1,2022_612
Regular,Regular Season,2022,21,Baltimore,Kentucky,227,186,0,1,2022_613
Regular,Regular Season,2022,21,Lincoln,Tulsa,186,227,0,1,2022_614
Regular,Regular Season,2022,21,Buffalo,Des Moines,227,186,0,1,2022_615
Regular,Regular Season,2022,21,Baltimore,Nashville,237,176,0,1,2022_616
Regular,Regular Season,2022,21,San Diego,Vegas,273.5,139.5,1,1,2022_617
Regular,Regular Season,2022,21,Honolulu,Tampa Bay,186,227,0,0,2022_618
Regular,Regular Season,2022,21,San Jose,Anchorage,371,42,0,1,2022_619
Regular,Regular Season,2022,21,Seattle,Jacksonville,279,134,0,0,2022_620
Regular,Regular Season,2022,21,Pittsburgh,Cincinnati,145,268,0,1,2022_621
Regular,Regular Season,2022,21,Vancouver,El Paso,21,392,0,1,2022_622
Regular,Regular Season,2022,21,Seattle,St. Louis,248,165,0,1,2022_623
Regular,Regular Season,2022,21,San Jose,St. Louis,299,114,0,1,2022_624
Regular,Regular Season,2022,21,Buffalo,Little Rock,52,361,0,1,2022_625
Regular,Regular Season,2022,21,Lincoln,Birmingham,201.5,211.5,0,0,2022_626
Regular,Regular Season,2022,21,Manchester,Columbus,83,330,0,1,2022_627
Regular,Regular Season,2022,21,Columbus,Des Moines,361,52,1,1,2022_628
Regular,Regular Season,2022,21,Boise,Lansing,197,216,0,0,2022_629
Regular,Regular Season,2022,21,Vancouver,Little Rock,52,361,0,0,2022_630
Regular,Regular Season,2022,22,Vegas,Seattle,125,288,0,1,2022_631
Regular,Regular Season,2022,22,Tulsa,Manchester,206,207,0,0,2022_632
Regular,Regular Season,2022,22,Vegas,Albuquerque,197,216,0,1,2022_633
Regular,Regular Season,2022,22,Buffalo,Lansing,109.5,303.5,0,1,2022_634
Regular,Regular Season,2022,22,St. Louis,Buffalo,207,206,0,0,2022_635
Regular,Regular Season,2022,22,Austin,Boise,21,392,0,1,2022_636
Regular,Regular Season,2022,22,Birmingham,Des Moines,98.5,314.5,0,1,2022_637
Regular,Regular Season,2022,22,Little Rock,Cincinnati,252.5,160.5,0,1,2022_638
Regular,Regular Season,2022,22,Honolulu,St. Louis,371,42,0,1,2022_639
Regular,Regular Season,2022,22,Lincoln,Little Rock,124,289,0,0,2022_640
Regular,Regular Season,2022,22,Providence,Columbus,21,392,0,1,2022_641
Regular,Regular Season,2022,22,San Diego,El Paso,176,237,0,1,2022_642
Regular,Regular Season,2022,22,Lansing,Kentucky,309,104,1,1,2022_643
Regular,Regular Season,2022,22,Jacksonville,Columbus,186,227,0,1,2022_644
Regular,Regular Season,2022,22,Albuquerque,Lincoln,324.5,88.5,0,1,2022_645
Regular,Regular Season,2022,22,Anaheim,Tulsa,361,52,0,1,2022_646
Regular,Regular Season,2022,22,Boise,Jacksonville,324.5,88.5,0,0,2022_647
Regular,Regular Season,2022,22,San Jose,Austin,392,21,0,1,2022_648
Regular,Regular Season,2022,22,Tampa Bay,Pittsburgh,268,145,0,1,2022_649
Regular,Regular Season,2022,22,Vancouver,Tampa Bay,155,258,0,0,2022_650
Regular,Regular Season,2022,22,Anchorage,Cincinnati,155,258,0,0,2022_651
Regular,Regular Season,2022,22,Baltimore,Birmingham,392,21,0,1,2022_652
Regular,Regular Season,2022,22,Anchorage,Honolulu,145,268,0,1,2022_653
Regular,Regular Season,2022,22,Pittsburgh,Des Moines,145,268,0,1,2022_654
Regular,Regular Season,2022,22,San Jose,Vancouver,299,114,0,1,2022_655
Regular,Regular Season,2022,22,Manchester,Kentucky,294.5,118.5,0,1,2022_656
Regular,Regular Season,2022,22,Nashville,Providence,227.5,185.5,0,1,2022_657
Regular,Regular Season,2022,22,San Diego,Anaheim,104,309,1,1,2022_658
Regular,Regular Season,2022,22,El Paso,Baltimore,237,176,0,0,2022_659
Regular,Regular Season,2022,22,Seattle,Nashville,289,124,0,0,2022_660
Regular,Regular Season,2022,23,Tulsa,Vancouver,52,361,0,1,2022_661
Regular,Regular Season,2022,23,Vegas,Honolulu,217,196,1,1,2022_662
Regular,Regular Season,2022,23,Albuquerque,Anaheim,298,115,0,1,2022_663
Regular,Regular Season,2022,23,Nashville,Lincoln,262.5,150.5,0,0,2022_664
Regular,Regular Season,2022,23,Des Moines,Anchorage,114,299,0,0,2022_665
Regular,Regular Season,2022,23,Kentucky,Pittsburgh,237,176,0,1,2022_666
Regular,Regular Season,2022,23,Tampa Bay,Seattle,330,83,0,0,2022_667
Regular,Regular Season,2022,23,El Paso,Honolulu,217,196,0,1,2022_668
Regular,Regular Season,2022,23,Columbus,Cincinnati,226,187,1,1,2022_669
Regular,Regular Season,2022,23,Albuquerque,San Jose,191,222,0,1,2022_670
Regular,Regular Season,2022,23,Little Rock,Boise,98.5,314.5,0,0,2022_671
Regular,Regular Season,2022,23,San Jose,San Diego,330,83,1,1,2022_672
Regular,Regular Season,2022,23,El Paso,Seattle,238,175,0,1,2022_673
Regular,Regular Season,2022,23,St. Louis,Lincoln,237,176,0,1,2022_674
Regular,Regular Season,2022,23,Little Rock,Manchester,119.5,293.5,0,1,2022_675
Regular,Regular Season,2022,23,Austin,San Diego,268,145,0,1,2022_676
Regular,Regular Season,2022,23,Jacksonville,Pittsburgh,211.5,201.5,0,1,2022_677
Regular,Regular Season,2022,23,Lansing,Manchester,195,218,0,1,2022_678
Regular,Regular Season,2022,23,Des Moines,Providence,392,21,0,1,2022_679
Regular,Regular Season,2022,23,Birmingham,Providence,202,211,0,1,2022_680
Regular,Regular Season,2022,23,Birmingham,Buffalo,21,392,0,1,2022_681
Regular,Regular Season,2022,23,Tampa Bay,Baltimore,392,21,0,1,2022_682
Regular,Regular Season,2022,23,St. Louis,Anaheim,124,289,0,1,2022_683
Regular,Regular Season,2022,23,Nashville,Buffalo,93,320,0,1,2022_684
Regular,Regular Season,2022,23,Austin,Vancouver,73,340,0,1,2022_685
Regular,Regular Season,2022,23,Jacksonville,Baltimore,299,114,0,1,2022_686
Regular,Regular Season,2022,23,Tulsa,Boise,62,351,0,1,2022_687
Regular,Regular Season,2022,23,Anchorage,Vegas,330,83,0,1,2022_688
Regular,Regular Season,2022,23,Lansing,Cincinnati,195,218,1,1,2022_689
Regular,Regular Season,2022,23,Kentucky,Columbus,114,299,1,1,2022_690
Regular,Regular Season,2022,24,Little Rock,Baltimore,269,144,0,1,2022_691
Regular,Regular Season,2022,24,Manchester,Baltimore,361,52,1,1,2022_692
Regular,Regular Season,2022,24,El Paso,Anaheim,155,258,0,1,2022_693
Regular,Regular Season,2022,24,Tulsa,Seattle,299,114,0,1,2022_694
Regular,Regular Season,2022,24,Vegas,San Jose,145,268,1,1,2022_695
Regular,Regular Season,2022,24,Columbus,Anchorage,196,217,0,0,2022_696
Regular,Regular Season,2022,24,Jacksonville,Buffalo,109.5,303.5,0,1,2022_697
Regular,Regular Season,2022,24,Lansing,Pittsburgh,361,52,0,1,2022_698
Regular,Regular Season,2022,24,Austin,Honolulu,176,237,0,1,2022_699
Regular,Regular Season,2022,24,Buffalo,Anchorage,52,361,0,0,2022_700
Regular,Regular Season,2022,24,Kentucky,Providence,361,52,0,1,2022_701
Regular,Regular Season,2022,24,Cincinnati,Seattle,361,52,0,0,2022_702
Regular,Regular Season,2022,24,Little Rock,Albuquerque,114,299,0,0,2022_703
Regular,Regular Season,2022,24,Tulsa,St. Louis,392,21,1,1,2022_704
Regular,Regular Season,2022,24,Jacksonville,Vegas,268,145,0,0,2022_705
Regular,Regular Season,2022,24,Tampa Bay,El Paso,330,83,0,0,2022_706
Regular,Regular Season,2022,24,Birmingham,Manchester,21,392,0,1,2022_707
Regular,Regular Season,2022,24,Providence,Lincoln,83,330,0,0,2022_708
Regular,Regular Season,2022,24,Tampa Bay,Lincoln,361,52,0,0,2022_709
Regular,Regular Season,2022,24,Birmingham,San Jose,83,330,0,0,2022_710
Regular,Regular Season,2022,24,Des Moines,Cincinnati,73,340,1,1,2022_711
Regular,Regular Season,2022,24,Albuquerque,San Diego,237,176,0,1,2022_712
Regular,Regular Season,2022,24,Des Moines,Anaheim,62.5,350.5,0,0,2022_713
Regular,Regular Season,2022,24,Columbus,Vancouver,392,21,0,0,2022_714
Regular,Regular Season,2022,24,Pittsburgh,Boise,21,392,0,0,2022_715
Regular,Regular Season,2022,24,Nashville,Boise,21,392,0,0,2022_716
Regular,Regular Season,2022,24,St. Louis,Vancouver,211.5,201.5,0,1,2022_717
Regular,Regular Season,2022,24,Lansing,San Diego,237,176,0,0,2022_718
Regular,Regular Season,2022,24,Nashville,Austin,211,202,0,0,2022_719
Regular,Regular Season,2022,24,Kentucky,Honolulu,145,268,0,0,2022_720
Regular,Regular Season,2022,25,Jacksonville,Cincinnati,278,135,0,1,2022_721
Regular,Regular Season,2022,25,Tampa Bay,Kentucky,361,52,0,1,2022_722
Regular,Regular Season,2022,25,Vegas,Vancouver,135,278,0,1,2022_723
Regular,Regular Season,2022,25,Little Rock,Providence,330,83,0,1,2022_724
Regular,Regular Season,2022,25,Jacksonville,Anchorage,279,134,0,0,2022_725
Regular,Regular Season,2022,25,Honolulu,Boise,207,206,0,1,2022_726
Regular,Regular Season,2022,25,San Jose,Buffalo,206,207,0,0,2022_727
Regular,Regular Season,2022,25,Austin,Lincoln,52,361,0,1,2022_728
Regular,Regular Season,2022,25,Kentucky,Anchorage,247,166,0,0,2022_729
Regular,Regular Season,2022,25,Albuquerque,Pittsburgh,268,145,0,0,2022_730
Regular,Regular Season,2022,25,Lansing,Des Moines,289,124,1,1,2022_731
Regular,Regular Season,2022,25,Anaheim,Lincoln,340.5,72.5,0,1,2022_732
Regular,Regular Season,2022,25,Little Rock,Birmingham,258,155,1,1,2022_733
Regular,Regular Season,2022,25,Austin,Providence,135,278,0,0,2022_734
Regular,Regular Season,2022,25,Nashville,Pittsburgh,351,62,0,1,2022_735
Regular,Regular Season,2022,25,San Diego,Baltimore,21,392,0,0,2022_736
Regular,Regular Season,2022,25,Vancouver,Seattle,268,145,1,1,2022_737
Regular,Regular Season,2022,25,St. Louis,Baltimore,21,392,0,0,2022_738
Regular,Regular Season,2022,25,Birmingham,Columbus,207,206,0,1,2022_739
Regular,Regular Season,2022,25,Vegas,Manchester,103,310,0,0,2022_740
Regular,Regular Season,2022,25,San Jose,Anaheim,144,269,1,1,2022_741
Regular,Regular Season,2022,25,Tulsa,Des Moines,258,155,0,0,2022_742
Regular,Regular Season,2022,25,Tulsa,Buffalo,165,248,0,0,2022_743
Regular,Regular Season,2022,25,Albuquerque,Seattle,273.5,139.5,0,1,2022_744
Regular,Regular Season,2022,25,Nashville,Lansing,186,227,0,1,2022_745
Regular,Regular Season,2022,25,El Paso,Cincinnati,52,361,0,0,2022_746
Regular,Regular Season,2022,25,Tampa Bay,Manchester,299,114,0,1,2022_747
Regular,Regular Season,2022,25,El Paso,Boise,83,330,0,1,2022_748
Regular,Regular Season,2022,25,St. Louis,Columbus,52,361,0,0,2022_749
Regular,Regular Season,2022,25,San Diego,Honolulu,21,392,1,1,2022_750
Regular,Regular Season,2022,26,Boise,Birmingham,361,52,0,0,2022_751
Regular,Regular Season,2022,26,Vegas,Austin,299,114,0,1,2022_752
Regular,Regular Season,2022,26,Cincinnati,Vegas,289,124,0,0,2022_753
Regular,Regular Season,2022,26,Buffalo,Anaheim,42,371,0,0,2022_754
Regular,Regular Season,2022,26,Little Rock,Nashville,124,289,1,1,2022_755
Regular,Regular Season,2022,26,Albuquerque,Anchorage,92,321,0,1,2022_756
Regular,Regular Season,2022,26,Baltimore,Lansing,201.5,211.5,0,1,2022_757
Regular,Regular Season,2022,26,Baltimore,Vancouver,196,217,0,0,2022_758
Regular,Regular Season,2022,26,Lincoln,Jacksonville,149.5,263.5,0,0,2022_759
Regular,Regular Season,2022,26,Honolulu,Tulsa,330,83,0,1,2022_760
Regular,Regular Season,2022,26,Lansing,St. Louis,227,186,0,0,2022_761
Regular,Regular Season,2022,26,Boise,Seattle,340.5,72.5,1,1,2022_762
Regular,Regular Season,2022,26,Manchester,Des Moines,278,135,0,1,2022_763
Regular,Regular Season,2022,26,Seattle,Little Rock,195,218,0,0,2022_764
Regular,Regular Season,2022,26,San Diego,St. Louis,21,392,0,1,2022_765
Regular,Regular Season,2022,26,Providence,Cincinnati,124,289,0,1,2022_766
Regular,Regular Season,2022,26,Birmingham,Tulsa,41.5,371.5,0,0,2022_767
Regular,Regular Season,2022,26,Pittsburgh,San Diego,345.5,67.5,0,0,2022_768
Regular,Regular Season,2022,26,San Jose,El Paso,227,186,0,1,2022_769
Regular,Regular Season,2022,26,Providence,San Jose,124,289,0,0,2022_770
Regular,Regular Season,2022,26,Buffalo,Kentucky,145,268,0,1,2022_771
Regular,Regular Season,2022,26,Anaheim,Tampa Bay,350.5,62.5,0,0,2022_772
Regular,Regular Season,2022,26,Vancouver,Nashville,155,258,0,0,2022_773
Regular,Regular Season,2022,26,Pittsburgh,Columbus,93,320,0,1,2022_774
Regular,Regular Season,2022,26,Jacksonville,Tampa Bay,145,268,1,1,2022_775
Regular,Regular Season,2022,26,Lincoln,Anchorage,73,340,1,1,2022_776
Regular,Regular Season,2022,26,Manchester,Honolulu,155,258,0,0,2022_777
Regular,Regular Season,2022,26,Kentucky,El Paso,299,114,0,0,2022_778
Regular,Regular Season,2022,26,Columbus,Albuquerque,218,195,0,0,2022_779
Regular,Regular Season,2022,26,Des Moines,Austin,361,52,0,0,2022_780
Regular,Regular Season,2022,27,Tulsa,Anaheim,73,340,0,1,2022_781
Regular,Regular Season,2022,27,St. Louis,Honolulu,207,206,0,1,2022_782
Regular,Regular Season,2022,27,Austin,San Jose,21,392,0,1,2022_783
Regular,Regular Season,2022,27,Lansing,Buffalo,186,227,0,1,2022_784
Regular,Regular Season,2022,27,Albuquerque,Vegas,133,280,0,1,2022_785
Regular,Regular Season,2022,27,Birmingham,Baltimore,185,228,0,1,2022_786
Regular,Regular Season,2022,27,Kentucky,Seattle,190.5,222.5,0,0,2022_787
Regular,Regular Season,2022,27,Columbus,Providence,228,185,0,1,2022_788
Regular,Regular Season,2022,27,Birmingham,Anaheim,73,340,0,0,2022_789
Regular,Regular Season,2022,27,St. Louis,Austin,392,21,1,1,2022_790
Regular,Regular Season,2022,27,Cincinnati,Baltimore,340,73,0,1,2022_791
Regular,Regular Season,2022,27,Des Moines,Pittsburgh,160.5,252.5,0,1,2022_792
Regular,Regular Season,2022,27,Cincinnati,Anchorage,258,155,0,0,2022_793
Regular,Regular Season,2022,27,Kentucky,Manchester,221.5,191.5,0,1,2022_794
Regular,Regular Season,2022,27,Providence,Buffalo,21,392,1,1,2022_795
Regular,Regular Season,2022,27,Lansing,Vancouver,320,93,0,0,2022_796
Regular,Regular Season,2022,27,El Paso,San Diego,330,83,0,1,2022_797
Regular,Regular Season,2022,27,Tulsa,Albuquerque,218,195,1,1,2022_798
Regular,Regular Season,2022,27,Nashville,Seattle,72,341,0,0,2022_799
Regular,Regular Season,2022,27,Jacksonville,Honolulu,73,340,0,0,2022_800
Regular,Regular Season,2022,27,Tampa Bay,Vegas,237,176,0,0,2022_801
Regular,Regular Season,2022,27,Little Rock,Lincoln,397.5,15.5,0,0,2022_802
Regular,Regular Season,2022,27,Des Moines,Lincoln,114,299,0,0,2022_803
Regular,Regular Season,2022,27,Nashville,San Jose,145,268,0,0,2022_804
Regular,Regular Season,2022,27,Columbus,Boise,73,340,0,0,2022_805
Regular,Regular Season,2022,27,Tampa Bay,Vancouver,268,145,0,0,2022_806
Regular,Regular Season,2022,27,Pittsburgh,Manchester,196,217,1,1,2022_807
Regular,Regular Season,2022,27,Anchorage,El Paso,205.5,207.5,0,1,2022_808
Regular,Regular Season,2022,27,Jacksonville,Boise,73,340,0,0,2022_809
Regular,Regular Season,2022,27,Little Rock,San Diego,361,52,0,0,2022_810
Regular,Regular Season,2022,28,Birmingham,Lansing,114,299,0,1,2022_811
Regular,Regular Season,2022,28,Austin,Buffalo,52,361,0,0,2022_812
Regular,Regular Season,2022,28,Vegas,Boise,186,227,0,1,2022_813
Regular,Regular Season,2022,28,San Diego,Manchester,129.5,283.5,0,0,2022_814
Regular,Regular Season,2022,28,Honolulu,Vancouver,392,21,0,1,2022_815
Regular,Regular Season,2022,28,Albuquerque,Cincinnati,278,135,0,0,2022_816
Regular,Regular Season,2022,28,Tampa Bay,Birmingham,299,114,1,1,2022_817
Regular,Regular Season,2022,28,Honolulu,Buffalo,392,21,0,0,2022_818
Regular,Regular Season,2022,28,Austin,Columbus,21,392,0,0,2022_819
Regular,Regular Season,2022,28,Tulsa,Providence,341,72,0,0,2022_820
Regular,Regular Season,2022,28,St. Louis,Kentucky,217,196,0,0,2022_821
Regular,Regular Season,2022,28,Anaheim,Baltimore,309,104,0,0,2022_822
Regular,Regular Season,2022,28,El Paso,Manchester,361,52,0,0,2022_823
Regular,Regular Season,2022,28,Anchorage,Anaheim,227,186,0,1,2022_824
Regular,Regular Season,2022,28,Albuquerque,Baltimore,330,83,0,0,2022_825
Regular,Regular Season,2022,28,San Diego,Seattle,88.5,324.5,0,1,2022_826
Regular,Regular Season,2022,28,Vancouver,Boise,21,392,1,1,2022_827
Regular,Regular Season,2022,28,Little Rock,Anchorage,83,330,0,0,2022_828
Regular,Regular Season,2022,28,San Jose,Pittsburgh,226,187,0,0,2022_829
Regular,Regular Season,2022,28,Tulsa,Lansing,114,299,0,0,2022_830
Regular,Regular Season,2022,28,Nashville,Jacksonville,160.5,252.5,1,1,2022_831
Regular,Regular Season,2022,28,San Jose,Lincoln,154,259,0,1,2022_832
Regular,Regular Season,2022,28,Little Rock,Des Moines,268,145,0,1,2022_833
Regular,Regular Season,2022,28,Tampa Bay,Cincinnati,299,114,0,1,2022_834
Regular,Regular Season,2022,28,Vegas,Providence,341,72,0,0,2022_835
Regular,Regular Season,2022,28,El Paso,Des Moines,289,124,0,0,2022_836
Regular,Regular Season,2022,28,St. Louis,Pittsburgh,170.5,242.5,0,0,2022_837
Regular,Regular Season,2022,28,Jacksonville,Kentucky,155,258,0,1,2022_838
Regular,Regular Season,2022,28,Seattle,Lincoln,247,166,1,1,2022_839
Regular,Regular Season,2022,28,Nashville,Columbus,42,371,0,1,2022_840
Regular,Regular Season,2022,29,Albuquerque,Vancouver,355.5,57.5,0,1,2022_841
Regular,Regular Season,2022,29,Pittsburgh,Des Moines,145,268,0,1,2022_842
Regular,Regular Season,2022,29,Tampa Bay,Buffalo,160.5,252.5,0,1,2022_843
Regular,Regular Season,2022,29,Austin,Seattle,145,268,0,1,2022_844
Regular,Regular Season,2022,29,Albuquerque,Austin,310,103,1,1,2022_845
Regular,Regular Season,2022,29,El Paso,Lincoln,309,104,0,1,2022_846
Regular,Regular Season,2022,29,Lincoln,Manchester,268,145,0,0,2022_847
Regular,Regular Season,2022,29,Little Rock,Pittsburgh,299,114,0,1,2022_848
Regular,Regular Season,2022,29,Kentucky,Nashville,237,176,0,1,2022_849
Regular,Regular Season,2022,29,Nashville,Manchester,150.5,262.5,0,1,2022_850
Regular,Regular Season,2022,29,Anchorage,San Diego,320,93,0,1,2022_851
Regular,Regular Season,2022,29,Vegas,El Paso,155,258,0,1,2022_852
Regular,Regular Season,2022,29,Birmingham,Jacksonville,227,186,1,1,2022_853
Regular,Regular Season,2022,29,Kentucky,Des Moines,237,176,1,1,2022_854
Regular,Regular Season,2022,29,Tampa Bay,Buffalo,160.5,252.5,0,1,2022_855
Regular,Regular Season,2022,29,Seattle,San Diego,361,52,0,1,2022_856
Regular,Regular Season,2022,29,Vegas,Anaheim,251.5,161.5,1,1,2022_857
Regular,Regular Season,2022,29,Birmingham,Cincinnati,52,361,0,1,2022_858
Regular,Regular Season,2022,29,Providence,Columbus,246.5,166.5,0,1,2022_859
Regular,Regular Season,2022,29,Tulsa,Baltimore,206,207,0,0,2022_860
Regular,Regular Season,2022,29,San Jose,St. Louis,165,248,0,1,2022_861
Regular,Regular Season,2022,29,Baltimore,Cincinnati,145,268,0,1,2022_862
Regular,Regular Season,2022,29,San Jose,Honolulu,67.5,345.5,1,1,2022_863
Regular,Regular Season,2022,29,Tulsa,Boise,124,289,0,1,2022_864
Regular,Regular Season,2022,29,Jacksonville,Providence,114,299,0,1,2022_865
Regular,Regular Season,2022,29,Anchorage,Anaheim,361,52,0,1,2022_866
Regular,Regular Season,2022,29,St. Louis,Boise,21,392,0,1,2022_867
Regular,Regular Season,2022,29,Vancouver,Honolulu,104,309,0,1,2022_868
Regular,Regular Season,2022,29,Lansing,Columbus,340,73,1,1,2022_869
Regular,Regular Season,2022,29,Lansing,Little Rock,227,186,0,1,2022_870
Regular,Regular Season,2022,30,Anchorage,Seattle,330,83,1,1,2022_871
Regular,Regular Season,2022,30,St. Louis,Des Moines,165,248,0,0,2022_872
Regular,Regular Season,2022,30,Vancouver,San Diego,176,237,0,1,2022_873
Regular,Regular Season,2022,30,Anaheim,Honolulu,211.5,201.5,1,1,2022_874
Regular,Regular Season,2022,30,Anchorage,Lansing,330,83,0,0,2022_875
Regular,Regular Season,2022,30,San Diego,Buffalo,67.5,345.5,0,0,2022_876
Regular,Regular Season,2022,30,Honolulu,Baltimore,257,156,0,0,2022_877
Regular,Regular Season,2022,30,Cincinnati,Nashville,268,145,0,1,2022_878
Regular,Regular Season,2022,30,Baltimore,Austin,376.5,36.5,0,0,2022_879
Regular,Regular Season,2022,30,Anaheim,Boise,52,361,0,1,2022_880
Regular,Regular Season,2022,30,San Jose,Manchester,206,207,0,0,2022_881
Regular,Regular Season,2022,30,Columbus,Little Rock,330,83,0,1,2022_882
Regular,Regular Season,2022,30,Des Moines,Jacksonville,134,279,0,1,2022_883
Regular,Regular Season,2022,30,Albuquerque,Providence,83,330,0,0,2022_884
Regular,Regular Season,2022,30,Seattle,San Jose,228,185,0,1,2022_885
Regular,Regular Season,2022,30,Tampa Bay,Lansing,268,145,0,1,2022_886
Regular,Regular Season,2022,30,Providence,Tampa Bay,124,289,0,1,2022_887
Regular,Regular Season,2022,30,Buffalo,El Paso,258,155,0,0,2022_888
Regular,Regular Season,2022,30,Vancouver,Lincoln,21,392,1,1,2022_889
Regular,Regular Season,2022,30,Boise,Albuquerque,371,42,0,1,2022_890
Regular,Regular Season,2022,30,Little Rock,Jacksonville,175,238,1,1,2022_891
Regular,Regular Season,2022,30,Nashville,Birmingham,144.5,268.5,1,1,2022_892
Regular,Regular Season,2022,30,Lincoln,Vegas,269,144,0,1,2022_893
Regular,Regular Season,2022,30,Manchester,St. Louis,222.5,190.5,0,0,2022_894
Regular,Regular Season,2022,30,Kentucky,Birmingham,103.5,309.5,0,1,2022_895
Regular,Regular Season,2022,30,Tulsa,Kentucky,361,52,0,0,2022_896
Regular,Regular Season,2022,30,Pittsburgh,Tulsa,21,392,0,0,2022_897
Regular,Regular Season,2022,30,Vegas,Pittsburgh,361,52,0,0,2022_898
Regular,Regular Season,2022,30,El Paso,Columbus,185.5,227.5,0,0,2022_899
Regular,Regular Season,2022,30,Austin,Cincinnati,52,361,0,0,2022_900
Regular,Regular Season,2022,31,San Jose,Baltimore,299,114,0,0,2022_901
Regular,Regular Season,2022,31,Albuquerque,Seattle,175,238,0,1,2022_902
Regular,Regular Season,2022,31,El Paso,Providence,361,52,0,0,2022_903
Regular,Regular Season,2022,31,Lincoln,Vegas,124,289,0,1,2022_904
Regular,Regular Season,2022,31,Anaheim,El Paso,299,114,0,1,2022_905
Regular,Regular Season,2022,31,Austin,Pittsburgh,238,175,0,0,2022_906
Regular,Regular Season,2022,31,St. Louis,Cincinnati,124,289,0,0,2022_907
Regular,Regular Season,2022,31,Anchorage,Baltimore,299,114,0,0,2022_908
Regular,Regular Season,2022,31,Jacksonville,Providence,258,155,0,1,2022_909
Regular,Regular Season,2022,31,Manchester,Lansing,124,289,0,1,2022_910
Regular,Regular Season,2022,31,Des Moines,Tampa Bay,52,361,0,1,2022_911
Regular,Regular Season,2022,31,San Diego,Boise,21,392,0,1,2022_912
Regular,Regular Season,2022,31,Honolulu,St. Louis,268,145,0,1,2022_913
Regular,Regular Season,2022,31,Tulsa,Columbus,283.5,129.5,0,0,2022_914
Regular,Regular Season,2022,31,Cincinnati,Little Rock,237,176,0,1,2022_915
Regular,Regular Season,2022,31,Nashville,Kentucky,382,31,0,1,2022_916
Regular,Regular Season,2022,31,Jacksonville,Birmingham,196,217,1,1,2022_917
Regular,Regular Season,2022,31,San Diego,Tulsa,21,392,0,1,2022_918
Regular,Regular Season,2022,31,Birmingham,Pittsburgh,222.5,190.5,0,1,2022_919
Regular,Regular Season,2022,31,Vegas,Buffalo,93,320,0,0,2022_920
Regular,Regular Season,2022,31,Columbus,Nashville,268,145,0,1,2022_921
Regular,Regular Season,2022,31,Honolulu,Lincoln,299,114,0,1,2022_922
Regular,Regular Season,2022,31,Little Rock,Lansing,176,237,0,1,2022_923
Regular,Regular Season,2022,31,Anchorage,Vancouver,392,21,1,1,2022_924
Regular,Regular Season,2022,31,Boise,San Jose,146,267,0,1,2022_925
Regular,Regular Season,2022,31,Anaheim,Seattle,340,73,0,1,2022_926
Regular,Regular Season,2022,31,Austin,Vancouver,376.5,36.5,0,1,2022_927
Regular,Regular Season,2022,31,Buffalo,Kentucky,392,21,0,1,2022_928
Regular,Regular Season,2022,31,Tampa Bay,Des Moines,361,52,0,1,2022_929
Regular,Regular Season,2022,31,Albuquerque,Manchester,159.5,253.5,0,0,2022_930
Regular,Regular Season,2022,32,San Diego,El Paso,42,371,0,1,2022_931
Regular,Regular Season,2022,32,Jacksonville,St. Louis,288,125,0,0,2022_932
Regular,Regular Season,2022,32,Cincinnati,Birmingham,371,42,0,1,2022_933
Regular,Regular Season,2022,32,St. Louis,Nashville,207,206,0,0,2022_934
Regular,Regular Season,2022,32,Buffalo,Seattle,309,104,0,0,2022_935
Regular,Regular Season,2022,32,Lansing,Austin,361,52,0,0,2022_936
Regular,Regular Season,2022,32,Baltimore,Lincoln,249,164,0,0,2022_937
Regular,Regular Season,2022,32,Des Moines,Little Rock,196.5,216.5,0,1,2022_938
Regular,Regular Season,2022,32,Manchester,Vancouver,392,21,0,0,2022_939
Regular,Regular Season,2022,32,Seattle,San Jose,330,83,0,1,2022_940
Regular,Regular Season,2022,32,Anaheim,Albuquerque,289,124,0,1,2022_941
Regular,Regular Season,2022,32,Boise,Anchorage,279,134,1,1,2022_942
Regular,Regular Season,2022,32,Columbus,San Jose,371,42,0,0,2022_943
Regular,Regular Season,2022,32,Boise,Lincoln,310,103,1,1,2022_944
Regular,Regular Season,2022,32,Columbus,Jacksonville,392,21,0,1,2022_945
Regular,Regular Season,2022,32,Des Moines,Vegas,227.5,185.5,0,0,2022_946
Regular,Regular Season,2022,32,Cincinnati,San Diego,340,73,0,0,2022_947
Regular,Regular Season,2022,32,Providence,Honolulu,73,340,0,0,2022_948
Regular,Regular Season,2022,32,Tulsa,Anchorage,217,196,0,1,2022_949
Regular,Regular Season,2022,32,Buffalo,Manchester,268,145,1,1,2022_950
Regular,Regular Season,2022,32,Providence,Lansing,52,361,0,1,2022_951
Regular,Regular Season,2022,32,Pittsburgh,Kentucky,176,237,0,1,2022_952
Regular,Regular Season,2022,32,Vancouver,Vegas,21,392,0,1,2022_953
Regular,Regular Season,2022,32,Tampa Bay,Baltimore,237,176,0,1,2022_954
Regular,Regular Season,2022,32,Honolulu,Austin,289,124,0,1,2022_955
Regular,Regular Season,2022,32,Pittsburgh,Anaheim,145,268,0,0,2022_956
Regular,Regular Season,2022,32,Nashville,Tampa Bay,124,289,1,1,2022_957
Regular,Regular Season,2022,32,Birmingham,El Paso,83,330,0,0,2022_958
Regular,Regular Season,2022,32,Kentucky,Albuquerque,94,319,0,0,2022_959
Regular,Regular Season,2022,32,Little Rock,Tulsa,145,268,0,0,2022_960
Regular,Regular Season,2022,33,El Paso,Vancouver,268,145,0,1,2022_961
Regular,Regular Season,2022,33,Nashville,Anaheim,145,268,0,0,2022_962
Regular,Regular Season,2022,33,Tulsa,San Diego,402.5,10.5,0,1,2022_963
Regular,Regular Season,2022,33,Columbus,Tampa Bay,145,268,0,1,2022_964
Regular,Regular Season,2022,33,Anchorage,San Jose,320,93,0,1,2022_965
Regular,Regular Season,2022,33,Birmingham,Lincoln,237,176,0,0,2022_966
Regular,Regular Season,2022,33,San Diego,Des Moines,155.5,257.5,0,0,2022_967
Regular,Regular Season,2022,33,Columbus,Manchester,155,258,0,1,2022_968
Regular,Regular Season,2022,33,Little Rock,Providence,289,124,0,1,2022_969
Regular,Regular Season,2022,33,Kentucky,Baltimore,174.5,238.5,0,1,2022_970
Regular,Regular Season,2022,33,Providence,Anchorage,52,361,0,0,2022_971
Regular,Regular Season,2022,33,Baltimore,Kentucky,238.5,174.5,0,1,2022_972
Regular,Regular Season,2022,33,El Paso,Vegas,124,289,0,1,2022_973
Regular,Regular Season,2022,33,Des Moines,Buffalo,52,361,0,1,2022_974
Regular,Regular Season,2022,33,Little Rock,Vancouver,320,93,0,0,2022_975
Regular,Regular Season,2022,33,Cincinnati,Pittsburgh,320,93,0,1,2022_976
Regular,Regular Season,2022,33,Boise,Vegas,221.5,191.5,0,1,2022_977
Regular,Regular Season,2022,33,Austin,Seattle,51.5,361.5,0,1,2022_978
Regular,Regular Season,2022,33,Tampa Bay,Honolulu,283.5,129.5,0,0,2022_979
Regular,Regular Season,2022,33,Lansing,Boise,248,165,0,0,2022_980
Regular,Regular Season,2022,33,Jacksonville,Pittsburgh,125,288,0,1,2022_981
Regular,Regular Season,2022,33,Jacksonville,Seattle,42,371,0,0,2022_982
Regular,Regular Season,2022,33,Austin,Albuquerque,119.5,293.5,1,1,2022_983
Regular,Regular Season,2022,33,Albuquerque,Lincoln,124,289,0,1,2022_984
Regular,Regular Season,2022,33,Birmingham,Manchester,186,227,0,1,2022_985
Regular,Regular Season,2022,33,Honolulu,Tulsa,309,104,0,1,2022_986
Regular,Regular Season,2022,33,Buffalo,Lansing,73,340,0,1,2022_987
Regular,Regular Season,2022,33,St. Louis,San Jose,114,299,0,1,2022_988
Regular,Regular Season,2022,33,Anaheim,St. Louis,340,73,0,1,2022_989
Regular,Regular Season,2022,33,Cincinnati,Nashville,289,124,0,1,2022_990
Regular,Regular Season,2022,34,San Diego,Cincinnati,52,361,0,0,2022_991
Regular,Regular Season,2022,34,Lincoln,Vancouver,299,114,1,1,2022_992
Regular,Regular Season,2022,34,Tulsa,Little Rock,135,278,0,0,2022_993
Regular,Regular Season,2022,34,Anchorage,Boise,176,237,1,1,2022_994
Regular,Regular Season,2022,34,El Paso,Birmingham,371,42,0,0,2022_995
Regular,Regular Season,2022,34,St. Louis,Jacksonville,103,310,0,0,2022_996
Regular,Regular Season,2022,34,Austin,Tulsa,72.5,340.5,1,1,2022_997
Regular,Regular Season,2022,34,San Diego,Vegas,170.5,242.5,1,1,2022_998
Regular,Regular Season,2022,34,Honolulu,Providence,201.5,211.5,0,0,2022_999
Regular,Regular Season,2022,34,Baltimore,Pittsburgh,351,62,1,1,2022_1000
Regular,Regular Season,2022,34,Boise,Anaheim,216,197,0,1,2022_1001
Regular,Regular Season,2022,34,Seattle,Buffalo,135,278,0,0,2022_1002
Regular,Regular Season,2022,34,El Paso,St. Louis,392,21,1,1,2022_1003
Regular,Regular Season,2022,34,Tampa Bay,Nashville,371,42,1,1,2022_1004
Regular,Regular Season,2022,34,Anchorage,Seattle,340,73,1,1,2022_1005
Regular,Regular Season,2022,34,Buffalo,Cincinnati,175.5,237.5,0,1,2022_1006
Regular,Regular Season,2022,34,Albuquerque,Kentucky,279,134,0,0,2022_1007
Regular,Regular Season,2022,34,San Jose,Columbus,154,259,0,0,2022_1008
Regular,Regular Season,2022,34,Honolulu,San Jose,248,165,1,1,2022_1009
Regular,Regular Season,2022,34,Manchester,Providence,175,238,1,1,2022_1010
Regular,Regular Season,2022,34,Austin,Lansing,52,361,0,0,2022_1011
Regular,Regular Season,2022,34,Vegas,Des Moines,392,21,0,0,2022_1012
Regular,Regular Season,2022,34,Little Rock,Nashville,340,73,1,1,2022_1013
Regular,Regular Season,2022,34,Lincoln,Baltimore,185,228,0,0,2022_1014
Regular,Regular Season,2022,34,Jacksonville,Tampa Bay,42,371,1,1,2022_1015
Regular,Regular Season,2022,34,Vancouver,Manchester,191.5,221.5,0,0,2022_1016
Regular,Regular Season,2022,34,Anaheim,Pittsburgh,392,21,0,0,2022_1017
Regular,Regular Season,2022,34,Des Moines,Lansing,52,361,1,1,2022_1018
Regular,Regular Season,2022,34,Columbus,Kentucky,140.5,272.5,1,1,2022_1019
Regular,Regular Season,2022,34,Albuquerque,Birmingham,278,135,0,0,2022_1020
Regular,Regular Season,2022,35,Vancouver,Anchorage,21,392,1,1,2022_1021
Regular,Regular Season,2022,35,Austin,Baltimore,21,392,0,0,2022_1022
Regular,Regular Season,2022,35,Cincinnati,St. Louis,392,21,0,0,2022_1023
Regular,Regular Season,2022,35,Albuquerque,Boise,145,268,0,1,2022_1024
Regular,Regular Season,2022,35,Des Moines,Tampa Bay,52,361,0,1,2022_1025
Regular,Regular Season,2022,35,Little Rock,Columbus,176,237,0,1,2022_1026
Regular,Regular Season,2022,35,Buffalo,Vegas,315,98,0,0,2022_1027
Regular,Regular Season,2022,35,Columbus,Tulsa,268,145,0,0,2022_1028
Regular,Regular Season,2022,35,Baltimore,San Jose,176.5,236.5,0,0,2022_1029
Regular,Regular Season,2022,35,Lansing,Little Rock,309,104,0,1,2022_1030
Regular,Regular Season,2022,35,Jacksonville,Des Moines,361,52,0,1,2022_1031
Regular,Regular Season,2022,35,El Paso,Buffalo,165,248,0,0,2022_1032
Regular,Regular Season,2022,35,Manchester,Albuquerque,139.5,273.5,0,0,2022_1033
Regular,Regular Season,2022,35,Vegas,Lincoln,330,83,0,1,2022_1034
Regular,Regular Season,2022,35,San Jose,Seattle,289,124,0,1,2022_1035
Regular,Regular Season,2022,35,Tulsa,Pittsburgh,303.5,109.5,0,0,2022_1036
Regular,Regular Season,2022,35,San Diego,Vancouver,320,93,0,1,2022_1037
Regular,Regular Season,2022,35,Seattle,Anaheim,73,340,0,1,2022_1038
Regular,Regular Season,2022,35,Boise,San Diego,371,42,0,1,2022_1039
Regular,Regular Season,2022,35,Tampa Bay,Providence,340,73,0,1,2022_1040
Regular,Regular Season,2022,35,Lincoln,Honolulu,56.5,356.5,0,1,2022_1041
Regular,Regular Season,2022,35,Nashville,Cincinnati,42,371,0,1,2022_1042
Regular,Regular Season,2022,35,Kentucky,Nashville,289,124,0,1,2022_1043
Regular,Regular Season,2022,35,Honolulu,Anaheim,124,289,1,1,2022_1044
Regular,Regular Season,2022,35,St. Louis,Manchester,21,392,0,0,2022_1045
Regular,Regular Season,2022,35,Pittsburgh,Austin,345.5,67.5,0,0,2022_1046
Regular,Regular Season,2022,35,Birmingham,Jacksonville,186,227,1,1,2022_1047
Regular,Regular Season,2022,35,Birmingham,Kentucky,73,340,0,1,2022_1048
Regular,Regular Season,2022,35,Lansing,Anchorage,238,175,0,0,2022_1049
Regular,Regular Season,2022,35,Providence,El Paso,73,340,0,0,2022_1050
Regular,Regular Season,2022,36,Birmingham,Tampa Bay,145,268,1,1,2022_1051
Regular,Regular Season,2022,36,Buffalo,Pittsburgh,340,73,1,1,2022_1052
Regular,Regular Season,2022,36,Anaheim,Lansing,268.5,144.5,0,0,2022_1053
Regular,Regular Season,2022,36,Lincoln,Anaheim,88.5,324.5,0,1,2022_1054
Regular,Regular Season,2022,36,Honolulu,Birmingham,309,104,0,0,2022_1055
Regular,Regular Season,2022,36,Jacksonville,Nashville,217,196,1,1,2022_1056
Regular,Regular Season,2022,36,Vegas,Lansing,104,309,0,0,2022_1057
Regular,Regular Season,2022,36,Boise,Honolulu,135,278,0,1,2022_1058
Regular,Regular Season,2022,36,Albuquerque,Tampa Bay,103.5,309.5,0,0,2022_1059
Regular,Regular Season,2022,36,El Paso,St. Louis,392,21,1,1,2022_1060
Regular,Regular Season,2022,36,Boise,Cincinnati,125,288,0,0,2022_1061
Regular,Regular Season,2022,36,El Paso,Anchorage,103.5,309.5,0,1,2022_1062
Regular,Regular Season,2022,36,Baltimore,Providence,376.5,36.5,1,1,2022_1063
Regular,Regular Season,2022,36,Manchester,Cincinnati,52,361,0,1,2022_1064
Regular,Regular Season,2022,36,San Diego,Jacksonville,93,320,0,0,2022_1065
Regular,Regular Season,2022,36,Albuquerque,Tulsa,103,310,1,1,2022_1066
Regular,Regular Season,2022,36,Seattle,Vancouver,52,361,1,1,2022_1067
Regular,Regular Season,2022,36,Pittsburgh,Providence,392,21,1,1,2022_1068
Regular,Regular Season,2022,36,Des Moines,Kentucky,21,392,1,1,2022_1069
Regular,Regular Season,2022,36,San Diego,San Jose,52,361,1,1,2022_1070
Regular,Regular Season,2022,36,Austin,Tulsa,21,392,1,1,2022_1071
Regular,Regular Season,2022,36,Austin,St. Louis,21,392,1,1,2022_1072
Regular,Regular Season,2022,36,Vancouver,Kentucky,124,289,0,0,2022_1073
Regular,Regular Season,2022,36,Vegas,Nashville,145,268,0,0,2022_1074
Regular,Regular Season,2022,36,Little Rock,Baltimore,237,176,0,1,2022_1075
Regular,Regular Season,2022,36,Anchorage,Manchester,361,52,0,0,2022_1076
Regular,Regular Season,2022,36,San Jose,Little Rock,345.5,67.5,0,0,2022_1077
Regular,Regular Season,2022,36,Seattle,Des Moines,314.5,98.5,0,0,2022_1078
Regular,Regular Season,2022,36,Lincoln,Columbus,73,340,0,0,2022_1079
Regular,Regular Season,2022,36,Buffalo,Columbus,135,278,0,1,2022_1080
Regular,Regular Season,2022,37,Providence,Baltimore,252.5,160.5,1,1,2022_1081
Regular,Regular Season,2022,37,St. Louis,El Paso,83,330,1,1,2022_1082
Regular,Regular Season,2022,37,Little Rock,San Jose,171.5,241.5,0,0,2022_1083
Regular,Regular Season,2022,37,Des Moines,Tulsa,21,392,0,0,2022_1084
Regular,Regular Season,2022,37,Tampa Bay,Albuquerque,237,176,0,0,2022_1085
Regular,Regular Season,2022,37,Manchester,Vegas,361,52,0,0,2022_1086
Regular,Regular Season,2022,37,Kentucky,Tampa Bay,145,268,0,1,2022_1087
Regular,Regular Season,2022,37,Columbus,Lincoln,376.5,36.5,0,0,2022_1088
Regular,Regular Season,2022,37,Birmingham,Honolulu,52,361,0,0,2022_1089
Regular,Regular Season,2022,37,Anchorage,Jacksonville,361,52,0,0,2022_1090
Regular,Regular Season,2022,37,Buffalo,San Jose,67.5,345.5,0,0,2022_1091
Regular,Regular Season,2022,37,Baltimore,San Diego,237,176,0,0,2022_1092
Regular,Regular Season,2022,37,Boise,Honolulu,330,83,0,1,2022_1093
Regular,Regular Season,2022,37,Pittsburgh,Buffalo,207,206,1,1,2022_1094
Regular,Regular Season,2022,37,Birmingham,Little Rock,83,330,1,1,2022_1095
Regular,Regular Season,2022,37,Lansing,Nashville,320,93,0,1,2022_1096
Regular,Regular Season,2022,37,Cincinnati,El Paso,31,382,0,0,2022_1097
Regular,Regular Season,2022,37,Manchester,Anchorage,93,320,0,0,2022_1098
Regular,Regular Season,2022,37,Lansing,Anaheim,73,340,0,0,2022_1099
Regular,Regular Season,2022,37,Cincinnati,Boise,52,361,0,0,2022_1100
Regular,Regular Season,2022,37,Kentucky,Vancouver,361,52,0,0,2022_1101
Regular,Regular Season,2022,37,Pittsburgh,Albuquerque,94,319,0,0,2022_1102
Regular,Regular Season,2022,37,Des Moines,Seattle,186,227,0,0,2022_1103
Regular,Regular Season,2022,37,Lincoln,Anaheim,73,340,0,1,2022_1104
Regular,Regular Season,2022,37,Tulsa,Austin,392,21,1,1,2022_1105
Regular,Regular Season,2022,37,Providence,Austin,361,52,0,0,2022_1106
Regular,Regular Season,2022,37,Seattle,Vancouver,129.5,283.5,1,1,2022_1107
Regular,Regular Season,2022,37,Jacksonville,San Diego,237,176,0,0,2022_1108
Regular,Regular Season,2022,37,Nashville,Vegas,345.5,67.5,0,0,2022_1109
Regular,Regular Season,2022,37,Columbus,St. Louis,345.5,67.5,0,0,2022_1110
Regular,Regular Season,2022,38,Tampa Bay,Anaheim,258,155,0,0,2022_1111
Regular,Regular Season,2022,38,Lincoln,Anchorage,73,340,1,1,2022_1112
Regular,Regular Season,2022,38,Austin,Albuquerque,52,361,1,1,2022_1113
Regular,Regular Season,2022,38,Tampa Bay,Little Rock,392,21,1,1,2022_1114
Regular,Regular Season,2022,38,Providence,Manchester,72,341,1,1,2022_1115
Regular,Regular Season,2022,38,Anchorage,Albuquerque,340,73,0,1,2022_1116
Regular,Regular Season,2022,38,Kentucky,Des Moines,361,52,1,1,2022_1117
Regular,Regular Season,2022,38,Cincinnati,Providence,217,196,0,1,2022_1118
Regular,Regular Season,2022,38,Tulsa,El Paso,211.5,201.5,1,1,2022_1119
Regular,Regular Season,2022,38,Columbus,Cincinnati,340,73,1,1,2022_1120
Regular,Regular Season,2022,38,Vancouver,Lincoln,83,330,1,1,2022_1121
Regular,Regular Season,2022,38,Kentucky,Columbus,206,207,1,1,2022_1122
Regular,Regular Season,2022,38,Pittsburgh,Buffalo,217,196,1,1,2022_1123
Regular,Regular Season,2022,38,Buffalo,Baltimore,145,268,1,1,2022_1124
Regular,Regular Season,2022,38,Tulsa,Honolulu,258,155,0,1,2022_1125
Regular,Regular Season,2022,38,St. Louis,El Paso,93,320,1,1,2022_1126
Regular,Regular Season,2022,38,Birmingham,Boise,299,114,0,0,2022_1127
Regular,Regular Season,2022,38,Pittsburgh,Manchester,237,176,1,1,2022_1128
Regular,Regular Season,2022,38,Vancouver,Seattle,361,52,1,1,2022_1129
Regular,Regular Season,2022,38,Vegas,San Jose,98.5,314.5,1,1,2022_1130
Regular,Regular Season,2022,38,St. Louis,Austin,361,52,1,1,2022_1131
Regular,Regular Season,2022,38,Seattle,Boise,52,361,1,1,2022_1132
Regular,Regular Season,2022,38,Vegas,San Diego,125,288,1,1,2022_1133
Regular,Regular Season,2022,38,Jacksonville,Birmingham,216,197,1,1,2022_1134
Regular,Regular Season,2022,38,San Jose,Honolulu,93,320,1,1,2022_1135
Regular,Regular Season,2022,38,Lansing,Baltimore,206,207,0,1,2022_1136
Regular,Regular Season,2022,38,Lansing,Des Moines,392,21,1,1,2022_1137
Regular,Regular Season,2022,38,Nashville,Jacksonville,83,330,1,1,2022_1138
Regular,Regular Season,2022,38,Nashville,Little Rock,361,52,1,1,2022_1139
Regular,Regular Season,2022,38,San Diego,Anaheim,42,371,1,1,2022_1140
Play-In Round 1,Play-In,2022,39,Vegas,Albuquerque,104,309,0,0,2022_1141
Play-In Round 1,Play-In,2022,39,Jacksonville,Manchester,165,248,0,0,2022_1142
Play-In Round 1,Play-In,2022,39,Kentucky,Baltimore,314.5,98.5,0,0,2022_1143
Play-In Round 1,Play-In,2022,39,Seattle,El Paso,73,340,0,0,2022_1144
Play-In Round 2,Play-In,2022,40,Manchester,Baltimore,237,176,0,0,2022_1145
Play-In Round 2,Play-In,2022,40,Albuquerque,Seattle,268,145,0,0,2022_1146
Conference Quarterfinals,Playoffs,2022,41,Albuquerque,Anaheim,133,280,0,0,2022_1147
Conference Quarterfinals,Playoffs,2022,41,El Paso,Boise,340,73,0,0,2022_1148
Conference Quarterfinals,Playoffs,2022,41,Tulsa,San Jose,248,165,0,0,2022_1149
Conference Quarterfinals,Playoffs,2022,41,Honolulu,Anchorage,180.5,232.5,0,0,2022_1150
Conference Quarterfinals,Playoffs,2022,41,Kentucky,Lansing,257,156,0,0,2022_1151
Conference Quarterfinals,Playoffs,2022,41,Little Rock,Buffalo,345.5,67.5,0,0,2022_1152
Conference Quarterfinals,Playoffs,2022,41,Cincinnati,Columbus,268,145,0,0,2022_1153
Conference Quarterfinals,Playoffs,2022,41,Manchester,Tampa Bay,42,371,0,0,2022_1154
Conference Semifinals,Playoffs,2022,42,Cincinnati,Tampa Bay,155,258,0,0,2022_1155
Conference Semifinals,Playoffs,2022,42,Kentucky,Little Rock,257,156,0,0,2022_1156
Conference Semifinals,Playoffs,2022,42,El Paso,Tulsa,176,237,0,0,2022_1157
Conference Semifinals,Playoffs,2022,42,Anchorage,Anaheim,247,166,0,0,2022_1158
Conference Finals,Playoffs,2022,43,Tulsa,Anchorage,83,330,0,0,2022_1159
Conference Finals,Playoffs,2022,43,Kentucky,Tampa Bay,42,371,0,0,2022_1160
SBCFBL Finals,Playoffs,2022,44,Anchorage,Tampa Bay,73,340,0,0,2022_1161
Regular,Regular Season,2023,1,Lincoln,Pittsburgh,237,176,0,0,2023_001
Regular,Regular Season,2023,1,Vancouver,Cincinnati,145,268,0,0,2023_002
Regular,Regular Season,2023,1,Pittsburgh,Albuquerque,52,361,0,0,2023_003
Regular,Regular Season,2023,1,Boise,Manchester,413,0,0,0,2023_004
Regular,Regular Season,2023,1,San Diego,Kentucky,155,258,0,0,2023_005
Regular,Regular Season,2023,1,Columbus,St. Louis,52,361,0,0,2023_006
Regular,Regular Season,2023,1,Birmingham,Little Rock,114,299,1,1,2023_007
Regular,Regular Season,2023,1,Providence,Austin,124,289,0,0,2023_008
Regular,Regular Season,2023,1,Manchester,Vegas,216,197,0,0,2023_009
Regular,Regular Season,2023,1,San Jose,Lansing,114,299,0,0,2023_010
Regular,Regular Season,2023,1,Lansing,Nashville,324.5,88.5,0,1,2023_011
Regular,Regular Season,2023,1,Austin,Little Rock,93.5,319.5,0,0,2023_012
Regular,Regular Season,2023,1,Boise,Honolulu,222.5,190.5,0,1,2023_013
Regular,Regular Season,2023,1,Baltimore,Buffalo,299,114,1,1,2023_014
Regular,Regular Season,2023,1,St. Louis,Tampa Bay,73,340,0,0,2023_015
Regular,Regular Season,2023,1,Lincoln,Anaheim,83,330,0,1,2023_016
Regular,Regular Season,2023,1,Vegas,Birmingham,36.5,376.5,0,0,2023_017
Regular,Regular Season,2023,1,Des Moines,Tulsa,114,299,0,0,2023_018
Regular,Regular Season,2023,1,Tulsa,Anchorage,211.5,201.5,0,1,2023_019
Regular,Regular Season,2023,1,Seattle,Vancouver,31,382,1,1,2023_020
Regular,Regular Season,2023,1,Buffalo,San Jose,160.5,252.5,0,0,2023_021
Regular,Regular Season,2023,1,Kentucky,Tampa Bay,160.5,252.5,0,1,2023_022
Regular,Regular Season,2023,1,Albuquerque,Jacksonville,207,206,0,0,2023_023
Regular,Regular Season,2023,1,El Paso,Nashville,361,52,0,0,2023_024
Regular,Regular Season,2023,1,Honolulu,Des Moines,237,176,0,0,2023_025
Regular,Regular Season,2023,1,Anaheim,Columbus,361,52,0,0,2023_026
Regular,Regular Season,2023,1,Seattle,Providence,258,155,0,0,2023_027
Regular,Regular Season,2023,1,Cincinnati,El Paso,293.5,119.5,0,0,2023_028
Regular,Regular Season,2023,1,Anchorage,Jacksonville,212.5,200.5,0,0,2023_029
Regular,Regular Season,2023,1,Baltimore,San Diego,289,124,0,0,2023_030
Regular,Regular Season,2023,2,Providence,Lansing,176,237,0,1,2023_031
Regular,Regular Season,2023,2,Lansing,Cincinnati,258,155,1,1,2023_032
Regular,Regular Season,2023,2,Manchester,Jacksonville,227,186,0,1,2023_033
Regular,Regular Season,2023,2,Buffalo,Little Rock,83,330,0,1,2023_034
Regular,Regular Season,2023,2,San Diego,Vegas,67.5,345.5,1,1,2023_035
Regular,Regular Season,2023,2,Columbus,Des Moines,186,227,1,1,2023_036
Regular,Regular Season,2023,2,Kentucky,Buffalo,289,124,0,1,2023_037
Regular,Regular Season,2023,2,Cincinnati,Kentucky,149.5,263.5,1,1,2023_038
Regular,Regular Season,2023,2,Baltimore,Nashville,392,21,0,1,2023_039
Regular,Regular Season,2023,2,Seattle,St. Louis,227,186,0,1,2023_040
Regular,Regular Season,2023,2,Seattle,Lincoln,320,93,1,1,2023_041
Regular,Regular Season,2023,2,San Jose,San Diego,361,52,1,1,2023_042
Regular,Regular Season,2023,2,San Jose,Anchorage,186,227,0,1,2023_043
Regular,Regular Season,2023,2,Tampa Bay,Birmingham,330,83,1,1,2023_044
Regular,Regular Season,2023,2,Vancouver,El Paso,283.5,129.5,0,1,2023_045
Regular,Regular Season,2023,2,Manchester,Baltimore,78.5,334.5,1,1,2023_046
Regular,Regular Season,2023,2,El Paso,Albuquerque,278,135,1,1,2023_047
Regular,Regular Season,2023,2,Austin,Vegas,169.5,243.5,0,1,2023_048
Regular,Regular Season,2023,2,Lincoln,Tulsa,73,340,0,1,2023_049
Regular,Regular Season,2023,2,Little Rock,Jacksonville,299,114,1,1,2023_050
Regular,Regular Season,2023,2,Anaheim,Austin,278.5,134.5,0,1,2023_051
Regular,Regular Season,2023,2,Boise,Tampa Bay,155,258,0,0,2023_052
Regular,Regular Season,2023,2,Tulsa,St. Louis,309,104,1,1,2023_053
Regular,Regular Season,2023,2,Honolulu,Albuquerque,299,114,0,1,2023_054
Regular,Regular Season,2023,2,Honolulu,Anaheim,42,371,1,1,2023_055
Regular,Regular Season,2023,2,Des Moines,Columbus,227,186,1,1,2023_056
Regular,Regular Season,2023,2,Providence,Pittsburgh,299,114,1,1,2023_057
Regular,Regular Season,2023,2,Nashville,Vancouver,52,361,0,0,2023_058
Regular,Regular Season,2023,2,Boise,Anchorage,201.5,211.5,1,1,2023_059
Regular,Regular Season,2023,2,Pittsburgh,Birmingham,176,237,0,1,2023_060
Regular,Regular Season,2023,3,Baltimore,Lansing,119.5,293.5,0,1,2023_061
Regular,Regular Season,2023,3,Tampa Bay,Baltimore,268,145,0,1,2023_062
Regular,Regular Season,2023,3,St. Louis,Lincoln,206.5,206.5,0,1,2023_063
Regular,Regular Season,2023,3,Lansing,Cincinnati,314.5,98.5,1,1,2023_064
Regular,Regular Season,2023,3,Boise,Birmingham,237,176,0,0,2023_065
Regular,Regular Season,2023,3,Lincoln,Jacksonville,93,320,0,0,2023_066
Regular,Regular Season,2023,3,Tulsa,Boise,206,207,0,1,2023_067
Regular,Regular Season,2023,3,Des Moines,Anchorage,83,330,0,0,2023_068
Regular,Regular Season,2023,3,Honolulu,Tulsa,258,155,0,1,2023_069
Regular,Regular Season,2023,3,Pittsburgh,Columbus,330,83,0,1,2023_070
Regular,Regular Season,2023,3,Austin,Vancouver,340,73,0,1,2023_071
Regular,Regular Season,2023,3,Vancouver,Nashville,262.5,150.5,0,0,2023_072
Regular,Regular Season,2023,3,El Paso,Seattle,228,185,0,1,2023_073
Regular,Regular Season,2023,3,Little Rock,Manchester,268,145,0,1,2023_074
Regular,Regular Season,2023,3,San Jose,El Paso,268,145,0,1,2023_075
Regular,Regular Season,2023,3,Nashville,Buffalo,108.5,304.5,0,1,2023_076
Regular,Regular Season,2023,3,Albuquerque,Anchorage,21,392,0,1,2023_077
Regular,Regular Season,2023,3,Vegas,Honolulu,145,268,1,1,2023_078
Regular,Regular Season,2023,3,Buffalo,Kentucky,21,392,0,1,2023_079
Regular,Regular Season,2023,3,Albuquerque,Anaheim,21,392,0,1,2023_080
Regular,Regular Season,2023,3,Birmingham,Providence,253.5,159.5,0,1,2023_081
Regular,Regular Season,2023,3,Manchester,Des Moines,196,217,0,1,2023_082
Regular,Regular Season,2023,3,Providence,Cincinnati,73,340,0,1,2023_083
Regular,Regular Season,2023,3,San Diego,St. Louis,226.5,186.5,0,1,2023_084
Regular,Regular Season,2023,3,Kentucky,Columbus,392,21,1,1,2023_085
Regular,Regular Season,2023,3,San Jose,San Diego,268,145,1,1,2023_086
Regular,Regular Season,2023,3,Vegas,Austin,268,145,0,1,2023_087
Regular,Regular Season,2023,3,Seattle,Little Rock,42,371,0,0,2023_088
Regular,Regular Season,2023,3,Anaheim,Tampa Bay,201.5,211.5,0,0,2023_089
Regular,Regular Season,2023,3,Jacksonville,Pittsburgh,350.5,62.5,0,1,2023_090
Regular,Regular Season,2023,4,Boise,Lansing,21,392,0,0,2023_091
Regular,Regular Season,2023,4,Cincinnati,Lansing,52,361,1,1,2023_092
Regular,Regular Season,2023,4,Boise,Seattle,114,299,1,1,2023_093
Regular,Regular Season,2023,4,Anchorage,Providence,330,83,0,0,2023_094
Regular,Regular Season,2023,4,Pittsburgh,Cincinnati,114,299,0,1,2023_095
Regular,Regular Season,2023,4,Vegas,El Paso,155,258,0,1,2023_096
Regular,Regular Season,2023,4,Columbus,Birmingham,83,330,0,1,2023_097
Regular,Regular Season,2023,4,Honolulu,Tampa Bay,278,135,0,0,2023_098
Regular,Regular Season,2023,4,St. Louis,Tulsa,42,371,1,1,2023_099
Regular,Regular Season,2023,4,Seattle,Jacksonville,165,248,0,0,2023_100
Regular,Regular Season,2023,4,Anaheim,Nashville,268,145,0,0,2023_101
Regular,Regular Season,2023,4,Providence,Kentucky,52,361,0,1,2023_102
Regular,Regular Season,2023,4,Des Moines,Jacksonville,242.5,170.5,0,1,2023_103
Regular,Regular Season,2023,4,Baltimore,Kentucky,299,114,0,1,2023_104
Regular,Regular Season,2023,4,Baltimore,Manchester,299,114,1,1,2023_105
Regular,Regular Season,2023,4,Anchorage,Lincoln,226,187,1,1,2023_106
Regular,Regular Season,2023,4,Vancouver,Little Rock,145,268,0,0,2023_107
Regular,Regular Season,2023,4,Buffalo,Des Moines,186,227,0,1,2023_108
Regular,Regular Season,2023,4,Albuquerque,Austin,207,206,1,1,2023_109
Regular,Regular Season,2023,4,Nashville,Tampa Bay,145,268,1,1,2023_110
Regular,Regular Season,2023,4,Buffalo,Pittsburgh,299,114,1,1,2023_111
Regular,Regular Season,2023,4,San Diego,Tulsa,42,371,0,1,2023_112
Regular,Regular Season,2023,4,Manchester,Columbus,361,52,0,1,2023_113
Regular,Regular Season,2023,4,El Paso,Little Rock,104,309,0,0,2023_114
Regular,Regular Season,2023,4,Lincoln,Birmingham,299,114,0,0,2023_115
Regular,Regular Season,2023,4,Vancouver,San Jose,176,237,0,1,2023_116
Regular,Regular Season,2023,4,Honolulu,Albuquerque,340,73,0,1,2023_117
Regular,Regular Season,2023,4,Anaheim,Vegas,237,176,1,1,2023_118
Regular,Regular Season,2023,4,San Diego,Austin,94,319,0,1,2023_119
Regular,Regular Season,2023,4,San Jose,St. Louis,324.5,88.5,0,1,2023_120
Regular,Regular Season,2023,5,Buffalo,Providence,67.5,345.5,1,1,2023_121
Regular,Regular Season,2023,5,El Paso,Columbus,361,52,0,0,2023_122
Regular,Regular Season,2023,5,Manchester,Pittsburgh,392,21,1,1,2023_123
Regular,Regular Season,2023,5,Des Moines,Birmingham,67.5,345.5,0,1,2023_124
Regular,Regular Season,2023,5,San Jose,Manchester,216,197,0,0,2023_125
Regular,Regular Season,2023,5,Vegas,Pittsburgh,361,52,0,0,2023_126
Regular,Regular Season,2023,5,St. Louis,Anchorage,144,269,0,1,2023_127
Regular,Regular Season,2023,5,San Diego,Buffalo,330,83,0,0,2023_128
Regular,Regular Season,2023,5,Boise,Vancouver,371,42,1,1,2023_129
Regular,Regular Season,2023,5,Vancouver,Lincoln,145,268,1,1,2023_130
Regular,Regular Season,2023,5,San Diego,Albuquerque,206,207,0,1,2023_131
Regular,Regular Season,2023,5,Tampa Bay,Lansing,196,217,0,1,2023_132
Regular,Regular Season,2023,5,Austin,Jacksonville,283.5,129.5,0,0,2023_133
Regular,Regular Season,2023,5,Anaheim,Boise,290,123,0,1,2023_134
Regular,Regular Season,2023,5,Nashville,Birmingham,36.5,376.5,1,1,2023_135
Regular,Regular Season,2023,5,El Paso,Tulsa,104,309,1,1,2023_136
Regular,Regular Season,2023,5,Anaheim,San Jose,269,144,1,1,2023_137
Regular,Regular Season,2023,5,Cincinnati,Kentucky,222.5,190.5,1,1,2023_138
Regular,Regular Season,2023,5,Nashville,Baltimore,21,392,0,1,2023_139
Regular,Regular Season,2023,5,Anchorage,Seattle,325,88,1,1,2023_140
Regular,Regular Season,2023,5,Columbus,Lansing,21,392,1,1,2023_141
Regular,Regular Season,2023,5,Albuquerque,Providence,104,309,0,0,2023_142
Regular,Regular Season,2023,5,Little Rock,Tampa Bay,382,31,1,1,2023_143
Regular,Regular Season,2023,5,Little Rock,Jacksonville,345.5,67.5,1,1,2023_144
Regular,Regular Season,2023,5,Lincoln,Seattle,242.5,170.5,1,1,2023_145
Regular,Regular Season,2023,5,St. Louis,Des Moines,361,52,0,0,2023_146
Regular,Regular Season,2023,5,Tulsa,Kentucky,361,52,0,0,2023_147
Regular,Regular Season,2023,5,Honolulu,Baltimore,330,83,0,0,2023_148
Regular,Regular Season,2023,5,Honolulu,Vegas,330,83,1,1,2023_149
Regular,Regular Season,2023,5,Austin,Cincinnati,206,207,0,0,2023_150
Regular,Regular Season,2023,6,Tampa Bay,El Paso,340,73,0,0,2023_151
Regular,Regular Season,2023,6,Columbus,Kentucky,21,392,1,1,2023_152
Regular,Regular Season,2023,6,Manchester,Baltimore,222.5,190.5,1,1,2023_153
Regular,Regular Season,2023,6,Manchester,Providence,135,278,1,1,2023_154
Regular,Regular Season,2023,6,Lincoln,Vancouver,392,21,1,1,2023_155
Regular,Regular Season,2023,6,San Diego,Vegas,0,413,1,1,2023_156
Regular,Regular Season,2023,6,Boise,Anaheim,103,310,0,1,2023_157
Regular,Regular Season,2023,6,Jacksonville,Tampa Bay,21,392,1,1,2023_158
Regular,Regular Season,2023,6,Anchorage,Seattle,258,155,1,1,2023_159
Regular,Regular Season,2023,6,Honolulu,San Jose,320,93,1,1,2023_160
Regular,Regular Season,2023,6,Nashville,Austin,258.5,154.5,0,0,2023_161
Regular,Regular Season,2023,6,Kentucky,Honolulu,156,257,0,0,2023_162
Regular,Regular Season,2023,6,Providence,Lincoln,145,268,0,0,2023_163
Regular,Regular Season,2023,6,Buffalo,Cincinnati,93,320,0,1,2023_164
Regular,Regular Season,2023,6,Austin,Tulsa,42,371,1,1,2023_165
Regular,Regular Season,2023,6,Jacksonville,Vegas,109.5,303.5,0,0,2023_166
Regular,Regular Season,2023,6,Buffalo,Anchorage,155,258,0,0,2023_167
Regular,Regular Season,2023,6,Little Rock,Nashville,237,176,1,1,2023_168
Regular,Regular Season,2023,6,Little Rock,Albuquerque,237,176,0,0,2023_169
Regular,Regular Season,2023,6,El Paso,St. Louis,160.5,252.5,1,1,2023_170
Regular,Regular Season,2023,6,Lansing,San Diego,361,52,0,0,2023_171
Regular,Regular Season,2023,6,Des Moines,Lansing,52,361,1,1,2023_172
Regular,Regular Season,2023,6,Columbus,Vancouver,114,299,0,0,2023_173
Regular,Regular Season,2023,6,Des Moines,Anaheim,52,361,0,0,2023_174
Regular,Regular Season,2023,6,Tulsa,St. Louis,299,114,1,1,2023_175
Regular,Regular Season,2023,6,Albuquerque,Birmingham,247,166,0,0,2023_176
Regular,Regular Season,2023,6,Baltimore,Pittsburgh,371,42,1,1,2023_177
Regular,Regular Season,2023,6,Cincinnati,Seattle,361,52,0,0,2023_178
Regular,Regular Season,2023,6,Birmingham,San Jose,124,289,0,0,2023_179
Regular,Regular Season,2023,6,Pittsburgh,Boise,98.5,314.5,0,0,2023_180
Regular,Regular Season,2023,7,Vancouver,Lincoln,114,299,1,1,2023_181
Regular,Regular Season,2023,7,Tampa Bay,Anaheim,340,73,0,0,2023_182
Regular,Regular Season,2023,7,Tampa Bay,Little Rock,320,93,1,1,2023_183
Regular,Regular Season,2023,7,Vegas,San Jose,52,361,1,1,2023_184
Regular,Regular Season,2023,7,Providence,Manchester,31,382,1,1,2023_185
Regular,Regular Season,2023,7,Columbus,Cincinnati,52,361,1,1,2023_186
Regular,Regular Season,2023,7,Austin,Albuquerque,88.5,324.5,1,1,2023_187
Regular,Regular Season,2023,7,St. Louis,El Paso,114,299,1,1,2023_188
Regular,Regular Season,2023,7,Vegas,San Diego,221.5,191.5,1,1,2023_189
Regular,Regular Season,2023,7,Kentucky,Columbus,330,83,1,1,2023_190
Regular,Regular Season,2023,7,Pittsburgh,Buffalo,93,320,1,1,2023_191
Regular,Regular Season,2023,7,San Diego,Anaheim,186,227,1,1,2023_192
Regular,Regular Season,2023,7,Seattle,Boise,166,247,1,1,2023_193
Regular,Regular Season,2023,7,Lansing,Baltimore,258,155,0,1,2023_194
Regular,Regular Season,2023,7,Tulsa,Honolulu,104,309,0,1,2023_195
Regular,Regular Season,2023,7,Buffalo,Baltimore,115,298,1,1,2023_196
Regular,Regular Season,2023,7,Birmingham,Boise,217,196,0,0,2023_197
Regular,Regular Season,2023,7,Kentucky,Des Moines,299,114,1,1,2023_198
Regular,Regular Season,2023,7,Tulsa,El Paso,104,309,1,1,2023_199
Regular,Regular Season,2023,7,Pittsburgh,Manchester,93,320,1,1,2023_200
Regular,Regular Season,2023,7,Lincoln,Anchorage,104,309,1,1,2023_201
Regular,Regular Season,2023,7,Nashville,Jacksonville,21,392,1,1,2023_202
Regular,Regular Season,2023,7,Cincinnati,Providence,345.5,67.5,0,1,2023_203
Regular,Regular Season,2023,7,Jacksonville,Birmingham,258,155,1,1,2023_204
Regular,Regular Season,2023,7,Anchorage,Albuquerque,320,93,0,1,2023_205
Regular,Regular Season,2023,7,Nashville,Little Rock,42,371,1,1,2023_206
Regular,Regular Season,2023,7,Vancouver,Seattle,93,320,1,1,2023_207
Regular,Regular Season,2023,7,San Jose,Honolulu,237,176,1,1,2023_208
Regular,Regular Season,2023,7,St. Louis,Austin,299,114,1,1,2023_209
Regular,Regular Season,2023,7,Lansing,Des Moines,361,52,1,1,2023_210
Regular,Regular Season,2023,8,San Jose,Vegas,278,135,1,1,2023_211
Regular,Regular Season,2023,8,Albuquerque,Seattle,67.5,345.5,0,1,2023_212
Regular,Regular Season,2023,8,St. Louis,Vancouver,221.5,191.5,0,1,2023_213
Regular,Regular Season,2023,8,Birmingham,Pittsburgh,231.5,181.5,0,1,2023_214
Regular,Regular Season,2023,8,Anaheim,El Paso,268,145,0,1,2023_215
Regular,Regular Season,2023,8,Cincinnati,Little Rock,119.5,293.5,0,1,2023_216
Regular,Regular Season,2023,8,Honolulu,St. Louis,320,93,0,1,2023_217
Regular,Regular Season,2023,8,Anchorage,Baltimore,268,145,0,0,2023_218
Regular,Regular Season,2023,8,Jacksonville,Providence,314.5,98.5,0,1,2023_219
Regular,Regular Season,2023,8,Cincinnati,Tampa Bay,83,330,0,1,2023_220
Regular,Regular Season,2023,8,Lincoln,Vegas,278,135,0,1,2023_221
Regular,Regular Season,2023,8,El Paso,Seattle,268,145,0,1,2023_222
Regular,Regular Season,2023,8,Baltimore,Des Moines,330,83,0,1,2023_223
Regular,Regular Season,2023,8,Anaheim,Tulsa,258,155,0,1,2023_224
Regular,Regular Season,2023,8,Columbus,Nashville,67.5,345.5,0,1,2023_225
Regular,Regular Season,2023,8,Nashville,Providence,31,382,0,1,2023_226
Regular,Regular Season,2023,8,Boise,San Jose,217,196,0,1,2023_227
Regular,Regular Season,2023,8,Austin,Vancouver,36.5,376.5,0,1,2023_228
Regular,Regular Season,2023,8,Little Rock,Pittsburgh,392,21,0,1,2023_229
Regular,Regular Season,2023,8,Manchester,Lansing,289,124,0,1,2023_230
Regular,Regular Season,2023,8,Anchorage,San Diego,299,114,0,1,2023_231
Regular,Regular Season,2023,8,Kentucky,Lansing,191.5,221.5,1,1,2023_232
Regular,Regular Season,2023,8,Buffalo,Kentucky,83,330,0,1,2023_233
Regular,Regular Season,2023,8,San Diego,Tulsa,73,340,0,1,2023_234
Regular,Regular Season,2023,8,Birmingham,Buffalo,186,227,0,1,2023_235
Regular,Regular Season,2023,8,Austin,Lincoln,52,361,0,1,2023_236
Regular,Regular Season,2023,8,Albuquerque,Boise,114,299,0,1,2023_237
Regular,Regular Season,2023,8,Jacksonville,Manchester,252.5,160.5,0,1,2023_238
Regular,Regular Season,2023,8,Des Moines,Tampa Bay,52,361,0,1,2023_239
Regular,Regular Season,2023,8,Honolulu,Columbus,392,21,0,0,2023_240
Regular,Regular Season,2023,9,Buffalo,Tampa Bay,52,361,0,1,2023_241
Regular,Regular Season,2023,9,El Paso,Tulsa,114,299,1,1,2023_242
Regular,Regular Season,2023,9,Boise,St. Louis,242.5,170.5,0,1,2023_243
Regular,Regular Season,2023,9,Lincoln,El Paso,52,361,0,1,2023_244
Regular,Regular Season,2023,9,Vancouver,Des Moines,103.5,309.5,0,0,2023_245
Regular,Regular Season,2023,9,Lincoln,Cincinnati,170.5,242.5,0,0,2023_246
Regular,Regular Season,2023,9,San Diego,Birmingham,145,268,0,0,2023_247
Regular,Regular Season,2023,9,Austin,Tampa Bay,145,268,0,0,2023_248
Regular,Regular Season,2023,9,Baltimore,Tulsa,73,340,0,0,2023_249
Regular,Regular Season,2023,9,Seattle,Austin,268,145,0,1,2023_250
Regular,Regular Season,2023,9,San Jose,Jacksonville,176,237,0,0,2023_251
Regular,Regular Season,2023,9,Vancouver,Albuquerque,67.5,345.5,0,1,2023_252
Regular,Regular Season,2023,9,Cincinnati,Birmingham,268,145,0,1,2023_253
Regular,Regular Season,2023,9,Albuquerque,Nashville,227,186,0,0,2023_254
Regular,Regular Season,2023,9,Honolulu,San Jose,268,145,1,1,2023_255
Regular,Regular Season,2023,9,Anaheim,Kentucky,361,52,0,0,2023_256
Regular,Regular Season,2023,9,St. Louis,Anchorage,180.5,232.5,0,1,2023_257
Regular,Regular Season,2023,9,Baltimore,Pittsburgh,361,52,1,1,2023_258
Regular,Regular Season,2023,9,Vegas,Little Rock,104,309,0,0,2023_259
Regular,Regular Season,2023,9,Manchester,Nashville,289,124,0,1,2023_260
Regular,Regular Season,2023,9,Des Moines,Kentucky,73,340,1,1,2023_261
Regular,Regular Season,2023,9,Boise,Providence,237,176,0,0,2023_262
Regular,Regular Season,2023,9,San Diego,Anchorage,62,351,0,1,2023_263
Regular,Regular Season,2023,9,Honolulu,Lansing,221.5,191.5,0,0,2023_264
Regular,Regular Season,2023,9,Anaheim,Vegas,340,73,1,1,2023_265
Regular,Regular Season,2023,9,Pittsburgh,Little Rock,52,361,0,1,2023_266
Regular,Regular Season,2023,9,Buffalo,Manchester,114,299,1,1,2023_267
Regular,Regular Season,2023,9,Columbus,Lansing,52,361,1,1,2023_268
Regular,Regular Season,2023,9,Seattle,Columbus,392,21,0,0,2023_269
Regular,Regular Season,2023,9,Providence,Jacksonville,145,268,0,1,2023_270
Regular,Regular Season,2023,10,Honolulu,Providence,258,155,0,0,2023_271
Regular,Regular Season,2023,10,San Jose,Columbus,227,186,0,0,2023_272
Regular,Regular Season,2023,10,San Diego,Cincinnati,124,289,0,0,2023_273
Regular,Regular Season,2023,10,El Paso,Birmingham,197,216,0,0,2023_274
Regular,Regular Season,2023,10,El Paso,Austin,289,124,1,1,2023_275
Regular,Regular Season,2023,10,Columbus,Baltimore,258,155,0,1,2023_276
Regular,Regular Season,2023,10,Tampa Bay,Nashville,309,104,1,1,2023_277
Regular,Regular Season,2023,10,Lansing,Seattle,166.5,246.5,0,0,2023_278
Regular,Regular Season,2023,10,Anchorage,Boise,243.5,169.5,1,1,2023_279
Regular,Regular Season,2023,10,Tulsa,Little Rock,186.5,226.5,0,0,2023_280
Regular,Regular Season,2023,10,Little Rock,Honolulu,360.5,52.5,0,0,2023_281
Regular,Regular Season,2023,10,Nashville,San Diego,83,330,0,0,2023_282
Regular,Regular Season,2023,10,Pittsburgh,Anchorage,114,299,0,0,2023_283
Regular,Regular Season,2023,10,Providence,Manchester,114,299,1,1,2023_284
Regular,Regular Season,2023,10,St. Louis,Jacksonville,114,299,0,0,2023_285
Regular,Regular Season,2023,10,Jacksonville,Anaheim,123,290,0,0,2023_286
Regular,Regular Season,2023,10,Vegas,Des Moines,21,392,0,0,2023_287
Regular,Regular Season,2023,10,Albuquerque,Kentucky,73,340,0,0,2023_288
Regular,Regular Season,2023,10,St. Louis,Albuquerque,279,134,1,1,2023_289
Regular,Regular Season,2023,10,Kentucky,Lincoln,134,279,0,0,2023_290
Regular,Regular Season,2023,10,Vancouver,Manchester,146,267,0,0,2023_291
Regular,Regular Season,2023,10,Austin,Lansing,124,289,0,0,2023_292
Regular,Regular Season,2023,10,Lincoln,Baltimore,299,114,0,0,2023_293
Regular,Regular Season,2023,10,Cincinnati,Buffalo,258,155,0,1,2023_294
Regular,Regular Season,2023,10,Tulsa,Vegas,392,21,0,1,2023_295
Regular,Regular Season,2023,10,Seattle,Buffalo,320,93,0,0,2023_296
Regular,Regular Season,2023,10,Tampa Bay,San Jose,268,145,0,0,2023_297
Regular,Regular Season,2023,10,Anaheim,Pittsburgh,340,73,0,0,2023_298
Regular,Regular Season,2023,10,Des Moines,Boise,191.5,221.5,0,0,2023_299
Regular,Regular Season,2023,10,Birmingham,Vancouver,257,156,0,0,2023_300
Regular,Regular Season,2023,11,Little Rock,Vegas,361,52,0,0,2023_301
Regular,Regular Season,2023,11,Providence,Des Moines,185,228,0,1,2023_302
Regular,Regular Season,2023,11,Lansing,Honolulu,145,268,0,0,2023_303
Regular,Regular Season,2023,11,Providence,Boise,42,371,0,0,2023_304
Regular,Regular Season,2023,11,Tulsa,El Paso,258,155,1,1,2023_305
Regular,Regular Season,2023,11,Manchester,Buffalo,258,155,1,1,2023_306
Regular,Regular Season,2023,11,Anchorage,St. Louis,238,175,0,1,2023_307
Regular,Regular Season,2023,11,Kentucky,Anaheim,145,268,0,0,2023_308
Regular,Regular Season,2023,11,Lincoln,Nashville,361,52,0,0,2023_309
Regular,Regular Season,2023,11,Pittsburgh,Kentucky,42,371,0,1,2023_310
Regular,Regular Season,2023,11,Buffalo,Birmingham,310,103,0,1,2023_311
Regular,Regular Season,2023,11,Honolulu,El Paso,289,124,0,1,2023_312
Regular,Regular Season,2023,11,Jacksonville,San Jose,392,21,0,0,2023_313
Regular,Regular Season,2023,11,Baltimore,Jacksonville,93,320,0,1,2023_314
Regular,Regular Season,2023,11,Pittsburgh,Baltimore,73,340,1,1,2023_315
Regular,Regular Season,2023,11,Seattle,Tampa Bay,21,392,0,0,2023_316
Regular,Regular Season,2023,11,Vancouver,Tulsa,21,392,0,1,2023_317
Regular,Regular Season,2023,11,Des Moines,Vancouver,330,83,0,0,2023_318
Regular,Regular Season,2023,11,Nashville,Albuquerque,83,330,0,0,2023_319
Regular,Regular Season,2023,11,Vegas,Anchorage,21,392,0,1,2023_320
Regular,Regular Season,2023,11,Tampa Bay,Austin,392,21,0,0,2023_321
Regular,Regular Season,2023,11,Cincinnati,Columbus,289,124,1,1,2023_322
Regular,Regular Season,2023,11,Manchester,Lansing,165.5,247.5,0,1,2023_323
Regular,Regular Season,2023,11,Birmingham,San Diego,279,134,0,0,2023_324
Regular,Regular Season,2023,11,San Diego,Austin,345.5,67.5,0,1,2023_325
Regular,Regular Season,2023,11,Cincinnati,Lincoln,237,176,0,0,2023_326
Regular,Regular Season,2023,11,Columbus,Seattle,269,144,0,0,2023_327
Regular,Regular Season,2023,11,San Jose,Albuquerque,231.5,181.5,0,1,2023_328
Regular,Regular Season,2023,11,Boise,Little Rock,195,218,0,0,2023_329
Regular,Regular Season,2023,11,Anaheim,St. Louis,269,144,0,1,2023_330
Regular,Regular Season,2023,12,Vancouver,Boise,42,371,1,1,2023_331
Regular,Regular Season,2023,12,Providence,Anchorage,134,279,0,0,2023_332
Regular,Regular Season,2023,12,St. Louis,San Jose,166,247,0,1,2023_333
Regular,Regular Season,2023,12,Providence,Baltimore,195,218,1,1,2023_334
Regular,Regular Season,2023,12,Nashville,Anaheim,21,392,0,0,2023_335
Regular,Regular Season,2023,12,Vegas,Honolulu,165.5,247.5,1,1,2023_336
Regular,Regular Season,2023,12,San Jose,Anaheim,31.5,381.5,1,1,2023_337
Regular,Regular Season,2023,12,St. Louis,San Diego,177,236,0,1,2023_338
Regular,Regular Season,2023,12,Austin,Albuquerque,170.5,242.5,1,1,2023_339
Regular,Regular Season,2023,12,Tulsa,Albuquerque,259,154,1,1,2023_340
Regular,Regular Season,2023,12,Birmingham,Lincoln,174,239,0,0,2023_341
Regular,Regular Season,2023,12,Tampa Bay,Nashville,392,21,1,1,2023_342
Regular,Regular Season,2023,12,Jacksonville,Lincoln,206,207,0,0,2023_343
Regular,Regular Season,2023,12,Des Moines,Buffalo,145,268,0,1,2023_344
Regular,Regular Season,2023,12,Columbus,Manchester,191.5,221.5,0,1,2023_345
Regular,Regular Season,2023,12,Manchester,Buffalo,345.5,67.5,1,1,2023_346
Regular,Regular Season,2023,12,Columbus,Pittsburgh,289,124,0,1,2023_347
Regular,Regular Season,2023,12,El Paso,Austin,289,124,1,1,2023_348
Regular,Regular Season,2023,12,Lansing,Kentucky,280,133,1,1,2023_349
Regular,Regular Season,2023,12,Little Rock,Birmingham,392,21,1,1,2023_350
Regular,Regular Season,2023,12,Kentucky,Baltimore,268,145,0,1,2023_351
Regular,Regular Season,2023,12,Des Moines,Cincinnati,176,237,1,1,2023_352
Regular,Regular Season,2023,12,Jacksonville,Seattle,289,124,0,0,2023_353
Regular,Regular Season,2023,12,Tulsa,San Diego,258,155,0,1,2023_354
Regular,Regular Season,2023,12,Little Rock,Vancouver,392,21,0,0,2023_355
Regular,Regular Season,2023,12,Lansing,Boise,187,226,0,0,2023_356
Regular,Regular Season,2023,12,Cincinnati,Pittsburgh,258,155,0,1,2023_357
Regular,Regular Season,2023,12,Tampa Bay,Honolulu,299,114,0,0,2023_358
Regular,Regular Season,2023,12,El Paso,Vegas,237,176,0,1,2023_359
Regular,Regular Season,2023,12,Seattle,Anchorage,165,248,1,1,2023_360
Regular,Regular Season,2023,13,Tampa Bay,Baltimore,206,207,0,1,2023_361
Regular,Regular Season,2023,13,Baltimore,Seattle,355.5,57.5,0,0,2023_362
Regular,Regular Season,2023,13,Buffalo,Vancouver,216.5,196.5,0,0,2023_363
Regular,Regular Season,2023,13,Honolulu,Austin,361,52,0,1,2023_364
Regular,Regular Season,2023,13,Columbus,Vegas,185.5,227.5,0,0,2023_365
Regular,Regular Season,2023,13,Anaheim,Albuquerque,361,52,0,1,2023_366
Regular,Regular Season,2023,13,Boise,Lincoln,303.5,109.5,1,1,2023_367
Regular,Regular Season,2023,13,Pittsburgh,Kentucky,42,371,0,1,2023_368
Regular,Regular Season,2023,13,Columbus,Jacksonville,21,392,0,1,2023_369
Regular,Regular Season,2023,13,Lansing,El Paso,211.5,201.5,0,0,2023_370
Regular,Regular Season,2023,13,Cincinnati,Birmingham,392,21,0,1,2023_371
Regular,Regular Season,2023,13,Manchester,Anaheim,154,259,0,0,2023_372
Regular,Regular Season,2023,13,Pittsburgh,Honolulu,21,392,0,0,2023_373
Regular,Regular Season,2023,13,Seattle,San Jose,278,135,0,1,2023_374
Regular,Regular Season,2023,13,Cincinnati,San Jose,392,21,0,0,2023_375
Regular,Regular Season,2023,13,San Diego,El Paso,52,361,0,1,2023_376
Regular,Regular Season,2023,13,Vancouver,Vegas,392,21,0,1,2023_377
Regular,Regular Season,2023,13,Kentucky,Austin,350.5,62.5,0,0,2023_378
Regular,Regular Season,2023,13,Tulsa,Anchorage,289,124,0,1,2023_379
Regular,Regular Season,2023,13,Providence,Lansing,52,361,0,1,2023_380
Regular,Regular Season,2023,13,Des Moines,Albuquerque,83,330,0,0,2023_381
Regular,Regular Season,2023,13,Birmingham,St. Louis,155,258,0,0,2023_382
Regular,Regular Season,2023,13,Boise,Lincoln,303.5,109.5,1,1,2023_383
Regular,Regular Season,2023,13,Anchorage,Nashville,392,21,0,0,2023_384
Regular,Regular Season,2023,13,Buffalo,Manchester,52,361,1,1,2023_385
Regular,Regular Season,2023,13,Jacksonville,Tulsa,21,392,0,0,2023_386
Regular,Regular Season,2023,13,Little Rock,Tampa Bay,31,382,1,1,2023_387
Regular,Regular Season,2023,13,St. Louis,Nashville,392,21,0,0,2023_388
Regular,Regular Season,2023,13,Des Moines,Little Rock,83,330,0,1,2023_389
Regular,Regular Season,2023,13,Providence,San Diego,176,237,0,0,2023_390
Regular,Regular Season,2023,14,Boise,San Diego,371,42,0,1,2023_391
Regular,Regular Season,2023,14,Lincoln,Honolulu,52,361,0,1,2023_392
Regular,Regular Season,2023,14,El Paso,Lincoln,382,31,0,1,2023_393
Regular,Regular Season,2023,14,Baltimore,San Jose,228,185,0,0,2023_394
Regular,Regular Season,2023,14,Little Rock,Pittsburgh,392,21,0,1,2023_395
Regular,Regular Season,2023,14,Des Moines,Tampa Bay,124,289,0,1,2023_396
Regular,Regular Season,2023,14,Austin,Seattle,124,289,0,1,2023_397
Regular,Regular Season,2023,14,Pittsburgh,Austin,36.5,376.5,0,0,2023_398
Regular,Regular Season,2023,14,Vegas,Anaheim,52,361,1,1,2023_399
Regular,Regular Season,2023,14,Anchorage,San Diego,371,42,0,1,2023_400
Regular,Regular Season,2023,14,Birmingham,Cincinnati,93,320,0,1,2023_401
Regular,Regular Season,2023,14,Seattle,Anaheim,104,309,0,1,2023_402
Regular,Regular Season,2023,14,Birmingham,Jacksonville,207,206,1,1,2023_403
Regular,Regular Season,2023,14,Albuquerque,Vancouver,350.5,62.5,0,1,2023_404
Regular,Regular Season,2023,14,Kentucky,Des Moines,330,83,1,1,2023_405
Regular,Regular Season,2023,14,Tampa Bay,Buffalo,309,104,0,1,2023_406
Regular,Regular Season,2023,14,Vancouver,Anchorage,104,309,1,1,2023_407
Regular,Regular Season,2023,14,Tulsa,Baltimore,340,73,0,0,2023_408
Regular,Regular Season,2023,14,Columbus,Tulsa,21,392,0,0,2023_409
Regular,Regular Season,2023,14,Cincinnati,St. Louis,299,114,0,0,2023_410
Regular,Regular Season,2023,14,Lansing,Columbus,361,52,1,1,2023_411
Regular,Regular Season,2023,14,Providence,El Paso,93,320,0,0,2023_412
Regular,Regular Season,2023,14,San Jose,Honolulu,21,392,1,1,2023_413
Regular,Regular Season,2023,14,St. Louis,Boise,103.5,309.5,0,1,2023_414
Regular,Regular Season,2023,14,Nashville,Manchester,36.5,376.5,0,1,2023_415
Regular,Regular Season,2023,14,Jacksonville,Providence,149.5,263.5,0,1,2023_416
Regular,Regular Season,2023,14,Buffalo,Vegas,314.5,98.5,0,0,2023_417
Regular,Regular Season,2023,14,Manchester,Albuquerque,218,195,0,0,2023_418
Regular,Regular Season,2023,14,Kentucky,Nashville,392,21,0,1,2023_419
Regular,Regular Season,2023,14,Lansing,Little Rock,52,361,0,1,2023_420
Regular,Regular Season,2023,15,Tulsa,San Jose,314.5,98.5,0,1,2023_421
Regular,Regular Season,2023,15,Columbus,Buffalo,21,392,0,1,2023_422
Regular,Regular Season,2023,15,St. Louis,Vegas,119.5,293.5,0,1,2023_423
Regular,Regular Season,2023,15,Tampa Bay,San Diego,361,52,0,0,2023_424
Regular,Regular Season,2023,15,El Paso,Albuquerque,221.5,191.5,1,1,2023_425
Regular,Regular Season,2023,15,Pittsburgh,Providence,21,392,1,1,2023_426
Regular,Regular Season,2023,15,Lansing,Lincoln,288.5,124.5,0,0,2023_427
Regular,Regular Season,2023,15,El Paso,Anchorage,268,145,0,1,2023_428
Regular,Regular Season,2023,15,Albuquerque,Tulsa,42,371,1,1,2023_429
Regular,Regular Season,2023,15,Des Moines,Baltimore,52,361,0,1,2023_430
Regular,Regular Season,2023,15,Little Rock,Baltimore,166,247,0,1,2023_431
Regular,Regular Season,2023,15,Birmingham,Seattle,93,320,0,0,2023_432
Regular,Regular Season,2023,15,Providence,Pittsburgh,392,21,1,1,2023_433
Regular,Regular Season,2023,15,Jacksonville,Nashville,340,73,1,1,2023_434
Regular,Regular Season,2023,15,Jacksonville,Vancouver,268,145,0,0,2023_435
Regular,Regular Season,2023,15,Kentucky,Boise,221.5,191.5,0,0,2023_436
Regular,Regular Season,2023,15,Lincoln,Anaheim,165.5,247.5,0,1,2023_437
Regular,Regular Season,2023,15,Birmingham,Tampa Bay,21,392,1,1,2023_438
Regular,Regular Season,2023,15,Des Moines,Kentucky,93,320,1,1,2023_439
Regular,Regular Season,2023,15,Nashville,Honolulu,52,361,0,0,2023_440
Regular,Regular Season,2023,15,Buffalo,Columbus,392,21,0,1,2023_441
Regular,Regular Season,2023,15,Manchester,Cincinnati,124,289,0,1,2023_442
Regular,Regular Season,2023,15,Boise,Honolulu,155,258,0,1,2023_443
Regular,Regular Season,2023,15,Seattle,Vancouver,237,176,1,1,2023_444
Regular,Regular Season,2023,15,Cincinnati,Manchester,289,124,0,1,2023_445
Regular,Regular Season,2023,15,Anchorage,Austin,252.5,160.5,0,1,2023_446
Regular,Regular Season,2023,15,Little Rock,Anaheim,83,330,0,0,2023_447
Regular,Regular Season,2023,15,Austin,St. Louis,309,104,1,1,2023_448
Regular,Regular Season,2023,15,San Diego,San Jose,83,330,1,1,2023_449
Regular,Regular Season,2023,15,Vegas,Lansing,119.5,293.5,0,0,2023_450
Regular,Regular Season,2023,16,San Diego,Baltimore,73,340,0,0,2023_451
Regular,Regular Season,2023,16,Anchorage,Honolulu,170.5,242.5,0,1,2023_452
Regular,Regular Season,2023,16,San Jose,Austin,361,52,0,1,2023_453
Regular,Regular Season,2023,16,Jacksonville,Anchorage,31,382,0,0,2023_454
Regular,Regular Season,2023,16,Anaheim,San Diego,371,42,1,1,2023_455
Regular,Regular Season,2023,16,Albuquerque,Pittsburgh,361,52,0,0,2023_456
Regular,Regular Season,2023,16,El Paso,Boise,268,145,0,1,2023_457
Regular,Regular Season,2023,16,Cincinnati,Des Moines,361,52,1,1,2023_458
Regular,Regular Season,2023,16,Vegas,Manchester,289,124,0,0,2023_459
Regular,Regular Season,2023,16,Kentucky,Jacksonville,237,176,0,1,2023_460
Regular,Regular Season,2023,16,Little Rock,Buffalo,227,186,0,1,2023_461
Regular,Regular Season,2023,16,San Jose,Buffalo,268,145,0,0,2023_462
Regular,Regular Season,2023,16,St. Louis,Lincoln,62,351,0,1,2023_463
Regular,Regular Season,2023,16,Honolulu,Boise,299,114,0,1,2023_464
Regular,Regular Season,2023,16,Tampa Bay,Pittsburgh,392,21,0,1,2023_465
Regular,Regular Season,2023,16,Nashville,Lansing,52,361,0,1,2023_466
Regular,Regular Season,2023,16,Tampa Bay,Kentucky,366.5,46.5,0,1,2023_467
Regular,Regular Season,2023,16,Austin,Providence,52,361,0,0,2023_468
Regular,Regular Season,2023,16,Tulsa,Seattle,176,237,0,1,2023_469
Regular,Regular Season,2023,16,Tulsa,Des Moines,340,73,0,0,2023_470
Regular,Regular Season,2023,16,Baltimore,Columbus,376.5,36.5,0,1,2023_471
Regular,Regular Season,2023,16,Vancouver,Seattle,21,392,1,1,2023_472
Regular,Regular Season,2023,16,Nashville,Manchester,124.5,288.5,0,1,2023_473
Regular,Regular Season,2023,16,Vegas,Albuquerque,248,165,0,1,2023_474
Regular,Regular Season,2023,16,El Paso,Cincinnati,124,289,0,0,2023_475
Regular,Regular Season,2023,16,St. Louis,Columbus,330,83,0,0,2023_476
Regular,Regular Season,2023,16,Anaheim,Lincoln,289,124,0,1,2023_477
Regular,Regular Season,2023,16,Little Rock,Birmingham,166,247,1,1,2023_478
Regular,Regular Season,2023,16,Vancouver,Providence,67.5,345.5,0,0,2023_479
Regular,Regular Season,2023,16,Lansing,Birmingham,248,165,0,1,2023_480
Regular,Regular Season,2023,17,Columbus,Boise,21,392,0,0,2023_481
Regular,Regular Season,2023,17,Buffalo,San Diego,217,196,0,0,2023_482
Regular,Regular Season,2023,17,Birmingham,Nashville,392,21,1,1,2023_483
Regular,Regular Season,2023,17,Jacksonville,Little Rock,154,259,1,1,2023_484
Regular,Regular Season,2023,17,Pittsburgh,Vegas,114,299,0,0,2023_485
Regular,Regular Season,2023,17,Columbus,El Paso,52,361,0,0,2023_486
Regular,Regular Season,2023,17,Manchester,San Jose,166,247,0,0,2023_487
Regular,Regular Season,2023,17,Providence,Buffalo,154,259,1,1,2023_488
Regular,Regular Season,2023,17,St. Louis,Austin,175,238,1,1,2023_489
Regular,Regular Season,2023,17,Des Moines,St. Louis,98.5,314.5,0,0,2023_490
Regular,Regular Season,2023,17,Anchorage,El Paso,216.5,196.5,0,1,2023_491
Regular,Regular Season,2023,17,Cincinnati,Baltimore,258,155,0,1,2023_492
Regular,Regular Season,2023,17,Tulsa,Albuquerque,330,83,1,1,2023_493
Regular,Regular Season,2023,17,Boise,Anaheim,52,361,0,1,2023_494
Regular,Regular Season,2023,17,Jacksonville,Honolulu,114,299,0,0,2023_495
Regular,Regular Season,2023,17,Pittsburgh,Manchester,145,268,1,1,2023_496
Regular,Regular Season,2023,17,Des Moines,Lincoln,36.5,376.5,0,0,2023_497
Regular,Regular Season,2023,17,Providence,Albuquerque,216,197,0,0,2023_498
Regular,Regular Season,2023,17,Lincoln,Vancouver,392,21,1,1,2023_499
Regular,Regular Season,2023,17,Nashville,San Jose,52,361,0,0,2023_500
Regular,Regular Season,2023,17,Seattle,Anchorage,268,145,1,1,2023_501
Regular,Regular Season,2023,17,Lansing,Tampa Bay,124,289,0,1,2023_502
Regular,Regular Season,2023,17,Lansing,Vancouver,361,52,0,0,2023_503
Regular,Regular Season,2023,17,Birmingham,Anaheim,93,320,0,0,2023_504
Regular,Regular Season,2023,17,Baltimore,Honolulu,196,217,0,0,2023_505
Regular,Regular Season,2023,17,Kentucky,Seattle,258,155,0,0,2023_506
Regular,Regular Season,2023,17,Tampa Bay,Vegas,309,104,0,0,2023_507
Regular,Regular Season,2023,17,Little Rock,San Diego,371,42,0,0,2023_508
Regular,Regular Season,2023,17,Cincinnati,Austin,258,155,0,0,2023_509
Regular,Regular Season,2023,17,Kentucky,Tulsa,83,330,0,0,2023_510
Regular,Regular Season,2023,18,St. Louis,Tulsa,52,361,1,1,2023_511
Regular,Regular Season,2023,18,Honolulu,Kentucky,165,248,0,0,2023_512
Regular,Regular Season,2023,18,Seattle,Cincinnati,52,361,0,0,2023_513
Regular,Regular Season,2023,18,San Diego,Lansing,83,330,0,0,2023_514
Regular,Regular Season,2023,18,Columbus,Tampa Bay,36.5,376.5,0,1,2023_515
Regular,Regular Season,2023,18,El Paso,Vancouver,320,93,0,1,2023_516
Regular,Regular Season,2023,18,Birmingham,Manchester,237,176,0,1,2023_517
Regular,Regular Season,2023,18,Honolulu,Tulsa,212,201,0,1,2023_518
Regular,Regular Season,2023,18,San Diego,Des Moines,392,21,0,0,2023_519
Regular,Regular Season,2023,18,Anaheim,Des Moines,392,21,0,0,2023_520
Regular,Regular Season,2023,18,Anaheim,St. Louis,392,21,0,1,2023_521
Regular,Regular Season,2023,18,Jacksonville,Pittsburgh,340,73,0,1,2023_522
Regular,Regular Season,2023,18,San Jose,Birmingham,330,83,0,0,2023_523
Regular,Regular Season,2023,18,Vegas,Jacksonville,98.5,314.5,0,0,2023_524
Regular,Regular Season,2023,18,Baltimore,Kentucky,176,237,0,1,2023_525
Regular,Regular Season,2023,18,Albuquerque,Lincoln,226,187,0,1,2023_526
Regular,Regular Season,2023,18,Buffalo,Lansing,52,361,0,1,2023_527
Regular,Regular Season,2023,18,Austin,Seattle,221.5,191.5,0,1,2023_528
Regular,Regular Season,2023,18,Cincinnati,Nashville,361,52,0,1,2023_529
Regular,Regular Season,2023,18,Anchorage,San Jose,171.5,241.5,0,1,2023_530
Regular,Regular Season,2023,18,Baltimore,Manchester,278,135,1,1,2023_531
Regular,Regular Season,2023,18,Boise,Pittsburgh,222.5,190.5,0,0,2023_532
Regular,Regular Season,2023,18,El Paso,Tampa Bay,93,320,0,0,2023_533
Regular,Regular Season,2023,18,Albuquerque,Little Rock,216,197,0,0,2023_534
Regular,Regular Season,2023,18,Vancouver,Columbus,231.5,181.5,0,0,2023_535
Regular,Regular Season,2023,18,Little Rock,Providence,176,237,0,1,2023_536
Regular,Regular Season,2023,18,Lincoln,Providence,279,134,0,0,2023_537
Regular,Regular Season,2023,18,Anchorage,Buffalo,361,52,0,0,2023_538
Regular,Regular Season,2023,18,Boise,Vegas,340.5,72.5,0,1,2023_539
Regular,Regular Season,2023,18,Austin,Nashville,345.5,67.5,0,0,2023_540
Regular,Regular Season,2023,19,Kentucky,San Diego,340,73,0,0,2023_541
Regular,Regular Season,2023,19,Pittsburgh,Lincoln,114,299,0,0,2023_542
Regular,Regular Season,2023,19,Columbus,Lincoln,21,392,0,0,2023_543
Regular,Regular Season,2023,19,Columbus,Anaheim,21,392,0,0,2023_544
Regular,Regular Season,2023,19,Birmingham,Vegas,216,197,0,0,2023_545
Regular,Regular Season,2023,19,Manchester,Boise,242.5,170.5,0,0,2023_546
Regular,Regular Season,2023,19,St. Louis,El Paso,262.5,150.5,1,1,2023_547
Regular,Regular Season,2023,19,Birmingham,Honolulu,155,258,0,0,2023_548
Regular,Regular Season,2023,19,Des Moines,Seattle,21,392,0,0,2023_549
Regular,Regular Season,2023,19,Jacksonville,Albuquerque,52,361,0,0,2023_550
Regular,Regular Season,2023,19,Cincinnati,Vancouver,361,52,0,0,2023_551
Regular,Regular Season,2023,19,Kentucky,Vancouver,361,52,0,0,2023_552
Regular,Regular Season,2023,19,Providence,Baltimore,88.5,324.5,1,1,2023_553
Regular,Regular Season,2023,19,Buffalo,Baltimore,283.5,129.5,1,1,2023_554
Regular,Regular Season,2023,19,Anchorage,Tulsa,88.5,324.5,0,1,2023_555
Regular,Regular Season,2023,19,Lansing,San Jose,289,124,0,0,2023_556
Regular,Regular Season,2023,19,Tampa Bay,St. Louis,283.5,129.5,0,0,2023_557
Regular,Regular Season,2023,19,Lansing,Anaheim,154,259,0,0,2023_558
Regular,Regular Season,2023,19,Tulsa,Austin,392,21,1,1,2023_559
Regular,Regular Season,2023,19,Manchester,Anchorage,154,259,0,0,2023_560
Regular,Regular Season,2023,19,Jacksonville,San Diego,135,278,0,0,2023_561
Regular,Regular Season,2023,19,Des Moines,Honolulu,21,392,0,0,2023_562
Regular,Regular Season,2023,19,Nashville,El Paso,206,207,0,0,2023_563
Regular,Regular Season,2023,19,Pittsburgh,Buffalo,104,309,1,1,2023_564
Regular,Regular Season,2023,19,Little Rock,Austin,361,52,0,0,2023_565
Regular,Regular Season,2023,19,Nashville,Vegas,206,207,0,0,2023_566
Regular,Regular Season,2023,19,Cincinnati,Boise,155.5,257.5,0,0,2023_567
Regular,Regular Season,2023,19,Providence,Seattle,103,310,0,0,2023_568
Regular,Regular Season,2023,19,Little Rock,San Jose,176,237,0,0,2023_569
Regular,Regular Season,2023,19,Tampa Bay,Albuquerque,355.5,57.5,0,0,2023_570
Regular,Regular Season,2023,20,Honolulu,Austin,258,155,0,1,2023_571
Regular,Regular Season,2023,20,Lincoln,Tampa Bay,52,361,0,0,2023_572
Regular,Regular Season,2023,20,Pittsburgh,Lansing,52,361,0,1,2023_573
Regular,Regular Season,2023,20,Buffalo,Jacksonville,73,340,0,1,2023_574
Regular,Regular Season,2023,20,Baltimore,Little Rock,351,62,0,1,2023_575
Regular,Regular Season,2023,20,Anchorage,Tampa Bay,145,268,0,0,2023_576
Regular,Regular Season,2023,20,Seattle,Tulsa,227,186,0,1,2023_577
Regular,Regular Season,2023,20,Des Moines,San Jose,67.5,345.5,0,0,2023_578
Regular,Regular Season,2023,20,San Diego,Albuquerque,114,299,0,1,2023_579
Regular,Regular Season,2023,20,Anchorage,Columbus,392,21,0,0,2023_580
Regular,Regular Season,2023,20,Anaheim,El Paso,269,144,0,1,2023_581
Regular,Regular Season,2023,20,Jacksonville,El Paso,93,320,0,0,2023_582
Regular,Regular Season,2023,20,Cincinnati,Honolulu,212.5,200.5,0,0,2023_583
Regular,Regular Season,2023,20,Vancouver,St. Louis,248,165,0,1,2023_584
Regular,Regular Season,2023,20,Lansing,Albuquerque,249,164,0,0,2023_585
Regular,Regular Season,2023,20,Little Rock,St. Louis,206,207,0,0,2023_586
Regular,Regular Season,2023,20,Buffalo,Lincoln,93,320,0,0,2023_587
Regular,Regular Season,2023,20,Birmingham,Austin,273.5,139.5,0,0,2023_588
Regular,Regular Season,2023,20,Manchester,Birmingham,299,114,0,1,2023_589
Regular,Regular Season,2023,20,Nashville,Tulsa,114,299,0,0,2023_590
Regular,Regular Season,2023,20,Cincinnati,Des Moines,392,21,1,1,2023_591
Regular,Regular Season,2023,20,Kentucky,Vegas,330,83,0,0,2023_592
Regular,Regular Season,2023,20,Baltimore,Boise,263.5,149.5,0,0,2023_593
Regular,Regular Season,2023,20,Providence,Anaheim,113,300,0,0,2023_594
Regular,Regular Season,2023,20,Boise,Nashville,268,145,0,0,2023_595
Regular,Regular Season,2023,20,Pittsburgh,Vancouver,52,361,0,0,2023_596
Regular,Regular Season,2023,20,Providence,Kentucky,196,217,0,1,2023_597
Regular,Regular Season,2023,20,Manchester,Seattle,268,145,0,0,2023_598
Regular,Regular Season,2023,20,Columbus,San Diego,36.5,376.5,0,0,2023_599
Regular,Regular Season,2023,20,San Jose,Vegas,283.5,129.5,1,1,2023_600
Regular,Regular Season,2023,21,Anaheim,San Diego,227,186,1,1,2023_601
Regular,Regular Season,2023,21,Manchester,Tulsa,155,258,0,0,2023_602
Regular,Regular Season,2023,21,Boise,Seattle,165,248,1,1,2023_603
Regular,Regular Season,2023,21,Cincinnati,Vegas,269,144,0,0,2023_604
Regular,Regular Season,2023,21,Pittsburgh,San Diego,160.5,252.5,0,0,2023_605
Regular,Regular Season,2023,21,Baltimore,El Paso,166,247,0,0,2023_606
Regular,Regular Season,2023,21,Columbus,Albuquerque,83,330,0,0,2023_607
Regular,Regular Season,2023,21,Pittsburgh,Tampa Bay,73,340,0,1,2023_608
Regular,Regular Season,2023,21,Honolulu,Anchorage,268,145,0,1,2023_609
Regular,Regular Season,2023,21,Cincinnati,Little Rock,206,207,0,1,2023_610
Regular,Regular Season,2023,21,Lincoln,Albuquerque,207,206,0,1,2023_611
Regular,Regular Season,2023,21,Birmingham,Tulsa,103,310,0,0,2023_612
Regular,Regular Season,2023,21,Seattle,Vegas,279,134,0,1,2023_613
Regular,Regular Season,2023,21,Baltimore,Vancouver,309,104,0,0,2023_614
Regular,Regular Season,2023,21,Buffalo,Anaheim,104,309,0,0,2023_615
Regular,Regular Season,2023,21,Providence,Nashville,340,73,0,1,2023_616
Regular,Regular Season,2023,21,Kentucky,El Paso,289,124,0,0,2023_617
Regular,Regular Season,2023,21,Jacksonville,Tampa Bay,21,392,1,1,2023_618
Regular,Regular Season,2023,21,Providence,San Jose,186,227,0,0,2023_619
Regular,Regular Season,2023,21,Lincoln,Anchorage,114,299,1,1,2023_620
Regular,Regular Season,2023,21,Des Moines,Birmingham,36.5,376.5,0,1,2023_621
Regular,Regular Season,2023,21,Columbus,Jacksonville,52,361,0,1,2023_622
Regular,Regular Season,2023,21,Kentucky,Lansing,139.5,273.5,1,1,2023_623
Regular,Regular Season,2023,21,Manchester,Honolulu,52,361,0,0,2023_624
Regular,Regular Season,2023,21,Buffalo,St. Louis,135,278,0,0,2023_625
Regular,Regular Season,2023,21,Boise,Austin,221.5,191.5,0,1,2023_626
Regular,Regular Season,2023,21,Lansing,St. Louis,361,52,0,0,2023_627
Regular,Regular Season,2023,21,Vancouver,San Jose,83,330,0,1,2023_628
Regular,Regular Season,2023,21,Little Rock,Nashville,371,42,1,1,2023_629
Regular,Regular Season,2023,21,Des Moines,Austin,21,392,0,0,2023_630
Regular,Regular Season,2023,22,Anchorage,Vegas,160.5,252.5,0,1,2023_631
Regular,Regular Season,2023,22,Jacksonville,Buffalo,284,129,0,1,2023_632
Regular,Regular Season,2023,22,St. Louis,Seattle,145,268,0,1,2023_633
Regular,Regular Season,2023,22,San Jose,Albuquerque,252.5,160.5,0,1,2023_634
Regular,Regular Season,2023,22,Columbus,Des Moines,299,114,1,1,2023_635
Regular,Regular Season,2023,22,Honolulu,San Diego,309,104,1,1,2023_636
Regular,Regular Season,2023,22,Tampa Bay,Jacksonville,392,21,1,1,2023_637
Regular,Regular Season,2023,22,Vancouver,Baltimore,21,392,0,0,2023_638
Regular,Regular Season,2023,22,Austin,Des Moines,299,114,0,0,2023_639
Regular,Regular Season,2023,22,Tulsa,Birmingham,258,155,0,0,2023_640
Regular,Regular Season,2023,22,Nashville,Little Rock,93,320,1,1,2023_641
Regular,Regular Season,2023,22,Anaheim,Cincinnati,145.5,267.5,0,0,2023_642
Regular,Regular Season,2023,22,Anaheim,Buffalo,392,21,0,0,2023_643
Regular,Regular Season,2023,22,Baltimore,Lansing,83,330,0,1,2023_644
Regular,Regular Season,2023,22,Austin,Boise,52,361,0,1,2023_645
Regular,Regular Season,2023,22,Little Rock,Manchester,52,361,0,1,2023_646
Regular,Regular Season,2023,22,El Paso,Kentucky,52,361,0,0,2023_647
Regular,Regular Season,2023,22,Kentucky,Birmingham,211.5,201.5,0,1,2023_648
Regular,Regular Season,2023,22,El Paso,Lincoln,42,371,0,1,2023_649
Regular,Regular Season,2023,22,Tampa Bay,Providence,289,124,0,1,2023_650
Regular,Regular Season,2023,22,Seattle,Boise,124,289,1,1,2023_651
Regular,Regular Season,2023,22,Anchorage,Lincoln,124,289,1,1,2023_652
Regular,Regular Season,2023,22,San Jose,Providence,227,186,0,0,2023_653
Regular,Regular Season,2023,22,Honolulu,Manchester,73,340,0,0,2023_654
Regular,Regular Season,2023,22,Tulsa,Vancouver,361,52,0,1,2023_655
Regular,Regular Season,2023,22,Nashville,Pittsburgh,283.5,129.5,0,1,2023_656
Regular,Regular Season,2023,22,Vegas,Cincinnati,186,227,0,0,2023_657
Regular,Regular Season,2023,22,Albuquerque,Columbus,335.5,77.5,0,0,2023_658
Regular,Regular Season,2023,22,St. Louis,Lansing,73,340,0,0,2023_659
Regular,Regular Season,2023,22,San Diego,Pittsburgh,258,155,0,0,2023_660
Regular,Regular Season,2023,23,El Paso,St. Louis,330,83,1,1,2023_661
Regular,Regular Season,2023,23,Albuquerque,Tampa Bay,93,320,0,0,2023_662
Regular,Regular Season,2023,23,Austin,Tulsa,93,320,1,1,2023_663
Regular,Regular Season,2023,23,San Jose,Little Rock,180.5,232.5,0,0,2023_664
Regular,Regular Season,2023,23,Anaheim,Lansing,248,165,0,0,2023_665
Regular,Regular Season,2023,23,Seattle,Des Moines,361,52,0,0,2023_666
Regular,Regular Season,2023,23,Boise,Cincinnati,124,289,0,0,2023_667
Regular,Regular Season,2023,23,Tampa Bay,Columbus,392,21,0,1,2023_668
Regular,Regular Season,2023,23,Tulsa,Cincinnati,283.5,129.5,0,0,2023_669
Regular,Regular Season,2023,23,San Diego,Lincoln,21,392,0,1,2023_670
Regular,Regular Season,2023,23,Lincoln,Columbus,392,21,0,0,2023_671
Regular,Regular Season,2023,23,Little Rock,Kentucky,67.5,345.5,0,1,2023_672
Regular,Regular Season,2023,23,Vegas,Nashville,191.5,221.5,0,0,2023_673
Regular,Regular Season,2023,23,Anchorage,Manchester,129.5,283.5,0,0,2023_674
Regular,Regular Season,2023,23,Birmingham,Anchorage,263.5,149.5,0,0,2023_675
Regular,Regular Season,2023,23,Anaheim,Vancouver,392,21,0,1,2023_676
Regular,Regular Season,2023,23,San Jose,Boise,227,186,0,1,2023_677
Regular,Regular Season,2023,23,Honolulu,Seattle,258,155,0,1,2023_678
Regular,Regular Season,2023,23,Buffalo,Pittsburgh,330,83,1,1,2023_679
Regular,Regular Season,2023,23,El Paso,Pittsburgh,289,124,0,0,2023_680
Regular,Regular Season,2023,23,Honolulu,Birmingham,186,227,0,0,2023_681
Regular,Regular Season,2023,23,San Diego,Jacksonville,21,392,0,0,2023_682
Regular,Regular Season,2023,23,Vegas,Baltimore,104,309,0,0,2023_683
Regular,Regular Season,2023,23,Baltimore,Providence,392,21,1,1,2023_684
Regular,Regular Season,2023,23,Vancouver,Kentucky,21,392,0,0,2023_685
Regular,Regular Season,2023,23,Nashville,Des Moines,361,52,0,1,2023_686
Regular,Regular Season,2023,23,Jacksonville,Lansing,139.5,273.5,0,1,2023_687
Regular,Regular Season,2023,23,Albuquerque,Buffalo,123,290,0,0,2023_688
Regular,Regular Season,2023,23,Austin,Manchester,83,330,0,0,2023_689
Regular,Regular Season,2023,23,St. Louis,Providence,392,21,0,0,2023_690
Regular,Regular Season,2023,24,Anaheim,Little Rock,268,145,0,0,2023_691
Regular,Regular Season,2023,24,St. Louis,Pittsburgh,309,104,0,0,2023_692
Regular,Regular Season,2023,24,Pittsburgh,Providence,392,21,1,1,2023_693
Regular,Regular Season,2023,24,Nashville,Columbus,175,238,0,1,2023_694
Regular,Regular Season,2023,24,Albuquerque,Baltimore,98.5,314.5,0,0,2023_695
Regular,Regular Season,2023,24,San Jose,Tulsa,196,217,0,1,2023_696
Regular,Regular Season,2023,24,Vegas,St. Louis,104,309,0,1,2023_697
Regular,Regular Season,2023,24,Honolulu,Nashville,392,21,0,0,2023_698
Regular,Regular Season,2023,24,Birmingham,Lansing,155,258,0,1,2023_699
Regular,Regular Season,2023,24,Vegas,Boise,73,340,0,1,2023_700
Regular,Regular Season,2023,24,El Paso,Manchester,186,227,0,0,2023_701
Regular,Regular Season,2023,24,Jacksonville,Kentucky,73,340,0,1,2023_702
Regular,Regular Season,2023,24,Seattle,Birmingham,104,309,0,0,2023_703
Regular,Regular Season,2023,24,Tampa Bay,Cincinnati,330,83,0,1,2023_704
Regular,Regular Season,2023,24,Austin,Buffalo,83,330,0,0,2023_705
Regular,Regular Season,2023,24,Boise,Kentucky,52,361,0,0,2023_706
Regular,Regular Season,2023,24,Manchester,Cincinnati,83,330,0,1,2023_707
Regular,Regular Season,2023,24,San Diego,Tampa Bay,155,258,0,0,2023_708
Regular,Regular Season,2023,24,Baltimore,Des Moines,361,52,0,1,2023_709
Regular,Regular Season,2023,24,San Diego,Seattle,196,217,0,1,2023_710
Regular,Regular Season,2023,24,Albuquerque,El Paso,82.5,330.5,1,1,2023_711
Regular,Regular Season,2023,24,Little Rock,Des Moines,392,21,0,1,2023_712
Regular,Regular Season,2023,24,Lincoln,Lansing,145,268,0,0,2023_713
Regular,Regular Season,2023,24,Honolulu,Vancouver,361,52,0,1,2023_714
Regular,Regular Season,2023,24,Austin,Anchorage,114,299,0,1,2023_715
Regular,Regular Season,2023,24,Tulsa,Providence,361,52,0,0,2023_716
Regular,Regular Season,2023,24,Vancouver,Jacksonville,72,341,0,0,2023_717
Regular,Regular Season,2023,24,Buffalo,Columbus,392,21,0,1,2023_718
Regular,Regular Season,2023,24,San Jose,Lincoln,216,197,0,1,2023_719
Regular,Regular Season,2023,24,Anchorage,Anaheim,114,299,0,1,2023_720
Regular,Regular Season,2023,25,Cincinnati,San Diego,361,52,0,0,2023_721
Regular,Regular Season,2023,25,Anaheim,Austin,340,73,0,1,2023_722
Regular,Regular Season,2023,25,Baltimore,Buffalo,258,155,1,1,2023_723
Regular,Regular Season,2023,25,Anchorage,Boise,175,238,1,1,2023_724
Regular,Regular Season,2023,25,Honolulu,El Paso,176,237,0,1,2023_725
Regular,Regular Season,2023,25,Manchester,Kentucky,155,258,0,1,2023_726
Regular,Regular Season,2023,25,Des Moines,Nashville,52,361,0,1,2023_727
Regular,Regular Season,2023,25,Kentucky,Albuquerque,340,73,0,0,2023_728
Regular,Regular Season,2023,25,Boise,Anchorage,238,175,1,1,2023_729
Regular,Regular Season,2023,25,San Diego,St. Louis,21,392,0,1,2023_730
Regular,Regular Season,2023,25,Cincinnati,Jacksonville,330,83,0,1,2023_731
Regular,Regular Season,2023,25,Providence,Honolulu,21,392,0,0,2023_732
Regular,Regular Season,2023,25,Buffalo,Seattle,93,320,0,0,2023_733
Regular,Regular Season,2023,25,Birmingham,El Paso,253.5,159.5,0,0,2023_734
Regular,Regular Season,2023,25,Jacksonville,St. Louis,176,237,0,0,2023_735
Regular,Regular Season,2023,25,Albuquerque,Vancouver,268,145,0,1,2023_736
Regular,Regular Season,2023,25,Seattle,Vegas,330,83,0,1,2023_737
Regular,Regular Season,2023,25,Pittsburgh,Lansing,21,392,0,1,2023_738
Regular,Regular Season,2023,25,Baltimore,Lincoln,176,237,0,0,2023_739
Regular,Regular Season,2023,25,Tulsa,Tampa Bay,196,217,0,0,2023_740
Regular,Regular Season,2023,25,Manchester,Vancouver,299,114,0,0,2023_741
Regular,Regular Season,2023,25,Columbus,Little Rock,145,268,0,1,2023_742
Regular,Regular Season,2023,25,Columbus,San Jose,145,268,0,0,2023_743
Regular,Regular Season,2023,25,Little Rock,Tulsa,155,258,0,0,2023_744
Regular,Regular Season,2023,25,Nashville,Tampa Bay,114,299,1,1,2023_745
Regular,Regular Season,2023,25,Des Moines,Vegas,83,330,0,0,2023_746
Regular,Regular Season,2023,25,Lansing,Austin,340,73,0,0,2023_747
Regular,Regular Season,2023,25,Birmingham,Providence,361,52,0,1,2023_748
Regular,Regular Season,2023,25,Pittsburgh,Anaheim,21,392,0,0,2023_749
Regular,Regular Season,2023,25,Lincoln,San Jose,83,330,0,1,2023_750
Regular,Regular Season,2023,26,Birmingham,Jacksonville,350,63,1,1,2023_751
Regular,Regular Season,2023,26,Manchester,Little Rock,216,197,0,1,2023_752
Regular,Regular Season,2023,26,Seattle,San Diego,361,52,0,1,2023_753
Regular,Regular Season,2023,26,Buffalo,Nashville,258,155,0,1,2023_754
Regular,Regular Season,2023,26,Kentucky,Nashville,330,83,0,1,2023_755
Regular,Regular Season,2023,26,Tulsa,Boise,361,52,0,1,2023_756
Regular,Regular Season,2023,26,Anaheim,Albuquerque,340,73,0,1,2023_757
Regular,Regular Season,2023,26,Baltimore,Cincinnati,222.5,190.5,0,1,2023_758
Regular,Regular Season,2023,26,Lansing,Little Rock,227,186,0,1,2023_759
Regular,Regular Season,2023,26,Tampa Bay,Buffalo,392,21,0,1,2023_760
Regular,Regular Season,2023,26,San Jose,St. Louis,278,135,0,1,2023_761
Regular,Regular Season,2023,26,Anchorage,Anaheim,42,371,0,1,2023_762
Regular,Regular Season,2023,26,Cincinnati,Lansing,124,289,1,1,2023_763
Regular,Regular Season,2023,26,Vancouver,Austin,258,155,0,1,2023_764
Regular,Regular Season,2023,26,Columbus,Kentucky,52,361,1,1,2023_765
Regular,Regular Season,2023,26,Pittsburgh,Des Moines,361,52,0,1,2023_766
Regular,Regular Season,2023,26,Providence,Columbus,83,330,0,1,2023_767
Regular,Regular Season,2023,26,Vancouver,Honolulu,98.5,314.5,0,1,2023_768
Regular,Regular Season,2023,26,Lincoln,Manchester,119,294,0,0,2023_769
Regular,Regular Season,2023,26,Anchorage,Des Moines,392,21,0,0,2023_770
Regular,Regular Season,2023,26,Honolulu,Vegas,361,52,1,1,2023_771
Regular,Regular Season,2023,26,Pittsburgh,Jacksonville,62.5,350.5,0,1,2023_772
Regular,Regular Season,2023,26,San Diego,San Jose,83,330,1,1,2023_773
Regular,Regular Season,2023,26,Albuquerque,Austin,299,114,1,1,2023_774
Regular,Regular Season,2023,26,Boise,Tulsa,52,361,0,1,2023_775
Regular,Regular Season,2023,26,Vegas,El Paso,52,361,0,1,2023_776
Regular,Regular Season,2023,26,Providence,Birmingham,21,392,0,1,2023_777
Regular,Regular Season,2023,26,Baltimore,Tampa Bay,67.5,345.5,0,1,2023_778
Regular,Regular Season,2023,26,Seattle,El Paso,330,83,0,1,2023_779
Regular,Regular Season,2023,26,Lincoln,St. Louis,114,299,0,1,2023_780
Regular,Regular Season,2023,27,St. Louis,Little Rock,83,330,0,0,2023_781
Regular,Regular Season,2023,27,El Paso,Des Moines,361,52,0,0,2023_782
Regular,Regular Season,2023,27,San Jose,Des Moines,361,52,0,0,2023_783
Regular,Regular Season,2023,27,El Paso,Jacksonville,124,289,0,0,2023_784
Regular,Regular Season,2023,27,Tulsa,Nashville,392,21,0,0,2023_785
Regular,Regular Season,2023,27,Seattle,Lincoln,282.5,130.5,1,1,2023_786
Regular,Regular Season,2023,27,San Diego,Columbus,72.5,340.5,0,0,2023_787
Regular,Regular Season,2023,27,Albuquerque,Lansing,73,340,0,0,2023_788
Regular,Regular Season,2023,27,Seattle,Manchester,155,258,0,0,2023_789
Regular,Regular Season,2023,27,Tampa Bay,Birmingham,314.5,98.5,1,1,2023_790
Regular,Regular Season,2023,27,Vancouver,Pittsburgh,124,289,0,0,2023_791
Regular,Regular Season,2023,27,Albuquerque,Cincinnati,83,330,0,0,2023_792
Regular,Regular Season,2023,27,San Diego,Manchester,52,361,0,0,2023_793
Regular,Regular Season,2023,27,Nashville,Jacksonville,21,392,1,1,2023_794
Regular,Regular Season,2023,27,Boise,Baltimore,114,299,0,0,2023_795
Regular,Regular Season,2023,27,Tampa Bay,Anchorage,268,145,0,0,2023_796
Regular,Regular Season,2023,27,Vegas,Kentucky,93,320,0,0,2023_797
Regular,Regular Season,2023,27,Anaheim,Baltimore,350.5,62.5,0,0,2023_798
Regular,Regular Season,2023,27,Vegas,Providence,376.5,36.5,0,0,2023_799
Regular,Regular Season,2023,27,Vancouver,Boise,124,289,1,1,2023_800
Regular,Regular Season,2023,27,Lincoln,Buffalo,206.5,206.5,0,0,2023_801
Regular,Regular Season,2023,27,Honolulu,Buffalo,361,52,0,0,2023_802
Regular,Regular Season,2023,27,San Jose,Pittsburgh,237,176,0,0,2023_803
Regular,Regular Season,2023,27,Tulsa,Lansing,247,166,0,0,2023_804
Regular,Regular Season,2023,27,Little Rock,Anchorage,52,361,0,0,2023_805
Regular,Regular Season,2023,27,Austin,Columbus,314.5,98.5,0,0,2023_806
Regular,Regular Season,2023,27,Honolulu,Cincinnati,52,361,0,0,2023_807
Regular,Regular Season,2023,27,Austin,Birmingham,52,361,0,0,2023_808
Regular,Regular Season,2023,27,St. Louis,Kentucky,52,361,0,0,2023_809
Regular,Regular Season,2023,27,Anaheim,Providence,361,52,0,0,2023_810
Regular,Regular Season,2023,28,El Paso,San Diego,361,52,0,1,2023_811
Regular,Regular Season,2023,28,Baltimore,Vegas,279,134,0,0,2023_812
Regular,Regular Season,2023,28,Lansing,Jacksonville,361,52,0,1,2023_813
Regular,Regular Season,2023,28,Pittsburgh,El Paso,145,268,0,0,2023_814
Regular,Regular Season,2023,28,Nashville,Seattle,21,392,0,0,2023_815
Regular,Regular Season,2023,28,Anchorage,Birmingham,218,195,0,0,2023_816
Regular,Regular Season,2023,28,Providence,St. Louis,165.5,247.5,0,0,2023_817
Regular,Regular Season,2023,28,Cincinnati,Tulsa,160.5,252.5,0,0,2023_818
Regular,Regular Season,2023,28,Seattle,Honolulu,299.5,113.5,0,1,2023_819
Regular,Regular Season,2023,28,Tampa Bay,Vancouver,392,21,0,0,2023_820
Regular,Regular Season,2023,28,Kentucky,Little Rock,324.5,88.5,0,1,2023_821
Regular,Regular Season,2023,28,Des Moines,Pittsburgh,52,361,0,1,2023_822
Regular,Regular Season,2023,28,Birmingham,Baltimore,114,299,0,1,2023_823
Regular,Regular Season,2023,28,Vancouver,Anaheim,21,392,0,1,2023_824
Regular,Regular Season,2023,28,Tulsa,Anaheim,165,248,0,1,2023_825
Regular,Regular Season,2023,28,Buffalo,Albuquerque,228,185,0,0,2023_826
Regular,Regular Season,2023,28,Jacksonville,Boise,330,83,0,0,2023_827
Regular,Regular Season,2023,28,Cincinnati,Anchorage,330,83,0,0,2023_828
Regular,Regular Season,2023,28,Boise,San Jose,124,289,0,1,2023_829
Regular,Regular Season,2023,28,Lansing,Buffalo,330,83,0,1,2023_830
Regular,Regular Season,2023,28,Des Moines,Nashville,83,330,0,1,2023_831
Regular,Regular Season,2023,28,Columbus,Providence,314.5,98.5,0,1,2023_832
Regular,Regular Season,2023,28,Manchester,Austin,330,83,0,0,2023_833
Regular,Regular Season,2023,28,St. Louis,Honolulu,21,392,0,1,2023_834
Regular,Regular Season,2023,28,Lincoln,San Diego,361,52,0,1,2023_835
Regular,Regular Season,2023,28,Austin,San Jose,52,361,0,1,2023_836
Regular,Regular Season,2023,28,Little Rock,Lincoln,268,145,0,0,2023_837
Regular,Regular Season,2023,28,Kentucky,Manchester,351,62,0,1,2023_838
Regular,Regular Season,2023,28,Columbus,Tampa Bay,52,361,0,1,2023_839
Regular,Regular Season,2023,28,Albuquerque,Vegas,98.5,314.5,0,1,2023_840
Regular,Regular Season,2023,29,Little Rock,El Paso,155,258,0,0,2023_841
Regular,Regular Season,2023,29,Pittsburgh,Seattle,83,330,0,0,2023_842
Regular,Regular Season,2023,29,Providence,Vancouver,83,330,0,0,2023_843
Regular,Regular Season,2023,29,Lansing,Vegas,289,124,0,0,2023_844
Regular,Regular Season,2023,29,Tampa Bay,Jacksonville,371,42,1,1,2023_845
Regular,Regular Season,2023,29,St. Louis,Albuquerque,67.5,345.5,1,1,2023_846
Regular,Regular Season,2023,29,Des Moines,San Diego,21,392,0,0,2023_847
Regular,Regular Season,2023,29,Columbus,Honolulu,21,392,0,0,2023_848
Regular,Regular Season,2023,29,Buffalo,Boise,114,299,0,0,2023_849
Regular,Regular Season,2023,29,Nashville,St. Louis,345.5,67.5,0,0,2023_850
Regular,Regular Season,2023,29,El Paso,San Jose,192.5,220.5,0,1,2023_851
Regular,Regular Season,2023,29,Little Rock,Seattle,52,361,0,0,2023_852
Regular,Regular Season,2023,29,Lincoln,Boise,279,134,1,1,2023_853
Regular,Regular Season,2023,29,Tampa Bay,Tulsa,155,258,0,0,2023_854
Regular,Regular Season,2023,29,Baltimore,Anchorage,283.5,129.5,0,0,2023_855
Regular,Regular Season,2023,29,Des Moines,Manchester,52,361,0,1,2023_856
Regular,Regular Season,2023,29,Pittsburgh,Baltimore,21,392,1,1,2023_857
Regular,Regular Season,2023,29,San Diego,Honolulu,114,299,1,1,2023_858
Regular,Regular Season,2023,29,Nashville,Birmingham,104,309,1,1,2023_859
Regular,Regular Season,2023,29,Kentucky,San Jose,371.5,41.5,0,0,2023_860
Regular,Regular Season,2023,29,Jacksonville,Austin,289,124,0,0,2023_861
Regular,Regular Season,2023,29,Vancouver,Anchorage,21,392,1,1,2023_862
Regular,Regular Season,2023,29,Vegas,Anaheim,73,340,1,1,2023_863
Regular,Regular Season,2023,29,Kentucky,Cincinnati,330,83,1,1,2023_864
Regular,Regular Season,2023,29,Manchester,Lincoln,257,156,0,0,2023_865
Regular,Regular Season,2023,29,Lansing,Columbus,392,21,1,1,2023_866
Regular,Regular Season,2023,29,Providence,Buffalo,52,361,1,1,2023_867
Regular,Regular Season,2023,29,Cincinnati,Anaheim,73,340,0,0,2023_868
Regular,Regular Season,2023,29,Birmingham,Albuquerque,340,73,0,0,2023_869
Regular,Regular Season,2023,29,Tulsa,Austin,361,52,1,1,2023_870
Regular,Regular Season,2023,30,Manchester,Des Moines,361,52,0,1,2023_871
Regular,Regular Season,2023,30,Boise,Buffalo,341,72,0,0,2023_872
Regular,Regular Season,2023,30,Buffalo,Providence,314.5,98.5,1,1,2023_873
Regular,Regular Season,2023,30,Boise,Columbus,361,52,0,0,2023_874
Regular,Regular Season,2023,30,Providence,Cincinnati,21,392,0,1,2023_875
Regular,Regular Season,2023,30,Vancouver,Lansing,104,309,0,0,2023_876
Regular,Regular Season,2023,30,San Jose,Tulsa,145,268,0,1,2023_877
Regular,Regular Season,2023,30,Birmingham,Little Rock,124,289,1,1,2023_878
Regular,Regular Season,2023,30,Kentucky,Tampa Bay,196,217,0,1,2023_879
Regular,Regular Season,2023,30,San Jose,Nashville,361,52,0,0,2023_880
Regular,Regular Season,2023,30,Baltimore,Cincinnati,42,371,0,1,2023_881
Regular,Regular Season,2023,30,Manchester,Pittsburgh,237,176,1,1,2023_882
Regular,Regular Season,2023,30,El Paso,Anchorage,242.5,170.5,0,1,2023_883
Regular,Regular Season,2023,30,Austin,Anchorage,272.5,140.5,0,1,2023_884
Regular,Regular Season,2023,30,Anaheim,Birmingham,299,114,0,0,2023_885
Regular,Regular Season,2023,30,Albuquerque,Tulsa,145,268,1,1,2023_886
Regular,Regular Season,2023,30,Vegas,St. Louis,392,21,0,1,2023_887
Regular,Regular Season,2023,30,Honolulu,Jacksonville,237,176,0,0,2023_888
Regular,Regular Season,2023,30,Pittsburgh,Columbus,309.5,103.5,0,1,2023_889
Regular,Regular Season,2023,30,Lansing,Nashville,304.5,108.5,0,1,2023_890
Regular,Regular Season,2023,30,Lincoln,Des Moines,361,52,0,0,2023_891
Regular,Regular Season,2023,30,Vancouver,Anaheim,73,340,0,1,2023_892
Regular,Regular Season,2023,30,Jacksonville,Baltimore,371,42,0,1,2023_893
Regular,Regular Season,2023,30,Austin,St. Louis,392,21,1,1,2023_894
Regular,Regular Season,2023,30,San Diego,Little Rock,21,392,0,0,2023_895
Regular,Regular Season,2023,30,Seattle,Honolulu,166,247,0,1,2023_896
Regular,Regular Season,2023,30,Vegas,Tampa Bay,73,340,0,0,2023_897
Regular,Regular Season,2023,30,Albuquerque,El Paso,176,237,1,1,2023_898
Regular,Regular Season,2023,30,Lincoln,San Diego,361,52,0,1,2023_899
Regular,Regular Season,2023,30,Seattle,Kentucky,222.5,190.5,0,0,2023_900
Regular,Regular Season,2023,31,Tampa Bay,Seattle,293.5,119.5,0,0,2023_901
Regular,Regular Season,2023,31,Honolulu,Little Rock,42,371,0,0,2023_902
Regular,Regular Season,2023,31,Columbus,Cincinnati,52,361,1,1,2023_903
Regular,Regular Season,2023,31,Tulsa,Vancouver,361,52,0,1,2023_904
Regular,Regular Season,2023,31,Baltimore,Columbus,361,52,0,1,2023_905
Regular,Regular Season,2023,31,Vancouver,Birmingham,176,237,0,0,2023_906
Regular,Regular Season,2023,31,Des Moines,Providence,206.5,206.5,0,1,2023_907
Regular,Regular Season,2023,31,Boise,Des Moines,392,21,0,0,2023_908
Regular,Regular Season,2023,31,El Paso,Honolulu,93,320,0,1,2023_909
Regular,Regular Season,2023,31,Manchester,Providence,361,52,1,1,2023_910
Regular,Regular Season,2023,31,Albuquerque,San Jose,309,104,0,1,2023_911
Regular,Regular Season,2023,31,St. Louis,Anaheim,52,361,0,1,2023_912
Regular,Regular Season,2023,31,San Diego,Nashville,21,392,0,0,2023_913
Regular,Regular Season,2023,31,Anaheim,Jacksonville,330,83,0,0,2023_914
Regular,Regular Season,2023,31,Vegas,Tulsa,21,392,0,1,2023_915
Regular,Regular Season,2023,31,Nashville,Lincoln,227,186,0,0,2023_916
Regular,Regular Season,2023,31,Birmingham,Buffalo,330,83,0,1,2023_917
Regular,Regular Season,2023,31,Buffalo,Cincinnati,52,361,0,1,2023_918
Regular,Regular Season,2023,31,Austin,El Paso,170.5,242.5,1,1,2023_919
Regular,Regular Season,2023,31,Albuquerque,St. Louis,361,52,1,1,2023_920
Regular,Regular Season,2023,31,Seattle,Lansing,207,206,0,0,2023_921
Regular,Regular Season,2023,31,Jacksonville,Baltimore,46.5,366.5,0,1,2023_922
Regular,Regular Season,2023,31,Anchorage,Vegas,366.5,46.5,0,1,2023_923
Regular,Regular Season,2023,31,Lincoln,Kentucky,176,237,0,0,2023_924
Regular,Regular Season,2023,31,Kentucky,Pittsburgh,330,83,0,1,2023_925
Regular,Regular Season,2023,31,Lansing,Manchester,299,114,0,1,2023_926
Regular,Regular Season,2023,31,Little Rock,Boise,330,83,0,0,2023_927
Regular,Regular Season,2023,31,San Jose,Tampa Bay,52,361,0,0,2023_928
Regular,Regular Season,2023,31,Anchorage,Pittsburgh,392,21,0,0,2023_929
Regular,Regular Season,2023,31,Austin,San Diego,361,52,0,1,2023_930
Regular,Regular Season,2023,32,Nashville,Pittsburgh,227,186,0,1,2023_931
Regular,Regular Season,2023,32,San Diego,Honolulu,21,392,1,1,2023_932
Regular,Regular Season,2023,32,San Jose,Baltimore,62,351,0,0,2023_933
Regular,Regular Season,2023,32,Albuquerque,Manchester,108.5,304.5,0,0,2023_934
Regular,Regular Season,2023,32,Little Rock,Lansing,176,237,0,1,2023_935
Regular,Regular Season,2023,32,Honolulu,Lincoln,320,93,0,1,2023_936
Regular,Regular Season,2023,32,Tulsa,Buffalo,330,83,0,0,2023_937
Regular,Regular Season,2023,32,Birmingham,Columbus,392,21,0,1,2023_938
Regular,Regular Season,2023,32,El Paso,Providence,392,21,0,0,2023_939
Regular,Regular Season,2023,32,San Diego,Boise,21,392,0,1,2023_940
Regular,Regular Season,2023,32,Tampa Bay,Manchester,289,124,0,1,2023_941
Regular,Regular Season,2023,32,Vegas,Buffalo,289,124,0,0,2023_942
Regular,Regular Season,2023,32,Albuquerque,Seattle,52,361,0,1,2023_943
Regular,Regular Season,2023,32,Lansing,Des Moines,361,52,1,1,2023_944
Regular,Regular Season,2023,32,Jacksonville,Cincinnati,135,278,0,1,2023_945
Regular,Regular Season,2023,32,Austin,Pittsburgh,257.5,155.5,0,0,2023_946
Regular,Regular Season,2023,32,St. Louis,Cincinnati,21,392,0,0,2023_947
Regular,Regular Season,2023,32,Jacksonville,Birmingham,268,145,1,1,2023_948
Regular,Regular Season,2023,32,San Jose,Anaheim,52,361,1,1,2023_949
Regular,Regular Season,2023,32,El Paso,Boise,330,83,0,1,2023_950
Regular,Regular Season,2023,32,Kentucky,Anchorage,186,227,0,0,2023_951
Regular,Regular Season,2023,32,Tampa Bay,Des Moines,361,52,0,1,2023_952
Regular,Regular Season,2023,32,St. Louis,Baltimore,21,392,0,0,2023_953
Regular,Regular Season,2023,32,Austin,Lincoln,154,259,0,1,2023_954
Regular,Regular Season,2023,32,Anaheim,Seattle,309,104,0,1,2023_955
Regular,Regular Season,2023,32,Little Rock,Providence,392,21,0,1,2023_956
Regular,Regular Season,2023,32,Nashville,Kentucky,124,289,0,1,2023_957
Regular,Regular Season,2023,32,Vegas,Vancouver,197,216,0,1,2023_958
Regular,Regular Season,2023,32,Anchorage,Vancouver,237,176,1,1,2023_959
Regular,Regular Season,2023,32,Tulsa,Columbus,361,52,0,0,2023_960
Regular,Regular Season,2023,33,Baltimore,St. Louis,392,21,0,0,2023_961
Regular,Regular Season,2023,33,Austin,Kentucky,145,268,0,0,2023_962
Regular,Regular Season,2023,33,San Diego,Providence,294,119,0,0,2023_963
Regular,Regular Season,2023,33,Lincoln,Austin,185.5,227.5,0,1,2023_964
Regular,Regular Season,2023,33,St. Louis,Birmingham,52,361,0,0,2023_965
Regular,Regular Season,2023,33,Anaheim,San Jose,361,52,1,1,2023_966
Regular,Regular Season,2023,33,Honolulu,San Diego,320,93,1,1,2023_967
Regular,Regular Season,2023,33,Lincoln,Boise,196,217,1,1,2023_968
Regular,Regular Season,2023,33,Vegas,Columbus,361,52,0,0,2023_969
Regular,Regular Season,2023,33,Anaheim,Manchester,258,155,0,0,2023_970
Regular,Regular Season,2023,33,Buffalo,Tulsa,83,330,0,0,2023_971
Regular,Regular Season,2023,33,Honolulu,Pittsburgh,371,42,0,0,2023_972
Regular,Regular Season,2023,33,San Jose,Cincinnati,21,392,0,0,2023_973
Regular,Regular Season,2023,33,Providence,Little Rock,21,392,0,1,2023_974
Regular,Regular Season,2023,33,Nashville,Anchorage,46.5,366.5,0,0,2023_975
Regular,Regular Season,2023,33,Manchester,Tampa Bay,186,227,0,1,2023_976
Regular,Regular Season,2023,33,Vancouver,Vegas,52,361,0,1,2023_977
Regular,Regular Season,2023,33,Vancouver,Buffalo,52,361,0,0,2023_978
Regular,Regular Season,2023,33,Columbus,Birmingham,52,361,0,1,2023_979
Regular,Regular Season,2023,33,Tulsa,Jacksonville,268,145,0,0,2023_980
Regular,Regular Season,2023,33,Tampa Bay,Little Rock,299,114,1,1,2023_981
Regular,Regular Season,2023,33,Seattle,Baltimore,52,361,0,0,2023_982
Regular,Regular Season,2023,33,Anchorage,Kentucky,139.5,273.5,0,0,2023_983
Regular,Regular Season,2023,33,Pittsburgh,Nashville,104,309,0,1,2023_984
Regular,Regular Season,2023,33,Boise,El Paso,268,145,0,1,2023_985
Regular,Regular Season,2023,33,Seattle,Albuquerque,206,207,0,1,2023_986
Regular,Regular Season,2023,33,El Paso,Lansing,73,340,0,0,2023_987
Regular,Regular Season,2023,33,Cincinnati,Jacksonville,299,114,0,1,2023_988
Regular,Regular Season,2023,33,Albuquerque,Des Moines,392,21,0,0,2023_989
Regular,Regular Season,2023,33,Des Moines,Lansing,21,392,1,1,2023_990
Regular,Regular Season,2023,34,Lansing,Tampa Bay,114,299,0,1,2023_991
Regular,Regular Season,2023,34,Manchester,Columbus,371,42,0,1,2023_992
Regular,Regular Season,2023,34,Providence,Vegas,46.5,366.5,0,0,2023_993
Regular,Regular Season,2023,34,Pittsburgh,Cincinnati,114,299,0,1,2023_994
Regular,Regular Season,2023,34,Anchorage,Little Rock,351,62,0,0,2023_995
Regular,Regular Season,2023,34,Baltimore,Anaheim,176,237,0,0,2023_996
Regular,Regular Season,2023,34,Buffalo,Des Moines,361,52,0,1,2023_997
Regular,Regular Season,2023,34,Vegas,Tulsa,21,392,0,1,2023_998
Regular,Regular Season,2023,34,Lansing,Tulsa,42,371,0,0,2023_999
Regular,Regular Season,2023,34,Lincoln,Honolulu,103.5,309.5,0,1,2023_1000
Regular,Regular Season,2023,34,Albuquerque,St. Louis,351,62,1,1,2023_1001
Regular,Regular Season,2023,34,Jacksonville,Nashville,299,114,1,1,2023_1002
Regular,Regular Season,2023,34,Kentucky,St. Louis,361,52,0,0,2023_1003
Regular,Regular Season,2023,34,Boise,San Diego,299,114,0,1,2023_1004
Regular,Regular Season,2023,34,Pittsburgh,San Jose,73,340,0,0,2023_1005
Regular,Regular Season,2023,34,Manchester,San Diego,330,83,0,0,2023_1006
Regular,Regular Season,2023,34,Seattle,Anaheim,176,237,0,1,2023_1007
Regular,Regular Season,2023,34,Columbus,Austin,207,206,0,0,2023_1008
Regular,Regular Season,2023,34,Buffalo,Honolulu,83,330,0,0,2023_1009
Regular,Regular Season,2023,34,Baltimore,Providence,392,21,1,1,2023_1010
Regular,Regular Season,2023,34,Boise,Vancouver,392,21,1,1,2023_1011
Regular,Regular Season,2023,34,San Jose,Kentucky,227,186,0,0,2023_1012
Regular,Regular Season,2023,34,Anchorage,Vancouver,392,21,1,1,2023_1013
Regular,Regular Season,2023,34,Lincoln,Seattle,268.5,144.5,1,1,2023_1014
Regular,Regular Season,2023,34,Jacksonville,Little Rock,114,299,1,1,2023_1015
Regular,Regular Season,2023,34,Austin,El Paso,21,392,1,1,2023_1016
Regular,Regular Season,2023,34,Cincinnati,Albuquerque,392,21,0,0,2023_1017
Regular,Regular Season,2023,34,Des Moines,El Paso,21,392,0,0,2023_1018
Regular,Regular Season,2023,34,Birmingham,Nashville,237,176,1,1,2023_1019
Regular,Regular Season,2023,34,Birmingham,Tampa Bay,42,371,1,1,2023_1020
Regular,Regular Season,2023,35,San Diego,Anaheim,114,299,1,1,2023_1021
Regular,Regular Season,2023,35,Pittsburgh,Tulsa,155,258,0,0,2023_1022
Regular,Regular Season,2023,35,Nashville,Providence,155,258,0,1,2023_1023
Regular,Regular Season,2023,35,Lincoln,Vegas,190.5,222.5,0,1,2023_1024
Regular,Regular Season,2023,35,Albuquerque,Lincoln,83,330,0,1,2023_1025
Regular,Regular Season,2023,35,San Jose,Vancouver,392,21,0,1,2023_1026
Regular,Regular Season,2023,35,Tulsa,Manchester,314.5,98.5,0,0,2023_1027
Regular,Regular Season,2023,35,Jacksonville,Columbus,361,52,0,1,2023_1028
Regular,Regular Season,2023,35,Kentucky,Birmingham,289,124,0,1,2023_1029
Regular,Regular Season,2023,35,Seattle,San Jose,67.5,345.5,0,1,2023_1030
Regular,Regular Season,2023,35,Boise,Albuquerque,309.5,103.5,0,1,2023_1031
Regular,Regular Season,2023,35,Des Moines,Jacksonville,52,361,0,1,2023_1032
Regular,Regular Season,2023,35,St. Louis,Buffalo,52,361,0,0,2023_1033
Regular,Regular Season,2023,35,Tampa Bay,Pittsburgh,320,93,0,1,2023_1034
Regular,Regular Season,2023,35,Baltimore,Austin,340,73,0,0,2023_1035
Regular,Regular Season,2023,35,Anchorage,Honolulu,176,237,0,1,2023_1036
Regular,Regular Season,2023,35,Buffalo,El Paso,83,330,0,0,2023_1037
Regular,Regular Season,2023,35,Austin,Boise,114,299,0,1,2023_1038
Regular,Regular Season,2023,35,Cincinnati,Nashville,258,155,0,1,2023_1039
Regular,Regular Season,2023,35,El Paso,Baltimore,135,278,0,0,2023_1040
Regular,Regular Season,2023,35,Anaheim,Honolulu,207,206,1,1,2023_1041
Regular,Regular Season,2023,35,Providence,Tampa Bay,52,361,0,1,2023_1042
Regular,Regular Season,2023,35,Lansing,Kentucky,114,299,1,1,2023_1043
Regular,Regular Season,2023,35,Vegas,Seattle,299,114,0,1,2023_1044
Regular,Regular Season,2023,35,Columbus,Little Rock,21,392,0,1,2023_1045
Regular,Regular Season,2023,35,Manchester,St. Louis,392,21,0,0,2023_1046
Regular,Regular Season,2023,35,Birmingham,Des Moines,361,52,0,1,2023_1047
Regular,Regular Season,2023,35,Anchorage,Lansing,402.5,10.5,0,0,2023_1048
Regular,Regular Season,2023,35,Vancouver,San Diego,52,361,0,1,2023_1049
Regular,Regular Season,2023,35,Little Rock,Cincinnati,83,330,0,1,2023_1050
Regular,Regular Season,2023,36,Vegas,San Jose,232.5,180.5,1,1,2023_1051
Regular,Regular Season,2023,36,Honolulu,St. Louis,392,21,0,1,2023_1052
Regular,Regular Season,2023,36,Nashville,Boise,185,228,0,0,2023_1053
Regular,Regular Season,2023,36,Tulsa,Seattle,299,114,0,1,2023_1054
Regular,Regular Season,2023,36,Lansing,Pittsburgh,299,114,0,1,2023_1055
Regular,Regular Season,2023,36,Jacksonville,Buffalo,293.5,119.5,0,1,2023_1056
Regular,Regular Season,2023,36,San Jose,Austin,258,155,0,1,2023_1057
Regular,Regular Season,2023,36,Little Rock,Baltimore,145,268,0,1,2023_1058
Regular,Regular Season,2023,36,Anaheim,Tulsa,197,216,0,1,2023_1059
Regular,Regular Season,2023,36,Seattle,Nashville,268,145,0,0,2023_1060
Regular,Regular Season,2023,36,Tampa Bay,Lincoln,392,21,0,0,2023_1061
Regular,Regular Season,2023,36,Anchorage,Cincinnati,217,196,0,0,2023_1062
Regular,Regular Season,2023,36,Manchester,Kentucky,52,361,0,1,2023_1063
Regular,Regular Season,2023,36,Lincoln,Little Rock,134,279,0,0,2023_1064
Regular,Regular Season,2023,36,Baltimore,Birmingham,361,52,0,1,2023_1065
Regular,Regular Season,2023,36,Buffalo,Lansing,93,320,0,1,2023_1066
Regular,Regular Season,2023,36,Providence,Columbus,361,52,0,1,2023_1067
Regular,Regular Season,2023,36,El Paso,Anaheim,42,371,0,1,2023_1068
Regular,Regular Season,2023,36,Des Moines,Cincinnati,52,361,1,1,2023_1069
Regular,Regular Season,2023,36,Columbus,Anchorage,52,361,0,0,2023_1070
Regular,Regular Season,2023,36,Vancouver,Tampa Bay,21,392,0,0,2023_1071
Regular,Regular Season,2023,36,Vegas,Albuquerque,310,103,0,1,2023_1072
Regular,Regular Season,2023,36,Boise,Jacksonville,207,206,0,0,2023_1073
Regular,Regular Season,2023,36,Austin,Honolulu,176,237,0,1,2023_1074
Regular,Regular Season,2023,36,St. Louis,Vancouver,299,114,0,1,2023_1075
Regular,Regular Season,2023,36,Pittsburgh,Des Moines,361,52,0,1,2023_1076
Regular,Regular Season,2023,36,Birmingham,Manchester,21,392,0,1,2023_1077
Regular,Regular Season,2023,36,Kentucky,Providence,299,114,0,1,2023_1078
Regular,Regular Season,2023,36,San Diego,El Paso,52,361,0,1,2023_1079
Regular,Regular Season,2023,36,Albuquerque,San Diego,340,73,0,1,2023_1080
Regular,Regular Season,2023,37,St. Louis,Seattle,52,361,0,1,2023_1081
Regular,Regular Season,2023,37,St. Louis,Manchester,36.5,376.5,0,0,2023_1082
Regular,Regular Season,2023,37,Austin,Anaheim,114,299,0,1,2023_1083
Regular,Regular Season,2023,37,Anchorage,San Jose,320,93,0,1,2023_1084
Regular,Regular Season,2023,37,Des Moines,Columbus,98.5,314.5,1,1,2023_1085
Regular,Regular Season,2023,37,Little Rock,Columbus,361,52,0,1,2023_1086
Regular,Regular Season,2023,37,San Jose,Seattle,83,330,0,1,2023_1087
Regular,Regular Season,2023,37,El Paso,Vancouver,392,21,0,1,2023_1088
Regular,Regular Season,2023,37,Lansing,Anchorage,103,310,0,0,2023_1089
Regular,Regular Season,2023,37,Vegas,Lincoln,186,227,0,1,2023_1090
Regular,Regular Season,2023,37,Birmingham,Kentucky,52,361,0,1,2023_1091
Regular,Regular Season,2023,37,Birmingham,Pittsburgh,21,392,0,1,2023_1092
Regular,Regular Season,2023,37,Little Rock,Buffalo,258,155,0,1,2023_1093
Regular,Regular Season,2023,37,Nashville,Baltimore,72,341,0,1,2023_1094
Regular,Regular Season,2023,37,Austin,Baltimore,83,330,0,0,2023_1095
Regular,Regular Season,2023,37,Albuquerque,Honolulu,52,361,0,1,2023_1096
Regular,Regular Season,2023,37,El Paso,Buffalo,186.5,226.5,0,0,2023_1097
Regular,Regular Season,2023,37,Jacksonville,Manchester,382,31,0,1,2023_1098
Regular,Regular Season,2023,37,Lansing,Providence,197,216,0,1,2023_1099
Regular,Regular Season,2023,37,Tulsa,Pittsburgh,371,42,0,0,2023_1100
Regular,Regular Season,2023,37,Vegas,San Diego,392,21,1,1,2023_1101
Regular,Regular Season,2023,37,Kentucky,Cincinnati,52,361,1,1,2023_1102
Regular,Regular Season,2023,37,Albuquerque,Boise,21,392,0,1,2023_1103
Regular,Regular Season,2023,37,Tulsa,Lincoln,371,42,0,1,2023_1104
Regular,Regular Season,2023,37,Jacksonville,Des Moines,361,52,0,1,2023_1105
Regular,Regular Season,2023,37,Tampa Bay,Boise,361,52,0,0,2023_1106
Regular,Regular Season,2023,37,Honolulu,Anaheim,206,207,1,1,2023_1107
Regular,Regular Season,2023,37,San Diego,Vancouver,299,114,0,1,2023_1108
Regular,Regular Season,2023,37,Tampa Bay,Providence,330,83,0,1,2023_1109
Regular,Regular Season,2023,37,Nashville,Cincinnati,93,320,0,1,2023_1110
Regular,Regular Season,2023,38,Buffalo,Austin,289,124,0,0,2023_1111
Regular,Regular Season,2023,38,Albuquerque,Anchorage,42,371,0,1,2023_1112
Regular,Regular Season,2023,38,Nashville,Buffalo,206,207,0,1,2023_1113
Regular,Regular Season,2023,38,Kentucky,Little Rock,118.5,294.5,0,1,2023_1114
Regular,Regular Season,2023,38,Vancouver,San Diego,21,392,0,1,2023_1115
Regular,Regular Season,2023,38,Des Moines,Little Rock,21,392,0,1,2023_1116
Regular,Regular Season,2023,38,Baltimore,Albuquerque,314.5,98.5,0,0,2023_1117
Regular,Regular Season,2023,38,Lansing,Birmingham,392,21,0,1,2023_1118
Regular,Regular Season,2023,38,Lincoln,San Jose,165.5,247.5,0,1,2023_1119
Regular,Regular Season,2023,38,Cincinnati,Columbus,392,21,1,1,2023_1120
Regular,Regular Season,2023,38,Cincinnati,Tampa Bay,197,216,0,1,2023_1121
Regular,Regular Season,2023,38,Providence,Des Moines,361,52,0,1,2023_1122
Regular,Regular Season,2023,38,Columbus,Nashville,52,361,0,1,2023_1123
Regular,Regular Season,2023,38,Anaheim,Anchorage,88.5,324.5,0,1,2023_1124
Regular,Regular Season,2023,38,Anaheim,Honolulu,135,278,1,1,2023_1125
Regular,Regular Season,2023,38,Manchester,El Paso,114,299,0,0,2023_1126
Regular,Regular Season,2023,38,Tulsa,Lincoln,330,83,0,1,2023_1127
Regular,Regular Season,2023,38,San Jose,El Paso,124,289,0,1,2023_1128
Regular,Regular Season,2023,38,Vancouver,Honolulu,21,392,0,1,2023_1129
Regular,Regular Season,2023,38,Providence,Tulsa,73,340,0,0,2023_1130
Regular,Regular Season,2023,38,Tampa Bay,Manchester,330,83,0,1,2023_1131
Regular,Regular Season,2023,38,Birmingham,Baltimore,21,392,0,1,2023_1132
Regular,Regular Season,2023,38,Boise,Vegas,114,299,0,1,2023_1133
Regular,Regular Season,2023,38,Seattle,San Diego,268,145,0,1,2023_1134
Regular,Regular Season,2023,38,Lansing,Jacksonville,304.5,108.5,0,1,2023_1135
Regular,Regular Season,2023,38,St. Louis,Boise,52,361,0,1,2023_1136
Regular,Regular Season,2023,38,Pittsburgh,St. Louis,361,52,0,0,2023_1137
Regular,Regular Season,2023,38,Kentucky,Jacksonville,289,124,0,1,2023_1138
Regular,Regular Season,2023,38,Seattle,Pittsburgh,371,42,0,0,2023_1139
Regular,Regular Season,2023,38,Vegas,Austin,320,93,0,1,2023_1140
Play-In Round 1,Play-In,2023,39,Seattle,El Paso,236,177,0,0,2023_1141
Play-In Round 1,Play-In,2023,39,Birmingham,Manchester,114,299,0,0,2023_1142
Play-In Round 1,Play-In,2023,39,Vegas,Lincoln,289,124,0,0,2023_1143
Play-In Round 1,Play-In,2023,39,Buffalo,Jacksonville,191.5,221.5,0,0,2023_1144
Play-In Round 2,Play-In,2023,40,Jacksonville,Birmingham,330,83,0,0,2023_1145
Play-In Round 2,Play-In,2023,40,Vegas,El Paso,88.5,324.5,0,0,2023_1146
Conference Quarterfinals,Playoffs,2023,41,Jacksonville,Tampa Bay,93,320,0,0,2023_1147
Conference Quarterfinals,Playoffs,2023,41,Seattle,Tulsa,124,289,0,0,2023_1148
Conference Quarterfinals,Playoffs,2023,41,Little Rock,Cincinnati,155,258,0,0,2023_1149
Conference Quarterfinals,Playoffs,2023,41,Boise,Honolulu,124,289,0,0,2023_1150
Conference Quarterfinals,Playoffs,2023,41,Manchester,Lansing,144,269,0,0,2023_1151
Conference Quarterfinals,Playoffs,2023,41,Baltimore,Kentucky,207,206,0,0,2023_1152
Conference Quarterfinals,Playoffs,2023,41,El Paso,Anaheim,299,114,0,0,2023_1153
Conference Quarterfinals,Playoffs,2023,41,San Jose,Anchorage,154,259,0,0,2023_1154
Conference Semifinals,Playoffs,2023,42,Honolulu,Tulsa,299,114,0,0,2023_1155
Conference Semifinals,Playoffs,2023,42,El Paso,Anchorage,155,258,0,0,2023_1156
Conference Semifinals,Playoffs,2023,42,Baltimore,Tampa Bay,104,309,0,0,2023_1157
Conference Semifinals,Playoffs,2023,42,Cincinnati,Lansing,330,83,0,0,2023_1158
Conference Finals,Playoffs,2023,43,Anchorage,Honolulu,310,103,0,0,2023_1159
Conference Finals,Playoffs,2023,43,Cincinnati,Tampa Bay,361,52,0,0,2023_1160
SBCFBL Finals,Playoffs,2023,44,Anchorage,Cincinnati,166,247,0,0,2023_1161
Regular,Regular Season,2024,1,Vegas,Tulsa,176,237,0,1,2024_001
Regular,Regular Season,2024,1,Buffalo,Birmingham,62,351,0,1,2024_002
Regular,Regular Season,2024,1,Albuquerque,Birmingham,340,73,0,0,2024_003
Regular,Regular Season,2024,1,Austin,Little Rock,83,330,0,0,2024_004
Regular,Regular Season,2024,1,Des Moines,Kentucky,62,351,1,1,2024_005
Regular,Regular Season,2024,1,Baltimore,Pittsburgh,299,114,1,1,2024_006
Regular,Regular Season,2024,1,El Paso,Nashville,269,144,0,0,2024_007
Regular,Regular Season,2024,1,Honolulu,Boise,361,52,0,1,2024_008
Regular,Regular Season,2024,1,Lincoln,Buffalo,361,52,0,0,2024_009
Regular,Regular Season,2024,1,Vancouver,Baltimore,124.5,288.5,0,0,2024_010
Regular,Regular Season,2024,1,Seattle,Austin,210.5,202.5,0,1,2024_011
Regular,Regular Season,2024,1,Lansing,Cincinnati,52,361,1,1,2024_012
Regular,Regular Season,2024,1,Anaheim,Tampa Bay,186,227,0,0,2024_013
Regular,Regular Season,2024,1,Nashville,Jacksonville,216,197,1,1,2024_014
Regular,Regular Season,2024,1,San Jose,Anaheim,164,249,1,1,2024_015
Regular,Regular Season,2024,1,Tampa Bay,Cincinnati,186,227,0,1,2024_016
Regular,Regular Season,2024,1,Vegas,Manchester,176.5,236.5,0,0,2024_017
Regular,Regular Season,2024,1,Jacksonville,Providence,114,299,0,1,2024_018
Regular,Regular Season,2024,1,Honolulu,Anchorage,207,206,0,1,2024_019
Regular,Regular Season,2024,1,El Paso,Vancouver,227,186,0,1,2024_020
Regular,Regular Season,2024,1,San Jose,Des Moines,247,166,0,0,2024_021
Regular,Regular Season,2024,1,St. Louis,Albuquerque,99,314,1,1,2024_022
Regular,Regular Season,2024,1,San Diego,Seattle,156,257,0,1,2024_023
Regular,Regular Season,2024,1,Boise,Columbus,340.5,72.5,0,0,2024_024
Regular,Regular Season,2024,1,San Diego,Lincoln,88.5,324.5,0,1,2024_025
Regular,Regular Season,2024,1,Columbus,Little Rock,62,351,0,1,2024_026
Regular,Regular Season,2024,1,Manchester,Providence,130.5,282.5,1,1,2024_027
Regular,Regular Season,2024,1,Anchorage,Lansing,334.5,78.5,0,0,2024_028
Regular,Regular Season,2024,1,Kentucky,Pittsburgh,237,176,0,1,2024_029
Regular,Regular Season,2024,1,Tulsa,St. Louis,392,21,1,1,2024_030
Regular,Regular Season,2024,2,Birmingham,Tulsa,21,392,0,0,2024_031
Regular,Regular Season,2024,2,Cincinnati,Columbus,361,52,1,1,2024_032
Regular,Regular Season,2024,2,Anchorage,Columbus,392,21,0,0,2024_033
Regular,Regular Season,2024,2,Vegas,Jacksonville,52,361,0,0,2024_034
Regular,Regular Season,2024,2,Anaheim,Lansing,330,83,0,0,2024_035
Regular,Regular Season,2024,2,Vancouver,San Jose,227,186,0,1,2024_036
Regular,Regular Season,2024,2,Anaheim,Honolulu,237,176,1,1,2024_037
Regular,Regular Season,2024,2,Boise,Austin,319.5,93.5,0,1,2024_038
Regular,Regular Season,2024,2,Pittsburgh,Tampa Bay,83,330,0,1,2024_039
Regular,Regular Season,2024,2,Lansing,Des Moines,156,257,1,1,2024_040
Regular,Regular Season,2024,2,El Paso,Providence,190.5,222.5,0,0,2024_041
Regular,Regular Season,2024,2,Kentucky,Nashville,330,83,0,1,2024_042
Regular,Regular Season,2024,2,Lincoln,Albuquerque,351,62,0,1,2024_043
Regular,Regular Season,2024,2,Tulsa,Manchester,345.5,67.5,0,0,2024_044
Regular,Regular Season,2024,2,Providence,Baltimore,176,237,1,1,2024_045
Regular,Regular Season,2024,2,Vancouver,Kentucky,135,278,0,0,2024_046
Regular,Regular Season,2024,2,San Jose,Pittsburgh,134.5,278.5,0,0,2024_047
Regular,Regular Season,2024,2,Seattle,Buffalo,392,21,0,0,2024_048
Regular,Regular Season,2024,2,Lincoln,St. Louis,310,103,0,1,2024_049
Regular,Regular Season,2024,2,Little Rock,Buffalo,361,52,0,1,2024_050
Regular,Regular Season,2024,2,Vegas,El Paso,83,330,0,1,2024_051
Regular,Regular Season,2024,2,St. Louis,Birmingham,258,155,0,0,2024_052
Regular,Regular Season,2024,2,Nashville,Baltimore,93,320,0,1,2024_053
Regular,Regular Season,2024,2,Austin,Anchorage,21,392,0,1,2024_054
Regular,Regular Season,2024,2,San Diego,Little Rock,73,340,0,0,2024_055
Regular,Regular Season,2024,2,Boise,San Diego,340,73,0,1,2024_056
Regular,Regular Season,2024,2,Honolulu,Cincinnati,341,72,0,0,2024_057
Regular,Regular Season,2024,2,Jacksonville,Manchester,330,83,0,1,2024_058
Regular,Regular Season,2024,2,Des Moines,Tampa Bay,186,227,0,1,2024_059
Regular,Regular Season,2024,2,Albuquerque,Seattle,52,361,0,1,2024_060
Regular,Regular Season,2024,3,Lincoln,Little Rock,206,207,0,0,2024_061
Regular,Regular Season,2024,3,St. Louis,Anchorage,73,340,0,1,2024_062
Regular,Regular Season,2024,3,Vancouver,Anchorage,242.5,170.5,1,1,2024_063
Regular,Regular Season,2024,3,Vegas,Tampa Bay,42,371,0,0,2024_064
Regular,Regular Season,2024,3,Austin,Tampa Bay,21,392,0,0,2024_065
Regular,Regular Season,2024,3,Kentucky,Buffalo,361,52,0,1,2024_066
Regular,Regular Season,2024,3,Providence,Little Rock,217.5,195.5,0,1,2024_067
Regular,Regular Season,2024,3,Tulsa,Honolulu,345.5,67.5,0,1,2024_068
Regular,Regular Season,2024,3,Honolulu,Nashville,129.5,283.5,0,0,2024_069
Regular,Regular Season,2024,3,Vancouver,Columbus,361,52,0,0,2024_070
Regular,Regular Season,2024,3,Kentucky,Jacksonville,124,289,0,1,2024_071
Regular,Regular Season,2024,3,Vegas,Seattle,134.5,278.5,0,1,2024_072
Regular,Regular Season,2024,3,Anaheim,Buffalo,361,52,0,0,2024_073
Regular,Regular Season,2024,3,Albuquerque,Baltimore,186,227,0,0,2024_074
Regular,Regular Season,2024,3,Pittsburgh,Cincinnati,21,392,0,1,2024_075
Regular,Regular Season,2024,3,San Diego,Des Moines,124,289,0,0,2024_076
Regular,Regular Season,2024,3,San Jose,Manchester,237,176,0,0,2024_077
Regular,Regular Season,2024,3,Boise,Nashville,83,330,0,0,2024_078
Regular,Regular Season,2024,3,Austin,Pittsburgh,52,361,0,0,2024_079
Regular,Regular Season,2024,3,Albuquerque,Cincinnati,124,289,0,0,2024_080
Regular,Regular Season,2024,3,Lansing,Providence,330,83,0,1,2024_081
Regular,Regular Season,2024,3,Tulsa,Seattle,413,0,0,1,2024_082
Regular,Regular Season,2024,3,Lansing,Columbus,361,52,1,1,2024_083
Regular,Regular Season,2024,3,Anaheim,Des Moines,228,185,0,0,2024_084
Regular,Regular Season,2024,3,Boise,Birmingham,227,186,0,0,2024_085
Regular,Regular Season,2024,3,El Paso,St. Louis,278,135,1,1,2024_086
Regular,Regular Season,2024,3,Lincoln,Manchester,252.5,160.5,0,0,2024_087
Regular,Regular Season,2024,3,Jacksonville,Birmingham,268,145,1,1,2024_088
Regular,Regular Season,2024,3,El Paso,Baltimore,226.5,186.5,0,0,2024_089
Regular,Regular Season,2024,3,San Jose,San Diego,289,124,1,1,2024_090
Regular,Regular Season,2024,4,Austin,Honolulu,145,268,0,1,2024_091
Regular,Regular Season,2024,4,Providence,Boise,247,166,0,0,2024_092
Regular,Regular Season,2024,4,Columbus,Tulsa,21,392,0,0,2024_093
Regular,Regular Season,2024,4,Cincinnati,Nashville,309,104,0,1,2024_094
Regular,Regular Season,2024,4,Birmingham,Baltimore,52,361,0,1,2024_095
Regular,Regular Season,2024,4,Anaheim,Vancouver,289,124,0,1,2024_096
Regular,Regular Season,2024,4,Birmingham,El Paso,52,361,0,0,2024_097
Regular,Regular Season,2024,4,Little Rock,Manchester,145,268,0,1,2024_098
Regular,Regular Season,2024,4,Baltimore,St. Louis,309,104,0,0,2024_099
Regular,Regular Season,2024,4,Lansing,San Diego,392,21,0,0,2024_100
Regular,Regular Season,2024,4,Lincoln,El Paso,248,165,0,1,2024_101
Regular,Regular Season,2024,4,Kentucky,Albuquerque,340,73,0,0,2024_102
Regular,Regular Season,2024,4,Kentucky,St. Louis,371,42,0,0,2024_103
Regular,Regular Season,2024,4,Boise,Vegas,268,145,0,1,2024_104
Regular,Regular Season,2024,4,Manchester,Seattle,268,145,0,0,2024_105
Regular,Regular Season,2024,4,Nashville,Anchorage,83,330,0,0,2024_106
Regular,Regular Season,2024,4,Little Rock,Vegas,170.5,242.5,0,0,2024_107
Regular,Regular Season,2024,4,Albuquerque,San Jose,104,309,0,1,2024_108
Regular,Regular Season,2024,4,Columbus,Honolulu,21,392,0,0,2024_109
Regular,Regular Season,2024,4,Providence,Anchorage,135,278,0,0,2024_110
Regular,Regular Season,2024,4,Lansing,Austin,299,114,0,0,2024_111
Regular,Regular Season,2024,4,Tampa Bay,San Diego,361,52,0,0,2024_112
Regular,Regular Season,2024,4,Pittsburgh,Des Moines,42,371,0,1,2024_113
Regular,Regular Season,2024,4,Buffalo,Tampa Bay,52,361,0,1,2024_114
Regular,Regular Season,2024,4,Jacksonville,Lincoln,382,31,0,0,2024_115
Regular,Regular Season,2024,4,Buffalo,San Jose,21,392,0,0,2024_116
Regular,Regular Season,2024,4,Jacksonville,Seattle,340,73,0,0,2024_117
Regular,Regular Season,2024,4,Cincinnati,Vancouver,175,238,0,0,2024_118
Regular,Regular Season,2024,4,Pittsburgh,Anaheim,73,340,0,0,2024_119
Regular,Regular Season,2024,4,Des Moines,Tulsa,104,309,0,0,2024_120
Regular,Regular Season,2024,5,Albuquerque,Honolulu,93,320,0,1,2024_121
Regular,Regular Season,2024,5,Nashville,Lincoln,196,217,0,0,2024_122
Regular,Regular Season,2024,5,St. Louis,Vegas,67.5,345.5,0,1,2024_123
Regular,Regular Season,2024,5,Tampa Bay,Lansing,345.5,67.5,0,1,2024_124
Regular,Regular Season,2024,5,Boise,El Paso,340,73,0,1,2024_125
Regular,Regular Season,2024,5,Lansing,St. Louis,371,42,0,0,2024_126
Regular,Regular Season,2024,5,Kentucky,Seattle,299,114,0,0,2024_127
Regular,Regular Season,2024,5,Manchester,Albuquerque,196,217,0,0,2024_128
Regular,Regular Season,2024,5,Des Moines,Boise,114,299,0,0,2024_129
Regular,Regular Season,2024,5,Lincoln,San Jose,165,248,0,1,2024_130
Regular,Regular Season,2024,5,Little Rock,Pittsburgh,238,175,0,1,2024_131
Regular,Regular Season,2024,5,Anaheim,Vegas,227,186,1,1,2024_132
Regular,Regular Season,2024,5,Seattle,Vancouver,176,237,1,1,2024_133
Regular,Regular Season,2024,5,Buffalo,Columbus,273.5,139.5,0,1,2024_134
Regular,Regular Season,2024,5,Birmingham,Providence,104,309,0,1,2024_135
Regular,Regular Season,2024,5,Columbus,Kentucky,21,392,1,1,2024_136
Regular,Regular Season,2024,5,Providence,Des Moines,238,175,0,1,2024_137
Regular,Regular Season,2024,5,Honolulu,San Jose,330,83,1,1,2024_138
Regular,Regular Season,2024,5,Little Rock,Baltimore,207,206,0,1,2024_139
Regular,Regular Season,2024,5,Pittsburgh,Nashville,77.5,335.5,0,1,2024_140
Regular,Regular Season,2024,5,Baltimore,Austin,371,42,0,0,2024_141
Regular,Regular Season,2024,5,Tulsa,Cincinnati,340,73,0,0,2024_142
Regular,Regular Season,2024,5,Buffalo,Jacksonville,52,361,0,1,2024_143
Regular,Regular Season,2024,5,Cincinnati,Manchester,237,176,0,1,2024_144
Regular,Regular Season,2024,5,Anchorage,Anaheim,330,83,0,1,2024_145
Regular,Regular Season,2024,5,Birmingham,Tampa Bay,145,268,1,1,2024_146
Regular,Regular Season,2024,5,Tulsa,Vancouver,392,21,0,1,2024_147
Regular,Regular Season,2024,5,San Diego,El Paso,217,196,0,1,2024_148
Regular,Regular Season,2024,5,Austin,San Diego,166,247,0,1,2024_149
Regular,Regular Season,2024,5,Jacksonville,Anchorage,177,236,0,0,2024_150
Regular,Regular Season,2024,6,Seattle,Cincinnati,186,227,0,0,2024_151
Regular,Regular Season,2024,6,Des Moines,Providence,227,186,0,1,2024_152
Regular,Regular Season,2024,6,Honolulu,Jacksonville,352,61,0,0,2024_153
Regular,Regular Season,2024,6,San Diego,Austin,145,268,0,1,2024_154
Regular,Regular Season,2024,6,Vegas,Anaheim,52,361,1,1,2024_155
Regular,Regular Season,2024,6,Baltimore,Little Rock,145,268,0,1,2024_156
Regular,Regular Season,2024,6,Manchester,Columbus,361,52,0,1,2024_157
Regular,Regular Season,2024,6,Boise,Tulsa,252.5,160.5,0,1,2024_158
Regular,Regular Season,2024,6,Manchester,Cincinnati,392,21,0,1,2024_159
Regular,Regular Season,2024,6,Des Moines,Birmingham,320,93,0,1,2024_160
Regular,Regular Season,2024,6,San Jose,Kentucky,145,268,0,0,2024_161
Regular,Regular Season,2024,6,Vancouver,Albuquerque,273.5,139.5,0,1,2024_162
Regular,Regular Season,2024,6,St. Louis,Lansing,73,340,0,0,2024_163
Regular,Regular Season,2024,6,St. Louis,Pittsburgh,273.5,139.5,0,0,2024_164
Regular,Regular Season,2024,6,Nashville,Pittsburgh,309,104,0,1,2024_165
Regular,Regular Season,2024,6,Anchorage,Jacksonville,284.5,128.5,0,0,2024_166
Regular,Regular Season,2024,6,San Diego,Providence,42,371,0,0,2024_167
Regular,Regular Season,2024,6,Vegas,Austin,195,218,0,1,2024_168
Regular,Regular Season,2024,6,Seattle,Kentucky,36.5,376.5,0,0,2024_169
Regular,Regular Season,2024,6,Anaheim,Lincoln,392,21,0,1,2024_170
Regular,Regular Season,2024,6,Baltimore,Tampa Bay,31,382,0,1,2024_171
Regular,Regular Season,2024,6,El Paso,Lansing,73,340,0,0,2024_172
Regular,Regular Season,2024,6,Anchorage,Little Rock,238,175,0,0,2024_173
Regular,Regular Season,2024,6,Nashville,Buffalo,392,21,0,1,2024_174
Regular,Regular Season,2024,6,San Jose,Lincoln,392,21,0,1,2024_175
Regular,Regular Season,2024,6,Vancouver,Tulsa,21,392,0,1,2024_176
Regular,Regular Season,2024,6,Tampa Bay,Birmingham,361,52,1,1,2024_177
Regular,Regular Season,2024,6,Honolulu,Albuquerque,320,93,0,1,2024_178
Regular,Regular Season,2024,6,Columbus,Buffalo,201,212,0,1,2024_179
Regular,Regular Season,2024,6,El Paso,Boise,42,371,0,1,2024_180
Regular,Regular Season,2024,7,Jacksonville,Tampa Bay,124,289,1,1,2024_181
Regular,Regular Season,2024,7,Vegas,Honolulu,145,268,1,1,2024_182
Regular,Regular Season,2024,7,Cincinnati,Birmingham,361,52,0,1,2024_183
Regular,Regular Season,2024,7,Austin,Jacksonville,21,392,0,0,2024_184
Regular,Regular Season,2024,7,Vancouver,San Diego,299,114,0,1,2024_185
Regular,Regular Season,2024,7,Anaheim,Little Rock,258,155,0,0,2024_186
Regular,Regular Season,2024,7,Tulsa,Anchorage,165,248,0,1,2024_187
Regular,Regular Season,2024,7,Boise,Cincinnati,259,154,0,0,2024_188
Regular,Regular Season,2024,7,Albuquerque,Des Moines,258,155,0,0,2024_189
Regular,Regular Season,2024,7,Lansing,Manchester,330,83,0,1,2024_190
Regular,Regular Season,2024,7,San Jose,Tampa Bay,21,392,0,0,2024_191
Regular,Regular Season,2024,7,St. Louis,Nashville,330.5,82.5,0,0,2024_192
Regular,Regular Season,2024,7,Providence,Columbus,392,21,0,1,2024_193
Regular,Regular Season,2024,7,Lincoln,Anchorage,42,371,1,1,2024_194
Regular,Regular Season,2024,7,Little Rock,Tulsa,186,227,0,0,2024_195
Regular,Regular Season,2024,7,El Paso,San Jose,258,155,0,1,2024_196
Regular,Regular Season,2024,7,Albuquerque,Providence,238,175,0,0,2024_197
Regular,Regular Season,2024,7,Pittsburgh,Buffalo,361,52,1,1,2024_198
Regular,Regular Season,2024,7,San Diego,Manchester,52,361,0,0,2024_199
Regular,Regular Season,2024,7,Kentucky,Baltimore,165,248,0,1,2024_200
Regular,Regular Season,2024,7,Lincoln,Pittsburgh,258,155,0,0,2024_201
Regular,Regular Season,2024,7,Vancouver,Birmingham,258,155,0,0,2024_202
Regular,Regular Season,2024,7,El Paso,Columbus,392,21,0,0,2024_203
Regular,Regular Season,2024,7,Anaheim,St. Louis,258,155,0,1,2024_204
Regular,Regular Season,2024,7,Honolulu,Baltimore,289,124,0,0,2024_205
Regular,Regular Season,2024,7,Vegas,Buffalo,361,52,0,0,2024_206
Regular,Regular Season,2024,7,Boise,Seattle,176,237,1,1,2024_207
Regular,Regular Season,2024,7,Austin,Nashville,83,330,0,0,2024_208
Regular,Regular Season,2024,7,Seattle,Des Moines,361,52,0,0,2024_209
Regular,Regular Season,2024,7,Lansing,Kentucky,104,309,1,1,2024_210
Regular,Regular Season,2024,8,Tampa Bay,Columbus,361,52,0,1,2024_211
Regular,Regular Season,2024,8,San Jose,Honolulu,134,279,1,1,2024_212
Regular,Regular Season,2024,8,Des Moines,Cincinnati,191.5,221.5,1,1,2024_213
Regular,Regular Season,2024,8,San Diego,Kentucky,104,309,0,0,2024_214
Regular,Regular Season,2024,8,El Paso,San Diego,237,176,0,1,2024_215
Regular,Regular Season,2024,8,San Jose,Austin,340,73,0,1,2024_216
Regular,Regular Season,2024,8,Jacksonville,Buffalo,361,52,0,1,2024_217
Regular,Regular Season,2024,8,Austin,Baltimore,176,237,0,0,2024_218
Regular,Regular Season,2024,8,Baltimore,Buffalo,361,52,1,1,2024_219
Regular,Regular Season,2024,8,Vancouver,Boise,52,361,1,1,2024_220
Regular,Regular Season,2024,8,El Paso,Albuquerque,166,247,1,1,2024_221
Regular,Regular Season,2024,8,Manchester,Birmingham,392,21,0,1,2024_222
Regular,Regular Season,2024,8,Cincinnati,Tulsa,42,371,0,0,2024_223
Regular,Regular Season,2024,8,Vancouver,Seattle,145,268,1,1,2024_224
Regular,Regular Season,2024,8,Vegas,Lincoln,124,289,0,1,2024_225
Regular,Regular Season,2024,8,Vegas,St. Louis,191.5,221.5,0,1,2024_226
Regular,Regular Season,2024,8,Honolulu,Lansing,114,299,0,0,2024_227
Regular,Regular Season,2024,8,Anchorage,Pittsburgh,361,52,0,0,2024_228
Regular,Regular Season,2024,8,Seattle,Providence,176,237,0,0,2024_229
Regular,Regular Season,2024,8,Nashville,Little Rock,156,257,1,1,2024_230
Regular,Regular Season,2024,8,Pittsburgh,Little Rock,21,392,0,1,2024_231
Regular,Regular Season,2024,8,Boise,Des Moines,340,73,0,0,2024_232
Regular,Regular Season,2024,8,Lansing,Tampa Bay,207,206,0,1,2024_233
Regular,Regular Season,2024,8,St. Louis,Jacksonville,176,237,0,0,2024_234
Regular,Regular Season,2024,8,Kentucky,Columbus,361,52,1,1,2024_235
Regular,Regular Season,2024,8,Providence,Birmingham,392,21,0,1,2024_236
Regular,Regular Season,2024,8,Anaheim,Anchorage,259,154,0,1,2024_237
Regular,Regular Season,2024,8,Lincoln,Nashville,268,145,0,0,2024_238
Regular,Regular Season,2024,8,Albuquerque,Manchester,31,382,0,0,2024_239
Regular,Regular Season,2024,8,Anaheim,Tulsa,125,288,0,1,2024_240
Regular,Regular Season,2024,9,Birmingham,Manchester,82.5,330.5,0,1,2024_241
Regular,Regular Season,2024,9,Tulsa,Anaheim,268,145,0,1,2024_242
Regular,Regular Season,2024,9,Vancouver,Vegas,376.5,36.5,0,1,2024_243
Regular,Regular Season,2024,9,Lincoln,Vegas,289,124,0,1,2024_244
Regular,Regular Season,2024,9,Cincinnati,Des Moines,361,52,1,1,2024_245
Regular,Regular Season,2024,9,Anaheim,El Paso,207.5,205.5,0,1,2024_246
Regular,Regular Season,2024,9,Boise,Vancouver,52,361,1,1,2024_247
Regular,Regular Season,2024,9,Buffalo,Baltimore,52,361,1,1,2024_248
Regular,Regular Season,2024,9,Lincoln,Honolulu,52,361,0,1,2024_249
Regular,Regular Season,2024,9,Jacksonville,St. Louis,392,21,0,0,2024_250
Regular,Regular Season,2024,9,Lansing,Honolulu,247,166,0,0,2024_251
Regular,Regular Season,2024,9,Albuquerque,El Paso,221.5,191.5,1,1,2024_252
Regular,Regular Season,2024,9,Providence,Nashville,238,175,0,1,2024_253
Regular,Regular Season,2024,9,Albuquerque,San Diego,262.5,150.5,0,1,2024_254
Regular,Regular Season,2024,9,Lansing,Seattle,258,155,0,0,2024_255
Regular,Regular Season,2024,9,Little Rock,Tampa Bay,73,340,1,1,2024_256
Regular,Regular Season,2024,9,Kentucky,San Diego,330,83,0,0,2024_257
Regular,Regular Season,2024,9,Buffalo,Tulsa,21,392,0,0,2024_258
Regular,Regular Season,2024,9,Boise,San Jose,160.5,252.5,0,1,2024_259
Regular,Regular Season,2024,9,Jacksonville,Des Moines,361,52,0,1,2024_260
Regular,Regular Season,2024,9,Kentucky,Anchorage,155,258,0,0,2024_261
Regular,Regular Season,2024,9,Austin,St. Louis,361,52,1,1,2024_262
Regular,Regular Season,2024,9,Providence,Seattle,52,361,0,0,2024_263
Regular,Regular Season,2024,9,Pittsburgh,Manchester,299,114,1,1,2024_264
Regular,Regular Season,2024,9,Pittsburgh,Anchorage,135,278,0,0,2024_265
Regular,Regular Season,2024,9,Birmingham,Columbus,227,186,0,1,2024_266
Regular,Regular Season,2024,9,Austin,San Jose,73,340,0,1,2024_267
Regular,Regular Season,2024,9,Cincinnati,Baltimore,361,52,0,1,2024_268
Regular,Regular Season,2024,9,Little Rock,Nashville,376.5,36.5,1,1,2024_269
Regular,Regular Season,2024,9,Columbus,Tampa Bay,21,392,0,1,2024_270
Regular,Regular Season,2024,10,Albuquerque,Austin,248,165,1,1,2024_271
Regular,Regular Season,2024,10,Nashville,Anaheim,73,340,0,0,2024_272
Regular,Regular Season,2024,10,St. Louis,San Jose,124,289,0,1,2024_273
Regular,Regular Season,2024,10,San Diego,Honolulu,87.5,325.5,1,1,2024_274
Regular,Regular Season,2024,10,Anchorage,Baltimore,268,145,0,0,2024_275
Regular,Regular Season,2024,10,Cincinnati,Providence,237,176,0,1,2024_276
Regular,Regular Season,2024,10,Vegas,Pittsburgh,114,299,0,0,2024_277
Regular,Regular Season,2024,10,St. Louis,Columbus,361,52,0,0,2024_278
Regular,Regular Season,2024,10,Little Rock,Jacksonville,124,289,1,1,2024_279
Regular,Regular Season,2024,10,San Jose,Little Rock,227,186,0,0,2024_280
Regular,Regular Season,2024,10,Buffalo,Lansing,21,392,0,1,2024_281
Regular,Regular Season,2024,10,Tulsa,Pittsburgh,268,145,0,0,2024_282
Regular,Regular Season,2024,10,Baltimore,Lincoln,289,124,0,0,2024_283
Regular,Regular Season,2024,10,Tulsa,Nashville,289,124,0,0,2024_284
Regular,Regular Season,2024,10,Boise,Kentucky,191.5,221.5,0,0,2024_285
Regular,Regular Season,2024,10,Manchester,Boise,135,278,0,0,2024_286
Regular,Regular Season,2024,10,Columbus,Austin,52,361,0,0,2024_287
Regular,Regular Season,2024,10,Des Moines,Manchester,320,93,0,1,2024_288
Regular,Regular Season,2024,10,Seattle,Tampa Bay,73,340,0,0,2024_289
Regular,Regular Season,2024,10,Tampa Bay,Albuquerque,330,83,0,0,2024_290
Regular,Regular Season,2024,10,Vancouver,Providence,197,216,0,0,2024_291
Regular,Regular Season,2024,10,Birmingham,Kentucky,52,361,0,1,2024_292
Regular,Regular Season,2024,10,Honolulu,Birmingham,392,21,0,0,2024_293
Regular,Regular Season,2024,10,Seattle,El Paso,268,145,0,1,2024_294
Regular,Regular Season,2024,10,Lincoln,Lansing,93,320,0,0,2024_295
Regular,Regular Season,2024,10,San Diego,Buffalo,392,21,0,0,2024_296
Regular,Regular Season,2024,10,Anchorage,Vegas,309,104,0,1,2024_297
Regular,Regular Season,2024,10,Des Moines,Vancouver,330,83,0,0,2024_298
Regular,Regular Season,2024,10,Anaheim,Jacksonville,227,186,0,0,2024_299
Regular,Regular Season,2024,10,El Paso,Cincinnati,62,351,0,0,2024_300
Regular,Regular Season,2024,11,Seattle,Baltimore,217,196,0,0,2024_301
Regular,Regular Season,2024,11,Des Moines,Nashville,62,351,0,1,2024_302
Regular,Regular Season,2024,11,Manchester,Little Rock,21,392,0,1,2024_303
Regular,Regular Season,2024,11,Vancouver,Anaheim,114,299,0,1,2024_304
Regular,Regular Season,2024,11,Austin,Tulsa,21,392,1,1,2024_305
Regular,Regular Season,2024,11,Lincoln,Kentucky,134,279,0,0,2024_306
Regular,Regular Season,2024,11,Vegas,Cincinnati,124,289,0,0,2024_307
Regular,Regular Season,2024,11,El Paso,Little Rock,114,299,0,0,2024_308
Regular,Regular Season,2024,11,St. Louis,Tampa Bay,52,361,0,0,2024_309
Regular,Regular Season,2024,11,Boise,Jacksonville,361,52,0,0,2024_310
Regular,Regular Season,2024,11,St. Louis,Kentucky,227,186,0,0,2024_311
Regular,Regular Season,2024,11,El Paso,Lincoln,257,156,0,1,2024_312
Regular,Regular Season,2024,11,Anaheim,Providence,176,237,0,0,2024_313
Regular,Regular Season,2024,11,Albuquerque,Lansing,176,237,0,0,2024_314
Regular,Regular Season,2024,11,Vegas,Boise,42,371,0,1,2024_315
Regular,Regular Season,2024,11,Nashville,Cincinnati,145,268,0,1,2024_316
Regular,Regular Season,2024,11,San Jose,Albuquerque,237,176,0,1,2024_317
Regular,Regular Season,2024,11,Seattle,Jacksonville,289,124,0,0,2024_318
Regular,Regular Season,2024,11,San Diego,Lansing,52,361,0,0,2024_319
Regular,Regular Season,2024,11,San Diego,Columbus,283.5,129.5,0,0,2024_320
Regular,Regular Season,2024,11,Tulsa,Columbus,392,21,0,0,2024_321
Regular,Regular Season,2024,11,Des Moines,Pittsburgh,77.5,335.5,0,1,2024_322
Regular,Regular Season,2024,11,San Jose,Birmingham,361,52,0,0,2024_323
Regular,Regular Season,2024,11,Anchorage,Manchester,340,73,0,0,2024_324
Regular,Regular Season,2024,11,Tampa Bay,Buffalo,392,21,0,1,2024_325
Regular,Regular Season,2024,11,Honolulu,Austin,340,73,0,1,2024_326
Regular,Regular Season,2024,11,Baltimore,Birmingham,392,21,0,1,2024_327
Regular,Regular Season,2024,11,Vancouver,Pittsburgh,156,257,0,0,2024_328
Regular,Regular Season,2024,11,Honolulu,Buffalo,392,21,0,0,2024_329
Regular,Regular Season,2024,11,Anchorage,Providence,118.5,294.5,0,0,2024_330
Regular,Regular Season,2024,12,Kentucky,Lincoln,237,176,0,0,2024_331
Regular,Regular Season,2024,12,Pittsburgh,Vancouver,207,206,0,0,2024_332
Regular,Regular Season,2024,12,Buffalo,Honolulu,52,361,0,0,2024_333
Regular,Regular Season,2024,12,Tampa Bay,Anchorage,309,104,0,0,2024_334
Regular,Regular Season,2024,12,Cincinnati,Vegas,289,124,0,0,2024_335
Regular,Regular Season,2024,12,Lansing,Albuquerque,125,288,0,0,2024_336
Regular,Regular Season,2024,12,Manchester,Anchorage,36.5,376.5,0,0,2024_337
Regular,Regular Season,2024,12,Lansing,Boise,53,360,0,0,2024_338
Regular,Regular Season,2024,12,Cincinnati,San Jose,314.5,98.5,0,0,2024_339
Regular,Regular Season,2024,12,Little Rock,Honolulu,166,247,0,0,2024_340
Regular,Regular Season,2024,12,Little Rock,El Paso,330,83,0,0,2024_341
Regular,Regular Season,2024,12,Baltimore,Des Moines,361,52,0,1,2024_342
Regular,Regular Season,2024,12,Jacksonville,Vancouver,345.5,67.5,0,0,2024_343
Regular,Regular Season,2024,12,Birmingham,San Diego,108.5,304.5,0,0,2024_344
Regular,Regular Season,2024,12,Nashville,Des Moines,314.5,98.5,0,1,2024_345
Regular,Regular Season,2024,12,Birmingham,San Jose,52,361,0,0,2024_346
Regular,Regular Season,2024,12,Kentucky,Anaheim,83,330,0,0,2024_347
Regular,Regular Season,2024,12,Providence,Vegas,268,145,0,0,2024_348
Regular,Regular Season,2024,12,Jacksonville,Boise,294.5,118.5,0,0,2024_349
Regular,Regular Season,2024,12,Austin,Lincoln,41.5,371.5,0,1,2024_350
Regular,Regular Season,2024,12,Tampa Bay,St. Louis,361,52,0,0,2024_351
Regular,Regular Season,2024,12,Providence,Anaheim,62,351,0,0,2024_352
Regular,Regular Season,2024,12,Pittsburgh,El Paso,361,52,0,0,2024_353
Regular,Regular Season,2024,12,Columbus,Seattle,52,361,0,0,2024_354
Regular,Regular Season,2024,12,Tulsa,Austin,299,114,1,1,2024_355
Regular,Regular Season,2024,12,Tulsa,Albuquerque,258,155,1,1,2024_356
Regular,Regular Season,2024,12,Manchester,Nashville,62,351,0,1,2024_357
Regular,Regular Season,2024,12,Buffalo,St. Louis,21,392,0,0,2024_358
Regular,Regular Season,2024,12,Columbus,San Diego,52,361,0,0,2024_359
Regular,Regular Season,2024,12,Baltimore,Seattle,371,42,0,0,2024_360
Regular,Regular Season,2024,13,Buffalo,Albuquerque,21,392,0,0,2024_361
Regular,Regular Season,2024,13,Cincinnati,Pittsburgh,361,52,0,1,2024_362
Regular,Regular Season,2024,13,Columbus,Lansing,52,361,1,1,2024_363
Regular,Regular Season,2024,13,Des Moines,El Paso,217,196,0,0,2024_364
Regular,Regular Season,2024,13,San Jose,Albuquerque,268,145,0,1,2024_365
Regular,Regular Season,2024,13,Seattle,Manchester,361,52,0,0,2024_366
Regular,Regular Season,2024,13,Baltimore,Nashville,144.5,268.5,0,1,2024_367
Regular,Regular Season,2024,13,San Diego,Tulsa,42,371,0,1,2024_368
Regular,Regular Season,2024,13,Tampa Bay,Des Moines,258,155,0,1,2024_369
Regular,Regular Season,2024,13,Birmingham,Austin,21,392,0,0,2024_370
Regular,Regular Season,2024,13,St. Louis,Anchorage,52,361,0,1,2024_371
Regular,Regular Season,2024,13,Tulsa,Providence,124,289,0,0,2024_372
Regular,Regular Season,2024,13,Tampa Bay,Boise,289,124,0,0,2024_373
Regular,Regular Season,2024,13,Cincinnati,Kentucky,299,114,1,1,2024_374
Regular,Regular Season,2024,13,Anchorage,San Jose,325,88,0,1,2024_375
Regular,Regular Season,2024,13,Vancouver,Anaheim,73,340,0,1,2024_376
Regular,Regular Season,2024,13,Baltimore,Anaheim,185,228,0,0,2024_377
Regular,Regular Season,2024,13,Manchester,Vancouver,52,361,0,0,2024_378
Regular,Regular Season,2024,13,Buffalo,Kentucky,21,392,0,1,2024_379
Regular,Regular Season,2024,13,Columbus,Lincoln,21,392,0,0,2024_380
Regular,Regular Season,2024,13,Honolulu,Austin,320,93,0,1,2024_381
Regular,Regular Season,2024,13,Little Rock,Providence,145,268,0,1,2024_382
Regular,Regular Season,2024,13,St. Louis,San Diego,114,299,0,1,2024_383
Regular,Regular Season,2024,13,Pittsburgh,Jacksonville,82.5,330.5,0,1,2024_384
Regular,Regular Season,2024,13,El Paso,Lincoln,257,156,0,1,2024_385
Regular,Regular Season,2024,13,Seattle,Honolulu,299,114,0,1,2024_386
Regular,Regular Season,2024,13,Vegas,Boise,176,237,0,1,2024_387
Regular,Regular Season,2024,13,Birmingham,Jacksonville,21,392,1,1,2024_388
Regular,Regular Season,2024,13,Little Rock,Lansing,207,206,0,1,2024_389
Regular,Regular Season,2024,13,Nashville,Vegas,371,42,0,0,2024_390
Regular,Regular Season,2024,14,El Paso,Jacksonville,216,197,0,0,2024_391
Regular,Regular Season,2024,14,Seattle,Birmingham,361,52,0,0,2024_392
Regular,Regular Season,2024,14,Anaheim,Austin,371,42,0,1,2024_393
Regular,Regular Season,2024,14,San Diego,Cincinnati,42,371,0,0,2024_394
Regular,Regular Season,2024,14,San Diego,Vegas,88.5,324.5,1,1,2024_395
Regular,Regular Season,2024,14,Honolulu,Pittsburgh,351,62,0,0,2024_396
Regular,Regular Season,2024,14,St. Louis,Vancouver,52,361,0,1,2024_397
Regular,Regular Season,2024,14,Manchester,Austin,361,52,0,0,2024_398
Regular,Regular Season,2024,14,Honolulu,El Paso,238,175,0,1,2024_399
Regular,Regular Season,2024,14,Manchester,Baltimore,83,330,1,1,2024_400
Regular,Regular Season,2024,14,Lincoln,Tulsa,83,330,0,1,2024_401
Regular,Regular Season,2024,14,St. Louis,Little Rock,93,320,0,0,2024_402
Regular,Regular Season,2024,14,Columbus,Jacksonville,21,392,0,1,2024_403
Regular,Regular Season,2024,14,Seattle,Anaheim,247,166,0,1,2024_404
Regular,Regular Season,2024,14,Birmingham,Pittsburgh,186,227,0,1,2024_405
Regular,Regular Season,2024,14,San Jose,Providence,134,279,0,0,2024_406
Regular,Regular Season,2024,14,Des Moines,Lincoln,114,299,0,0,2024_407
Regular,Regular Season,2024,14,Vancouver,Lansing,350,63,0,0,2024_408
Regular,Regular Season,2024,14,Nashville,Albuquerque,252.5,160.5,0,0,2024_409
Regular,Regular Season,2024,14,Nashville,Tampa Bay,72,341,1,1,2024_410
Regular,Regular Season,2024,14,Baltimore,Lansing,195,218,0,1,2024_411
Regular,Regular Season,2024,14,Vegas,Kentucky,176,237,0,0,2024_412
Regular,Regular Season,2024,14,Anchorage,Buffalo,361,52,0,0,2024_413
Regular,Regular Season,2024,14,Boise,Albuquerque,330,83,0,1,2024_414
Regular,Regular Season,2024,14,Buffalo,Providence,21,392,1,1,2024_415
Regular,Regular Season,2024,14,San Jose,Tulsa,103,310,0,1,2024_416
Regular,Regular Season,2024,14,Tampa Bay,Kentucky,361,52,0,1,2024_417
Regular,Regular Season,2024,14,Des Moines,Columbus,392,21,1,1,2024_418
Regular,Regular Season,2024,14,Anchorage,Boise,145,268,1,1,2024_419
Regular,Regular Season,2024,14,Little Rock,Cincinnati,98.5,314.5,0,1,2024_420
Regular,Regular Season,2024,15,Tampa Bay,Vegas,392,21,0,0,2024_421
Regular,Regular Season,2024,15,Pittsburgh,Austin,150.5,262.5,0,0,2024_422
Regular,Regular Season,2024,15,Buffalo,Anaheim,21,392,0,0,2024_423
Regular,Regular Season,2024,15,Jacksonville,Albuquerque,371.5,41.5,0,0,2024_424
Regular,Regular Season,2024,15,Seattle,Tulsa,238,175,0,1,2024_425
Regular,Regular Season,2024,15,Columbus,Vancouver,67.5,345.5,0,0,2024_426
Regular,Regular Season,2024,15,Cincinnati,Albuquerque,180.5,232.5,0,0,2024_427
Regular,Regular Season,2024,15,Nashville,Honolulu,52,361,0,0,2024_428
Regular,Regular Season,2024,15,Kentucky,Austin,289,124,0,0,2024_429
Regular,Regular Season,2024,15,Manchester,San Jose,176,237,0,0,2024_430
Regular,Regular Season,2024,15,Manchester,St. Louis,293.5,119.5,0,0,2024_431
Regular,Regular Season,2024,15,Nashville,Seattle,93,320,0,0,2024_432
Regular,Regular Season,2024,15,Jacksonville,Kentucky,166,247,0,1,2024_433
Regular,Regular Season,2024,15,Columbus,San Jose,21,392,0,0,2024_434
Regular,Regular Season,2024,15,Birmingham,Vegas,67.5,345.5,0,0,2024_435
Regular,Regular Season,2024,15,Des Moines,Anchorage,83,330,0,0,2024_436
Regular,Regular Season,2024,15,Providence,Lansing,351,62,0,1,2024_437
Regular,Regular Season,2024,15,Little Rock,Vancouver,257,156,0,0,2024_438
Regular,Regular Season,2024,15,Baltimore,San Diego,252.5,160.5,0,0,2024_439
Regular,Regular Season,2024,15,Tulsa,Lansing,241.5,171.5,0,0,2024_440
Regular,Regular Season,2024,15,Birmingham,Boise,21,392,0,0,2024_441
Regular,Regular Season,2024,15,Baltimore,El Paso,114,299,0,0,2024_442
Regular,Regular Season,2024,15,Buffalo,El Paso,52,361,0,0,2024_443
Regular,Regular Season,2024,15,Des Moines,San Diego,268,145,0,0,2024_444
Regular,Regular Season,2024,15,Providence,Lincoln,351,62,0,0,2024_445
Regular,Regular Season,2024,15,Cincinnati,Anaheim,73,340,0,0,2024_446
Regular,Regular Season,2024,15,Anchorage,St. Louis,361,52,0,1,2024_447
Regular,Regular Season,2024,15,Tampa Bay,Honolulu,314.5,98.5,0,0,2024_448
Regular,Regular Season,2024,15,Pittsburgh,Boise,73,340,0,0,2024_449
Regular,Regular Season,2024,15,Little Rock,Lincoln,170.5,242.5,0,0,2024_450
Regular,Regular Season,2024,16,Buffalo,Anchorage,21,392,0,0,2024_451
Regular,Regular Season,2024,16,Lansing,Vancouver,330,83,0,0,2024_452
Regular,Regular Season,2024,16,Tampa Bay,Lincoln,392,21,0,0,2024_453
Regular,Regular Season,2024,16,Providence,San Jose,309.5,103.5,0,0,2024_454
Regular,Regular Season,2024,16,Des Moines,Vegas,237,176,0,0,2024_455
Regular,Regular Season,2024,16,Tulsa,Lincoln,320,93,0,1,2024_456
Regular,Regular Season,2024,16,Cincinnati,San Diego,268,145,0,0,2024_457
Regular,Regular Season,2024,16,Birmingham,Seattle,62,351,0,0,2024_458
Regular,Regular Season,2024,16,St. Louis,Honolulu,124,289,0,1,2024_459
Regular,Regular Season,2024,16,Cincinnati,Jacksonville,92,321,0,1,2024_460
Regular,Regular Season,2024,16,Columbus,Albuquerque,52,361,0,0,2024_461
Regular,Regular Season,2024,16,Kentucky,Vegas,289,124,0,0,2024_462
Regular,Regular Season,2024,16,Baltimore,Manchester,340,73,1,1,2024_463
Regular,Regular Season,2024,16,Austin,Anaheim,21,392,0,1,2024_464
Regular,Regular Season,2024,16,Little Rock,St. Louis,289,124,0,0,2024_465
Regular,Regular Season,2024,16,Pittsburgh,Honolulu,93,320,0,0,2024_466
Regular,Regular Season,2024,16,Seattle,San Jose,232.5,180.5,0,1,2024_467
Regular,Regular Season,2024,16,Albuquerque,Boise,114,299,0,1,2024_468
Regular,Regular Season,2024,16,Anchorage,El Paso,392,21,0,1,2024_469
Regular,Regular Season,2024,16,Birmingham,Lansing,52,361,0,1,2024_470
Regular,Regular Season,2024,16,San Diego,Tulsa,73,340,0,1,2024_471
Regular,Regular Season,2024,16,Nashville,Vancouver,124,289,0,0,2024_472
Regular,Regular Season,2024,16,Columbus,Des Moines,114,299,1,1,2024_473
Regular,Regular Season,2024,16,Jacksonville,El Paso,361,52,0,0,2024_474
Regular,Regular Season,2024,16,Pittsburgh,Providence,73,340,1,1,2024_475
Regular,Regular Season,2024,16,Manchester,Anaheim,114,299,0,0,2024_476
Regular,Regular Season,2024,16,Little Rock,Kentucky,247,166,0,1,2024_477
Regular,Regular Season,2024,16,Baltimore,Boise,247,166,0,0,2024_478
Regular,Regular Season,2024,16,Buffalo,Austin,98.5,314.5,0,0,2024_479
Regular,Regular Season,2024,16,Tampa Bay,Nashville,361,52,1,1,2024_480
Regular,Regular Season,2024,17,Vancouver,Des Moines,289,124,0,0,2024_481
Regular,Regular Season,2024,17,Lincoln,Baltimore,125,288,0,0,2024_482
Regular,Regular Season,2024,17,Austin,Columbus,376.5,36.5,0,0,2024_483
Regular,Regular Season,2024,17,Providence,Cincinnati,314.5,98.5,0,1,2024_484
Regular,Regular Season,2024,17,Nashville,Austin,371,42,0,0,2024_485
Regular,Regular Season,2024,17,San Jose,El Paso,237,176,0,1,2024_486
Regular,Regular Season,2024,17,Columbus,Providence,21,392,0,1,2024_487
Regular,Regular Season,2024,17,Buffalo,Pittsburgh,52,361,1,1,2024_488
Regular,Regular Season,2024,17,Pittsburgh,Tulsa,67.5,345.5,0,0,2024_489
Regular,Regular Season,2024,17,Boise,Manchester,361,52,0,0,2024_490
Regular,Regular Season,2024,17,Tulsa,Little Rock,165,248,0,0,2024_491
Regular,Regular Season,2024,17,Vegas,Anchorage,52,361,0,1,2024_492
Regular,Regular Season,2024,17,San Diego,Vancouver,52,361,0,1,2024_493
Regular,Regular Season,2024,17,Anchorage,Lincoln,340,73,1,1,2024_494
Regular,Regular Season,2024,17,Birmingham,Cincinnati,104,309,0,1,2024_495
Regular,Regular Season,2024,17,St. Louis,Anaheim,114,299,0,1,2024_496
Regular,Regular Season,2024,17,Tampa Bay,Jacksonville,340,73,1,1,2024_497
Regular,Regular Season,2024,17,San Jose,St. Louis,268,145,0,1,2024_498
Regular,Regular Season,2024,17,Jacksonville,Little Rock,248,165,1,1,2024_499
Regular,Regular Season,2024,17,Baltimore,Kentucky,310.5,102.5,0,1,2024_500
Regular,Regular Season,2024,17,Anaheim,Nashville,280,133,0,0,2024_501
Regular,Regular Season,2024,17,Manchester,Lansing,93.5,319.5,0,1,2024_502
Regular,Regular Season,2024,17,Kentucky,Birmingham,309,104,0,1,2024_503
Regular,Regular Season,2024,17,El Paso,Seattle,211.5,201.5,0,1,2024_504
Regular,Regular Season,2024,17,Albuquerque,Tampa Bay,83,330,0,0,2024_505
Regular,Regular Season,2024,17,Honolulu,Vegas,361,52,1,1,2024_506
Regular,Regular Season,2024,17,Lansing,Buffalo,361,52,0,1,2024_507
Regular,Regular Season,2024,17,Seattle,Boise,206,207,1,1,2024_508
Regular,Regular Season,2024,17,Des Moines,Albuquerque,273.5,139.5,0,0,2024_509
Regular,Regular Season,2024,17,Honolulu,San Diego,330,83,1,1,2024_510
Regular,Regular Season,2024,18,Honolulu,Kentucky,238,175,0,0,2024_511
Regular,Regular Season,2024,18,San Diego,Anaheim,46.5,366.5,1,1,2024_512
Regular,Regular Season,2024,18,Birmingham,Little Rock,52,361,1,1,2024_513
Regular,Regular Season,2024,18,Seattle,Lincoln,248,165,1,1,2024_514
Regular,Regular Season,2024,18,Anaheim,Boise,104,309,0,1,2024_515
Regular,Regular Season,2024,18,St. Louis,Providence,145,268,0,0,2024_516
Regular,Regular Season,2024,18,Seattle,Pittsburgh,392,21,0,0,2024_517
Regular,Regular Season,2024,18,San Diego,Jacksonville,10.5,402.5,0,0,2024_518
Regular,Regular Season,2024,18,Tulsa,Tampa Bay,83,330,0,0,2024_519
Regular,Regular Season,2024,18,Des Moines,Austin,320,93,0,0,2024_520
Regular,Regular Season,2024,18,Buffalo,Cincinnati,52,361,0,1,2024_521
Regular,Regular Season,2024,18,El Paso,Tulsa,52,361,1,1,2024_522
Regular,Regular Season,2024,18,Baltimore,Jacksonville,103,310,0,1,2024_523
Regular,Regular Season,2024,18,Tampa Bay,Providence,197,216,0,1,2024_524
Regular,Regular Season,2024,18,San Jose,Vegas,361,52,1,1,2024_525
Regular,Regular Season,2024,18,San Jose,Lansing,197,216,0,0,2024_526
Regular,Regular Season,2024,18,Columbus,Pittsburgh,248,165,0,1,2024_527
Regular,Regular Season,2024,18,Manchester,Buffalo,361,52,1,1,2024_528
Regular,Regular Season,2024,18,Des Moines,Little Rock,207,206,0,1,2024_529
Regular,Regular Season,2024,18,Manchester,Kentucky,186,227,0,1,2024_530
Regular,Regular Season,2024,18,Baltimore,Columbus,361,52,0,1,2024_531
Regular,Regular Season,2024,18,Nashville,Birmingham,361,52,1,1,2024_532
Regular,Regular Season,2024,18,Anchorage,Albuquerque,289,124,0,1,2024_533
Regular,Regular Season,2024,18,Anchorage,Cincinnati,309,104,0,0,2024_534
Regular,Regular Season,2024,18,Honolulu,Vancouver,340,73,0,1,2024_535
Regular,Regular Season,2024,18,St. Louis,Boise,176,237,0,1,2024_536
Regular,Regular Season,2024,18,Nashville,Lansing,237,176,0,1,2024_537
Regular,Regular Season,2024,18,El Paso,Austin,268,145,1,1,2024_538
Regular,Regular Season,2024,18,Vegas,Albuquerque,72,341,0,1,2024_539
Regular,Regular Season,2024,18,Vancouver,Lincoln,155,258,1,1,2024_540
Regular,Regular Season,2024,19,Anaheim,Birmingham,345.5,67.5,0,0,2024_541
Regular,Regular Season,2024,19,Honolulu,Manchester,392,21,0,0,2024_542
Regular,Regular Season,2024,19,Columbus,Buffalo,252.5,160.5,0,1,2024_543
Regular,Regular Season,2024,19,San Diego,Nashville,123,290,0,0,2024_544
Regular,Regular Season,2024,19,St. Louis,Des Moines,83,330,0,0,2024_545
Regular,Regular Season,2024,19,Tampa Bay,Birmingham,392,21,1,1,2024_546
Regular,Regular Season,2024,19,Lansing,Jacksonville,103.5,309.5,0,1,2024_547
Regular,Regular Season,2024,19,Baltimore,Little Rock,268,145,0,1,2024_548
Regular,Regular Season,2024,19,Boise,Little Rock,237,176,0,0,2024_549
Regular,Regular Season,2024,19,Manchester,Cincinnati,88.5,324.5,0,1,2024_550
Regular,Regular Season,2024,19,Tulsa,Boise,262.5,150.5,0,1,2024_551
Regular,Regular Season,2024,19,Austin,Lincoln,119.5,293.5,0,1,2024_552
Regular,Regular Season,2024,19,Lincoln,Cincinnati,52,361,0,0,2024_553
Regular,Regular Season,2024,19,Nashville,Pittsburgh,206.5,206.5,0,1,2024_554
Regular,Regular Season,2024,19,Vegas,Columbus,299,114,0,0,2024_555
Regular,Regular Season,2024,19,El Paso,Tampa Bay,52,361,0,0,2024_556
Regular,Regular Season,2024,19,Albuquerque,Kentucky,196,217,0,0,2024_557
Regular,Regular Season,2024,19,Honolulu,San Jose,341,72,1,1,2024_558
Regular,Regular Season,2024,19,Des Moines,Providence,237,176,0,1,2024_559
Regular,Regular Season,2024,19,Seattle,Vancouver,206,207,1,1,2024_560
Regular,Regular Season,2024,19,Kentucky,Tulsa,93,320,0,0,2024_561
Regular,Regular Season,2024,19,Anchorage,Anaheim,252.5,160.5,0,1,2024_562
Regular,Regular Season,2024,19,Austin,Providence,104,309,0,0,2024_563
Regular,Regular Season,2024,19,Vancouver,Buffalo,330,83,0,0,2024_564
Regular,Regular Season,2024,19,Albuquerque,Pittsburgh,124,289,0,0,2024_565
Regular,Regular Season,2024,19,Seattle,Anchorage,73,340,1,1,2024_566
Regular,Regular Season,2024,19,San Jose,Baltimore,237,176,0,0,2024_567
Regular,Regular Season,2024,19,Lansing,Jacksonville,103.5,309.5,0,1,2024_568
Regular,Regular Season,2024,19,St. Louis,Vegas,371,42,0,1,2024_569
Regular,Regular Season,2024,19,San Diego,El Paso,165,248,0,1,2024_570
Regular,Regular Season,2024,20,Nashville,Tulsa,21,392,0,0,2024_571
Regular,Regular Season,2024,20,Columbus,St. Louis,366.5,46.5,0,0,2024_572
Regular,Regular Season,2024,20,Providence,Vancouver,371,42,0,0,2024_573
Regular,Regular Season,2024,20,Tampa Bay,Seattle,361,52,0,0,2024_574
Regular,Regular Season,2024,20,Lansing,Little Rock,176,237,0,1,2024_575
Regular,Regular Season,2024,20,Seattle,Honolulu,196,217,0,1,2024_576
Regular,Regular Season,2024,20,Boise,Providence,217.5,195.5,0,0,2024_577
Regular,Regular Season,2024,20,Jacksonville,Pittsburgh,289,124,0,1,2024_578
Regular,Regular Season,2024,20,Baltimore,Anchorage,176,237,0,0,2024_579
Regular,Regular Season,2024,20,Kentucky,Boise,206,207,0,0,2024_580
Regular,Regular Season,2024,20,Albuquerque,Vancouver,309,104,0,1,2024_581
Regular,Regular Season,2024,20,Austin,Vegas,124,289,0,1,2024_582
Regular,Regular Season,2024,20,Birmingham,Honolulu,145,268,0,0,2024_583
Regular,Regular Season,2024,20,Pittsburgh,Vegas,211.5,201.5,0,0,2024_584
Regular,Regular Season,2024,20,Buffalo,San Diego,67.5,345.5,0,0,2024_585
Regular,Regular Season,2024,20,Austin,Albuquerque,36.5,376.5,1,1,2024_586
Regular,Regular Season,2024,20,Kentucky,Cincinnati,149.5,263.5,1,1,2024_587
Regular,Regular Season,2024,20,Jacksonville,Anaheim,159.5,253.5,0,0,2024_588
Regular,Regular Season,2024,20,Tulsa,El Paso,314.5,98.5,1,1,2024_589
Regular,Regular Season,2024,20,Lincoln,Anaheim,124,289,0,1,2024_590
Regular,Regular Season,2024,20,Cincinnati,El Paso,300,113,0,0,2024_591
Regular,Regular Season,2024,20,Nashville,Buffalo,330,83,0,1,2024_592
Regular,Regular Season,2024,20,Anchorage,San Jose,304.5,108.5,0,1,2024_593
Regular,Regular Season,2024,20,Des Moines,Birmingham,268,145,0,1,2024_594
Regular,Regular Season,2024,20,St. Louis,San Diego,67.5,345.5,0,1,2024_595
Regular,Regular Season,2024,20,Lansing,Lincoln,252.5,160.5,0,0,2024_596
Regular,Regular Season,2024,20,Baltimore,Tampa Bay,42,371,0,1,2024_597
Regular,Regular Season,2024,20,Manchester,Des Moines,83,330,0,1,2024_598
Regular,Regular Season,2024,20,Manchester,Columbus,258,155,0,1,2024_599
Regular,Regular Season,2024,20,Little Rock,San Jose,361,52,0,0,2024_600
Regular,Regular Season,2024,21,Pittsburgh,San Jose,145,268,0,0,2024_601
Regular,Regular Season,2024,21,El Paso,Vegas,88.5,324.5,0,1,2024_602
Regular,Regular Season,2024,21,Buffalo,Little Rock,52,361,0,1,2024_603
Regular,Regular Season,2024,21,Tampa Bay,Des Moines,351,62,0,1,2024_604
Regular,Regular Season,2024,21,Columbus,Anchorage,21,392,0,0,2024_605
Regular,Regular Season,2024,21,Columbus,Cincinnati,21,392,1,1,2024_606
Regular,Regular Season,2024,21,Baltimore,Providence,217,196,1,1,2024_607
Regular,Regular Season,2024,21,Albuquerque,Lincoln,41,372,0,1,2024_608
Regular,Regular Season,2024,21,Honolulu,Anaheim,222,191,1,1,2024_609
Regular,Regular Season,2024,21,Seattle,Albuquerque,330,83,0,1,2024_610
Regular,Regular Season,2024,21,Kentucky,Vancouver,283.5,129.5,0,0,2024_611
Regular,Regular Season,2024,21,St. Louis,Lincoln,21,392,0,1,2024_612
Regular,Regular Season,2024,21,Cincinnati,Honolulu,52,361,0,0,2024_613
Regular,Regular Season,2024,21,Tampa Bay,Pittsburgh,361,52,0,1,2024_614
Regular,Regular Season,2024,21,San Jose,Vancouver,252,161,0,1,2024_615
Regular,Regular Season,2024,21,Anchorage,Austin,392,21,0,1,2024_616
Regular,Regular Season,2024,21,Des Moines,Lansing,237,176,1,1,2024_617
Regular,Regular Season,2024,21,Lansing,Anaheim,93.5,319.5,0,0,2024_618
Regular,Regular Season,2024,21,Buffalo,Seattle,52,361,0,0,2024_619
Regular,Regular Season,2024,21,Manchester,Jacksonville,114,299,0,1,2024_620
Regular,Regular Season,2024,21,Little Rock,San Diego,361,52,0,0,2024_621
Regular,Regular Season,2024,21,Nashville,Kentucky,170.5,242.5,0,1,2024_622
Regular,Regular Season,2024,21,Austin,Boise,73,340,0,1,2024_623
Regular,Regular Season,2024,21,Providence,El Paso,371,42,0,0,2024_624
Regular,Regular Season,2024,21,San Diego,Boise,52,361,0,1,2024_625
Regular,Regular Season,2024,21,Jacksonville,Vegas,268,145,0,0,2024_626
Regular,Regular Season,2024,21,Manchester,Tulsa,139.5,273.5,0,0,2024_627
Regular,Regular Season,2024,21,Tulsa,Birmingham,330,83,0,0,2024_628
Regular,Regular Season,2024,21,Baltimore,Nashville,248,165,0,1,2024_629
Regular,Regular Season,2024,21,Birmingham,St. Louis,376.5,36.5,0,0,2024_630
Regular,Regular Season,2024,22,San Jose,Nashville,134,279,0,0,2024_631
Regular,Regular Season,2024,22,Boise,Tampa Bay,124,289,0,0,2024_632
Regular,Regular Season,2024,22,Jacksonville,Pittsburgh,258,155,0,1,2024_633
Regular,Regular Season,2024,22,Vegas,Nashville,221.5,191.5,0,0,2024_634
Regular,Regular Season,2024,22,Austin,Cincinnati,42,371,0,0,2024_635
Regular,Regular Season,2024,22,Honolulu,Des Moines,207,206,0,0,2024_636
Regular,Regular Season,2024,22,St. Louis,Seattle,83,330,0,1,2024_637
Regular,Regular Season,2024,22,Lansing,Pittsburgh,289,124,0,1,2024_638
Regular,Regular Season,2024,22,Lansing,Little Rock,289,124,0,1,2024_639
Regular,Regular Season,2024,22,Vancouver,Manchester,135,278,0,0,2024_640
Regular,Regular Season,2024,22,Providence,Tulsa,155,258,0,0,2024_641
Regular,Regular Season,2024,22,Vegas,Baltimore,145,268,0,0,2024_642
Regular,Regular Season,2024,22,Anaheim,Baltimore,258,155,0,0,2024_643
Regular,Regular Season,2024,22,Lincoln,Birmingham,320,93,0,0,2024_644
Regular,Regular Season,2024,22,Jacksonville,Tulsa,248,165,0,0,2024_645
Regular,Regular Season,2024,22,Vancouver,Tampa Bay,73,340,0,0,2024_646
Regular,Regular Season,2024,22,Albuquerque,Little Rock,175,238,0,0,2024_647
Regular,Regular Season,2024,22,San Diego,Anchorage,114,299,0,1,2024_648
Regular,Regular Season,2024,22,San Jose,Anchorage,52,361,0,1,2024_649
Regular,Regular Season,2024,22,Lincoln,Columbus,392,21,0,0,2024_650
Regular,Regular Season,2024,22,Albuquerque,Buffalo,361,52,0,0,2024_651
Regular,Regular Season,2024,22,El Paso,Manchester,247,166,0,0,2024_652
Regular,Regular Season,2024,22,El Paso,Des Moines,263.5,149.5,0,0,2024_653
Regular,Regular Season,2024,22,Honolulu,Seattle,325,88,0,1,2024_654
Regular,Regular Season,2024,22,San Diego,St. Louis,330,83,0,1,2024_655
Regular,Regular Season,2024,22,Boise,Buffalo,392,21,0,0,2024_656
Regular,Regular Season,2024,22,Kentucky,Cincinnati,258,155,1,1,2024_657
Regular,Regular Season,2024,22,Kentucky,Providence,279,134,0,1,2024_658
Regular,Regular Season,2024,22,Anaheim,Columbus,361,52,0,0,2024_659
Regular,Regular Season,2024,22,Austin,Birmingham,135.5,277.5,0,0,2024_660
Regular,Regular Season,2024,23,Pittsburgh,Seattle,145,268,0,0,2024_661
Regular,Regular Season,2024,23,Lincoln,Vancouver,309,104,1,1,2024_662
Regular,Regular Season,2024,23,Vegas,Vancouver,236,177,0,1,2024_663
Regular,Regular Season,2024,23,Little Rock,Des Moines,42,371,0,1,2024_664
Regular,Regular Season,2024,23,El Paso,Anaheim,169.5,243.5,0,1,2024_665
Regular,Regular Season,2024,23,Seattle,Lansing,124,289,0,0,2024_666
Regular,Regular Season,2024,23,Nashville,Providence,309,104,0,1,2024_667
Regular,Regular Season,2024,23,Columbus,Birmingham,83,330,0,1,2024_668
Regular,Regular Season,2024,23,Anchorage,Kentucky,248,165,0,0,2024_669
Regular,Regular Season,2024,23,Cincinnati,Anchorage,114,299,0,0,2024_670
Regular,Regular Season,2024,23,Jacksonville,San Diego,402.5,10.5,0,0,2024_671
Regular,Regular Season,2024,23,Providence,St. Louis,268,145,0,0,2024_672
Regular,Regular Season,2024,23,Des Moines,Jacksonville,41.5,371.5,0,1,2024_673
Regular,Regular Season,2024,23,Tampa Bay,Tulsa,197,216,0,0,2024_674
Regular,Regular Season,2024,23,Austin,El Paso,191.5,221.5,1,1,2024_675
Regular,Regular Season,2024,23,San Diego,Albuquerque,149.5,263.5,0,1,2024_676
Regular,Regular Season,2024,23,Kentucky,Honolulu,82.5,330.5,0,0,2024_677
Regular,Regular Season,2024,23,Albuquerque,Vegas,67.5,345.5,0,1,2024_678
Regular,Regular Season,2024,23,Columbus,Baltimore,52,361,0,1,2024_679
Regular,Regular Season,2024,23,Baltimore,Cincinnati,324.5,88.5,0,1,2024_680
Regular,Regular Season,2024,23,St. Louis,Austin,242.5,170.5,1,1,2024_681
Regular,Regular Season,2024,23,San Jose,Boise,62.5,350.5,0,1,2024_682
Regular,Regular Season,2024,23,Honolulu,Lincoln,258,155,0,1,2024_683
Regular,Regular Season,2024,23,Birmingham,Nashville,73,340,1,1,2024_684
Regular,Regular Season,2024,23,Manchester,Pittsburgh,324.5,88.5,1,1,2024_685
Regular,Regular Season,2024,23,Tampa Bay,Little Rock,371,42,1,1,2024_686
Regular,Regular Season,2024,23,Boise,Anaheim,144,269,0,1,2024_687
Regular,Regular Season,2024,23,Lansing,San Jose,330,83,0,0,2024_688
Regular,Regular Season,2024,23,Buffalo,Manchester,21,392,1,1,2024_689
Regular,Regular Season,2024,23,Tulsa,Buffalo,392,21,0,0,2024_690
Regular,Regular Season,2024,24,St. Louis,Buffalo,330,83,0,0,2024_691
Regular,Regular Season,2024,24,Anaheim,Kentucky,186,227,0,0,2024_692
Regular,Regular Season,2024,24,Anaheim,Seattle,274.5,138.5,0,1,2024_693
Regular,Regular Season,2024,24,San Diego,Birmingham,314.5,98.5,0,0,2024_694
Regular,Regular Season,2024,24,Cincinnati,Little Rock,268,145,0,1,2024_695
Regular,Regular Season,2024,24,Tulsa,San Jose,283.5,129.5,0,1,2024_696
Regular,Regular Season,2024,24,Pittsburgh,Birmingham,269,144,0,1,2024_697
Regular,Regular Season,2024,24,El Paso,Pittsburgh,289,124,0,0,2024_698
Regular,Regular Season,2024,24,Seattle,Columbus,361,52,0,0,2024_699
Regular,Regular Season,2024,24,El Paso,Honolulu,283.5,129.5,0,1,2024_700
Regular,Regular Season,2024,24,Nashville,Manchester,216,197,0,1,2024_701
Regular,Regular Season,2024,24,Albuquerque,Tulsa,155,258,1,1,2024_702
Regular,Regular Season,2024,24,Vancouver,St. Louis,361,52,0,1,2024_703
Regular,Regular Season,2024,24,Vegas,San Diego,330,83,1,1,2024_704
Regular,Regular Season,2024,24,Providence,Buffalo,361,52,1,1,2024_705
Regular,Regular Season,2024,24,San Jose,Cincinnati,114,299,0,0,2024_706
Regular,Regular Season,2024,24,Anchorage,Tampa Bay,124,289,0,0,2024_707
Regular,Regular Season,2024,24,Honolulu,Little Rock,289,124,0,0,2024_708
Regular,Regular Season,2024,24,Jacksonville,Columbus,361,52,0,1,2024_709
Regular,Regular Season,2024,24,Des Moines,Baltimore,320,93,0,1,2024_710
Regular,Regular Season,2024,24,Boise,Lansing,175,238,0,0,2024_711
Regular,Regular Season,2024,24,Vegas,Providence,144.5,268.5,0,0,2024_712
Regular,Regular Season,2024,24,Kentucky,Tampa Bay,299,114,0,1,2024_713
Regular,Regular Season,2024,24,Austin,Manchester,207,206,0,0,2024_714
Regular,Regular Season,2024,24,Lincoln,Des Moines,196,217,0,0,2024_715
Regular,Regular Season,2024,24,Lansing,Baltimore,155,258,0,1,2024_716
Regular,Regular Season,2024,24,Boise,Anchorage,125,288,1,1,2024_717
Regular,Regular Season,2024,24,Lincoln,Austin,340,73,0,1,2024_718
Regular,Regular Season,2024,24,Vancouver,Jacksonville,155,258,0,0,2024_719
Regular,Regular Season,2024,24,Albuquerque,Nashville,155,258,0,0,2024_720
Regular,Regular Season,2024,25,Kentucky,San Jose,216.5,196.5,0,0,2024_721
Regular,Regular Season,2024,25,Albuquerque,Vancouver,340,73,0,1,2024_722
Regular,Regular Season,2024,25,Cincinnati,Seattle,247.5,165.5,0,0,2024_723
Regular,Regular Season,2024,25,Honolulu,Lincoln,177,236,0,1,2024_724
Regular,Regular Season,2024,25,Pittsburgh,St. Louis,129.5,283.5,0,0,2024_725
Regular,Regular Season,2024,25,Tampa Bay,Kentucky,371,42,0,1,2024_726
Regular,Regular Season,2024,25,Providence,San Diego,320,93,0,0,2024_727
Regular,Regular Season,2024,25,Little Rock,Cincinnati,21,392,0,1,2024_728
Regular,Regular Season,2024,25,St. Louis,Austin,124,289,1,1,2024_729
Regular,Regular Season,2024,25,Anchorage,Nashville,237,176,0,0,2024_730
Regular,Regular Season,2024,25,Baltimore,Lansing,176,237,0,1,2024_731
Regular,Regular Season,2024,25,Tulsa,Boise,392,21,0,1,2024_732
Regular,Regular Season,2024,25,Jacksonville,Honolulu,160.5,252.5,0,0,2024_733
Regular,Regular Season,2024,25,Columbus,Jacksonville,21,392,0,1,2024_734
Regular,Regular Season,2024,25,Lansing,El Paso,299.5,113.5,0,0,2024_735
Regular,Regular Season,2024,25,El Paso,Anaheim,196,217,0,1,2024_736
Regular,Regular Season,2024,25,Little Rock,Anchorage,52,361,0,0,2024_737
Regular,Regular Season,2024,25,Birmingham,Pittsburgh,413,0,0,1,2024_738
Regular,Regular Season,2024,25,Tampa Bay,Baltimore,392,21,0,1,2024_739
Regular,Regular Season,2024,25,Birmingham,Des Moines,134.5,278.5,0,1,2024_740
Regular,Regular Season,2024,25,Manchester,Des Moines,247,166,0,1,2024_741
Regular,Regular Season,2024,25,San Diego,Albuquerque,169.5,243.5,0,1,2024_742
Regular,Regular Season,2024,25,Lincoln,Anaheim,262.5,150.5,0,1,2024_743
Regular,Regular Season,2024,25,San Jose,Boise,211.5,201.5,0,1,2024_744
Regular,Regular Season,2024,25,Columbus,Manchester,52,361,0,1,2024_745
Regular,Regular Season,2024,25,Buffalo,Nashville,21,392,0,1,2024_746
Regular,Regular Season,2024,25,Buffalo,Providence,21,392,1,1,2024_747
Regular,Regular Season,2024,25,Austin,Vegas,104,309,0,1,2024_748
Regular,Regular Season,2024,25,Vegas,Vancouver,355.5,57.5,0,1,2024_749
Regular,Regular Season,2024,25,Seattle,Tulsa,145,268,0,1,2024_750
Regular,Regular Season,2024,26,Lansing,Manchester,207,206,0,1,2024_751
Regular,Regular Season,2024,26,El Paso,Vegas,227,186,0,1,2024_752
Regular,Regular Season,2024,26,Nashville,Lansing,165,248,0,1,2024_753
Regular,Regular Season,2024,26,Anchorage,Austin,361,52,0,1,2024_754
Regular,Regular Season,2024,26,Jacksonville,Tampa Bay,21,392,1,1,2024_755
Regular,Regular Season,2024,26,Austin,Seattle,36.5,376.5,0,1,2024_756
Regular,Regular Season,2024,26,Birmingham,Little Rock,227,186,1,1,2024_757
Regular,Regular Season,2024,26,Vegas,Little Rock,206,207,0,0,2024_758
Regular,Regular Season,2024,26,Des Moines,Nashville,191.5,221.5,0,1,2024_759
Regular,Regular Season,2024,26,Kentucky,Baltimore,371,42,0,1,2024_760
Regular,Regular Season,2024,26,Anaheim,San Jose,196,217,1,1,2024_761
Regular,Regular Season,2024,26,Tulsa,Des Moines,247,166,0,0,2024_762
Regular,Regular Season,2024,26,Providence,Columbus,361,52,0,1,2024_763
Regular,Regular Season,2024,26,St. Louis,Lincoln,83,330,0,1,2024_764
Regular,Regular Season,2024,26,Buffalo,Cincinnati,21,392,0,1,2024_765
Regular,Regular Season,2024,26,Cincinnati,Birmingham,268,145,0,1,2024_766
Regular,Regular Season,2024,26,Baltimore,Jacksonville,186,227,0,1,2024_767
Regular,Regular Season,2024,26,San Diego,Boise,31,382,0,1,2024_768
Regular,Regular Season,2024,26,Tulsa,Anchorage,185.5,227.5,0,1,2024_769
Regular,Regular Season,2024,26,Columbus,Pittsburgh,314.5,98.5,0,1,2024_770
Regular,Regular Season,2024,26,Albuquerque,St. Louis,330,83,1,1,2024_771
Regular,Regular Season,2024,26,Boise,Honolulu,145,268,0,1,2024_772
Regular,Regular Season,2024,26,Seattle,Albuquerque,361,52,0,1,2024_773
Regular,Regular Season,2024,26,Manchester,Kentucky,176,237,0,1,2024_774
Regular,Regular Season,2024,26,Vancouver,El Paso,248,165,0,1,2024_775
Regular,Regular Season,2024,26,Honolulu,Anaheim,320,93,1,1,2024_776
Regular,Regular Season,2024,26,San Jose,Vancouver,145,268,0,1,2024_777
Regular,Regular Season,2024,26,Tampa Bay,Providence,340,73,0,1,2024_778
Regular,Regular Season,2024,26,Pittsburgh,Buffalo,155,258,1,1,2024_779
Regular,Regular Season,2024,26,Lincoln,San Diego,340,73,0,1,2024_780
Regular,Regular Season,2024,27,Cincinnati,Boise,247,166,0,0,2024_781
Regular,Regular Season,2024,27,Lincoln,Boise,241.5,171.5,1,1,2024_782
Regular,Regular Season,2024,27,Providence,Albuquerque,392,21,0,0,2024_783
Regular,Regular Season,2024,27,Nashville,St. Louis,345.5,67.5,0,0,2024_784
Regular,Regular Season,2024,27,Little Rock,Anaheim,73,340,0,0,2024_785
Regular,Regular Season,2024,27,Albuquerque,Anaheim,21,392,0,1,2024_786
Regular,Regular Season,2024,27,Anchorage,Tulsa,186,227,0,1,2024_787
Regular,Regular Season,2024,27,Kentucky,Lansing,83,330,1,1,2024_788
Regular,Regular Season,2024,27,Kentucky,El Paso,114,299,0,0,2024_789
Regular,Regular Season,2024,27,Columbus,Nashville,21,392,0,1,2024_790
Regular,Regular Season,2024,27,Pittsburgh,Lincoln,52,361,0,0,2024_791
Regular,Regular Season,2024,27,Little Rock,Seattle,238,175,0,0,2024_792
Regular,Regular Season,2024,27,Baltimore,Tulsa,185.5,227.5,0,0,2024_793
Regular,Regular Season,2024,27,Des Moines,Seattle,221.5,191.5,0,0,2024_794
Regular,Regular Season,2024,27,Jacksonville,Austin,330,83,0,0,2024_795
Regular,Regular Season,2024,27,Buffalo,Vegas,52,361,0,0,2024_796
Regular,Regular Season,2024,27,Manchester,San Diego,299,114,0,0,2024_797
Regular,Regular Season,2024,27,Birmingham,Vancouver,52,361,0,0,2024_798
Regular,Regular Season,2024,27,Cincinnati,St. Louis,392,21,0,0,2024_799
Regular,Regular Season,2024,27,Austin,Vancouver,109,304,0,1,2024_800
Regular,Regular Season,2024,27,Columbus,El Paso,52,361,0,0,2024_801
Regular,Regular Season,2024,27,Buffalo,Des Moines,52,361,0,1,2024_802
Regular,Regular Season,2024,27,Baltimore,Honolulu,52,361,0,0,2024_803
Regular,Regular Season,2024,27,Birmingham,Anchorage,21,392,0,0,2024_804
Regular,Regular Season,2024,27,Providence,Honolulu,139.5,273.5,0,0,2024_805
Regular,Regular Season,2024,27,Jacksonville,San Jose,351,62,0,0,2024_806
Regular,Regular Season,2024,27,Pittsburgh,San Diego,21,392,0,0,2024_807
Regular,Regular Season,2024,27,Tampa Bay,Manchester,371,42,0,1,2024_808
Regular,Regular Season,2024,27,Lansing,Vegas,361,52,0,0,2024_809
Regular,Regular Season,2024,27,Tampa Bay,San Jose,392,21,0,0,2024_810
Regular,Regular Season,2024,28,Anaheim,San Diego,330,83,1,1,2024_811
Regular,Regular Season,2024,28,Nashville,San Jose,94,319,0,0,2024_812
Regular,Regular Season,2024,28,Lansing,Des Moines,165,248,1,1,2024_813
Regular,Regular Season,2024,28,Albuquerque,Anchorage,73,340,0,1,2024_814
Regular,Regular Season,2024,28,Austin,Tulsa,52,361,1,1,2024_815
Regular,Regular Season,2024,28,Baltimore,Vegas,0,413,0,0,2024_816
Regular,Regular Season,2024,28,Cincinnati,Columbus,361,52,1,1,2024_817
Regular,Regular Season,2024,28,Jacksonville,Manchester,320,93,0,1,2024_818
Regular,Regular Season,2024,28,Des Moines,Honolulu,160.5,252.5,0,0,2024_819
Regular,Regular Season,2024,28,Lincoln,Seattle,237,176,1,1,2024_820
Regular,Regular Season,2024,28,Seattle,St. Louis,361,52,0,1,2024_821
Regular,Regular Season,2024,28,Little Rock,Buffalo,392,21,0,1,2024_822
Regular,Regular Season,2024,28,Pittsburgh,Lansing,52,361,0,1,2024_823
Regular,Regular Season,2024,28,Columbus,Anaheim,21,392,0,0,2024_824
Regular,Regular Season,2024,28,Buffalo,Boise,21,392,0,0,2024_825
Regular,Regular Season,2024,28,Cincinnati,Austin,340,73,0,0,2024_826
Regular,Regular Season,2024,28,El Paso,Birmingham,304.5,108.5,0,0,2024_827
Regular,Regular Season,2024,28,Tampa Bay,Vancouver,340,73,0,0,2024_828
Regular,Regular Season,2024,28,Birmingham,Lincoln,21,392,0,0,2024_829
Regular,Regular Season,2024,28,Little Rock,Albuquerque,124,289,0,0,2024_830
Regular,Regular Season,2024,28,Providence,Baltimore,299,114,1,1,2024_831
Regular,Regular Season,2024,28,Boise,St. Louis,376.5,36.5,0,1,2024_832
Regular,Regular Season,2024,28,Vancouver,Honolulu,73,340,0,1,2024_833
Regular,Regular Season,2024,28,Providence,Kentucky,304.5,108.5,0,1,2024_834
Regular,Regular Season,2024,28,Pittsburgh,Tampa Bay,52,361,0,1,2024_835
Regular,Regular Season,2024,28,Manchester,El Paso,324.5,88.5,0,0,2024_836
Regular,Regular Season,2024,28,Vegas,San Jose,356.5,56.5,1,1,2024_837
Regular,Regular Season,2024,28,Anchorage,San Diego,268,145,0,1,2024_838
Regular,Regular Season,2024,28,Tulsa,Jacksonville,83,330,0,0,2024_839
Regular,Regular Season,2024,28,Kentucky,Nashville,278,135,0,1,2024_840
Regular,Regular Season,2024,29,San Diego,San Jose,165.5,247.5,1,1,2024_841
Regular,Regular Season,2024,29,Little Rock,Columbus,324.5,88.5,0,1,2024_842
Regular,Regular Season,2024,29,Little Rock,Providence,155,258,0,1,2024_843
Regular,Regular Season,2024,29,Columbus,Lansing,42,371,1,1,2024_844
Regular,Regular Season,2024,29,Buffalo,Kentucky,52,361,0,1,2024_845
Regular,Regular Season,2024,29,Pittsburgh,Baltimore,21,392,1,1,2024_846
Regular,Regular Season,2024,29,Birmingham,Jacksonville,21,392,1,1,2024_847
Regular,Regular Season,2024,29,Cincinnati,Pittsburgh,392,21,0,1,2024_848
Regular,Regular Season,2024,29,Des Moines,Anaheim,83,330,0,0,2024_849
Regular,Regular Season,2024,29,Anchorage,Vancouver,289,124,1,1,2024_850
Regular,Regular Season,2024,29,Nashville,Boise,114,299,0,0,2024_851
Regular,Regular Season,2024,29,Honolulu,Tulsa,279,134,0,1,2024_852
Regular,Regular Season,2024,29,Anaheim,San Jose,258.5,154.5,1,1,2024_853
Regular,Regular Season,2024,29,Manchester,Lincoln,155,258,0,0,2024_854
Regular,Regular Season,2024,29,Tampa Bay,Austin,361,52,0,0,2024_855
Regular,Regular Season,2024,29,Lincoln,San Diego,237,176,0,1,2024_856
Regular,Regular Season,2024,29,Seattle,Vegas,289,124,0,1,2024_857
Regular,Regular Season,2024,29,Vancouver,El Paso,217,196,0,1,2024_858
Regular,Regular Season,2024,29,Baltimore,Albuquerque,160.5,252.5,0,0,2024_859
Regular,Regular Season,2024,29,Albuquerque,St. Louis,361,52,1,1,2024_860
Regular,Regular Season,2024,29,Kentucky,Des Moines,371,42,1,1,2024_861
Regular,Regular Season,2024,29,Providence,Manchester,186,227,1,1,2024_862
Regular,Regular Season,2024,29,Jacksonville,Nashville,218,195,1,1,2024_863
Regular,Regular Season,2024,29,Lansing,Anchorage,227,186,0,0,2024_864
Regular,Regular Season,2024,29,Cincinnati,Tampa Bay,175,238,0,1,2024_865
Regular,Regular Season,2024,29,Boise,Honolulu,98.5,314.5,0,1,2024_866
Regular,Regular Season,2024,29,Tulsa,Vegas,371,42,0,1,2024_867
Regular,Regular Season,2024,29,St. Louis,El Paso,52,361,1,1,2024_868
Regular,Regular Season,2024,29,Birmingham,Buffalo,299,114,0,1,2024_869
Regular,Regular Season,2024,29,Austin,Seattle,52,361,0,1,2024_870
Regular,Regular Season,2024,30,Nashville,Columbus,392,21,0,1,2024_871
Regular,Regular Season,2024,30,Anaheim,Tulsa,176,237,0,1,2024_872
Regular,Regular Season,2024,30,San Jose,San Diego,104,309,1,1,2024_873
Regular,Regular Season,2024,30,Vancouver,Anchorage,88.5,324.5,1,1,2024_874
Regular,Regular Season,2024,30,Anaheim,Albuquerque,392,21,0,1,2024_875
Regular,Regular Season,2024,30,Lincoln,Albuquerque,361,52,0,1,2024_876
Regular,Regular Season,2024,30,Little Rock,Manchester,278,135,0,1,2024_877
Regular,Regular Season,2024,30,Vancouver,Austin,217,196,0,1,2024_878
Regular,Regular Season,2024,30,Boise,Lincoln,124,289,1,1,2024_879
Regular,Regular Season,2024,30,Vegas,Lansing,52,361,0,0,2024_880
Regular,Regular Season,2024,30,Manchester,Tampa Bay,42,371,0,1,2024_881
Regular,Regular Season,2024,30,San Jose,Jacksonville,42,371,0,0,2024_882
Regular,Regular Season,2024,30,St. Louis,Cincinnati,124,289,0,0,2024_883
Regular,Regular Season,2024,30,Tulsa,Baltimore,237,176,0,0,2024_884
Regular,Regular Season,2024,30,Jacksonville,Kentucky,181.5,231.5,0,1,2024_885
Regular,Regular Season,2024,30,Pittsburgh,Des Moines,52,361,0,1,2024_886
Regular,Regular Season,2024,30,Honolulu,Columbus,392,21,0,0,2024_887
Regular,Regular Season,2024,30,El Paso,Kentucky,191.5,221.5,0,0,2024_888
Regular,Regular Season,2024,30,Providence,Lansing,129.5,283.5,0,1,2024_889
Regular,Regular Season,2024,30,Vegas,Seattle,247,166,0,1,2024_890
Regular,Regular Season,2024,30,Anchorage,Birmingham,361,52,0,0,2024_891
Regular,Regular Season,2024,30,Boise,Austin,299,114,0,1,2024_892
Regular,Regular Season,2024,30,Birmingham,Baltimore,52,361,0,1,2024_893
Regular,Regular Season,2024,30,San Diego,Pittsburgh,361,52,0,0,2024_894
Regular,Regular Season,2024,30,Cincinnati,Nashville,268,145,0,1,2024_895
Regular,Regular Season,2024,30,Seattle,Little Rock,190.5,222.5,0,0,2024_896
Regular,Regular Season,2024,30,Des Moines,Buffalo,361,52,0,1,2024_897
Regular,Regular Season,2024,30,El Paso,St. Louis,268,145,1,1,2024_898
Regular,Regular Season,2024,30,Buffalo,Tampa Bay,21,392,0,1,2024_899
Regular,Regular Season,2024,30,Honolulu,Providence,290,123,0,0,2024_900
Regular,Regular Season,2024,31,San Diego,Baltimore,52,361,0,0,2024_901
Regular,Regular Season,2024,31,Albuquerque,Jacksonville,21,392,0,0,2024_902
Regular,Regular Season,2024,31,Anaheim,Cincinnati,320,93,0,0,2024_903
Regular,Regular Season,2024,31,Kentucky,Manchester,361,52,0,1,2024_904
Regular,Regular Season,2024,31,San Jose,Columbus,361,52,0,0,2024_905
Regular,Regular Season,2024,31,Lincoln,Providence,175.5,237.5,0,0,2024_906
Regular,Regular Season,2024,31,Honolulu,Tampa Bay,119.5,293.5,0,0,2024_907
Regular,Regular Season,2024,31,Austin,Des Moines,104,309,0,0,2024_908
Regular,Regular Season,2024,31,Austin,Kentucky,42,371,0,0,2024_909
Regular,Regular Season,2024,31,Vegas,San Jose,114,299,1,1,2024_910
Regular,Regular Season,2024,31,Pittsburgh,Columbus,52,361,0,1,2024_911
Regular,Regular Season,2024,31,Anaheim,San Diego,392,21,1,1,2024_912
Regular,Regular Season,2024,31,Vegas,Birmingham,330,83,0,0,2024_913
Regular,Regular Season,2024,31,Seattle,Nashville,279,134,0,0,2024_914
Regular,Regular Season,2024,31,Albuquerque,Anchorage,52,361,0,1,2024_915
Regular,Regular Season,2024,31,Lansing,Tulsa,124,289,0,0,2024_916
Regular,Regular Season,2024,31,El Paso,Buffalo,392,21,0,0,2024_917
Regular,Regular Season,2024,31,Vancouver,Little Rock,146,267,0,0,2024_918
Regular,Regular Season,2024,31,Vancouver,Honolulu,124,289,0,1,2024_919
Regular,Regular Season,2024,31,Boise,St. Louis,392,21,0,1,2024_920
Regular,Regular Season,2024,31,Anchorage,Des Moines,237,176,0,0,2024_921
Regular,Regular Season,2024,31,Boise,Pittsburgh,392,21,0,0,2024_922
Regular,Regular Season,2024,31,Cincinnati,Buffalo,361,52,0,1,2024_923
Regular,Regular Season,2024,31,Tulsa,El Paso,289,124,1,1,2024_924
Regular,Regular Season,2024,31,Lansing,Nashville,258,155,0,1,2024_925
Regular,Regular Season,2024,31,Providence,Tampa Bay,88,325,0,1,2024_926
Regular,Regular Season,2024,31,Jacksonville,Baltimore,268,145,0,1,2024_927
Regular,Regular Season,2024,31,Lincoln,Seattle,221.5,191.5,1,1,2024_928
Regular,Regular Season,2024,31,St. Louis,Manchester,83,330,0,0,2024_929
Regular,Regular Season,2024,31,Little Rock,Birmingham,361,52,1,1,2024_930
Regular,Regular Season,2024,32,Manchester,Vegas,320,93,0,0,2024_931
Regular,Regular Season,2024,32,Providence,Jacksonville,253,160,0,1,2024_932
Regular,Regular Season,2024,32,San Diego,Vancouver,144.5,268.5,0,1,2024_933
Regular,Regular Season,2024,32,St. Louis,Tulsa,57.5,355.5,1,1,2024_934
Regular,Regular Season,2024,32,Anchorage,Lincoln,361,52,1,1,2024_935
Regular,Regular Season,2024,32,Tampa Bay,Cincinnati,242.5,170.5,0,1,2024_936
Regular,Regular Season,2024,32,Seattle,San Diego,289,124,0,1,2024_937
Regular,Regular Season,2024,32,Baltimore,Pittsburgh,392,21,1,1,2024_938
Regular,Regular Season,2024,32,Tulsa,Albuquerque,320,93,1,1,2024_939
Regular,Regular Season,2024,32,Pittsburgh,Kentucky,21,392,0,1,2024_940
Regular,Regular Season,2024,32,Buffalo,Lincoln,52,361,0,0,2024_941
Regular,Regular Season,2024,32,Birmingham,Albuquerque,21,392,0,0,2024_942
Regular,Regular Season,2024,32,Nashville,El Paso,62,351,0,0,2024_943
Regular,Regular Season,2024,32,Cincinnati,Lansing,283,130,1,1,2024_944
Regular,Regular Season,2024,32,Columbus,Boise,21,392,0,0,2024_945
Regular,Regular Season,2024,32,St. Louis,Anaheim,73,340,0,1,2024_946
Regular,Regular Season,2024,32,Little Rock,Austin,381.5,31.5,0,0,2024_947
Regular,Regular Season,2024,32,Columbus,Little Rock,21,392,0,1,2024_948
Regular,Regular Season,2024,32,Tampa Bay,Anaheim,227,186,0,0,2024_949
Regular,Regular Season,2024,32,Anchorage,Honolulu,196,217,0,1,2024_950
Regular,Regular Season,2024,32,Manchester,Providence,83,330,1,1,2024_951
Regular,Regular Season,2024,32,Des Moines,San Jose,294.5,118.5,0,0,2024_952
Regular,Regular Season,2024,32,Nashville,Jacksonville,124,289,1,1,2024_953
Regular,Regular Season,2024,32,Buffalo,Birmingham,145,268,0,1,2024_954
Regular,Regular Season,2024,32,Seattle,Boise,185,228,1,1,2024_955
Regular,Regular Season,2024,32,Baltimore,Vancouver,191.5,221.5,0,0,2024_956
Regular,Regular Season,2024,32,Austin,Lansing,42,371,0,0,2024_957
Regular,Regular Season,2024,32,Des Moines,Kentucky,67.5,345.5,1,1,2024_958
Regular,Regular Season,2024,32,San Jose,El Paso,196,217,0,1,2024_959
Regular,Regular Season,2024,32,Honolulu,Vegas,268,145,1,1,2024_960
Regular,Regular Season,2024,33,Austin,Buffalo,299,114,0,0,2024_961
Regular,Regular Season,2024,33,Vegas,Des Moines,155,258,0,0,2024_962
Regular,Regular Season,2024,33,Lincoln,Jacksonville,155,258,0,0,2024_963
Regular,Regular Season,2024,33,Tulsa,Vancouver,330,83,0,1,2024_964
Regular,Regular Season,2024,33,San Jose,Seattle,237,176,0,1,2024_965
Regular,Regular Season,2024,33,Jacksonville,Cincinnati,145,268,0,1,2024_966
Regular,Regular Season,2024,33,Providence,Pittsburgh,392,21,1,1,2024_967
Regular,Regular Season,2024,33,Austin,Anaheim,21,392,0,1,2024_968
Regular,Regular Season,2024,33,Des Moines,Cincinnati,227,186,1,1,2024_969
Regular,Regular Season,2024,33,Seattle,El Paso,176,237,0,1,2024_970
Regular,Regular Season,2024,33,Vancouver,Nashville,160.5,252.5,0,0,2024_971
Regular,Regular Season,2024,33,Baltimore,Buffalo,392,21,1,1,2024_972
Regular,Regular Season,2024,33,Manchester,Birmingham,361,52,0,1,2024_973
Regular,Regular Season,2024,33,Anchorage,Vegas,258,155,0,1,2024_974
Regular,Regular Season,2024,33,Boise,Baltimore,371,42,0,0,2024_975
Regular,Regular Season,2024,33,Kentucky,Little Rock,309,104,0,1,2024_976
Regular,Regular Season,2024,33,Albuquerque,Boise,42,371,0,1,2024_977
Regular,Regular Season,2024,33,Kentucky,Providence,231.5,181.5,0,1,2024_978
Regular,Regular Season,2024,33,Albuquerque,Columbus,252.5,160.5,0,0,2024_979
Regular,Regular Season,2024,33,El Paso,Anchorage,94,319,0,1,2024_980
Regular,Regular Season,2024,33,Lansing,Birmingham,361,52,0,1,2024_981
Regular,Regular Season,2024,33,St. Louis,San Jose,52,361,0,1,2024_982
Regular,Regular Season,2024,33,San Diego,Honolulu,73,340,1,1,2024_983
Regular,Regular Season,2024,33,Anaheim,Manchester,372,41,0,0,2024_984
Regular,Regular Season,2024,33,Lincoln,Tampa Bay,36.5,376.5,0,0,2024_985
Regular,Regular Season,2024,33,Tulsa,San Diego,371,42,0,1,2024_986
Regular,Regular Season,2024,33,Lansing,Pittsburgh,361,52,0,1,2024_987
Regular,Regular Season,2024,33,Honolulu,St. Louis,392,21,0,1,2024_988
Regular,Regular Season,2024,33,Nashville,Little Rock,196,217,1,1,2024_989
Regular,Regular Season,2024,33,Tampa Bay,Columbus,392,21,0,1,2024_990
Regular,Regular Season,2024,34,Tulsa,Kentucky,392,21,0,0,2024_991
Regular,Regular Season,2024,34,Jacksonville,Buffalo,361,52,0,1,2024_992
Regular,Regular Season,2024,34,Austin,San Diego,309,104,0,1,2024_993
Regular,Regular Season,2024,34,Boise,El Paso,309,104,0,1,2024_994
Regular,Regular Season,2024,34,Anaheim,Vegas,361,52,1,1,2024_995
Regular,Regular Season,2024,34,Providence,Austin,361,52,0,0,2024_996
Regular,Regular Season,2024,34,Jacksonville,Lansing,361,52,0,1,2024_997
Regular,Regular Season,2024,34,Des Moines,Baltimore,310,103,0,1,2024_998
Regular,Regular Season,2024,34,Cincinnati,Lincoln,309,104,0,0,2024_999
Regular,Regular Season,2024,34,Buffalo,Vancouver,52,361,0,0,2024_1000
Regular,Regular Season,2024,34,Providence,Birmingham,392,21,0,1,2024_1001
Regular,Regular Season,2024,34,Des Moines,St. Louis,237,176,0,0,2024_1002
Regular,Regular Season,2024,34,Pittsburgh,Little Rock,21,392,0,1,2024_1003
Regular,Regular Season,2024,34,Tulsa,St. Louis,299,114,1,1,2024_1004
Regular,Regular Season,2024,34,Tampa Bay,El Paso,330,83,0,0,2024_1005
Regular,Regular Season,2024,34,Lincoln,San Jose,345.5,67.5,0,1,2024_1006
Regular,Regular Season,2024,34,Albuquerque,Honolulu,124,289,0,1,2024_1007
Regular,Regular Season,2024,34,Little Rock,Boise,73,340,0,0,2024_1008
Regular,Regular Season,2024,34,Columbus,Vegas,21,392,0,0,2024_1009
Regular,Regular Season,2024,34,Lansing,Tampa Bay,52,361,0,1,2024_1010
Regular,Regular Season,2024,34,Nashville,Manchester,268,145,0,1,2024_1011
Regular,Regular Season,2024,34,Manchester,Honolulu,42,371,0,0,2024_1012
Regular,Regular Season,2024,34,Birmingham,Anaheim,52,361,0,0,2024_1013
Regular,Regular Season,2024,34,Pittsburgh,Albuquerque,21,392,0,0,2024_1014
Regular,Regular Season,2024,34,Nashville,San Diego,340,73,0,0,2024_1015
Regular,Regular Season,2024,34,Vancouver,Cincinnati,114,299,0,0,2024_1016
Regular,Regular Season,2024,34,Baltimore,San Jose,345.5,67.5,0,0,2024_1017
Regular,Regular Season,2024,34,Anchorage,Seattle,413,0,1,1,2024_1018
Regular,Regular Season,2024,34,Kentucky,Columbus,361,52,1,1,2024_1019
Regular,Regular Season,2024,34,Anchorage,Seattle,413,0,1,1,2024_1020
Regular,Regular Season,2024,35,Columbus,Nashville,21,392,0,1,2024_1021
Regular,Regular Season,2024,35,Vancouver,St. Louis,361,52,0,1,2024_1022
Regular,Regular Season,2024,35,Vegas,San Diego,252.5,160.5,1,1,2024_1023
Regular,Regular Season,2024,35,San Jose,Buffalo,361,52,0,0,2024_1024
Regular,Regular Season,2024,35,Pittsburgh,Manchester,52,361,1,1,2024_1025
Regular,Regular Season,2024,35,Anaheim,Boise,93,320,0,1,2024_1026
Regular,Regular Season,2024,35,St. Louis,Baltimore,21,392,0,0,2024_1027
Regular,Regular Season,2024,35,Buffalo,Des Moines,52,361,0,1,2024_1028
Regular,Regular Season,2024,35,Providence,Nashville,258,155,0,1,2024_1029
Regular,Regular Season,2024,35,Lincoln,Tulsa,21,392,0,1,2024_1030
Regular,Regular Season,2024,35,Little Rock,Tampa Bay,52,361,1,1,2024_1031
Regular,Regular Season,2024,35,Boise,Anchorage,78.5,334.5,1,1,2024_1032
Regular,Regular Season,2024,35,Anaheim,Seattle,293.5,119.5,0,1,2024_1033
Regular,Regular Season,2024,35,Pittsburgh,Providence,52,361,1,1,2024_1034
Regular,Regular Season,2024,35,Kentucky,Lansing,278,135,1,1,2024_1035
Regular,Regular Season,2024,35,El Paso,Honolulu,52,361,0,1,2024_1036
Regular,Regular Season,2024,35,San Jose,Tulsa,21,392,0,1,2024_1037
Regular,Regular Season,2024,35,Little Rock,Kentucky,21,392,0,1,2024_1038
Regular,Regular Season,2024,35,El Paso,Austin,269,144,1,1,2024_1039
Regular,Regular Season,2024,35,Cincinnati,Baltimore,217,196,0,1,2024_1040
Regular,Regular Season,2024,35,Albuquerque,Austin,145,268,1,1,2024_1041
Regular,Regular Season,2024,35,Cincinnati,Jacksonville,175.5,237.5,0,1,2024_1042
Regular,Regular Season,2024,35,Vancouver,Lincoln,350,63,1,1,2024_1043
Regular,Regular Season,2024,35,Honolulu,Anchorage,207,206,0,1,2024_1044
Regular,Regular Season,2024,35,Jacksonville,Des Moines,258,155,0,1,2024_1045
Regular,Regular Season,2024,35,Vegas,Albuquerque,320,93,0,1,2024_1046
Regular,Regular Season,2024,35,Birmingham,Columbus,299,114,0,1,2024_1047
Regular,Regular Season,2024,35,San Diego,Seattle,205.5,207.5,0,1,2024_1048
Regular,Regular Season,2024,35,Birmingham,Lansing,83,330,0,1,2024_1049
Regular,Regular Season,2024,35,Tampa Bay,Manchester,289,124,0,1,2024_1050
Regular,Regular Season,2024,36,Des Moines,Columbus,392,21,1,1,2024_1051
Regular,Regular Season,2024,36,Columbus,Baltimore,21,392,0,1,2024_1052
Regular,Regular Season,2024,36,Lincoln,Vegas,108.5,304.5,0,1,2024_1053
Regular,Regular Season,2024,36,Pittsburgh,Kentucky,52,361,0,1,2024_1054
Regular,Regular Season,2024,36,Cincinnati,Lansing,258,155,1,1,2024_1055
Regular,Regular Season,2024,36,Austin,San Jose,83,330,0,1,2024_1056
Regular,Regular Season,2024,36,Nashville,Tampa Bay,21,392,1,1,2024_1057
Regular,Regular Season,2024,36,Albuquerque,El Paso,262.5,150.5,1,1,2024_1058
Regular,Regular Season,2024,36,Seattle,St. Louis,211.5,201.5,0,1,2024_1059
Regular,Regular Season,2024,36,Birmingham,Nashville,52,361,1,1,2024_1060
Regular,Regular Season,2024,36,San Jose,Seattle,268,145,0,1,2024_1061
Regular,Regular Season,2024,36,San Diego,Tampa Bay,52,361,0,0,2024_1062
Regular,Regular Season,2024,36,Providence,Jacksonville,278,135,0,1,2024_1063
Regular,Regular Season,2024,36,Jacksonville,Little Rock,392,21,1,1,2024_1064
Regular,Regular Season,2024,36,Honolulu,St. Louis,258,155,0,1,2024_1065
Regular,Regular Season,2024,36,Boise,Lincoln,392,21,1,1,2024_1066
Regular,Regular Season,2024,36,Tulsa,Honolulu,237,176,0,1,2024_1067
Regular,Regular Season,2024,36,Anaheim,Pittsburgh,361,52,0,0,2024_1068
Regular,Regular Season,2024,36,Vancouver,Austin,413,0,0,1,2024_1069
Regular,Regular Season,2024,36,Lansing,Buffalo,361,52,0,1,2024_1070
Regular,Regular Season,2024,36,Manchester,Baltimore,73,340,1,1,2024_1071
Regular,Regular Season,2024,36,Little Rock,Des Moines,21,392,0,1,2024_1072
Regular,Regular Season,2024,36,Anaheim,Albuquerque,197,216,0,1,2024_1073
Regular,Regular Season,2024,36,Vegas,Tulsa,73,340,0,1,2024_1074
Regular,Regular Season,2024,36,Boise,Vancouver,278,135,1,1,2024_1075
Regular,Regular Season,2024,36,Providence,Cincinnati,340,73,0,1,2024_1076
Regular,Regular Season,2024,36,Buffalo,Manchester,52,361,1,1,2024_1077
Regular,Regular Season,2024,36,Kentucky,Birmingham,361,52,0,1,2024_1078
Regular,Regular Season,2024,36,Anchorage,San Diego,340,73,0,1,2024_1079
Regular,Regular Season,2024,36,El Paso,Anchorage,42,371,0,1,2024_1080
Group Stage,In-Season Tournament,2024,6,Vegas,Honolulu,0,413,0,0,2024_1081
Group Stage,In-Season Tournament,2024,6,Buffalo,Cincinnati,52,361,0,0,2024_1082
Group Stage,In-Season Tournament,2024,6,Albuquerque,Anaheim,145,268,0,0,2024_1083
Group Stage,In-Season Tournament,2024,6,Manchester,Baltimore,413,0,0,0,2024_1084
Group Stage,In-Season Tournament,2024,6,Birmingham,Little Rock,21,392,0,0,2024_1085
Group Stage,In-Season Tournament,2024,6,Lincoln,Boise,52,361,0,0,2024_1086
Group Stage,In-Season Tournament,2024,6,Providence,Lansing,73,340,0,0,2024_1087
Group Stage,In-Season Tournament,2024,6,Nashville,Tampa Bay,170.5,242.5,0,0,2024_1088
Group Stage,In-Season Tournament,2024,6,El Paso,San Jose,114,299,0,0,2024_1089
Group Stage,In-Season Tournament,2024,6,Jacksonville,Kentucky,62.5,350.5,0,0,2024_1090
Group Stage,In-Season Tournament,2024,6,Seattle,Anchorage,73,340,0,0,2024_1091
Group Stage,In-Season Tournament,2024,6,St. Louis,Tulsa,42,371,0,0,2024_1092
Group Stage,In-Season Tournament,2024,7,Boise,Anaheim,93,320,0,0,2024_1093
Group Stage,In-Season Tournament,2024,7,Jacksonville,Pittsburgh,340,73,0,0,2024_1094
Group Stage,In-Season Tournament,2024,7,Lincoln,Austin,361,52,0,0,2024_1095
Group Stage,In-Season Tournament,2024,7,Manchester,Des Moines,227,186,0,0,2024_1096
Group Stage,In-Season Tournament,2024,7,Little Rock,Cincinnati,279,134,0,0,2024_1097
Group Stage,In-Season Tournament,2024,7,El Paso,Vancouver,176,237,0,0,2024_1098
Group Stage,In-Season Tournament,2024,7,Birmingham,Columbus,340.5,72.5,0,0,2024_1099
Group Stage,In-Season Tournament,2024,7,Anchorage,Tulsa,248,165,0,0,2024_1100
Group Stage,In-Season Tournament,2024,7,Seattle,San Diego,392,21,0,0,2024_1101
Group Stage,In-Season Tournament,2024,7,Baltimore,Tampa Bay,124,289,0,0,2024_1102
Group Stage,In-Season Tournament,2024,7,Kentucky,Lansing,309,104,0,0,2024_1103
Group Stage,In-Season Tournament,2024,7,San Jose,Honolulu,77.5,335.5,0,0,2024_1104
Group Stage,In-Season Tournament,2024,8,Tampa Bay,Des Moines,268,145,0,0,2024_1105
Group Stage,In-Season Tournament,2024,8,Anchorage,St. Louis,227,186,0,0,2024_1106
Group Stage,In-Season Tournament,2024,8,Kentucky,Providence,310,103,0,0,2024_1107
Group Stage,In-Season Tournament,2024,8,Honolulu,Vancouver,277.5,135.5,0,0,2024_1108
Group Stage,In-Season Tournament,2024,8,Anaheim,Austin,340,73,0,0,2024_1109
Group Stage,In-Season Tournament,2024,8,Little Rock,Buffalo,361,52,0,0,2024_1110
Group Stage,In-Season Tournament,2024,8,San Jose,Vegas,238,175,0,0,2024_1111
Group Stage,In-Season Tournament,2024,8,Lansing,Pittsburgh,392,21,0,0,2024_1112
Group Stage,In-Season Tournament,2024,8,Baltimore,Nashville,279,134,0,0,2024_1113
Group Stage,In-Season Tournament,2024,8,Tulsa,San Diego,361,52,0,0,2024_1114
Group Stage,In-Season Tournament,2024,8,Boise,Albuquerque,340,73,0,0,2024_1115
Group Stage,In-Season Tournament,2024,8,Cincinnati,Columbus,392,21,0,0,2024_1116
Group Stage,In-Season Tournament,2024,9,Tampa Bay,Manchester,330,83,0,0,2024_1117
Group Stage,In-Season Tournament,2024,9,Austin,Albuquerque,104,309,0,0,2024_1118
Group Stage,In-Season Tournament,2024,9,Des Moines,Nashville,413,0,0,0,2024_1119
Group Stage,In-Season Tournament,2024,9,Tulsa,Seattle,206,207,0,0,2024_1120
Group Stage,In-Season Tournament,2024,9,Columbus,Buffalo,314.5,98.5,0,0,2024_1121
Group Stage,In-Season Tournament,2024,9,Cincinnati,Birmingham,392,21,0,0,2024_1122
Group Stage,In-Season Tournament,2024,9,San Diego,St. Louis,392,21,0,0,2024_1123
Group Stage,In-Season Tournament,2024,9,Lansing,Jacksonville,200.5,212.5,0,0,2024_1124
Group Stage,In-Season Tournament,2024,9,Honolulu,El Paso,248,165,0,0,2024_1125
Group Stage,In-Season Tournament,2024,9,Pittsburgh,Providence,258,155,0,0,2024_1126
Group Stage,In-Season Tournament,2024,9,Vancouver,Vegas,376.5,36.5,0,0,2024_1127
Group Stage,In-Season Tournament,2024,9,Anaheim,Lincoln,330,83,0,0,2024_1128
Group Stage,In-Season Tournament,2024,10,Pittsburgh,Kentucky,114,299,0,0,2024_1129
Group Stage,In-Season Tournament,2024,10,Nashville,Manchester,134,279,0,0,2024_1130
Group Stage,In-Season Tournament,2024,10,St. Louis,Seattle,124,289,0,0,2024_1131
Group Stage,In-Season Tournament,2024,10,Albuquerque,Lincoln,207,206,0,0,2024_1132
Group Stage,In-Season Tournament,2024,10,Vancouver,San Jose,155,258,0,0,2024_1133
Group Stage,In-Season Tournament,2024,10,Des Moines,Baltimore,186,227,0,0,2024_1134
Group Stage,In-Season Tournament,2024,10,Buffalo,Birmingham,145,268,0,0,2024_1135
Group Stage,In-Season Tournament,2024,10,Vegas,El Paso,176,237,0,0,2024_1136
Group Stage,In-Season Tournament,2024,10,San Diego,Anchorage,155,258,0,0,2024_1137
Group Stage,In-Season Tournament,2024,10,Austin,Boise,83,330,0,0,2024_1138
Group Stage,In-Season Tournament,2024,10,Providence,Jacksonville,206,207,0,0,2024_1139
Group Stage,In-Season Tournament,2024,10,Columbus,Little Rock,52,361,0,0,2024_1140
IST Quarterfinals,In-Season Tournament,2024,11,Cincinnati,Little Rock,129.5,283.5,0,0,2024_1141
IST Quarterfinals,In-Season Tournament,2024,11,Tampa Bay,Kentucky,309,104,0,0,2024_1142
IST Quarterfinals,In-Season Tournament,2024,11,Boise,Honolulu,283.5,129.5,0,0,2024_1143
IST Quarterfinals,In-Season Tournament,2024,11,Anaheim,Anchorage,228,185,0,0,2024_1144
IST Semifinals,In-Season Tournament,2024,12,Boise,Anaheim,93,320,0,0,2024_1145
IST Semifinals,In-Season Tournament,2024,12,Tampa Bay,Little Rock,299,114,0,0,2024_1146
IST Championship,In-Season Tournament,2024,13,Tampa Bay,Anaheim,185,228,0,0,2024_1147
Play-In Round 1,Play-In,2024,37,Vancouver,El Paso,217,196,0,0,2024_1148
Play-In Round 1,Play-In,2024,37,Nashville,Little Rock,309.5,103.5,0,0,2024_1149
Play-In Round 1,Play-In,2024,37,Des Moines,Baltimore,73,340,0,0,2024_1150
Play-In Round 1,Play-In,2024,37,San Jose,Seattle,52,361,0,0,2024_1151
Play-In Round 2,Play-In,2024,38,Nashville,Des Moines,227,186,0,0,2024_1152
Play-In Round 2,Play-In,2024,38,Vancouver,San Jose,320,93,0,0,2024_1153
Conference Quarterfinals,Playoffs,2024,39,Lansing,Kentucky,160.5,252.5,0,0,2024_1154
Conference Quarterfinals,Playoffs,2024,39,Cincinnati,Providence,93,320,0,0,2024_1155
Conference Quarterfinals,Playoffs,2024,39,Baltimore,Jacksonville,145,268,0,0,2024_1156
Conference Quarterfinals,Playoffs,2024,39,Nashville,Tampa Bay,21,392,0,0,2024_1157
Conference Quarterfinals,Playoffs,2024,39,Boise,Anaheim,144,269,0,0,2024_1158
Conference Quarterfinals,Playoffs,2024,39,Vancouver,Tulsa,145,268,0,0,2024_1159
Conference Quarterfinals,Playoffs,2024,39,Seattle,Honolulu,196,217,0,0,2024_1160
Conference Quarterfinals,Playoffs,2024,39,Lincoln,Anchorage,83,330,0,0,2024_1161
Conference Semifinals,Playoffs,2024,40,Anaheim,Tulsa,243.5,169.5,0,0,2024_1162
Conference Semifinals,Playoffs,2024,40,Providence,Tampa Bay,145,268,0,0,2024_1163
Conference Semifinals,Playoffs,2024,40,Anchorage,Honolulu,258,155,0,0,2024_1164
Conference Semifinals,Playoffs,2024,40,Kentucky,Jacksonville,134,279,0,0,2024_1165
Conference Finals,Playoffs,2024,41,Jacksonville,Tampa Bay,52,361,0,0,2024_1166
Conference Finals,Playoffs,2024,41,Anaheim,Anchorage,104,309,0,0,2024_1167
SBCFBL Finals,Playoffs,2024,42,Anchorage,Tampa Bay,259,154,0,0,2024_1168
Regular,Regular Season,2025,1,Jacksonville,Buffalo,361,52,0,1,2025_001
Regular,Regular Season,2025,1,Providence,Birmingham,190.5,222.5,0,1,2025_002
Regular,Regular Season,2025,1,Albuquerque,Manchester,36.5,376.5,0,0,2025_003
Regular,Regular Season,2025,1,Lansing,Manchester,330,83,0,1,2025_004
Regular,Regular Season,2025,1,Austin,Nashville,176,237,0,0,2025_005
Regular,Regular Season,2025,1,Kentucky,Columbus,361,52,1,1,2025_006
Regular,Regular Season,2025,1,Vegas,Honolulu,21,392,1,1,2025_007
Regular,Regular Season,2025,1,Lincoln,Nashville,361,52,0,0,2025_008
Regular,Regular Season,2025,1,San Jose,Honolulu,52,361,1,1,2025_009
Regular,Regular Season,2025,1,Vancouver,Seattle,228,185,1,1,2025_010
Regular,Regular Season,2025,1,Providence,Columbus,319,94,0,1,2025_011
Regular,Regular Season,2025,1,Cincinnati,Tulsa,217,196,0,0,2025_012
Regular,Regular Season,2025,1,Pittsburgh,Little Rock,299,114,0,1,2025_013
Regular,Regular Season,2025,1,Jacksonville,Tampa Bay,52,361,1,1,2025_014
Regular,Regular Season,2025,1,Boise,Des Moines,345.5,67.5,0,0,2025_015
Regular,Regular Season,2025,1,Boise,Seattle,299,114,1,1,2025_016
Regular,Regular Season,2025,1,Lansing,Tampa Bay,52,361,0,1,2025_017
Regular,Regular Season,2025,1,Austin,Baltimore,124,289,0,0,2025_018
Regular,Regular Season,2025,1,Pittsburgh,Buffalo,330,83,1,1,2025_019
Regular,Regular Season,2025,1,El Paso,San Diego,145,268,0,1,2025_020
Regular,Regular Season,2025,1,Little Rock,Tulsa,77.5,335.5,0,0,2025_021
Regular,Regular Season,2025,1,Kentucky,Baltimore,351,62,0,1,2025_022
Regular,Regular Season,2025,1,Anaheim,Anchorage,321,92,0,1,2025_023
Regular,Regular Season,2025,1,Vancouver,San Diego,114,299,0,1,2025_024
Regular,Regular Season,2025,1,Lincoln,Anchorage,289,124,1,1,2025_025
Regular,Regular Season,2025,1,Vegas,St. Louis,52,361,0,1,2025_026
Regular,Regular Season,2025,1,Anaheim,St. Louis,268.5,144.5,0,1,2025_027
Regular,Regular Season,2025,1,Albuquerque,Des Moines,52,361,0,0,2025_028
Regular,Regular Season,2025,1,Cincinnati,Birmingham,278,135,0,1,2025_029
Regular,Regular Season,2025,1,El Paso,San Jose,114,299,0,1,2025_030
Regular,Regular Season,2025,2,San Diego,Des Moines,227,186,0,0,2025_031
Regular,Regular Season,2025,2,Vegas,Tampa Bay,52,361,0,0,2025_032
Regular,Regular Season,2025,2,Tulsa,Lansing,185,228,0,0,2025_033
Regular,Regular Season,2025,2,Cincinnati,Anaheim,258,155,0,0,2025_034
Regular,Regular Season,2025,2,Providence,Lincoln,160.5,252.5,0,0,2025_035
Regular,Regular Season,2025,2,Little Rock,Vancouver,289,124,0,0,2025_036
Regular,Regular Season,2025,2,Kentucky,Jacksonville,299,114,0,1,2025_037
Regular,Regular Season,2025,2,Birmingham,Vegas,52,361,0,0,2025_038
Regular,Regular Season,2025,2,Anaheim,Buffalo,340,73,0,0,2025_039
Regular,Regular Season,2025,2,Tampa Bay,Honolulu,206,207,0,0,2025_040
Regular,Regular Season,2025,2,Kentucky,Austin,237,176,0,0,2025_041
Regular,Regular Season,2025,2,Lansing,Providence,340.5,72.5,0,1,2025_042
Regular,Regular Season,2025,2,Des Moines,Anchorage,88.5,324.5,0,0,2025_043
Regular,Regular Season,2025,2,Tulsa,Seattle,268,145,0,1,2025_044
Regular,Regular Season,2025,2,San Jose,Manchester,345.5,67.5,0,0,2025_045
Regular,Regular Season,2025,2,Lincoln,Little Rock,175,238,0,0,2025_046
Regular,Regular Season,2025,2,Boise,Birmingham,392,21,0,0,2025_047
Regular,Regular Season,2025,2,Albuquerque,Cincinnati,21,392,0,0,2025_048
Regular,Regular Season,2025,2,Vancouver,Columbus,196,217,0,0,2025_049
Regular,Regular Season,2025,2,Nashville,Seattle,237,176,0,0,2025_050
Regular,Regular Season,2025,2,Manchester,St. Louis,21,392,0,0,2025_051
Regular,Regular Season,2025,2,St. Louis,Anchorage,258,155,0,1,2025_052
Regular,Regular Season,2025,2,El Paso,Baltimore,83,330,0,0,2025_053
Regular,Regular Season,2025,2,Austin,Pittsburgh,176,237,0,0,2025_054
Regular,Regular Season,2025,2,Honolulu,Nashville,392,21,0,0,2025_055
Regular,Regular Season,2025,2,Buffalo,El Paso,88,325,0,0,2025_056
Regular,Regular Season,2025,2,Pittsburgh,Boise,62,351,0,0,2025_057
Regular,Regular Season,2025,2,Baltimore,San Diego,392,21,0,0,2025_058
Regular,Regular Season,2025,2,Columbus,San Jose,145,268,0,0,2025_059
Regular,Regular Season,2025,2,Jacksonville,Albuquerque,361,52,0,0,2025_060
Regular,Regular Season,2025,3,Honolulu,Albuquerque,392,21,0,1,2025_061
Regular,Regular Season,2025,3,Kentucky,Baltimore,268,145,0,1,2025_062
Regular,Regular Season,2025,3,El Paso,Boise,114,299,0,1,2025_063
Regular,Regular Season,2025,3,Des Moines,Nashville,350.5,62.5,0,1,2025_064
Regular,Regular Season,2025,3,Tampa Bay,Birmingham,309,104,1,1,2025_065
Regular,Regular Season,2025,3,Vegas,Anaheim,52,361,1,1,2025_066
Regular,Regular Season,2025,3,Providence,Columbus,279,134,0,1,2025_067
Regular,Regular Season,2025,3,Vancouver,Tulsa,135,278,0,1,2025_068
Regular,Regular Season,2025,3,Pittsburgh,Buffalo,237,176,1,1,2025_069
Regular,Regular Season,2025,3,Vancouver,El Paso,170,243,0,1,2025_070
Regular,Regular Season,2025,3,Tulsa,Anchorage,93,320,0,1,2025_071
Regular,Regular Season,2025,3,Anchorage,Jacksonville,252.5,160.5,0,0,2025_072
Regular,Regular Season,2025,3,Nashville,Pittsburgh,67.5,345.5,0,1,2025_073
Regular,Regular Season,2025,3,Seattle,Kentucky,104,309,0,0,2025_074
Regular,Regular Season,2025,3,Columbus,Buffalo,175,238,0,1,2025_075
Regular,Regular Season,2025,3,Austin,Seattle,222.5,190.5,0,1,2025_076
Regular,Regular Season,2025,3,Anaheim,San Jose,340,73,1,1,2025_077
Regular,Regular Season,2025,3,Lincoln,San Diego,165,248,0,1,2025_078
Regular,Regular Season,2025,3,San Jose,Lincoln,73,340,0,1,2025_079
Regular,Regular Season,2025,3,Baltimore,Little Rock,237,176,0,1,2025_080
Regular,Regular Season,2025,3,San Diego,Austin,206,207,0,1,2025_081
Regular,Regular Season,2025,3,Lansing,Manchester,361,52,0,1,2025_082
Regular,Regular Season,2025,3,Cincinnati,Birmingham,293.5,119.5,0,1,2025_083
Regular,Regular Season,2025,3,Boise,Honolulu,114,299,0,1,2025_084
Regular,Regular Season,2025,3,St. Louis,Lansing,258,155,0,0,2025_085
Regular,Regular Season,2025,3,Jacksonville,Tampa Bay,83,330,1,1,2025_086
Regular,Regular Season,2025,3,Albuquerque,St. Louis,21,392,1,1,2025_087
Regular,Regular Season,2025,3,Manchester,Cincinnati,21,392,0,1,2025_088
Regular,Regular Season,2025,3,Des Moines,Providence,155,258,0,1,2025_089
Regular,Regular Season,2025,3,Vegas,Little Rock,21,392,0,0,2025_090
Regular,Regular Season,2025,4,Jacksonville,Tulsa,191.5,221.5,0,0,2025_091
Regular,Regular Season,2025,4,Lincoln,Birmingham,320,93,0,0,2025_092
Regular,Regular Season,2025,4,San Diego,Anchorage,104,309,0,1,2025_093
Regular,Regular Season,2025,4,Honolulu,Des Moines,252.5,160.5,0,0,2025_094
Regular,Regular Season,2025,4,Boise,Buffalo,392,21,0,0,2025_095
Regular,Regular Season,2025,4,Kentucky,Providence,309.5,103.5,0,1,2025_096
Regular,Regular Season,2025,4,St. Louis,Seattle,330,83,0,1,2025_097
Regular,Regular Season,2025,4,Manchester,Columbus,52,361,0,1,2025_098
Regular,Regular Season,2025,4,Seattle,Cincinnati,83,330,0,0,2025_099
Regular,Regular Season,2025,4,El Paso,Lansing,83,330,0,0,2025_100
Regular,Regular Season,2025,4,Anaheim,Columbus,268,145,0,0,2025_101
Regular,Regular Season,2025,4,Nashville,Buffalo,361,52,0,1,2025_102
Regular,Regular Season,2025,4,Vancouver,Albuquerque,361,52,0,1,2025_103
Regular,Regular Season,2025,4,Anaheim,Lincoln,376.5,36.5,0,1,2025_104
Regular,Regular Season,2025,4,Boise,Tulsa,114.5,298.5,0,1,2025_105
Regular,Regular Season,2025,4,Anchorage,Little Rock,207,206,0,0,2025_106
Regular,Regular Season,2025,4,Vancouver,Tampa Bay,21,392,0,0,2025_107
Regular,Regular Season,2025,4,Des Moines,Birmingham,320,93,0,1,2025_108
Regular,Regular Season,2025,4,Austin,Cincinnati,52,361,0,0,2025_109
Regular,Regular Season,2025,4,Vegas,Austin,268,145,0,1,2025_110
Regular,Regular Season,2025,4,Lansing,Pittsburgh,207,206,0,1,2025_111
Regular,Regular Season,2025,4,San Diego,Providence,84,329,0,0,2025_112
Regular,Regular Season,2025,4,Baltimore,Tampa Bay,52,361,0,1,2025_113
Regular,Regular Season,2025,4,San Jose,Nashville,165.5,247.5,0,0,2025_114
Regular,Regular Season,2025,4,San Jose,Kentucky,73,340,0,0,2025_115
Regular,Regular Season,2025,4,Albuquerque,Little Rock,21,392,0,0,2025_116
Regular,Regular Season,2025,4,El Paso,Manchester,345.5,67.5,0,0,2025_117
Regular,Regular Season,2025,4,Vegas,Baltimore,135,278,0,0,2025_118
Regular,Regular Season,2025,4,Honolulu,Jacksonville,237,176,0,0,2025_119
Regular,Regular Season,2025,4,St. Louis,Pittsburgh,237.5,175.5,0,0,2025_120
Regular,Regular Season,2025,5,Jacksonville,Des Moines,279,134,0,1,2025_121
Regular,Regular Season,2025,5,Anchorage,Nashville,258.5,154.5,0,0,2025_122
Regular,Regular Season,2025,5,Birmingham,Pittsburgh,83,330,0,1,2025_123
Regular,Regular Season,2025,5,Manchester,Des Moines,104,309,0,1,2025_124
Regular,Regular Season,2025,5,Seattle,Tulsa,237,176,0,1,2025_125
Regular,Regular Season,2025,5,Kentucky,Anchorage,67.5,345.5,0,0,2025_126
Regular,Regular Season,2025,5,Albuquerque,San Diego,52,361,0,1,2025_127
Regular,Regular Season,2025,5,Lansing,Seattle,171,242,0,0,2025_128
Regular,Regular Season,2025,5,Cincinnati,Baltimore,324.5,88.5,0,1,2025_129
Regular,Regular Season,2025,5,Tampa Bay,Kentucky,330,83,0,1,2025_130
Regular,Regular Season,2025,5,San Diego,Albuquerque,361,52,0,1,2025_131
Regular,Regular Season,2025,5,Providence,Nashville,129.5,283.5,0,1,2025_132
Regular,Regular Season,2025,5,El Paso,Anaheim,104,309,0,1,2025_133
Regular,Regular Season,2025,5,Pittsburgh,Manchester,299,114,1,1,2025_134
Regular,Regular Season,2025,5,Baltimore,Lansing,330,83,0,1,2025_135
Regular,Regular Season,2025,5,Boise,San Jose,258,155,0,1,2025_136
Regular,Regular Season,2025,5,San Jose,Boise,155,258,0,1,2025_137
Regular,Regular Season,2025,5,Little Rock,Tampa Bay,145,268,1,1,2025_138
Regular,Regular Season,2025,5,Columbus,Jacksonville,144,269,0,1,2025_139
Regular,Regular Season,2025,5,Buffalo,Tulsa,176,237,0,0,2025_140
Regular,Regular Season,2025,5,Little Rock,Cincinnati,104,309,0,1,2025_141
Regular,Regular Season,2025,5,Buffalo,Providence,207,206,1,1,2025_142
Regular,Regular Season,2025,5,St. Louis,Austin,330,83,1,1,2025_143
Regular,Regular Season,2025,5,Lincoln,Honolulu,73,340,0,1,2025_144
Regular,Regular Season,2025,5,Anaheim,El Paso,309,104,0,1,2025_145
Regular,Regular Season,2025,5,Vegas,Vancouver,299,114,0,1,2025_146
Regular,Regular Season,2025,5,Austin,St. Louis,83,330,1,1,2025_147
Regular,Regular Season,2025,5,Vancouver,Vegas,114,299,0,1,2025_148
Regular,Regular Season,2025,5,Honolulu,Lincoln,340,73,0,1,2025_149
Regular,Regular Season,2025,5,Birmingham,Columbus,83,330,0,1,2025_150
Regular,Regular Season,2025,6,El Paso,Little Rock,62,351,0,0,2025_151
Regular,Regular Season,2025,6,Des Moines,Nashville,242.5,170.5,0,1,2025_152
Regular,Regular Season,2025,6,Austin,Tulsa,104,309,1,1,2025_153
Regular,Regular Season,2025,6,Lincoln,Kentucky,124,289,0,0,2025_154
Regular,Regular Season,2025,6,Des Moines,Austin,309,104,0,0,2025_155
Regular,Regular Season,2025,6,St. Louis,Tampa Bay,67.5,345.5,0,0,2025_156
Regular,Regular Season,2025,6,Albuquerque,Lansing,52,361,0,0,2025_157
Regular,Regular Season,2025,6,St. Louis,Boise,144,269,0,1,2025_158
Regular,Regular Season,2025,6,Seattle,Baltimore,196,217,0,0,2025_159
Regular,Regular Season,2025,6,Honolulu,Buffalo,289,124,0,0,2025_160
Regular,Regular Season,2025,6,Tampa Bay,Providence,330,83,0,1,2025_161
Regular,Regular Season,2025,6,Columbus,Pittsburgh,196.5,216.5,0,1,2025_162
Regular,Regular Season,2025,6,Baltimore,Jacksonville,114,299,0,1,2025_163
Regular,Regular Season,2025,6,Manchester,Kentucky,160.5,252.5,0,1,2025_164
Regular,Regular Season,2025,6,Vegas,Cincinnati,21,392,0,0,2025_165
Regular,Regular Season,2025,6,Anaheim,Providence,155.5,257.5,0,0,2025_166
Regular,Regular Season,2025,6,San Diego,Columbus,31.5,381.5,0,0,2025_167
Regular,Regular Season,2025,6,El Paso,Tulsa,186,227,1,1,2025_168
Regular,Regular Season,2025,6,Honolulu,Vancouver,227,186,0,1,2025_169
Regular,Regular Season,2025,6,Buffalo,Cincinnati,124,289,0,1,2025_170
Regular,Regular Season,2025,6,San Jose,Vegas,320,93,1,1,2025_171
Regular,Regular Season,2025,6,Nashville,Lansing,186,227,0,1,2025_172
Regular,Regular Season,2025,6,San Jose,Birmingham,221.5,191.5,0,0,2025_173
Regular,Regular Season,2025,6,Birmingham,Little Rock,104,309,1,1,2025_174
Regular,Regular Season,2025,6,Boise,Jacksonville,319.5,93.5,0,0,2025_175
Regular,Regular Season,2025,6,Anchorage,Albuquerque,361,52,0,1,2025_176
Regular,Regular Season,2025,6,Seattle,Lincoln,170.5,242.5,1,1,2025_177
Regular,Regular Season,2025,6,Anchorage,Manchester,268,145,0,0,2025_178
Regular,Regular Season,2025,6,San Diego,Anaheim,31.5,381.5,1,1,2025_179
Regular,Regular Season,2025,6,Vancouver,Pittsburgh,238,175,0,0,2025_180
Regular,Regular Season,2025,7,Anaheim,Little Rock,335,78,0,0,2025_181
Regular,Regular Season,2025,7,Buffalo,Anaheim,52,361,0,0,2025_182
Regular,Regular Season,2025,7,Providence,Lansing,155,258,0,1,2025_183
Regular,Regular Season,2025,7,Seattle,Des Moines,42,371,0,0,2025_184
Regular,Regular Season,2025,7,Anchorage,St. Louis,319,94,0,1,2025_185
Regular,Regular Season,2025,7,Manchester,San Jose,145,268,0,0,2025_186
Regular,Regular Season,2025,7,Albuquerque,Providence,52,361,0,0,2025_187
Regular,Regular Season,2025,7,Vancouver,Birmingham,258,155,0,0,2025_188
Regular,Regular Season,2025,7,Vegas,Buffalo,93,320,0,0,2025_189
Regular,Regular Season,2025,7,Baltimore,El Paso,77.5,335.5,0,0,2025_190
Regular,Regular Season,2025,7,San Jose,Tampa Bay,129.5,283.5,0,0,2025_191
Regular,Regular Season,2025,7,St. Louis,Nashville,217,196,0,0,2025_192
Regular,Regular Season,2025,7,El Paso,Columbus,73,340,0,0,2025_193
Regular,Regular Season,2025,7,Cincinnati,Albuquerque,361,52,0,0,2025_194
Regular,Regular Season,2025,7,Birmingham,Boise,73,340,0,0,2025_195
Regular,Regular Season,2025,7,Pittsburgh,Austin,145,268,0,0,2025_196
Regular,Regular Season,2025,7,Nashville,Honolulu,52,361,0,0,2025_197
Regular,Regular Season,2025,7,Austin,Jacksonville,247,166,0,0,2025_198
Regular,Regular Season,2025,7,Little Rock,Lincoln,104,309,0,0,2025_199
Regular,Regular Season,2025,7,Seattle,Tulsa,73,340,0,1,2025_200
Regular,Regular Season,2025,7,Lansing,Kentucky,320,93,1,1,2025_201
Regular,Regular Season,2025,7,Tampa Bay,Vegas,371,42,0,0,2025_202
Regular,Regular Season,2025,7,Lincoln,Pittsburgh,361,52,0,0,2025_203
Regular,Regular Season,2025,7,Columbus,Vancouver,134,279,0,0,2025_204
Regular,Regular Season,2025,7,Boise,Cincinnati,139.5,273.5,0,0,2025_205
Regular,Regular Season,2025,7,Des Moines,San Diego,361,52,0,0,2025_206
Regular,Regular Season,2025,7,San Diego,Manchester,175,238,0,0,2025_207
Regular,Regular Season,2025,7,Tulsa,Anchorage,160.5,252.5,0,1,2025_208
Regular,Regular Season,2025,7,Jacksonville,Kentucky,145,268,0,1,2025_209
Regular,Regular Season,2025,7,Honolulu,Baltimore,361,52,0,0,2025_210
Regular,Regular Season,2025,8,St. Louis,Manchester,361,52,0,0,2025_211
Regular,Regular Season,2025,8,Vancouver,Little Rock,83,330,0,0,2025_212
Regular,Regular Season,2025,8,Austin,Kentucky,108.5,304.5,0,0,2025_213
Regular,Regular Season,2025,8,Anaheim,San Diego,351,62,1,1,2025_214
Regular,Regular Season,2025,8,San Diego,Baltimore,93,320,0,0,2025_215
Regular,Regular Season,2025,8,Albuquerque,Anchorage,52,361,0,1,2025_216
Regular,Regular Season,2025,8,Lansing,Tulsa,155,258,0,0,2025_217
Regular,Regular Season,2025,8,Boise,St. Louis,104,309,0,1,2025_218
Regular,Regular Season,2025,8,Providence,Tampa Bay,124,289,0,1,2025_219
Regular,Regular Season,2025,8,Vegas,Birmingham,139.5,273.5,0,0,2025_220
Regular,Regular Season,2025,8,Lincoln,Providence,197.5,215.5,0,0,2025_221
Regular,Regular Season,2025,8,Kentucky,Manchester,392,21,0,1,2025_222
Regular,Regular Season,2025,8,Vancouver,Honolulu,181.5,231.5,0,1,2025_223
Regular,Regular Season,2025,8,Albuquerque,Jacksonville,52,361,0,0,2025_224
Regular,Regular Season,2025,8,Little Rock,Birmingham,299,114,1,1,2025_225
Regular,Regular Season,2025,8,El Paso,Buffalo,392,21,0,0,2025_226
Regular,Regular Season,2025,8,Anchorage,Des Moines,206.5,206.5,0,0,2025_227
Regular,Regular Season,2025,8,Austin,Des Moines,249,164,0,0,2025_228
Regular,Regular Season,2025,8,San Jose,Columbus,237,176,0,0,2025_229
Regular,Regular Season,2025,8,Boise,Pittsburgh,222.5,190.5,0,0,2025_230
Regular,Regular Season,2025,8,Lansing,Nashville,186,227,0,1,2025_231
Regular,Regular Season,2025,8,Tulsa,El Paso,299,114,1,1,2025_232
Regular,Regular Season,2025,8,Vegas,San Jose,196,217,1,1,2025_233
Regular,Regular Season,2025,8,Pittsburgh,Columbus,222,191,0,1,2025_234
Regular,Regular Season,2025,8,Lincoln,Seattle,268,145,1,1,2025_235
Regular,Regular Season,2025,8,Honolulu,Tampa Bay,88.5,324.5,0,0,2025_236
Regular,Regular Season,2025,8,Seattle,Nashville,145,268,0,0,2025_237
Regular,Regular Season,2025,8,Cincinnati,Buffalo,361,52,0,1,2025_238
Regular,Regular Season,2025,8,Jacksonville,Baltimore,289,124,0,1,2025_239
Regular,Regular Season,2025,8,Anaheim,Cincinnati,166,247,0,0,2025_240
Regular,Regular Season,2025,9,Tampa Bay,Albuquerque,392,21,0,0,2025_241
Regular,Regular Season,2025,9,Nashville,Anaheim,206,207,0,0,2025_242
Regular,Regular Season,2025,9,Manchester,Jacksonville,52,361,0,1,2025_243
Regular,Regular Season,2025,9,Cincinnati,Providence,392,21,0,1,2025_244
Regular,Regular Season,2025,9,Anchorage,Austin,330,83,0,1,2025_245
Regular,Regular Season,2025,9,Buffalo,Lansing,207,206,0,1,2025_246
Regular,Regular Season,2025,9,St. Louis,Lincoln,114,299,0,1,2025_247
Regular,Regular Season,2025,9,Buffalo,Little Rock,196,217,0,1,2025_248
Regular,Regular Season,2025,9,St. Louis,San Jose,139.5,273.5,0,1,2025_249
Regular,Regular Season,2025,9,Seattle,El Paso,330,83,0,1,2025_250
Regular,Regular Season,2025,9,Little Rock,Jacksonville,222.5,190.5,1,1,2025_251
Regular,Regular Season,2025,9,San Diego,Honolulu,83,330,1,1,2025_252
Regular,Regular Season,2025,9,Tulsa,Pittsburgh,186,227,0,0,2025_253
Regular,Regular Season,2025,9,Tulsa,Birmingham,314.5,98.5,0,0,2025_254
Regular,Regular Season,2025,9,Birmingham,Kentucky,52,361,0,1,2025_255
Regular,Regular Season,2025,9,Tampa Bay,Pittsburgh,222.5,190.5,0,1,2025_256
Regular,Regular Season,2025,9,Honolulu,Anaheim,154,259,1,1,2025_257
Regular,Regular Season,2025,9,Baltimore,Providence,283.5,129.5,1,1,2025_258
Regular,Regular Season,2025,9,Manchester,Boise,42,371,0,0,2025_259
Regular,Regular Season,2025,9,Columbus,Austin,278,135,0,0,2025_260
Regular,Regular Season,2025,9,Anchorage,Vegas,351,62,0,1,2025_261
Regular,Regular Season,2025,9,Baltimore,Lincoln,114,299,0,0,2025_262
Regular,Regular Season,2025,9,El Paso,Vegas,98.5,314.5,0,1,2025_263
Regular,Regular Season,2025,9,San Diego,Boise,42,371,0,1,2025_264
Regular,Regular Season,2025,9,Nashville,Kentucky,104,309,0,1,2025_265
Regular,Regular Season,2025,9,Columbus,Cincinnati,21,392,1,1,2025_266
Regular,Regular Season,2025,9,Des Moines,Lansing,160.5,252.5,1,1,2025_267
Regular,Regular Season,2025,9,Des Moines,Vancouver,248,165,0,0,2025_268
Regular,Regular Season,2025,9,San Jose,Vancouver,382,31,0,1,2025_269
Regular,Regular Season,2025,9,Seattle,Albuquerque,361,52,0,1,2025_270
Regular,Regular Season,2025,10,Birmingham,Albuquerque,361,52,0,0,2025_271
Regular,Regular Season,2025,10,Pittsburgh,Kentucky,135,278,0,1,2025_272
Regular,Regular Season,2025,10,Buffalo,Lincoln,98.5,314.5,0,0,2025_273
Regular,Regular Season,2025,10,Anchorage,Honolulu,175,238,0,1,2025_274
Regular,Regular Season,2025,10,Baltimore,Nashville,176,237,0,1,2025_275
Regular,Regular Season,2025,10,Tampa Bay,Anaheim,289,124,0,0,2025_276
Regular,Regular Season,2025,10,Birmingham,St. Louis,124.5,288.5,0,0,2025_277
Regular,Regular Season,2025,10,Tampa Bay,Des Moines,361,52,0,1,2025_278
Regular,Regular Season,2025,10,Pittsburgh,San Jose,289,124,0,0,2025_279
Regular,Regular Season,2025,10,Des Moines,San Jose,145,268,0,0,2025_280
Regular,Regular Season,2025,10,Columbus,Boise,83,330,0,0,2025_281
Regular,Regular Season,2025,10,Baltimore,Vancouver,350,63,0,0,2025_282
Regular,Regular Season,2025,10,Lansing,Anaheim,0,413,0,0,2025_283
Regular,Regular Season,2025,10,Jacksonville,Vegas,268,145,0,0,2025_284
Regular,Regular Season,2025,10,Albuquerque,Lincoln,52,361,0,1,2025_285
Regular,Regular Season,2025,10,Cincinnati,Honolulu,237,176,0,0,2025_286
Regular,Regular Season,2025,10,St. Louis,Tulsa,309.5,103.5,1,1,2025_287
Regular,Regular Season,2025,10,Little Rock,San Diego,340,73,0,0,2025_288
Regular,Regular Season,2025,10,Manchester,Vegas,340,73,0,0,2025_289
Regular,Regular Season,2025,10,Buffalo,Seattle,269,144,0,0,2025_290
Regular,Regular Season,2025,10,Columbus,Anchorage,247,166,0,0,2025_291
Regular,Regular Season,2025,10,Cincinnati,Lansing,361,52,1,1,2025_292
Regular,Regular Season,2025,10,Manchester,Tulsa,201.5,211.5,0,0,2025_293
Regular,Regular Season,2025,10,Providence,Jacksonville,36.5,376.5,0,1,2025_294
Regular,Regular Season,2025,10,Seattle,San Diego,196,217,0,1,2025_295
Regular,Regular Season,2025,10,Kentucky,Vancouver,361,52,0,0,2025_296
Regular,Regular Season,2025,10,Nashville,El Paso,392,21,0,0,2025_297
Regular,Regular Season,2025,10,Providence,El Paso,268,145,0,0,2025_298
Regular,Regular Season,2025,10,Little Rock,Austin,361,52,0,0,2025_299
Regular,Regular Season,2025,10,Austin,Boise,21,392,0,1,2025_300
Regular,Regular Season,2025,11,Vancouver,Cincinnati,73,340,0,0,2025_301
Regular,Regular Season,2025,11,Nashville,Des Moines,72,341,0,1,2025_302
Regular,Regular Season,2025,11,Providence,Anaheim,42,371,0,0,2025_303
Regular,Regular Season,2025,11,Kentucky,Columbus,279,134,1,1,2025_304
Regular,Regular Season,2025,11,Manchester,Anchorage,83,330,0,0,2025_305
Regular,Regular Season,2025,11,Anaheim,Vegas,309,104,1,1,2025_306
Regular,Regular Season,2025,11,Des Moines,Baltimore,294.5,118.5,0,1,2025_307
Regular,Regular Season,2025,11,Tulsa,Austin,371,42,1,1,2025_308
Regular,Regular Season,2025,11,Nashville,Manchester,268,145,0,1,2025_309
Regular,Regular Season,2025,11,Pittsburgh,Little Rock,237,176,0,1,2025_310
Regular,Regular Season,2025,11,Kentucky,Lincoln,279,134,0,0,2025_311
Regular,Regular Season,2025,11,Birmingham,San Jose,207,206,0,0,2025_312
Regular,Regular Season,2025,11,Pittsburgh,Vancouver,231.5,181.5,0,0,2025_313
Regular,Regular Season,2025,11,Boise,El Paso,330,83,0,1,2025_314
Regular,Regular Season,2025,11,Anchorage,Seattle,299,114,1,1,2025_315
Regular,Regular Season,2025,11,Baltimore,Seattle,340,73,0,0,2025_316
Regular,Regular Season,2025,11,Albuquerque,Honolulu,21,392,0,1,2025_317
Regular,Regular Season,2025,11,Lansing,Albuquerque,392,21,0,0,2025_318
Regular,Regular Season,2025,11,Jacksonville,Buffalo,330,83,0,1,2025_319
Regular,Regular Season,2025,11,Buffalo,Honolulu,119.5,293.5,0,0,2025_320
Regular,Regular Season,2025,11,Jacksonville,Boise,129.5,283.5,0,0,2025_321
Regular,Regular Season,2025,11,Lincoln,San Jose,298,115,0,1,2025_322
Regular,Regular Season,2025,11,Austin,San Diego,119.5,293.5,0,1,2025_323
Regular,Regular Season,2025,11,Little Rock,El Paso,330,83,0,0,2025_324
Regular,Regular Season,2025,11,Lansing,Tampa Bay,73,340,0,1,2025_325
Regular,Regular Season,2025,11,Columbus,San Diego,252.5,160.5,0,0,2025_326
Regular,Regular Season,2025,11,Cincinnati,Vegas,320,93,0,0,2025_327
Regular,Regular Season,2025,11,Providence,Birmingham,72.5,340.5,0,1,2025_328
Regular,Regular Season,2025,11,Tulsa,St. Louis,104,309,1,1,2025_329
Regular,Regular Season,2025,11,Tampa Bay,St. Louis,361,52,0,0,2025_330
Regular,Regular Season,2025,12,San Diego,Tulsa,145,268,0,1,2025_331
Regular,Regular Season,2025,12,Seattle,Manchester,309,104,0,0,2025_332
Regular,Regular Season,2025,12,El Paso,St. Louis,114,299,1,1,2025_333
Regular,Regular Season,2025,12,Albuquerque,Baltimore,21,392,0,0,2025_334
Regular,Regular Season,2025,12,Buffalo,Kentucky,145,268,0,1,2025_335
Regular,Regular Season,2025,12,Pittsburgh,Cincinnati,103,310,0,1,2025_336
Regular,Regular Season,2025,12,Baltimore,Nashville,351,62,0,1,2025_337
Regular,Regular Season,2025,12,Cincinnati,Pittsburgh,310,103,0,1,2025_338
Regular,Regular Season,2025,12,Jacksonville,Birmingham,361,52,1,1,2025_339
Regular,Regular Season,2025,12,St. Louis,Anchorage,242.5,170.5,0,1,2025_340
Regular,Regular Season,2025,12,El Paso,Lincoln,52,361,0,1,2025_341
Regular,Regular Season,2025,12,Vancouver,Anchorage,186,227,1,1,2025_342
Regular,Regular Season,2025,12,San Jose,Albuquerque,392,21,0,1,2025_343
Regular,Regular Season,2025,12,Little Rock,Providence,361,52,0,1,2025_344
Regular,Regular Season,2025,12,Anaheim,Des Moines,371,42,0,0,2025_345
Regular,Regular Season,2025,12,Boise,Nashville,259,154,0,0,2025_346
Regular,Regular Season,2025,12,Tulsa,Honolulu,278,135,0,1,2025_347
Regular,Regular Season,2025,12,Lansing,Columbus,382,31,1,1,2025_348
Regular,Regular Season,2025,12,Vancouver,Anaheim,104,309,0,1,2025_349
Regular,Regular Season,2025,12,Vegas,Boise,186,227,0,1,2025_350
Regular,Regular Season,2025,12,San Jose,San Diego,258,155,1,1,2025_351
Regular,Regular Season,2025,12,Austin,Tampa Bay,145,268,0,0,2025_352
Regular,Regular Season,2025,12,Providence,Little Rock,52,361,0,1,2025_353
Regular,Regular Season,2025,12,Lincoln,Manchester,376.5,36.5,0,0,2025_354
Regular,Regular Season,2025,12,Honolulu,Austin,268,145,0,1,2025_355
Regular,Regular Season,2025,12,Birmingham,Jacksonville,52,361,1,1,2025_356
Regular,Regular Season,2025,12,Vegas,Seattle,248,165,0,1,2025_357
Regular,Regular Season,2025,12,Columbus,Lansing,31,382,1,1,2025_358
Regular,Regular Season,2025,12,Kentucky,Buffalo,268,145,0,1,2025_359
Regular,Regular Season,2025,12,Tampa Bay,Des Moines,345.5,67.5,0,1,2025_360
Regular,Regular Season,2025,13,Cincinnati,Columbus,320,93,1,1,2025_361
Regular,Regular Season,2025,13,Lansing,Des Moines,361,52,1,1,2025_362
Regular,Regular Season,2025,13,Albuquerque,Austin,36.5,376.5,1,1,2025_363
Regular,Regular Season,2025,13,Vancouver,San Jose,119.5,293.5,0,1,2025_364
Regular,Regular Season,2025,13,Vancouver,Providence,211.5,201.5,0,0,2025_365
Regular,Regular Season,2025,13,Tulsa,Nashville,320,93,0,0,2025_366
Regular,Regular Season,2025,13,Anaheim,Honolulu,248,165,1,1,2025_367
Regular,Regular Season,2025,13,Albuquerque,Seattle,21,392,0,1,2025_368
Regular,Regular Season,2025,13,Lincoln,St. Louis,155,258,0,1,2025_369
Regular,Regular Season,2025,13,Little Rock,Buffalo,237,176,0,1,2025_370
Regular,Regular Season,2025,13,Vegas,Pittsburgh,176,237,0,0,2025_371
Regular,Regular Season,2025,13,Lincoln,Lansing,155,258,0,0,2025_372
Regular,Regular Season,2025,13,Providence,Baltimore,98.5,314.5,1,1,2025_373
Regular,Regular Season,2025,13,Vegas,El Paso,392,21,0,1,2025_374
Regular,Regular Season,2025,13,Boise,San Diego,371,42,0,1,2025_375
Regular,Regular Season,2025,13,Kentucky,Nashville,289,124,0,1,2025_376
Regular,Regular Season,2025,13,El Paso,Cincinnati,83,330,0,0,2025_377
Regular,Regular Season,2025,13,Austin,Anchorage,145,268,0,1,2025_378
Regular,Regular Season,2025,13,Boise,Kentucky,340,73,0,0,2025_379
Regular,Regular Season,2025,13,Seattle,Tampa Bay,21,392,0,0,2025_380
Regular,Regular Season,2025,13,Birmingham,Tulsa,21,392,0,0,2025_381
Regular,Regular Season,2025,13,Anchorage,Baltimore,145,268,0,0,2025_382
Regular,Regular Season,2025,13,Honolulu,Birmingham,392,21,0,0,2025_383
Regular,Regular Season,2025,13,San Diego,Buffalo,175,238,0,0,2025_384
Regular,Regular Season,2025,13,San Jose,Little Rock,196,217,0,0,2025_385
Regular,Regular Season,2025,13,Pittsburgh,Tampa Bay,135,278,0,1,2025_386
Regular,Regular Season,2025,13,Jacksonville,Manchester,258,155,0,1,2025_387
Regular,Regular Season,2025,13,St. Louis,Columbus,361,52,0,0,2025_388
Regular,Regular Season,2025,13,Des Moines,Manchester,207.5,205.5,0,1,2025_389
Regular,Regular Season,2025,13,Anaheim,Jacksonville,289,124,0,0,2025_390
Regular,Regular Season,2025,14,Anchorage,San Diego,345.5,67.5,0,1,2025_391
Regular,Regular Season,2025,14,Albuquerque,Honolulu,52,361,0,1,2025_392
Regular,Regular Season,2025,14,Albuquerque,El Paso,83,330,1,1,2025_393
Regular,Regular Season,2025,14,Lansing,St. Louis,108.5,304.5,0,0,2025_394
Regular,Regular Season,2025,14,Boise,El Paso,392,21,0,1,2025_395
Regular,Regular Season,2025,14,Nashville,Tampa Bay,73,340,1,1,2025_396
Regular,Regular Season,2025,14,Buffalo,Columbus,98.5,314.5,0,1,2025_397
Regular,Regular Season,2025,14,Seattle,St. Louis,52,361,0,1,2025_398
Regular,Regular Season,2025,14,Anaheim,Vegas,289,124,1,1,2025_399
Regular,Regular Season,2025,14,Birmingham,Tampa Bay,93,320,1,1,2025_400
Regular,Regular Season,2025,14,Lincoln,San Jose,289,124,0,1,2025_401
Regular,Regular Season,2025,14,Kentucky,Birmingham,371,42,0,1,2025_402
Regular,Regular Season,2025,14,Jacksonville,Anchorage,237,176,0,0,2025_403
Regular,Regular Season,2025,14,Lansing,Buffalo,288.5,124.5,0,1,2025_404
Regular,Regular Season,2025,14,Providence,Cincinnati,155,258,0,1,2025_405
Regular,Regular Season,2025,14,Lincoln,Vegas,197,216,0,1,2025_406
Regular,Regular Season,2025,14,Pittsburgh,Nashville,371,42,0,1,2025_407
Regular,Regular Season,2025,14,Tulsa,Vancouver,268,145,0,1,2025_408
Regular,Regular Season,2025,14,Manchester,Baltimore,160.5,252.5,1,1,2025_409
Regular,Regular Season,2025,14,Des Moines,Columbus,206,207,1,1,2025_410
Regular,Regular Season,2025,14,Providence,Des Moines,176,237,0,1,2025_411
Regular,Regular Season,2025,14,Tulsa,Honolulu,108.5,304.5,0,1,2025_412
Regular,Regular Season,2025,14,Austin,San Diego,371,42,0,1,2025_413
Regular,Regular Season,2025,14,Cincinnati,Manchester,258,155,0,1,2025_414
Regular,Regular Season,2025,14,Austin,San Jose,310,103,0,1,2025_415
Regular,Regular Season,2025,14,Boise,Vancouver,340,73,1,1,2025_416
Regular,Regular Season,2025,14,Jacksonville,Little Rock,247.5,165.5,1,1,2025_417
Regular,Regular Season,2025,14,Kentucky,Seattle,351,62,0,0,2025_418
Regular,Regular Season,2025,14,Little Rock,Baltimore,237,176,0,1,2025_419
Regular,Regular Season,2025,14,Anaheim,Pittsburgh,321,92,0,0,2025_420
Regular,Regular Season,2025,15,Des Moines,St. Louis,176,237,0,0,2025_421
Regular,Regular Season,2025,15,Baltimore,San Jose,324.5,88.5,0,0,2025_422
Regular,Regular Season,2025,15,Tulsa,Kentucky,134,279,0,0,2025_423
Regular,Regular Season,2025,15,Austin,Vancouver,293.5,119.5,0,1,2025_424
Regular,Regular Season,2025,15,Jacksonville,Lansing,165.5,247.5,0,1,2025_425
Regular,Regular Season,2025,15,Little Rock,Boise,166,247,0,0,2025_426
Regular,Regular Season,2025,15,Tampa Bay,Manchester,361,52,0,1,2025_427
Regular,Regular Season,2025,15,Providence,Austin,268,145,0,0,2025_428
Regular,Regular Season,2025,15,Lansing,Vegas,309.5,103.5,0,0,2025_429
Regular,Regular Season,2025,15,Lincoln,Boise,135,278,1,1,2025_430
Regular,Regular Season,2025,15,Columbus,Vegas,145,268,0,0,2025_431
Regular,Regular Season,2025,15,Baltimore,Tulsa,191.5,221.5,0,0,2025_432
Regular,Regular Season,2025,15,Cincinnati,Lincoln,237,176,0,0,2025_433
Regular,Regular Season,2025,15,Buffalo,Vancouver,340,73,0,0,2025_434
Regular,Regular Season,2025,15,Providence,Honolulu,10.5,402.5,0,0,2025_435
Regular,Regular Season,2025,15,Tampa Bay,El Paso,268,145,0,0,2025_436
Regular,Regular Season,2025,15,Nashville,San Diego,166,247,0,0,2025_437
Regular,Regular Season,2025,15,Jacksonville,San Jose,392,21,0,0,2025_438
Regular,Regular Season,2025,15,Pittsburgh,San Diego,242.5,170.5,0,0,2025_439
Regular,Regular Season,2025,15,Birmingham,Anchorage,93.5,319.5,0,0,2025_440
Regular,Regular Season,2025,15,Columbus,Nashville,93,320,0,1,2025_441
Regular,Regular Season,2025,15,Little Rock,Seattle,341,72,0,0,2025_442
Regular,Regular Season,2025,15,Albuquerque,Anaheim,52,361,0,1,2025_443
Regular,Regular Season,2025,15,Anchorage,Seattle,310,103,1,1,2025_444
Regular,Regular Season,2025,15,Pittsburgh,Albuquerque,376.5,36.5,0,0,2025_445
Regular,Regular Season,2025,15,Buffalo,Des Moines,129.5,283.5,0,1,2025_446
Regular,Regular Season,2025,15,Cincinnati,St. Louis,156,257,0,0,2025_447
Regular,Regular Season,2025,15,Manchester,Honolulu,52,361,0,0,2025_448
Regular,Regular Season,2025,15,Birmingham,Anaheim,176,237,0,0,2025_449
Regular,Regular Season,2025,15,Kentucky,El Paso,268,145,0,0,2025_450
Regular,Regular Season,2025,16,Cincinnati,Jacksonville,299,114,0,1,2025_451
Regular,Regular Season,2025,16,Birmingham,Lansing,52,361,0,1,2025_452
Regular,Regular Season,2025,16,Birmingham,Seattle,67.5,345.5,0,0,2025_453
Regular,Regular Season,2025,16,Cincinnati,San Diego,340,73,0,0,2025_454
Regular,Regular Season,2025,16,San Jose,Tulsa,145,268,0,1,2025_455
Regular,Regular Season,2025,16,Columbus,Des Moines,186,227,1,1,2025_456
Regular,Regular Season,2025,16,Kentucky,Vegas,216,197,0,0,2025_457
Regular,Regular Season,2025,16,Pittsburgh,Providence,268,145,1,1,2025_458
Regular,Regular Season,2025,16,Tampa Bay,Nashville,371,42,1,1,2025_459
Regular,Regular Season,2025,16,St. Louis,Baltimore,196,217,0,0,2025_460
Regular,Regular Season,2025,16,El Paso,Austin,104,309,1,1,2025_461
Regular,Regular Season,2025,16,Anaheim,Boise,237,176,0,1,2025_462
Regular,Regular Season,2025,16,Baltimore,Manchester,273.5,139.5,1,1,2025_463
Regular,Regular Season,2025,16,Honolulu,Anchorage,145,268,0,1,2025_464
Regular,Regular Season,2025,16,Vancouver,Lincoln,145,268,1,1,2025_465
Regular,Regular Season,2025,16,Tampa Bay,Manchester,320,93,0,1,2025_466
Regular,Regular Season,2025,16,Providence,San Jose,329.5,83.5,0,0,2025_467
Regular,Regular Season,2025,16,San Diego,Seattle,104,309,0,1,2025_468
Regular,Regular Season,2025,16,Lansing,Vancouver,299,114,0,0,2025_469
Regular,Regular Season,2025,16,Tulsa,Lincoln,73,340,0,1,2025_470
Regular,Regular Season,2025,16,Columbus,Nashville,176,237,0,1,2025_471
Regular,Regular Season,2025,16,Jacksonville,El Paso,268,145,0,0,2025_472
Regular,Regular Season,2025,16,Buffalo,Anchorage,73,340,0,0,2025_473
Regular,Regular Season,2025,16,Vegas,Albuquerque,392,21,0,1,2025_474
Regular,Regular Season,2025,16,Austin,Anaheim,114,299,0,1,2025_475
Regular,Regular Season,2025,16,Buffalo,Des Moines,227,186,0,1,2025_476
Regular,Regular Season,2025,16,Pittsburgh,Honolulu,237,176,0,0,2025_477
Regular,Regular Season,2025,16,Albuquerque,Boise,52,361,0,1,2025_478
Regular,Regular Season,2025,16,Little Rock,Kentucky,268,145,0,1,2025_479
Regular,Regular Season,2025,16,Little Rock,St. Louis,350,63,0,0,2025_480
Regular,Regular Season,2025,17,Birmingham,Des Moines,201.5,211.5,0,1,2025_481
Regular,Regular Season,2025,17,Little Rock,Anchorage,135,278,0,0,2025_482
Regular,Regular Season,2025,17,Albuquerque,Vancouver,21,392,0,1,2025_483
Regular,Regular Season,2025,17,Lincoln,Anaheim,206,207,0,1,2025_484
Regular,Regular Season,2025,17,Buffalo,Kentucky,165,248,0,1,2025_485
Regular,Regular Season,2025,17,Tampa Bay,Austin,289,124,0,0,2025_486
Regular,Regular Season,2025,17,Cincinnati,Pittsburgh,320,93,0,1,2025_487
Regular,Regular Season,2025,17,Tampa Bay,Baltimore,258,155,0,1,2025_488
Regular,Regular Season,2025,17,Cincinnati,Seattle,299,114,0,0,2025_489
Regular,Regular Season,2025,17,Columbus,Manchester,289,124,0,1,2025_490
Regular,Regular Season,2025,17,Seattle,Vegas,345.5,67.5,0,1,2025_491
Regular,Regular Season,2025,17,Baltimore,Albuquerque,392,21,0,0,2025_492
Regular,Regular Season,2025,17,Manchester,Lincoln,52,361,0,0,2025_493
Regular,Regular Season,2025,17,Kentucky,San Jose,273.5,139.5,0,0,2025_494
Regular,Regular Season,2025,17,Pittsburgh,St. Louis,129.5,283.5,0,0,2025_495
Regular,Regular Season,2025,17,Jacksonville,Honolulu,145,268,0,0,2025_496
Regular,Regular Season,2025,17,Lansing,El Paso,330,83,0,0,2025_497
Regular,Regular Season,2025,17,Nashville,Boise,134,279,0,0,2025_498
Regular,Regular Season,2025,17,Little Rock,Providence,228,185,0,1,2025_499
Regular,Regular Season,2025,17,Tulsa,Boise,257,156,0,1,2025_500
Regular,Regular Season,2025,17,San Diego,San Jose,221.5,191.5,1,1,2025_501
Regular,Regular Season,2025,17,Providence,San Diego,227,186,0,0,2025_502
Regular,Regular Season,2025,17,Buffalo,Nashville,248,165,0,1,2025_503
Regular,Regular Season,2025,17,Columbus,Lansing,62.5,350.5,1,1,2025_504
Regular,Regular Season,2025,17,Anchorage,Vancouver,237,176,1,1,2025_505
Regular,Regular Season,2025,17,Honolulu,Tulsa,114,299,0,1,2025_506
Regular,Regular Season,2025,17,St. Louis,El Paso,392,21,1,1,2025_507
Regular,Regular Season,2025,17,Birmingham,Jacksonville,155,258,1,1,2025_508
Regular,Regular Season,2025,17,Des Moines,Anaheim,42,371,0,0,2025_509
Regular,Regular Season,2025,17,Austin,Vegas,236.5,176.5,0,1,2025_510
Regular,Regular Season,2025,18,Columbus,Albuquerque,361,52,0,0,2025_511
Regular,Regular Season,2025,18,Buffalo,St. Louis,176,237,0,0,2025_512
Regular,Regular Season,2025,18,Manchester,Anaheim,155,258,0,0,2025_513
Regular,Regular Season,2025,18,Kentucky,Anaheim,247,166,0,0,2025_514
Regular,Regular Season,2025,18,Baltimore,Boise,155,258,0,0,2025_515
Regular,Regular Season,2025,18,Jacksonville,Vancouver,166,247,0,0,2025_516
Regular,Regular Season,2025,18,Tulsa,Albuquerque,392,21,1,1,2025_517
Regular,Regular Season,2025,18,Providence,Vegas,293.5,119.5,0,0,2025_518
Regular,Regular Season,2025,18,Tampa Bay,Anchorage,361,52,0,0,2025_519
Regular,Regular Season,2025,18,San Diego,Tulsa,103,310,0,1,2025_520
Regular,Regular Season,2025,18,Baltimore,Des Moines,252.5,160.5,0,1,2025_521
Regular,Regular Season,2025,18,Manchester,Nashville,228,185,0,1,2025_522
Regular,Regular Season,2025,18,Little Rock,Kentucky,103,310,0,1,2025_523
Regular,Regular Season,2025,18,Columbus,Seattle,227,186,0,0,2025_524
Regular,Regular Season,2025,18,Pittsburgh,El Paso,340,73,0,0,2025_525
Regular,Regular Season,2025,18,Seattle,San Jose,237,176,0,1,2025_526
Regular,Regular Season,2025,18,Anchorage,El Paso,299,114,0,1,2025_527
Regular,Regular Season,2025,18,Tampa Bay,Lincoln,293.5,119.5,0,0,2025_528
Regular,Regular Season,2025,18,Des Moines,Vegas,196,217,0,0,2025_529
Regular,Regular Season,2025,18,Little Rock,Honolulu,113,300,0,0,2025_530
Regular,Regular Season,2025,18,Lansing,Boise,257.5,155.5,0,0,2025_531
Regular,Regular Season,2025,18,Birmingham,San Diego,186,227,0,0,2025_532
Regular,Regular Season,2025,18,Nashville,Vancouver,52,361,0,0,2025_533
Regular,Regular Season,2025,18,Pittsburgh,Providence,289,124,1,1,2025_534
Regular,Regular Season,2025,18,Buffalo,Austin,135,278,0,0,2025_535
Regular,Regular Season,2025,18,Cincinnati,San Jose,273,140,0,0,2025_536
Regular,Regular Season,2025,18,St. Louis,Honolulu,144,269,0,1,2025_537
Regular,Regular Season,2025,18,Austin,Lincoln,129,284,0,1,2025_538
Regular,Regular Season,2025,18,Birmingham,Lansing,73,340,0,1,2025_539
Regular,Regular Season,2025,18,Cincinnati,Jacksonville,145,268,0,1,2025_540
Regular,Regular Season,2025,19,San Diego,Vancouver,247,166,0,1,2025_541
Regular,Regular Season,2025,19,Vancouver,Manchester,283.5,129.5,0,0,2025_542
Regular,Regular Season,2025,19,Honolulu,Vegas,330,83,1,1,2025_543
Regular,Regular Season,2025,19,Buffalo,Pittsburgh,21,392,1,1,2025_544
Regular,Regular Season,2025,19,Anchorage,Lincoln,351,62,1,1,2025_545
Regular,Regular Season,2025,19,Boise,Tampa Bay,83,330,0,0,2025_546
Regular,Regular Season,2025,19,Columbus,Providence,228,185,0,1,2025_547
Regular,Regular Season,2025,19,Tulsa,Little Rock,258,155,0,0,2025_548
Regular,Regular Season,2025,19,Tampa Bay,Jacksonville,283.5,129.5,1,1,2025_549
Regular,Regular Season,2025,19,San Jose,El Paso,208,205,0,1,2025_550
Regular,Regular Season,2025,19,Seattle,Boise,330,83,1,1,2025_551
Regular,Regular Season,2025,19,Kentucky,Cincinnati,83,330,1,1,2025_552
Regular,Regular Season,2025,19,Anaheim,Baltimore,258,155,0,0,2025_553
Regular,Regular Season,2025,19,Des Moines,Albuquerque,392,21,0,0,2025_554
Regular,Regular Season,2025,19,Honolulu,Seattle,309,104,0,1,2025_555
Regular,Regular Season,2025,19,Austin,Birmingham,165,248,0,0,2025_556
Regular,Regular Season,2025,19,Providence,Tulsa,83,330,0,0,2025_557
Regular,Regular Season,2025,19,San Diego,St. Louis,145,268,0,1,2025_558
Regular,Regular Season,2025,19,Birmingham,Cincinnati,83,330,0,1,2025_559
Regular,Regular Season,2025,19,El Paso,Des Moines,124,289,0,0,2025_560
Regular,Regular Season,2025,19,San Jose,Anchorage,129.5,283.5,0,1,2025_561
Regular,Regular Season,2025,19,Lincoln,Columbus,299,114,0,0,2025_562
Regular,Regular Season,2025,19,Vegas,Nashville,248,165,0,0,2025_563
Regular,Regular Season,2025,19,Baltimore,Kentucky,279,134,0,1,2025_564
Regular,Regular Season,2025,19,Albuquerque,Buffalo,52,361,0,0,2025_565
Regular,Regular Season,2025,19,Lansing,Little Rock,237,176,0,1,2025_566
Regular,Regular Season,2025,19,Manchester,Lansing,73,340,0,1,2025_567
Regular,Regular Season,2025,19,Nashville,Austin,252.5,160.5,0,0,2025_568
Regular,Regular Season,2025,19,St. Louis,Anaheim,165,248,0,1,2025_569
Regular,Regular Season,2025,19,Jacksonville,Pittsburgh,166,247,0,1,2025_570
Regular,Regular Season,2025,20,Seattle,Honolulu,180.5,232.5,0,1,2025_571
Regular,Regular Season,2025,20,Lansing,Jacksonville,175,238,0,1,2025_572
Regular,Regular Season,2025,20,Seattle,Anchorage,248,165,1,1,2025_573
Regular,Regular Season,2025,20,Boise,Little Rock,278,135,0,0,2025_574
Regular,Regular Season,2025,20,St. Louis,San Diego,330,83,0,1,2025_575
Regular,Regular Season,2025,20,Boise,Providence,299,114,0,0,2025_576
Regular,Regular Season,2025,20,San Diego,Nashville,98.5,314.5,0,0,2025_577
Regular,Regular Season,2025,20,Austin,Providence,324.5,88.5,0,0,2025_578
Regular,Regular Season,2025,20,Jacksonville,Pittsburgh,320,93,0,1,2025_579
Regular,Regular Season,2025,20,Kentucky,Cincinnati,52,361,1,1,2025_580
Regular,Regular Season,2025,20,Tulsa,El Paso,340,73,1,1,2025_581
Regular,Regular Season,2025,20,Baltimore,Tampa Bay,21,392,0,1,2025_582
Regular,Regular Season,2025,20,Albuquerque,Pittsburgh,52,361,0,0,2025_583
Regular,Regular Season,2025,20,Kentucky,Tulsa,52,361,0,0,2025_584
Regular,Regular Season,2025,20,Austin,Vegas,294,119,0,1,2025_585
Regular,Regular Season,2025,20,Vancouver,Buffalo,175,238,0,0,2025_586
Regular,Regular Season,2025,20,Nashville,Buffalo,190.5,222.5,0,1,2025_587
Regular,Regular Season,2025,20,Manchester,Columbus,104,309,0,1,2025_588
Regular,Regular Season,2025,20,Lincoln,Cincinnati,145,268,0,0,2025_589
Regular,Regular Season,2025,20,Lincoln,Anaheim,104,309,0,1,2025_590
Regular,Regular Season,2025,20,St. Louis,Des Moines,361,52,0,0,2025_591
Regular,Regular Season,2025,20,Des Moines,Birmingham,392,21,0,1,2025_592
Regular,Regular Season,2025,20,Vegas,Columbus,190.5,222.5,0,0,2025_593
Regular,Regular Season,2025,20,El Paso,Tampa Bay,145,268,0,0,2025_594
Regular,Regular Season,2025,20,Anaheim,Birmingham,392,21,0,0,2025_595
Regular,Regular Season,2025,20,Albuquerque,Vancouver,21,392,0,1,2025_596
Regular,Regular Season,2025,20,Honolulu,Manchester,299,114,0,0,2025_597
Regular,Regular Season,2025,20,Anchorage,San Jose,196,217,0,1,2025_598
Regular,Regular Season,2025,20,Lansing,Little Rock,155,258,0,1,2025_599
Regular,Regular Season,2025,20,San Jose,Baltimore,361,52,0,0,2025_600
Regular,Regular Season,2025,21,San Diego,Albuquerque,361,52,0,1,2025_601
Regular,Regular Season,2025,21,Vegas,Boise,145,268,0,1,2025_602
Regular,Regular Season,2025,21,Baltimore,Cincinnati,119.5,293.5,0,1,2025_603
Regular,Regular Season,2025,21,Tampa Bay,Little Rock,258,155,1,1,2025_604
Regular,Regular Season,2025,21,Baltimore,Birmingham,345.5,67.5,0,1,2025_605
Regular,Regular Season,2025,21,Manchester,Pittsburgh,21,392,1,1,2025_606
Regular,Regular Season,2025,21,Des Moines,Pittsburgh,52,361,0,1,2025_607
Regular,Regular Season,2025,21,Des Moines,Jacksonville,113.5,299.5,0,1,2025_608
Regular,Regular Season,2025,21,Anchorage,Providence,289,124,0,0,2025_609
Regular,Regular Season,2025,21,Vancouver,Anaheim,350,63,0,1,2025_610
Regular,Regular Season,2025,21,Manchester,Little Rock,21,392,0,1,2025_611
Regular,Regular Season,2025,21,Honolulu,Lincoln,361,52,0,1,2025_612
Regular,Regular Season,2025,21,Nashville,Providence,258,155,0,1,2025_613
Regular,Regular Season,2025,21,San Jose,Boise,73,340,0,1,2025_614
Regular,Regular Season,2025,21,Columbus,Birmingham,330,83,0,1,2025_615
Regular,Regular Season,2025,21,Vegas,Vancouver,145,268,0,1,2025_616
Regular,Regular Season,2025,21,Seattle,Lansing,222,191,0,0,2025_617
Regular,Regular Season,2025,21,Anchorage,Kentucky,252,161,0,0,2025_618
Regular,Regular Season,2025,21,El Paso,Lincoln,124,289,0,1,2025_619
Regular,Regular Season,2025,21,Tampa Bay,Buffalo,258,155,0,1,2025_620
Regular,Regular Season,2025,21,Honolulu,Austin,361,52,0,1,2025_621
Regular,Regular Season,2025,21,Tulsa,Columbus,190.5,222.5,0,0,2025_622
Regular,Regular Season,2025,21,Tulsa,Buffalo,258,155,0,0,2025_623
Regular,Regular Season,2025,21,St. Louis,Kentucky,258,155,0,0,2025_624
Regular,Regular Season,2025,21,Seattle,Jacksonville,114,299,0,0,2025_625
Regular,Regular Season,2025,21,St. Louis,Austin,289,124,1,1,2025_626
Regular,Regular Season,2025,21,San Diego,Lansing,160.5,252.5,0,0,2025_627
Regular,Regular Season,2025,21,Nashville,Cincinnati,83,330,0,1,2025_628
Regular,Regular Season,2025,21,San Jose,Albuquerque,361,52,0,1,2025_629
Regular,Regular Season,2025,21,El Paso,Anaheim,176,237,0,1,2025_630
Regular,Regular Season,2025,22,St. Louis,Cincinnati,124.5,288.5,0,0,2025_631
Regular,Regular Season,2025,22,Anchorage,Birmingham,392,21,0,0,2025_632
Regular,Regular Season,2025,22,Vancouver,Austin,361,52,0,1,2025_633
Regular,Regular Season,2025,22,Birmingham,Honolulu,21,392,0,0,2025_634
Regular,Regular Season,2025,22,El Paso,Kentucky,73,340,0,0,2025_635
Regular,Regular Season,2025,22,Kentucky,Boise,104,309,0,0,2025_636
Regular,Regular Season,2025,22,Manchester,Tampa Bay,52,361,0,1,2025_637
Regular,Regular Season,2025,22,Columbus,St. Louis,238,175,0,0,2025_638
Regular,Regular Season,2025,22,Pittsburgh,Vegas,361,52,0,0,2025_639
Regular,Regular Season,2025,22,Jacksonville,Anaheim,216,197,0,0,2025_640
Regular,Regular Season,2025,22,Buffalo,San Diego,67.5,345.5,0,0,2025_641
Regular,Regular Season,2025,22,Cincinnati,El Paso,340,73,0,0,2025_642
Regular,Regular Season,2025,22,Baltimore,Anchorage,139.5,273.5,0,0,2025_643
Regular,Regular Season,2025,22,Seattle,Little Rock,104,309,0,0,2025_644
Regular,Regular Season,2025,22,Lansing,Lincoln,304.5,108.5,0,0,2025_645
Regular,Regular Season,2025,22,Anaheim,Albuquerque,361,52,0,1,2025_646
Regular,Regular Season,2025,22,Providence,Vancouver,165,248,0,0,2025_647
Regular,Regular Season,2025,22,Vegas,Lansing,21,392,0,0,2025_648
Regular,Regular Season,2025,22,Little Rock,San Jose,278,135,0,0,2025_649
Regular,Regular Season,2025,22,Honolulu,Providence,382,31,0,0,2025_650
Regular,Regular Season,2025,22,San Diego,Pittsburgh,252.5,160.5,0,0,2025_651
Regular,Regular Season,2025,22,Tampa Bay,Seattle,340,73,0,0,2025_652
Regular,Regular Season,2025,22,Austin,Albuquerque,330,83,1,1,2025_653
Regular,Regular Season,2025,22,San Jose,Jacksonville,114,299,0,0,2025_654
Regular,Regular Season,2025,22,Nashville,Tulsa,83,330,0,0,2025_655
Regular,Regular Season,2025,22,Boise,Lincoln,330,83,1,1,2025_656
Regular,Regular Season,2025,22,Des Moines,Buffalo,361,52,0,1,2025_657
Regular,Regular Season,2025,22,Manchester,Des Moines,52,361,0,1,2025_658
Regular,Regular Season,2025,22,Tulsa,Baltimore,258,155,0,0,2025_659
Regular,Regular Season,2025,22,Nashville,Columbus,104,309,0,1,2025_660
Regular,Regular Season,2025,23,Manchester,Vancouver,98.5,314.5,0,0,2025_661
Regular,Regular Season,2025,23,Des Moines,Boise,104,309,0,0,2025_662
Regular,Regular Season,2025,23,Buffalo,Albuquerque,361,52,0,0,2025_663
Regular,Regular Season,2025,23,Pittsburgh,Jacksonville,62,351,0,1,2025_664
Regular,Regular Season,2025,23,Manchester,Albuquerque,299,114,0,0,2025_665
Regular,Regular Season,2025,23,Seattle,Honolulu,73,340,0,1,2025_666
Regular,Regular Season,2025,23,St. Louis,Vegas,258,155,0,1,2025_667
Regular,Regular Season,2025,23,Seattle,Vancouver,217,196,1,1,2025_668
Regular,Regular Season,2025,23,Baltimore,Austin,361,52,0,0,2025_669
Regular,Regular Season,2025,23,Baltimore,Anaheim,93,320,0,0,2025_670
Regular,Regular Season,2025,23,St. Louis,San Diego,208,205,0,1,2025_671
Regular,Regular Season,2025,23,Des Moines,El Paso,309,104,0,0,2025_672
Regular,Regular Season,2025,23,Tulsa,Providence,361,52,0,0,2025_673
Regular,Regular Season,2025,23,Nashville,Vegas,217,196,0,0,2025_674
Regular,Regular Season,2025,23,Anchorage,Anaheim,216,197,0,1,2025_675
Regular,Regular Season,2025,23,Cincinnati,Kentucky,227,186,1,1,2025_676
Regular,Regular Season,2025,23,San Diego,El Paso,237,176,0,1,2025_677
Regular,Regular Season,2025,23,Columbus,Kentucky,104,309,1,1,2025_678
Regular,Regular Season,2025,23,Honolulu,San Jose,340,73,1,1,2025_679
Regular,Regular Season,2025,23,Little Rock,Lansing,119.5,293.5,0,1,2025_680
Regular,Regular Season,2025,23,Columbus,Lincoln,104,309,0,0,2025_681
Regular,Regular Season,2025,23,Buffalo,Jacksonville,73,340,0,1,2025_682
Regular,Regular Season,2025,23,Tampa Bay,Boise,299,114,0,0,2025_683
Regular,Regular Season,2025,23,Nashville,Lincoln,21,392,0,0,2025_684
Regular,Regular Season,2025,23,Birmingham,Austin,283.5,129.5,0,0,2025_685
Regular,Regular Season,2025,23,Tampa Bay,Lansing,314.5,98.5,0,1,2025_686
Regular,Regular Season,2025,23,Tulsa,Cincinnati,83,330,0,0,2025_687
Regular,Regular Season,2025,23,Little Rock,Pittsburgh,176,237,0,1,2025_688
Regular,Regular Season,2025,23,Anchorage,San Jose,361,52,0,1,2025_689
Regular,Regular Season,2025,23,Birmingham,Providence,129.5,283.5,0,1,2025_690
Regular,Regular Season,2025,24,Providence,Anchorage,73,340,0,0,2025_691
Regular,Regular Season,2025,24,Jacksonville,Seattle,351,62,0,0,2025_692
Regular,Regular Season,2025,24,Kentucky,Pittsburgh,289,124,0,1,2025_693
Regular,Regular Season,2025,24,Kentucky,St. Louis,77.5,335.5,0,0,2025_694
Regular,Regular Season,2025,24,Lincoln,El Paso,345.5,67.5,0,1,2025_695
Regular,Regular Season,2025,24,Lincoln,Buffalo,237,176,0,0,2025_696
Regular,Regular Season,2025,24,Vancouver,Baltimore,145,268,0,0,2025_697
Regular,Regular Season,2025,24,Lansing,Cincinnati,145,268,1,1,2025_698
Regular,Regular Season,2025,24,Little Rock,Manchester,361,52,0,1,2025_699
Regular,Regular Season,2025,24,Albuquerque,San Jose,52,361,0,1,2025_700
Regular,Regular Season,2025,24,El Paso,Nashville,134.5,278.5,0,0,2025_701
Regular,Regular Season,2025,24,Anaheim,Vancouver,413,0,0,1,2025_702
Regular,Regular Season,2025,24,Jacksonville,Providence,340,73,0,1,2025_703
Regular,Regular Season,2025,24,Boise,Vegas,320,93,0,1,2025_704
Regular,Regular Season,2025,24,Cincinnati,Nashville,355.5,57.5,0,1,2025_705
Regular,Regular Season,2025,24,Buffalo,Tampa Bay,114,299,0,1,2025_706
Regular,Regular Season,2025,24,Lansing,San Diego,320,93,0,0,2025_707
Regular,Regular Season,2025,24,Austin,Honolulu,103.5,309.5,0,1,2025_708
Regular,Regular Season,2025,24,Birmingham,Baltimore,21,392,0,1,2025_709
Regular,Regular Season,2025,24,Vegas,Manchester,330,83,0,0,2025_710
Regular,Regular Season,2025,24,Columbus,Tulsa,197,216,0,0,2025_711
Regular,Regular Season,2025,24,Honolulu,Anchorage,264.5,148.5,0,1,2025_712
Regular,Regular Season,2025,24,Boise,Columbus,324.5,88.5,0,0,2025_713
Regular,Regular Season,2025,24,Tulsa,St. Louis,145,268,1,1,2025_714
Regular,Regular Season,2025,24,Austin,Little Rock,119.5,293.5,0,0,2025_715
Regular,Regular Season,2025,24,Pittsburgh,Des Moines,124,289,0,1,2025_716
Regular,Regular Season,2025,24,Albuquerque,Birmingham,83,330,0,0,2025_717
Regular,Regular Season,2025,24,San Jose,Des Moines,140.5,272.5,0,0,2025_718
Regular,Regular Season,2025,24,Anaheim,Tampa Bay,145,268,0,0,2025_719
Regular,Regular Season,2025,24,San Diego,Seattle,268,145,0,1,2025_720
Regular,Regular Season,2025,25,El Paso,Seattle,196,217,0,1,2025_721
Regular,Regular Season,2025,25,Buffalo,Manchester,160.5,252.5,1,1,2025_722
Regular,Regular Season,2025,25,Vegas,Tulsa,176,237,0,1,2025_723
Regular,Regular Season,2025,25,Cincinnati,Lansing,361,52,1,1,2025_724
Regular,Regular Season,2025,25,Boise,Lincoln,221.5,191.5,1,1,2025_725
Regular,Regular Season,2025,25,Providence,Jacksonville,83,330,0,1,2025_726
Regular,Regular Season,2025,25,Kentucky,Birmingham,361,52,0,1,2025_727
Regular,Regular Season,2025,25,Pittsburgh,Tulsa,218,195,0,0,2025_728
Regular,Regular Season,2025,25,Birmingham,Nashville,21,392,1,1,2025_729
Regular,Regular Season,2025,25,Albuquerque,Tampa Bay,21,392,0,0,2025_730
Regular,Regular Season,2025,25,Vancouver,Austin,320,93,0,1,2025_731
Regular,Regular Season,2025,25,Lincoln,Baltimore,206,207,0,0,2025_732
Regular,Regular Season,2025,25,Anaheim,Albuquerque,392,21,0,1,2025_733
Regular,Regular Season,2025,25,Jacksonville,Little Rock,155,258,1,1,2025_734
Regular,Regular Season,2025,25,San Diego,Tampa Bay,42,371,0,0,2025_735
Regular,Regular Season,2025,25,Vancouver,Des Moines,145,268,0,0,2025_736
Regular,Regular Season,2025,25,Pittsburgh,Kentucky,83,330,0,1,2025_737
Regular,Regular Season,2025,25,Vegas,Anchorage,42,371,0,1,2025_738
Regular,Regular Season,2025,25,Honolulu,San Diego,340,73,1,1,2025_739
Regular,Regular Season,2025,25,San Jose,St. Louis,114,299,0,1,2025_740
Regular,Regular Season,2025,25,Boise,Manchester,361,52,0,0,2025_741
Regular,Regular Season,2025,25,Little Rock,Des Moines,248,165,0,1,2025_742
Regular,Regular Season,2025,25,Honolulu,St. Louis,134.5,278.5,0,1,2025_743
Regular,Regular Season,2025,25,Columbus,Baltimore,114,299,0,1,2025_744
Regular,Regular Season,2025,25,Providence,Cincinnati,21,392,0,1,2025_745
Regular,Regular Season,2025,25,San Jose,Seattle,176,237,0,1,2025_746
Regular,Regular Season,2025,25,Anaheim,Nashville,320,93,0,0,2025_747
Regular,Regular Season,2025,25,Austin,Columbus,73,340,0,0,2025_748
Regular,Regular Season,2025,25,El Paso,Anchorage,145,268,0,1,2025_749
Regular,Regular Season,2025,25,Lansing,Buffalo,361,52,0,1,2025_750
Regular,Regular Season,2025,26,Buffalo,Vegas,216,197,0,0,2025_751
Regular,Regular Season,2025,26,Birmingham,Vancouver,52,361,0,0,2025_752
Regular,Regular Season,2025,26,Pittsburgh,Lincoln,186,227,0,0,2025_753
Regular,Regular Season,2025,26,Columbus,El Paso,299,114,0,0,2025_754
Regular,Regular Season,2025,26,San Jose,Cincinnati,73,340,0,0,2025_755
Regular,Regular Season,2025,26,Baltimore,Honolulu,114,299,0,0,2025_756
Regular,Regular Season,2025,26,Cincinnati,Boise,57.5,355.5,0,0,2025_757
Regular,Regular Season,2025,26,San Diego,Birmingham,361,52,0,0,2025_758
Regular,Regular Season,2025,26,Albuquerque,Tulsa,21,392,1,1,2025_759
Regular,Regular Season,2025,26,Des Moines,Seattle,190.5,222.5,0,0,2025_760
Regular,Regular Season,2025,26,St. Louis,Buffalo,340.5,72.5,0,0,2025_761
Regular,Regular Season,2025,26,Jacksonville,Austin,340,73,0,0,2025_762
Regular,Regular Season,2025,26,Nashville,Manchester,52,361,0,1,2025_763
Regular,Regular Season,2025,26,Des Moines,Baltimore,200.5,212.5,0,1,2025_764
Regular,Regular Season,2025,26,Providence,Albuquerque,361,52,0,0,2025_765
Regular,Regular Season,2025,26,Vegas,Providence,361,52,0,0,2025_766
Regular,Regular Season,2025,26,Honolulu,Little Rock,300,113,0,0,2025_767
Regular,Regular Season,2025,26,Vancouver,Jacksonville,10.5,402.5,0,0,2025_768
Regular,Regular Season,2025,26,Boise,Lansing,268,145,0,0,2025_769
Regular,Regular Season,2025,26,Seattle,Columbus,176,237,0,0,2025_770
Regular,Regular Season,2025,26,Anaheim,Kentucky,290,123,0,0,2025_771
Regular,Regular Season,2025,26,Tampa Bay,San Jose,340,73,0,0,2025_772
Regular,Regular Season,2025,26,El Paso,Pittsburgh,73,340,0,0,2025_773
Regular,Regular Season,2025,26,Anchorage,Tampa Bay,36.5,376.5,0,0,2025_774
Regular,Regular Season,2025,26,Little Rock,Anaheim,226,187,0,0,2025_775
Regular,Regular Season,2025,26,Manchester,San Diego,104,309,0,0,2025_776
Regular,Regular Season,2025,26,Anchorage,Tulsa,124,289,0,1,2025_777
Regular,Regular Season,2025,26,Kentucky,Lansing,154,259,1,1,2025_778
Regular,Regular Season,2025,26,Nashville,St. Louis,98.5,314.5,0,0,2025_779
Regular,Regular Season,2025,26,Lincoln,Austin,268,145,0,1,2025_780
Regular,Regular Season,2025,27,Pittsburgh,Birmingham,206,207,0,1,2025_781
Regular,Regular Season,2025,27,Vancouver,St. Louis,186,227,0,1,2025_782
Regular,Regular Season,2025,27,El Paso,Honolulu,52,361,0,1,2025_783
Regular,Regular Season,2025,27,Providence,Buffalo,211.5,201.5,1,1,2025_784
Regular,Regular Season,2025,27,El Paso,Vancouver,21,392,0,1,2025_785
Regular,Regular Season,2025,27,Albuquerque,Nashville,52,361,0,0,2025_786
Regular,Regular Season,2025,27,Nashville,Jacksonville,73,340,1,1,2025_787
Regular,Regular Season,2025,27,Lincoln,Des Moines,237,176,0,0,2025_788
Regular,Regular Season,2025,27,Manchester,Providence,392,21,1,1,2025_789
Regular,Regular Season,2025,27,Buffalo,Birmingham,52,361,0,1,2025_790
Regular,Regular Season,2025,27,San Diego,Lincoln,206,207,0,1,2025_791
Regular,Regular Season,2025,27,Tampa Bay,Cincinnati,237.5,175.5,0,1,2025_792
Regular,Regular Season,2025,27,Honolulu,Boise,283.5,129.5,0,1,2025_793
Regular,Regular Season,2025,27,San Jose,Anaheim,42,371,1,1,2025_794
Regular,Regular Season,2025,27,Kentucky,Tampa Bay,36.5,376.5,0,1,2025_795
Regular,Regular Season,2025,27,Vegas,Tulsa,114,299,0,1,2025_796
Regular,Regular Season,2025,27,Anchorage,Lansing,330,83,0,0,2025_797
Regular,Regular Season,2025,27,Vegas,San Diego,155,258,1,1,2025_798
Regular,Regular Season,2025,27,St. Louis,Albuquerque,361,52,1,1,2025_799
Regular,Regular Season,2025,27,Columbus,Little Rock,83,330,0,1,2025_800
Regular,Regular Season,2025,27,Des Moines,Kentucky,145,268,1,1,2025_801
Regular,Regular Season,2025,27,Baltimore,Pittsburgh,392,21,1,1,2025_802
Regular,Regular Season,2025,27,Jacksonville,Columbus,330,83,0,1,2025_803
Regular,Regular Season,2025,27,Lansing,Baltimore,262.5,150.5,0,1,2025_804
Regular,Regular Season,2025,27,Cincinnati,Little Rock,186,227,0,1,2025_805
Regular,Regular Season,2025,27,Boise,Anchorage,63,350,1,1,2025_806
Regular,Regular Season,2025,27,Seattle,Austin,340,73,0,1,2025_807
Regular,Regular Season,2025,27,Tulsa,San Jose,258,155,0,1,2025_808
Regular,Regular Season,2025,27,Austin,Manchester,42,371,0,0,2025_809
Regular,Regular Season,2025,27,Anaheim,Seattle,371,42,0,1,2025_810
Regular,Regular Season,2025,28,Cincinnati,Tampa Bay,88.5,324.5,0,1,2025_811
Regular,Regular Season,2025,28,Birmingham,Pittsburgh,93,320,0,1,2025_812
Regular,Regular Season,2025,28,Providence,Manchester,206,207,1,1,2025_813
Regular,Regular Season,2025,28,Little Rock,Columbus,330,83,0,1,2025_814
Regular,Regular Season,2025,28,Jacksonville,Nashville,330,83,1,1,2025_815
Regular,Regular Season,2025,28,Boise,Honolulu,289,124,0,1,2025_816
Regular,Regular Season,2025,28,Nashville,Albuquerque,392,21,0,0,2025_817
Regular,Regular Season,2025,28,Columbus,Jacksonville,103,310,0,1,2025_818
Regular,Regular Season,2025,28,Anaheim,San Jose,299,114,1,1,2025_819
Regular,Regular Season,2025,28,Lincoln,San Diego,252.5,160.5,0,1,2025_820
Regular,Regular Season,2025,28,Little Rock,Cincinnati,160.5,252.5,0,1,2025_821
Regular,Regular Season,2025,28,Seattle,Anaheim,93,320,0,1,2025_822
Regular,Regular Season,2025,28,San Jose,Tulsa,201.5,211.5,0,1,2025_823
Regular,Regular Season,2025,28,Pittsburgh,Baltimore,145,268,1,1,2025_824
Regular,Regular Season,2025,28,Kentucky,Des Moines,165,248,1,1,2025_825
Regular,Regular Season,2025,28,Lansing,Anchorage,52,361,0,0,2025_826
Regular,Regular Season,2025,28,Tulsa,Vegas,258,155,0,1,2025_827
Regular,Regular Season,2025,28,Vancouver,El Paso,304.5,108.5,0,1,2025_828
Regular,Regular Season,2025,28,Austin,Seattle,124,289,0,1,2025_829
Regular,Regular Season,2025,28,Tampa Bay,Kentucky,361,52,0,1,2025_830
Regular,Regular Season,2025,28,Anchorage,Boise,227,186,1,1,2025_831
Regular,Regular Season,2025,28,Buffalo,Providence,361.5,51.5,1,1,2025_832
Regular,Regular Season,2025,28,St. Louis,Vancouver,237,176,0,1,2025_833
Regular,Regular Season,2025,28,Baltimore,Lansing,195,218,0,1,2025_834
Regular,Regular Season,2025,28,Albuquerque,St. Louis,52,361,1,1,2025_835
Regular,Regular Season,2025,28,San Diego,Vegas,217,196,1,1,2025_836
Regular,Regular Season,2025,28,Birmingham,Buffalo,196,217,0,1,2025_837
Regular,Regular Season,2025,28,Manchester,Austin,114,299,0,0,2025_838
Regular,Regular Season,2025,28,Des Moines,Lincoln,351,62,0,0,2025_839
Regular,Regular Season,2025,28,Honolulu,El Paso,330,83,0,1,2025_840
Regular,Regular Season,2025,29,Anchorage,Buffalo,371,42,0,0,2025_841
Regular,Regular Season,2025,29,Nashville,Tampa Bay,21,392,1,1,2025_842
Regular,Regular Season,2025,29,Vegas,Kentucky,145,268,0,0,2025_843
Regular,Regular Season,2025,29,Baltimore,Vegas,268,145,0,0,2025_844
Regular,Regular Season,2025,29,Seattle,St. Louis,221.5,191.5,0,1,2025_845
Regular,Regular Season,2025,29,Nashville,San Jose,221.5,191.5,0,0,2025_846
Regular,Regular Season,2025,29,Anchorage,San Diego,340,73,0,1,2025_847
Regular,Regular Season,2025,29,Buffalo,Boise,73,340,0,0,2025_848
Regular,Regular Season,2025,29,San Diego,Cincinnati,73,340,0,0,2025_849
Regular,Regular Season,2025,29,Manchester,El Paso,135,278,0,0,2025_850
Regular,Regular Season,2025,29,El Paso,Jacksonville,93,320,0,0,2025_851
Regular,Regular Season,2025,29,St. Louis,Little Rock,309.5,103.5,0,0,2025_852
Regular,Regular Season,2025,29,Vancouver,Lansing,52,361,0,0,2025_853
Regular,Regular Season,2025,29,Tampa Bay,Vancouver,340,73,0,0,2025_854
Regular,Regular Season,2025,29,Boise,Albuquerque,361,52,0,1,2025_855
Regular,Regular Season,2025,29,Seattle,Birmingham,361,52,0,0,2025_856
Regular,Regular Season,2025,29,Birmingham,Lincoln,165.5,247.5,0,0,2025_857
Regular,Regular Season,2025,29,Lincoln,Tulsa,176,237,0,1,2025_858
Regular,Regular Season,2025,29,Columbus,Anaheim,93,320,0,0,2025_859
Regular,Regular Season,2025,29,Tulsa,Jacksonville,92.5,320.5,0,0,2025_860
Regular,Regular Season,2025,29,Anaheim,Austin,371,42,0,1,2025_861
Regular,Regular Season,2025,29,Honolulu,Pittsburgh,227,186,0,0,2025_862
Regular,Regular Season,2025,29,Des Moines,Honolulu,165.5,247.5,0,0,2025_863
Regular,Regular Season,2025,29,Providence,Kentucky,145,268,0,1,2025_864
Regular,Regular Season,2025,29,Pittsburgh,Lansing,114,299,0,1,2025_865
Regular,Regular Season,2025,29,Little Rock,Albuquerque,361,52,0,0,2025_866
Regular,Regular Season,2025,29,San Jose,Providence,258,155,0,0,2025_867
Regular,Regular Season,2025,29,Cincinnati,Austin,371,42,0,0,2025_868
Regular,Regular Season,2025,29,Manchester,Baltimore,52,361,1,1,2025_869
Regular,Regular Season,2025,29,Des Moines,Columbus,320,93,1,1,2025_870
Regular,Regular Season,2025,30,Jacksonville,Cincinnati,83,330,0,1,2025_871
Regular,Regular Season,2025,30,Lansing,Birmingham,345.5,67.5,0,1,2025_872
Regular,Regular Season,2025,30,Honolulu,Cincinnati,217,196,0,0,2025_873
Regular,Regular Season,2025,30,Seattle,Buffalo,258,155,0,0,2025_874
Regular,Regular Season,2025,30,Vancouver,Kentucky,238,175,0,0,2025_875
Regular,Regular Season,2025,30,Providence,Pittsburgh,42,371,1,1,2025_876
Regular,Regular Season,2025,30,St. Louis,Birmingham,392,21,0,0,2025_877
Regular,Regular Season,2025,30,Anaheim,Manchester,371,42,0,0,2025_878
Regular,Regular Season,2025,30,Tulsa,San Diego,268,145,0,1,2025_879
Regular,Regular Season,2025,30,Albuquerque,Columbus,21,392,0,0,2025_880
Regular,Regular Season,2025,30,Austin,Buffalo,267,146,0,0,2025_881
Regular,Regular Season,2025,30,Boise,Baltimore,195,218,0,0,2025_882
Regular,Regular Season,2025,30,Des Moines,Tampa Bay,52,361,0,1,2025_883
Regular,Regular Season,2025,30,El Paso,Providence,228,185,0,0,2025_884
Regular,Regular Season,2025,30,Lincoln,Tampa Bay,114,299,0,0,2025_885
Regular,Regular Season,2025,30,San Jose,Seattle,124,289,0,1,2025_886
Regular,Regular Season,2025,30,San Diego,Little Rock,103.5,309.5,0,0,2025_887
Regular,Regular Season,2025,30,Lincoln,Albuquerque,392,21,0,1,2025_888
Regular,Regular Season,2025,30,Anchorage,Columbus,289,124,0,0,2025_889
Regular,Regular Season,2025,30,Boise,Austin,278,135,0,1,2025_890
Regular,Regular Season,2025,30,Honolulu,St. Louis,299,114,0,1,2025_891
Regular,Regular Season,2025,30,Tulsa,Manchester,340,73,0,0,2025_892
Regular,Regular Season,2025,30,Vegas,Des Moines,52,361,0,0,2025_893
Regular,Regular Season,2025,30,Vegas,Jacksonville,52,361,0,0,2025_894
Regular,Regular Season,2025,30,Vancouver,Nashville,340,73,0,0,2025_895
Regular,Regular Season,2025,30,San Jose,Pittsburgh,42,371,0,0,2025_896
Regular,Regular Season,2025,30,Nashville,Baltimore,103.5,309.5,0,1,2025_897
Regular,Regular Season,2025,30,El Paso,Anchorage,67.5,345.5,0,1,2025_898
Regular,Regular Season,2025,30,Anaheim,Lansing,166,247,0,0,2025_899
Regular,Regular Season,2025,30,Kentucky,Little Rock,258,155,0,1,2025_900
Regular,Regular Season,2025,31,Cincinnati,Vancouver,299,114,0,0,2025_901
Regular,Regular Season,2025,31,Lincoln,Vancouver,67.5,345.5,1,1,2025_902
Regular,Regular Season,2025,31,Birmingham,Nashville,165.5,247.5,1,1,2025_903
Regular,Regular Season,2025,31,Nashville,Anchorage,206,207,0,0,2025_904
Regular,Regular Season,2025,31,Columbus,Honolulu,196,217,0,0,2025_905
Regular,Regular Season,2025,31,Tampa Bay,Tulsa,413,0,0,0,2025_906
Regular,Regular Season,2025,31,Jacksonville,San Diego,135,278,0,0,2025_907
Regular,Regular Season,2025,31,Providence,St. Louis,21,392,0,0,2025_908
Regular,Regular Season,2025,31,Manchester,Seattle,73,340,0,0,2025_909
Regular,Regular Season,2025,31,Kentucky,Albuquerque,361,52,0,0,2025_910
Regular,Regular Season,2025,31,Buffalo,Manchester,237,176,1,1,2025_911
Regular,Regular Season,2025,31,Little Rock,Des Moines,160.5,252.5,0,1,2025_912
Regular,Regular Season,2025,31,Birmingham,El Paso,186,227,0,0,2025_913
Regular,Regular Season,2025,31,Little Rock,Vegas,330,83,0,0,2025_914
Regular,Regular Season,2025,31,Tampa Bay,San Diego,268,145,0,0,2025_915
Regular,Regular Season,2025,31,Kentucky,Honolulu,237,176,0,0,2025_916
Regular,Regular Season,2025,31,Lansing,San Jose,299,114,0,0,2025_917
Regular,Regular Season,2025,31,Boise,Anaheim,83,330,0,1,2025_918
Regular,Regular Season,2025,31,Albuquerque,Vegas,52,361,0,1,2025_919
Regular,Regular Season,2025,31,Buffalo,San Jose,119.5,293.5,0,0,2025_920
Regular,Regular Season,2025,31,Baltimore,St. Louis,155,258,0,0,2025_921
Regular,Regular Season,2025,31,Des Moines,Tulsa,222.5,190.5,0,0,2025_922
Regular,Regular Season,2025,31,Lansing,Austin,309,104,0,0,2025_923
Regular,Regular Season,2025,31,Cincinnati,Anchorage,309,104,0,0,2025_924
Regular,Regular Season,2025,31,Providence,Boise,21,392,0,0,2025_925
Regular,Regular Season,2025,31,Austin,El Paso,160.5,252.5,1,1,2025_926
Regular,Regular Season,2025,31,Jacksonville,Lincoln,330,83,0,0,2025_927
Regular,Regular Season,2025,31,Columbus,Baltimore,279,134,0,1,2025_928
Regular,Regular Season,2025,31,Pittsburgh,Anaheim,195,218,0,0,2025_929
Regular,Regular Season,2025,31,Pittsburgh,Seattle,216.5,196.5,0,0,2025_930
Regular,Regular Season,2025,32,Jacksonville,St. Louis,114,299,0,0,2025_931
Regular,Regular Season,2025,32,Buffalo,Baltimore,52,361,1,1,2025_932
Regular,Regular Season,2025,32,Honolulu,Kentucky,321,92,0,0,2025_933
Regular,Regular Season,2025,32,Boise,Vancouver,124,289,1,1,2025_934
Regular,Regular Season,2025,32,Kentucky,San Diego,381.5,31.5,0,0,2025_935
Regular,Regular Season,2025,32,Baltimore,Columbus,237,176,0,1,2025_936
Regular,Regular Season,2025,32,Little Rock,Nashville,237.5,175.5,1,1,2025_937
Regular,Regular Season,2025,32,Austin,San Jose,93.5,319.5,0,1,2025_938
Regular,Regular Season,2025,32,Cincinnati,Des Moines,340,73,1,1,2025_939
Regular,Regular Season,2025,32,Columbus,Tampa Bay,104,309,0,1,2025_940
Regular,Regular Season,2025,32,Pittsburgh,Anchorage,392,21,0,0,2025_941
Regular,Regular Season,2025,32,Albuquerque,El Paso,52,361,1,1,2025_942
Regular,Regular Season,2025,32,Providence,Seattle,73,340,0,0,2025_943
Regular,Regular Season,2025,32,San Jose,Lansing,104,309,0,0,2025_944
Regular,Regular Season,2025,32,Lincoln,Vegas,227,186,0,1,2025_945
Regular,Regular Season,2025,32,Manchester,Buffalo,83,330,1,1,2025_946
Regular,Regular Season,2025,32,Nashville,Birmingham,330,83,1,1,2025_947
Regular,Regular Season,2025,32,Tulsa,Tampa Bay,165,248,0,0,2025_948
Regular,Regular Season,2025,32,Birmingham,Manchester,340.5,72.5,0,1,2025_949
Regular,Regular Season,2025,32,Anaheim,Boise,361,52,0,1,2025_950
Regular,Regular Season,2025,32,Vegas,Albuquerque,361,52,0,1,2025_951
Regular,Regular Season,2025,32,Seattle,Pittsburgh,145,268,0,0,2025_952
Regular,Regular Season,2025,32,San Diego,Jacksonville,52,361,0,0,2025_953
Regular,Regular Season,2025,32,Tulsa,Anaheim,52,361,0,1,2025_954
Regular,Regular Season,2025,32,Anchorage,Cincinnati,52,361,0,0,2025_955
Regular,Regular Season,2025,32,Lansing,Honolulu,144.5,268.5,0,0,2025_956
Regular,Regular Season,2025,32,El Paso,Austin,218,195,1,1,2025_957
Regular,Regular Season,2025,32,St. Louis,Providence,371,42,0,0,2025_958
Regular,Regular Season,2025,32,Vancouver,Lincoln,298,115,1,1,2025_959
Regular,Regular Season,2025,32,Des Moines,Little Rock,104,309,0,1,2025_960
Regular,Regular Season,2025,33,Vancouver,Boise,309,104,1,1,2025_961
Regular,Regular Season,2025,33,Anaheim,Tulsa,321,92,0,1,2025_962
Regular,Regular Season,2025,33,San Diego,Kentucky,73,340,0,0,2025_963
Regular,Regular Season,2025,33,St. Louis,Lincoln,206,207,0,1,2025_964
Regular,Regular Season,2025,33,Columbus,Pittsburgh,114,299,0,1,2025_965
Regular,Regular Season,2025,33,Tampa Bay,Columbus,361,52,0,1,2025_966
Regular,Regular Season,2025,33,Honolulu,Lansing,361,52,0,0,2025_967
Regular,Regular Season,2025,33,Vegas,Lincoln,103,310,0,1,2025_968
Regular,Regular Season,2025,33,Manchester,Birmingham,52,361,0,1,2025_969
Regular,Regular Season,2025,33,St. Louis,Jacksonville,221.5,191.5,0,0,2025_970
Regular,Regular Season,2025,33,Manchester,Kentucky,21,392,0,1,2025_971
Regular,Regular Season,2025,33,Honolulu,Anaheim,113,300,1,1,2025_972
Regular,Regular Season,2025,33,Tulsa,Des Moines,309,104,0,0,2025_973
Regular,Regular Season,2025,33,Anchorage,Pittsburgh,207,206,0,0,2025_974
Regular,Regular Season,2025,33,San Jose,Austin,340,73,0,1,2025_975
Regular,Regular Season,2025,33,Baltimore,Jacksonville,340,73,0,1,2025_976
Regular,Regular Season,2025,33,El Paso,Vegas,145,268,0,1,2025_977
Regular,Regular Season,2025,33,Tampa Bay,Providence,299,114,0,1,2025_978
Regular,Regular Season,2025,33,Seattle,Albuquerque,392,21,0,1,2025_979
Regular,Regular Season,2025,33,Anchorage,Austin,262.5,150.5,0,1,2025_980
Regular,Regular Season,2025,33,Des Moines,Cincinnati,73,340,1,1,2025_981
Regular,Regular Season,2025,33,San Jose,Vancouver,206,207,0,1,2025_982
Regular,Regular Season,2025,33,El Paso,Albuquerque,361,52,1,1,2025_983
Regular,Regular Season,2025,33,Seattle,Providence,330,83,0,0,2025_984
Regular,Regular Season,2025,33,Buffalo,Cincinnati,114,299,0,1,2025_985
Regular,Regular Season,2025,33,Nashville,Lansing,83,330,0,1,2025_986
Regular,Regular Season,2025,33,Nashville,Little Rock,36.5,376.5,1,1,2025_987
Regular,Regular Season,2025,33,San Diego,Boise,93,320,0,1,2025_988
Regular,Regular Season,2025,33,Birmingham,Little Rock,114,299,1,1,2025_989
Regular,Regular Season,2025,33,Baltimore,Buffalo,268,145,1,1,2025_990
Regular,Regular Season,2025,34,Providence,Lansing,114,299,0,1,2025_991
Regular,Regular Season,2025,34,Jacksonville,Manchester,366.5,46.5,0,1,2025_992
Regular,Regular Season,2025,34,Cincinnati,Nashville,289,124,0,1,2025_993
Regular,Regular Season,2025,34,Anaheim,Tulsa,381.5,31.5,0,1,2025_994
Regular,Regular Season,2025,34,Anaheim,San Diego,361,52,1,1,2025_995
Regular,Regular Season,2025,34,Austin,Tulsa,73,340,1,1,2025_996
Regular,Regular Season,2025,34,El Paso,St. Louis,176,237,1,1,2025_997
Regular,Regular Season,2025,34,Boise,St. Louis,144.5,268.5,0,1,2025_998
Regular,Regular Season,2025,34,Vegas,Seattle,150.5,262.5,0,1,2025_999
Regular,Regular Season,2025,34,Lincoln,Albuquerque,361,52,0,1,2025_1000
Regular,Regular Season,2025,34,Vegas,San Jose,129.5,283.5,1,1,2025_1001
Regular,Regular Season,2025,34,Buffalo,Tampa Bay,52,361,0,1,2025_1002
Regular,Regular Season,2025,34,Little Rock,Buffalo,289,124,0,1,2025_1003
Regular,Regular Season,2025,34,Providence,Baltimore,83,330,1,1,2025_1004
Regular,Regular Season,2025,34,San Jose,San Diego,258,155,1,1,2025_1005
Regular,Regular Season,2025,34,Kentucky,Nashville,392,21,0,1,2025_1006
Regular,Regular Season,2025,34,Vancouver,Honolulu,31,382,0,1,2025_1007
Regular,Regular Season,2025,34,Pittsburgh,Des Moines,196,217,0,1,2025_1008
Regular,Regular Season,2025,34,Pittsburgh,Tampa Bay,145,268,0,1,2025_1009
Regular,Regular Season,2025,34,Boise,Austin,371,42,0,1,2025_1010
Regular,Regular Season,2025,34,Lansing,Des Moines,134,279,1,1,2025_1011
Regular,Regular Season,2025,34,Cincinnati,Columbus,237,176,1,1,2025_1012
Regular,Regular Season,2025,34,Albuquerque,Anchorage,21,392,0,1,2025_1013
Regular,Regular Season,2025,34,Little Rock,Manchester,361,52,0,1,2025_1014
Regular,Regular Season,2025,34,Vancouver,Anchorage,73,340,1,1,2025_1015
Regular,Regular Season,2025,34,Birmingham,Baltimore,114,299,0,1,2025_1016
Regular,Regular Season,2025,34,Lincoln,Seattle,268,145,1,1,2025_1017
Regular,Regular Season,2025,34,El Paso,Birmingham,299,114,0,0,2025_1018
Regular,Regular Season,2025,34,Honolulu,Columbus,268,145,0,0,2025_1019
Regular,Regular Season,2025,34,Jacksonville,Kentucky,52,361,0,1,2025_1020
Regular,Regular Season,2025,35,Anchorage,Vegas,340,73,0,1,2025_1021
Regular,Regular Season,2025,35,Tulsa,Vancouver,242.5,170.5,0,1,2025_1022
Regular,Regular Season,2025,35,Kentucky,Providence,309,104,0,1,2025_1023
Regular,Regular Season,2025,35,Lansing,Pittsburgh,217,196,0,1,2025_1024
Regular,Regular Season,2025,35,Providence,Nashville,315,98,0,1,2025_1025
Regular,Regular Season,2025,35,San Diego,Honolulu,83,330,1,1,2025_1026
Regular,Regular Season,2025,35,Anaheim,Seattle,207,206,0,1,2025_1027
Regular,Regular Season,2025,35,Manchester,Birmingham,212.5,200.5,0,1,2025_1028
Regular,Regular Season,2025,35,Seattle,El Paso,262.5,150.5,0,1,2025_1029
Regular,Regular Season,2025,35,St. Louis,San Jose,258,155,0,1,2025_1030
Regular,Regular Season,2025,35,Vegas,San Diego,125,288,1,1,2025_1031
Regular,Regular Season,2025,35,Cincinnati,Baltimore,304.5,108.5,0,1,2025_1032
Regular,Regular Season,2025,35,Little Rock,Tampa Bay,124,289,1,1,2025_1033
Regular,Regular Season,2025,35,Des Moines,Cincinnati,73,340,1,1,2025_1034
Regular,Regular Season,2025,35,Lincoln,Jacksonville,165,248,0,0,2025_1035
Regular,Regular Season,2025,35,El Paso,Honolulu,42,371,0,1,2025_1036
Regular,Regular Season,2025,35,Boise,Anchorage,46.5,366.5,1,1,2025_1037
Regular,Regular Season,2025,35,Albuquerque,Boise,145,268,0,1,2025_1038
Regular,Regular Season,2025,35,Nashville,Little Rock,218,195,1,1,2025_1039
Regular,Regular Season,2025,35,Baltimore,Buffalo,340,73,1,1,2025_1040
Regular,Regular Season,2025,35,Lincoln,Tulsa,217,196,0,1,2025_1041
Regular,Regular Season,2025,35,Austin,Anaheim,175,238,0,1,2025_1042
Regular,Regular Season,2025,35,Jacksonville,Des Moines,381.5,31.5,0,1,2025_1043
Regular,Regular Season,2025,35,Tampa Bay,Columbus,268,145,0,1,2025_1044
Regular,Regular Season,2025,35,Vancouver,St. Louis,216,197,0,1,2025_1045
Regular,Regular Season,2025,35,Birmingham,Columbus,145,268,0,1,2025_1046
Regular,Regular Season,2025,35,Albuquerque,Austin,280,133,1,1,2025_1047
Regular,Regular Season,2025,35,Pittsburgh,Manchester,330,83,1,1,2025_1048
Regular,Regular Season,2025,35,Kentucky,Lansing,104,309,1,1,2025_1049
Regular,Regular Season,2025,35,San Jose,Buffalo,227,186,0,0,2025_1050
Regular,Regular Season,2025,36,Seattle,Vancouver,83,330,1,1,2025_1051
Regular,Regular Season,2025,36,Nashville,Jacksonville,129.5,283.5,1,1,2025_1052
Regular,Regular Season,2025,36,Seattle,Boise,57.5,355.5,1,1,2025_1053
Regular,Regular Season,2025,36,Tulsa,Albuquerque,242.5,170.5,1,1,2025_1054
Regular,Regular Season,2025,36,Tampa Bay,Birmingham,361,52,1,1,2025_1055
Regular,Regular Season,2025,36,Anchorage,Anaheim,227,186,0,1,2025_1056
Regular,Regular Season,2025,36,Tampa Bay,Cincinnati,93,320,0,1,2025_1057
Regular,Regular Season,2025,36,Baltimore,Pittsburgh,252.5,160.5,1,1,2025_1058
Regular,Regular Season,2025,36,San Diego,Vancouver,73,340,0,1,2025_1059
Regular,Regular Season,2025,36,Nashville,Pittsburgh,52,361,0,1,2025_1060
Regular,Regular Season,2025,36,Baltimore,Little Rock,221.5,191.5,0,1,2025_1061
Regular,Regular Season,2025,36,Tulsa,Boise,186,227,0,1,2025_1062
Regular,Regular Season,2025,36,Austin,Lansing,114,299,0,0,2025_1063
Regular,Regular Season,2025,36,Lansing,Jacksonville,205.5,207.5,0,1,2025_1064
Regular,Regular Season,2025,36,St. Louis,Vegas,269,144,0,1,2025_1065
Regular,Regular Season,2025,36,Columbus,Buffalo,289,124,0,1,2025_1066
Regular,Regular Season,2025,36,San Jose,El Paso,221.5,191.5,0,1,2025_1067
Regular,Regular Season,2025,36,Des Moines,Kentucky,145,268,1,1,2025_1068
Regular,Regular Season,2025,36,Columbus,Little Rock,124,289,0,1,2025_1069
Regular,Regular Season,2025,36,Manchester,Providence,104,309,1,1,2025_1070
Regular,Regular Season,2025,36,Buffalo,Birmingham,247,166,0,1,2025_1071
Regular,Regular Season,2025,36,Austin,Lincoln,57.5,355.5,0,1,2025_1072
Regular,Regular Season,2025,36,Honolulu,Vegas,340.5,72.5,1,1,2025_1073
Regular,Regular Season,2025,36,Des Moines,Providence,145,268,0,1,2025_1074
Regular,Regular Season,2025,36,St. Louis,Anaheim,83,330,0,1,2025_1075
Regular,Regular Season,2025,36,Manchester,Cincinnati,73,340,0,1,2025_1076
Regular,Regular Season,2025,36,Anchorage,Lincoln,216.5,196.5,1,1,2025_1077
Regular,Regular Season,2025,36,Honolulu,San Jose,299,114,1,1,2025_1078
Regular,Regular Season,2025,36,Albuquerque,Kentucky,145,268,0,0,2025_1079
Regular,Regular Season,2025,36,San Diego,El Paso,155,258,0,1,2025_1080
Group Stage,In-Season Tournament,2025,9,Vancouver,Seattle,134,279,0,0,2025_1081
Group Stage,In-Season Tournament,2025,9,Buffalo,Providence,392,21,0,0,2025_1082
Group Stage,In-Season Tournament,2025,9,Pittsburgh,Little Rock,227,186,0,0,2025_1083
Group Stage,In-Season Tournament,2025,9,Vegas,San Jose,114,299,0,0,2025_1084
Group Stage,In-Season Tournament,2025,9,San Diego,Lincoln,83,330,0,0,2025_1085
Group Stage,In-Season Tournament,2025,9,Birmingham,Lansing,83,330,0,0,2025_1086
Group Stage,In-Season Tournament,2025,9,St. Louis,Boise,52,361,0,0,2025_1087
Group Stage,In-Season Tournament,2025,9,Columbus,Cincinnati,21,392,0,0,2025_1088
Group Stage,In-Season Tournament,2025,9,Austin,Anaheim,73,340,0,0,2025_1089
Group Stage,In-Season Tournament,2025,9,Nashville,Des Moines,242.5,170.5,0,0,2025_1090
Group Stage,In-Season Tournament,2025,9,Manchester,Baltimore,83,330,0,0,2025_1091
Group Stage,In-Season Tournament,2025,9,Albuquerque,El Paso,67.5,345.5,0,0,2025_1092
Group Stage,In-Season Tournament,2025,10,Kentucky,Baltimore,242.5,170.5,0,0,2025_1093
Group Stage,In-Season Tournament,2025,10,St. Louis,Vancouver,299,114,0,0,2025_1094
Group Stage,In-Season Tournament,2025,10,Austin,Vegas,72,341,0,0,2025_1095
Group Stage,In-Season Tournament,2025,10,Anchorage,El Paso,392,21,0,0,2025_1096
Group Stage,In-Season Tournament,2025,10,Tampa Bay,Des Moines,361,52,0,0,2025_1097
Group Stage,In-Season Tournament,2025,10,Tulsa,Seattle,289,124,0,0,2025_1098
Group Stage,In-Season Tournament,2025,10,San Diego,Albuquerque,361,52,0,0,2025_1099
Group Stage,In-Season Tournament,2025,10,Birmingham,Manchester,156,257,0,0,2025_1100
Group Stage,In-Season Tournament,2025,10,Buffalo,Nashville,83,330,0,0,2025_1101
Group Stage,In-Season Tournament,2025,10,Honolulu,San Jose,269,144,0,0,2025_1102
Group Stage,In-Season Tournament,2025,10,Jacksonville,Little Rock,196,217,0,0,2025_1103
Group Stage,In-Season Tournament,2025,10,Columbus,Pittsburgh,278,135,0,0,2025_1104
Group Stage,In-Season Tournament,2025,11,Lincoln,Albuquerque,361,52,0,0,2025_1105
Group Stage,In-Season Tournament,2025,11,Anaheim,Vegas,309,104,0,0,2025_1106
Group Stage,In-Season Tournament,2025,11,Providence,Nashville,145,268,0,0,2025_1107
Group Stage,In-Season Tournament,2025,11,Anchorage,San Diego,299,114,0,0,2025_1108
Group Stage,In-Season Tournament,2025,11,Boise,Vancouver,278,135,0,0,2025_1109
Group Stage,In-Season Tournament,2025,11,Honolulu,Austin,371,42,0,0,2025_1110
Group Stage,In-Season Tournament,2025,11,Tulsa,St. Louis,104,309,0,0,2025_1111
Group Stage,In-Season Tournament,2025,11,Tampa Bay,Buffalo,371,42,0,0,2025_1112
Group Stage,In-Season Tournament,2025,11,Cincinnati,Pittsburgh,330,83,0,0,2025_1113
Group Stage,In-Season Tournament,2025,11,Jacksonville,Columbus,208,205,0,0,2025_1114
Group Stage,In-Season Tournament,2025,11,Kentucky,Birmingham,289,124,0,0,2025_1115
Group Stage,In-Season Tournament,2025,11,Lansing,Manchester,361,52,0,0,2025_1116
Group Stage,In-Season Tournament,2025,12,Lincoln,Anchorage,217,196,0,0,2025_1117
Group Stage,In-Season Tournament,2025,12,Lansing,Kentucky,207,206,0,0,2025_1118
Group Stage,In-Season Tournament,2025,12,Des Moines,Buffalo,165,248,0,0,2025_1119
Group Stage,In-Season Tournament,2025,12,San Jose,Austin,289,124,0,0,2025_1120
Group Stage,In-Season Tournament,2025,12,Boise,Tulsa,62.5,350.5,0,0,2025_1121
Group Stage,In-Season Tournament,2025,12,Seattle,St. Louis,155,258,0,0,2025_1122
Group Stage,In-Season Tournament,2025,12,Anaheim,Honolulu,207,206,0,0,2025_1123
Group Stage,In-Season Tournament,2025,12,Cincinnati,Jacksonville,371,42,0,0,2025_1124
Group Stage,In-Season Tournament,2025,12,El Paso,San Diego,73,340,0,0,2025_1125
Group Stage,In-Season Tournament,2025,12,Little Rock,Columbus,361,52,0,0,2025_1126
Group Stage,In-Season Tournament,2025,12,Baltimore,Birmingham,330,83,0,0,2025_1127
Group Stage,In-Season Tournament,2025,12,Providence,Tampa Bay,83,330,0,0,2025_1128
Group Stage,In-Season Tournament,2025,13,Baltimore,Lansing,155,258,0,0,2025_1129
Group Stage,In-Season Tournament,2025,13,Little Rock,Cincinnati,83,330,0,0,2025_1130
Group Stage,In-Season Tournament,2025,13,Seattle,Boise,73,340,0,0,2025_1131
Group Stage,In-Season Tournament,2025,13,San Jose,Anaheim,83,330,0,0,2025_1132
Group Stage,In-Season Tournament,2025,13,Vegas,Honolulu,186,227,0,0,2025_1133
Group Stage,In-Season Tournament,2025,13,Albuquerque,Anchorage,21,392,0,0,2025_1134
Group Stage,In-Season Tournament,2025,13,Manchester,Kentucky,124,289,0,0,2025_1135
Group Stage,In-Season Tournament,2025,13,Des Moines,Providence,197,216,0,0,2025_1136
Group Stage,In-Season Tournament,2025,13,Pittsburgh,Jacksonville,268,145,0,0,2025_1137
Group Stage,In-Season Tournament,2025,13,El Paso,Lincoln,52,361,0,0,2025_1138
Group Stage,In-Season Tournament,2025,13,Nashville,Tampa Bay,93,320,0,0,2025_1139
Group Stage,In-Season Tournament,2025,13,Vancouver,Tulsa,73,340,0,0,2025_1140
IST Quarterfinals,In-Season Tournament,2025,14,Tulsa,Anaheim,71.5,341.5,0,0,2025_1141
IST Quarterfinals,In-Season Tournament,2025,14,Lansing,Tampa Bay,73,340,0,0,2025_1142
IST Quarterfinals,In-Season Tournament,2025,14,Anchorage,Lincoln,145,268,0,0,2025_1143
IST Quarterfinals,In-Season Tournament,2025,14,Kentucky,Cincinnati,186,227,0,0,2025_1144
IST Semifinals,In-Season Tournament,2025,15,Tampa Bay,Cincinnati,283.5,129.5,0,0,2025_1145
IST Semifinals,In-Season Tournament,2025,15,Anaheim,Lincoln,258,155,0,0,2025_1146
IST Championship,In-Season Tournament,2025,16,Tampa Bay,Anaheim,227,186,0,0,2025_1147
Play-In Round 1,Play-In,2025,37,Columbus,Des Moines,237,176,0,0,2025_1148
Play-In Round 1,Play-In,2025,37,Pittsburgh,Little Rock,247.5,165.5,0,0,2025_1149
Play-In Round 1,Play-In,2025,37,San Jose,Seattle,31.5,381.5,0,0,2025_1150
Play-In Round 1,Play-In,2025,37,Vancouver,Lincoln,155,258,0,0,2025_1151
Play-In Round 2,Play-In,2025,38,Columbus,Little Rock,176,237,0,0,2025_1152
Play-In Round 2,Play-In,2025,38,Seattle,Vancouver,314.5,98.5,0,0,2025_1153
Conference Quarterfinals,Playoffs,2025,39,Baltimore,Kentucky,278,135,0,0,2025_1154
Conference Quarterfinals,Playoffs,2025,39,Tulsa,St. Louis,222.5,190.5,0,0,2025_1155
Conference Quarterfinals,Playoffs,2025,39,Pittsburgh,Cincinnati,83,330,0,0,2025_1156
Conference Quarterfinals,Playoffs,2025,39,Boise,Anchorage,83,330,0,0,2025_1157
Conference Quarterfinals,Playoffs,2025,39,Seattle,Anaheim,103,310,0,0,2025_1158
Conference Quarterfinals,Playoffs,2025,39,Lincoln,Honolulu,144,269,0,0,2025_1159
Conference Quarterfinals,Playoffs,2025,39,Little Rock,Tampa Bay,129.5,283.5,0,0,2025_1160
Conference Quarterfinals,Playoffs,2025,39,Jacksonville,Lansing,42,371,0,0,2025_1161
Conference Semifinals,Playoffs,2025,40,Lansing,Tampa Bay,222.5,190.5,0,0,2025_1162
Conference Semifinals,Playoffs,2025,40,Anchorage,Anaheim,195,218,0,0,2025_1163
Conference Semifinals,Playoffs,2025,40,Baltimore,Cincinnati,155,258,0,0,2025_1164
Conference Semifinals,Playoffs,2025,40,Tulsa,Honolulu,21,392,0,0,2025_1165
Conference Finals,Playoffs,2025,41,Honolulu,Anaheim,361,52,0,0,2025_1166
Conference Finals,Playoffs,2025,41,Lansing,Cincinnati,129.5,283.5,0,0,2025_1167
SBCFBL Finals,Playoffs,2025,42,Honolulu,Cincinnati,114,299,0,0,2025_1168
Regular,Regular Season,2026,1,Jacksonville,Baltimore,197,216,0,1,2026_001
Regular,Regular Season,2026,1,Kentucky,Manchester,361,52,0,1,2026_002
Regular,Regular Season,2026,1,Seattle,San Jose,221.5,191.5,0,1,2026_003
Regular,Regular Season,2026,1,Albuquerque,Seattle,144,269,0,1,2026_004
Regular,Regular Season,2026,1,Kentucky,Pittsburgh,170.5,242.5,0,1,2026_005
Regular,Regular Season,2026,1,Nashville,Birmingham,72.5,340.5,1,1,2026_006
Regular,Regular Season,2026,1,Lincoln,Boise,135,278,1,1,2026_007
Regular,Regular Season,2026,1,Providence,Tampa Bay,392,21,0,1,2026_008
Regular,Regular Season,2026,1,Des Moines,Tulsa,248,165,0,0,2026_009
Regular,Regular Season,2026,1,Austin,Vancouver,104,309,0,1,2026_010
Regular,Regular Season,2026,1,Tampa Bay,San Diego,237,176,0,0,2026_011
Regular,Regular Season,2026,1,St. Louis,Honolulu,319.5,93.5,0,1,2026_012
Regular,Regular Season,2026,1,Lansing,Nashville,330,83,0,1,2026_013
Regular,Regular Season,2026,1,Lansing,Cincinnati,42,371,1,1,2026_014
Regular,Regular Season,2026,1,Vegas,El Paso,227,186,0,1,2026_015
Regular,Regular Season,2026,1,Albuquerque,Anaheim,31.5,381.5,0,1,2026_016
Regular,Regular Season,2026,1,Anaheim,Honolulu,279,134,1,1,2026_017
Regular,Regular Season,2026,1,Jacksonville,Providence,36.5,376.5,0,1,2026_018
Regular,Regular Season,2026,1,Pittsburgh,Columbus,320,93,0,1,2026_019
Regular,Regular Season,2026,1,Lincoln,St. Louis,145,268,0,1,2026_020
Regular,Regular Season,2026,1,Austin,Anchorage,258,155,0,1,2026_021
Regular,Regular Season,2026,1,Manchester,Buffalo,206.5,206.5,1,1,2026_022
Regular,Regular Season,2026,1,Anchorage,El Paso,211.5,201.5,0,1,2026_023
Regular,Regular Season,2026,1,Boise,San Diego,278,135,0,1,2026_024
Regular,Regular Season,2026,1,Tulsa,Vegas,329,84,0,1,2026_025
Regular,Regular Season,2026,1,Little Rock,Birmingham,278,135,1,1,2026_026
Regular,Regular Season,2026,1,Vancouver,San Jose,268,145,0,1,2026_027
Regular,Regular Season,2026,1,Cincinnati,Buffalo,340,73,0,1,2026_028
Regular,Regular Season,2026,1,Baltimore,Columbus,247,166,0,1,2026_029
Regular,Regular Season,2026,1,Des Moines,Little Rock,176,237,0,1,2026_030
Regular,Regular Season,2026,2,Seattle,Lincoln,304.5,108.5,1,1,2026_031
Regular,Regular Season,2026,2,St. Louis,Boise,93,320,0,1,2026_032
Regular,Regular Season,2026,2,Manchester,Lincoln,73,340,0,0,2026_033
Regular,Regular Season,2026,2,Nashville,Boise,52,361,0,0,2026_034
Regular,Regular Season,2026,2,Baltimore,Albuquerque,115,298,0,0,2026_035
Regular,Regular Season,2026,2,Tampa Bay,Pittsburgh,238,175,0,1,2026_036
Regular,Regular Season,2026,2,Tulsa,Austin,226,187,1,1,2026_037
Regular,Regular Season,2026,2,Buffalo,Kentucky,124,289,0,1,2026_038
Regular,Regular Season,2026,2,Honolulu,Vancouver,299,114,0,1,2026_039
Regular,Regular Season,2026,2,Anchorage,Vancouver,124,289,1,1,2026_040
Regular,Regular Season,2026,2,Columbus,Lansing,42,371,1,1,2026_041
Regular,Regular Season,2026,2,San Diego,Anaheim,73,340,1,1,2026_042
Regular,Regular Season,2026,2,San Jose,Vegas,124,289,1,1,2026_043
Regular,Regular Season,2026,2,Des Moines,Anaheim,164.5,248.5,0,0,2026_044
Regular,Regular Season,2026,2,Birmingham,El Paso,217,196,0,0,2026_045
Regular,Regular Season,2026,2,Columbus,Cincinnati,104,309,1,1,2026_046
Regular,Regular Season,2026,2,Manchester,Jacksonville,181.5,231.5,0,1,2026_047
Regular,Regular Season,2026,2,St. Louis,El Paso,202.5,210.5,1,1,2026_048
Regular,Regular Season,2026,2,Baltimore,Providence,115,298,1,1,2026_049
Regular,Regular Season,2026,2,Buffalo,Little Rock,176,237,0,1,2026_050
Regular,Regular Season,2026,2,Honolulu,Tulsa,320,93,0,1,2026_051
Regular,Regular Season,2026,2,Cincinnati,Pittsburgh,114,299,0,1,2026_052
Regular,Regular Season,2026,2,Des Moines,Lansing,104,309,1,1,2026_053
Regular,Regular Season,2026,2,Nashville,Kentucky,52,361,0,1,2026_054
Regular,Regular Season,2026,2,Little Rock,Providence,73,340,0,1,2026_055
Regular,Regular Season,2026,2,Tampa Bay,Austin,313.5,99.5,0,0,2026_056
Regular,Regular Season,2026,2,Anchorage,Albuquerque,73,340,0,1,2026_057
Regular,Regular Season,2026,2,Seattle,Vegas,361,52,0,1,2026_058
Regular,Regular Season,2026,2,San Diego,San Jose,289,124,1,1,2026_059
Regular,Regular Season,2026,2,Birmingham,Jacksonville,340,73,1,1,2026_060
Regular,Regular Season,2026,3,Birmingham,Des Moines,248,165,0,1,2026_061
Regular,Regular Season,2026,3,Kentucky,Jacksonville,268,145,0,1,2026_062
Regular,Regular Season,2026,3,Albuquerque,Lincoln,176,237,0,1,2026_063
Regular,Regular Season,2026,3,Albuquerque,Vancouver,191.5,221.5,0,1,2026_064
Regular,Regular Season,2026,3,Austin,Boise,145,268,0,1,2026_065
Regular,Regular Season,2026,3,Little Rock,Anchorage,361,52,0,0,2026_066
Regular,Regular Season,2026,3,Manchester,Little Rock,124,289,0,1,2026_067
Regular,Regular Season,2026,3,Tulsa,Boise,145,268,0,1,2026_068
Regular,Regular Season,2026,3,Jacksonville,Honolulu,114,299,0,0,2026_069
Regular,Regular Season,2026,3,Baltimore,Birmingham,166,247,0,1,2026_070
Regular,Regular Season,2026,3,San Diego,San Jose,268,145,1,1,2026_071
Regular,Regular Season,2026,3,Des Moines,Pittsburgh,62,351,0,1,2026_072
Regular,Regular Season,2026,3,Tampa Bay,Baltimore,247,166,0,1,2026_073
Regular,Regular Season,2026,3,Austin,Vegas,52,361,0,1,2026_074
Regular,Regular Season,2026,3,Providence,San Diego,221.5,191.5,0,0,2026_075
Regular,Regular Season,2026,3,Kentucky,San Jose,340,73,0,0,2026_076
Regular,Regular Season,2026,3,Columbus,Honolulu,160.5,252.5,0,0,2026_077
Regular,Regular Season,2026,3,Lansing,El Paso,134,279,0,0,2026_078
Regular,Regular Season,2026,3,Tulsa,Anaheim,114,299,0,1,2026_079
Regular,Regular Season,2026,3,Buffalo,Nashville,330,83,0,1,2026_080
Regular,Regular Season,2026,3,St. Louis,El Paso,283.5,129.5,1,1,2026_081
Regular,Regular Season,2026,3,Cincinnati,Seattle,124.5,288.5,0,0,2026_082
Regular,Regular Season,2026,3,Pittsburgh,St. Louis,114,299,0,0,2026_083
Regular,Regular Season,2026,3,Lincoln,Anaheim,165,248,0,1,2026_084
Regular,Regular Season,2026,3,Nashville,Cincinnati,52,361,0,1,2026_085
Regular,Regular Season,2026,3,Columbus,Manchester,273.5,139.5,0,1,2026_086
Regular,Regular Season,2026,3,Tampa Bay,Buffalo,248,165,0,1,2026_087
Regular,Regular Season,2026,3,Lansing,Providence,279,134,0,1,2026_088
Regular,Regular Season,2026,3,Anchorage,Vancouver,139.5,273.5,1,1,2026_089
Regular,Regular Season,2026,3,Seattle,Vegas,237,176,0,1,2026_090
Regular,Regular Season,2026,4,Nashville,Albuquerque,119.5,293.5,0,0,2026_091
Regular,Regular Season,2026,4,Baltimore,Cincinnati,104,309,0,1,2026_092
Regular,Regular Season,2026,4,San Jose,Boise,191.5,221.5,0,1,2026_093
Regular,Regular Season,2026,4,Honolulu,El Paso,278,135,0,1,2026_094
Regular,Regular Season,2026,4,St. Louis,Vancouver,361,52,0,1,2026_095
Regular,Regular Season,2026,4,Buffalo,Providence,371.5,41.5,1,1,2026_096
Regular,Regular Season,2026,4,Anchorage,Kentucky,52,361,0,0,2026_097
Regular,Regular Season,2026,4,Des Moines,Lincoln,179.5,233.5,0,0,2026_098
Regular,Regular Season,2026,4,Seattle,Lansing,299,114,0,0,2026_099
Regular,Regular Season,2026,4,Nashville,Providence,238,175,0,1,2026_100
Regular,Regular Season,2026,4,San Jose,Tulsa,299,114,0,1,2026_101
Regular,Regular Season,2026,4,Des Moines,Jacksonville,237,176,0,1,2026_102
Regular,Regular Season,2026,4,Anchorage,Boise,83,330,1,1,2026_103
Regular,Regular Season,2026,4,San Diego,Vegas,62.5,350.5,1,1,2026_104
Regular,Regular Season,2026,4,Columbus,Birmingham,268,145,0,1,2026_105
Regular,Regular Season,2026,4,Tampa Bay,Kentucky,176,237,0,1,2026_106
Regular,Regular Season,2026,4,San Diego,Albuquerque,98.5,314.5,0,1,2026_107
Regular,Regular Season,2026,4,Honolulu,Lincoln,278,135,0,1,2026_108
Regular,Regular Season,2026,4,Baltimore,Lansing,176,237,0,1,2026_109
Regular,Regular Season,2026,4,Tampa Bay,Little Rock,392,21,1,1,2026_110
Regular,Regular Season,2026,4,Little Rock,Cincinnati,21,392,0,1,2026_111
Regular,Regular Season,2026,4,Manchester,Pittsburgh,77.5,335.5,1,1,2026_112
Regular,Regular Season,2026,4,Vegas,Vancouver,299,114,0,1,2026_113
Regular,Regular Season,2026,4,Birmingham,Pittsburgh,176,237,0,1,2026_114
Regular,Regular Season,2026,4,Seattle,Anaheim,361,52,0,1,2026_115
Regular,Regular Season,2026,4,Columbus,Jacksonville,207,206,0,1,2026_116
Regular,Regular Season,2026,4,Tulsa,Buffalo,330,83,0,0,2026_117
Regular,Regular Season,2026,4,Manchester,Austin,197,216,0,0,2026_118
Regular,Regular Season,2026,4,St. Louis,Austin,330,83,1,1,2026_119
Regular,Regular Season,2026,4,El Paso,Anaheim,371.5,41.5,0,1,2026_120
Regular,Regular Season,2026,5,El Paso,Columbus,119.5,293.5,0,0,2026_121
Regular,Regular Season,2026,5,Tulsa,Anchorage,155,258,0,1,2026_122
Regular,Regular Season,2026,5,Honolulu,Baltimore,320,93,0,0,2026_123
Regular,Regular Season,2026,5,Des Moines,Vegas,299,114,0,0,2026_124
Regular,Regular Season,2026,5,Lansing,Kentucky,134,279,1,1,2026_125
Regular,Regular Season,2026,5,Vegas,Buffalo,176,237,0,0,2026_126
Regular,Regular Season,2026,5,Anaheim,Little Rock,340,73,0,0,2026_127
Regular,Regular Season,2026,5,Tampa Bay,Lincoln,355.5,57.5,0,0,2026_128
Regular,Regular Season,2026,5,Birmingham,Lansing,104,309,0,1,2026_129
Regular,Regular Season,2026,5,St. Louis,Honolulu,0,413,0,1,2026_130
Regular,Regular Season,2026,5,St. Louis,Nashville,361,52,0,0,2026_131
Regular,Regular Season,2026,5,Anchorage,El Paso,258,155,0,1,2026_132
Regular,Regular Season,2026,5,Columbus,Albuquerque,268,145,0,0,2026_133
Regular,Regular Season,2026,5,Boise,Cincinnati,124,289,0,0,2026_134
Regular,Regular Season,2026,5,Baltimore,Boise,145,268,0,0,2026_135
Regular,Regular Season,2026,5,Cincinnati,Jacksonville,361,52,0,1,2026_136
Regular,Regular Season,2026,5,Albuquerque,Providence,83,330,0,0,2026_137
Regular,Regular Season,2026,5,Pittsburgh,Providence,139.5,273.5,1,1,2026_138
Regular,Regular Season,2026,5,Buffalo,Austin,313.5,99.5,0,0,2026_139
Regular,Regular Season,2026,5,Manchester,Anaheim,108.5,304.5,0,0,2026_140
Regular,Regular Season,2026,5,Austin,Jacksonville,57.5,355.5,0,0,2026_141
Regular,Regular Season,2026,5,Lincoln,Pittsburgh,176,237,0,0,2026_142
Regular,Regular Season,2026,5,Seattle,Des Moines,361,52,0,0,2026_143
Regular,Regular Season,2026,5,Nashville,Vancouver,52,361,0,0,2026_144
Regular,Regular Season,2026,5,Seattle,San Jose,268,145,0,1,2026_145
Regular,Regular Season,2026,5,Little Rock,Kentucky,98.5,314.5,0,1,2026_146
Regular,Regular Season,2026,5,San Jose,Tampa Bay,73,340,0,0,2026_147
Regular,Regular Season,2026,5,San Diego,Tulsa,155,258,0,1,2026_148
Regular,Regular Season,2026,5,San Diego,Manchester,83,330,0,0,2026_149
Regular,Regular Season,2026,5,Vancouver,Birmingham,309,104,0,0,2026_150
Regular,Regular Season,2026,6,Birmingham,Austin,212,201,0,0,2026_151
Regular,Regular Season,2026,6,Cincinnati,Kentucky,299,114,1,1,2026_152
Regular,Regular Season,2026,6,Boise,San Jose,268,145,0,1,2026_153
Regular,Regular Season,2026,6,Lincoln,Honolulu,145,268,0,1,2026_154
Regular,Regular Season,2026,6,Birmingham,Columbus,114,299,0,1,2026_155
Regular,Regular Season,2026,6,Tulsa,Providence,160.5,252.5,0,0,2026_156
Regular,Regular Season,2026,6,Anaheim,El Paso,309,104,0,1,2026_157
Regular,Regular Season,2026,6,Little Rock,Tampa Bay,83,330,1,1,2026_158
Regular,Regular Season,2026,6,Des Moines,El Paso,299,114,0,0,2026_159
Regular,Regular Season,2026,6,Austin,St. Louis,104,309,1,1,2026_160
Regular,Regular Season,2026,6,Pittsburgh,Manchester,392,21,1,1,2026_161
Regular,Regular Season,2026,6,Cincinnati,Baltimore,392,21,0,1,2026_162
Regular,Regular Season,2026,6,Seattle,Honolulu,181.5,231.5,0,1,2026_163
Regular,Regular Season,2026,6,Manchester,Vancouver,21,392,0,0,2026_164
Regular,Regular Season,2026,6,Kentucky,Anchorage,187,226,0,0,2026_165
Regular,Regular Season,2026,6,Tampa Bay,Boise,93,320,0,0,2026_166
Regular,Regular Season,2026,6,Albuquerque,San Diego,330,83,0,1,2026_167
Regular,Regular Season,2026,6,Vancouver,Vegas,278.5,134.5,0,1,2026_168
Regular,Regular Season,2026,6,Nashville,Vegas,73,340,0,0,2026_169
Regular,Regular Season,2026,6,Providence,Nashville,268,145,0,1,2026_170
Regular,Regular Season,2026,6,Buffalo,Albuquerque,191.5,221.5,0,0,2026_171
Regular,Regular Season,2026,6,Columbus,Lincoln,93,320,0,0,2026_172
Regular,Regular Season,2026,6,Lansing,Seattle,118.5,294.5,0,0,2026_173
Regular,Regular Season,2026,6,Anchorage,San Jose,282.5,130.5,0,1,2026_174
Regular,Regular Season,2026,6,St. Louis,San Diego,361,52,0,1,2026_175
Regular,Regular Season,2026,6,Pittsburgh,Jacksonville,304.5,108.5,0,1,2026_176
Regular,Regular Season,2026,6,Little Rock,Lansing,114,299,0,1,2026_177
Regular,Regular Season,2026,6,Baltimore,Anaheim,42,371,0,0,2026_178
Regular,Regular Season,2026,6,Buffalo,Tulsa,212.5,200.5,0,0,2026_179
Regular,Regular Season,2026,6,Jacksonville,Des Moines,145,268,0,1,2026_180
Regular,Regular Season,2026,7,Birmingham,Honolulu,98.5,314.5,0,0,2026_181
Regular,Regular Season,2026,7,Kentucky,Boise,83,330,0,0,2026_182
Regular,Regular Season,2026,7,Columbus,San Jose,119,294,0,0,2026_183
Regular,Regular Season,2026,7,Nashville,Seattle,52,361,0,0,2026_184
Regular,Regular Season,2026,7,Baltimore,San Diego,392,21,0,0,2026_185
Regular,Regular Season,2026,7,Jacksonville,Anaheim,108.5,304.5,0,0,2026_186
Regular,Regular Season,2026,7,Pittsburgh,Boise,134.5,278.5,0,0,2026_187
Regular,Regular Season,2026,7,Baltimore,Anchorage,160.5,252.5,0,0,2026_188
Regular,Regular Season,2026,7,Buffalo,San Diego,392,21,0,0,2026_189
Regular,Regular Season,2026,7,Columbus,St. Louis,145,268,0,0,2026_190
Regular,Regular Season,2026,7,Lansing,Lincoln,221.5,191.5,0,0,2026_191
Regular,Regular Season,2026,7,Buffalo,El Paso,299,114,0,0,2026_192
Regular,Regular Season,2026,7,Little Rock,San Jose,267.5,145.5,0,0,2026_193
Regular,Regular Season,2026,7,Birmingham,Vegas,73,340,0,0,2026_194
Regular,Regular Season,2026,7,Tampa Bay,Honolulu,346,67,0,0,2026_195
Regular,Regular Season,2026,7,Austin,Albuquerque,73,340,1,1,2026_196
Regular,Regular Season,2026,7,Tampa Bay,Seattle,309,104,0,0,2026_197
Regular,Regular Season,2026,7,Little Rock,Vancouver,108.5,304.5,0,0,2026_198
Regular,Regular Season,2026,7,Nashville,Tulsa,145,268,0,0,2026_199
Regular,Regular Season,2026,7,Manchester,Des Moines,166,247,0,1,2026_200
Regular,Regular Season,2026,7,Cincinnati,Anaheim,190.5,222.5,0,0,2026_201
Regular,Regular Season,2026,7,Providence,Vancouver,103,310,0,0,2026_202
Regular,Regular Season,2026,7,Providence,Lincoln,330,83,0,0,2026_203
Regular,Regular Season,2026,7,Des Moines,Anchorage,73,340,0,0,2026_204
Regular,Regular Season,2026,7,Kentucky,Austin,340,73,0,0,2026_205
Regular,Regular Season,2026,7,Jacksonville,Albuquerque,201.5,211.5,0,0,2026_206
Regular,Regular Season,2026,7,Cincinnati,El Paso,268,145,0,0,2026_207
Regular,Regular Season,2026,7,Pittsburgh,Vegas,258,155,0,0,2026_208
Regular,Regular Season,2026,7,Tulsa,Lansing,93,320,0,0,2026_209
Regular,Regular Season,2026,7,Manchester,St. Louis,83,330,0,0,2026_210
Regular,Regular Season,2026,8,Albuquerque,Columbus,335.5,77.5,0,0,2026_211
Regular,Regular Season,2026,8,Lansing,Birmingham,330,83,0,1,2026_212
Regular,Regular Season,2026,8,Seattle,Baltimore,154,259,0,0,2026_213
Regular,Regular Season,2026,8,Austin,Buffalo,57.5,355.5,0,0,2026_214
Regular,Regular Season,2026,8,St. Louis,Tampa Bay,268,145,0,0,2026_215
Regular,Regular Season,2026,8,Boise,Jacksonville,237,176,0,0,2026_216
Regular,Regular Season,2026,8,Anaheim,Manchester,247,166,0,0,2026_217
Regular,Regular Season,2026,8,San Jose,Seattle,103,310,0,1,2026_218
Regular,Regular Season,2026,8,El Paso,Little Rock,73,340,0,0,2026_219
Regular,Regular Season,2026,8,Anaheim,Providence,124,289,0,0,2026_220
Regular,Regular Season,2026,8,Lincoln,Kentucky,62,351,0,0,2026_221
Regular,Regular Season,2026,8,San Diego,Columbus,155,258,0,0,2026_222
Regular,Regular Season,2026,8,Tulsa,San Diego,263,150,0,1,2026_223
Regular,Regular Season,2026,8,Vancouver,Pittsburgh,42,371,0,0,2026_224
Regular,Regular Season,2026,8,Austin,Tulsa,294.5,118.5,1,1,2026_225
Regular,Regular Season,2026,8,Vegas,Cincinnati,165,248,0,0,2026_226
Regular,Regular Season,2026,8,Albuquerque,Lansing,73,340,0,0,2026_227
Regular,Regular Season,2026,8,Providence,Pittsburgh,195.5,217.5,1,1,2026_228
Regular,Regular Season,2026,8,Honolulu,St. Louis,170.5,242.5,0,1,2026_229
Regular,Regular Season,2026,8,Honolulu,Buffalo,340,73,0,0,2026_230
Regular,Regular Season,2026,8,Vegas,Des Moines,134,279,0,0,2026_231
Regular,Regular Season,2026,8,El Paso,Anchorage,73,340,0,1,2026_232
Regular,Regular Season,2026,8,Jacksonville,Cincinnati,201.5,211.5,0,1,2026_233
Regular,Regular Season,2026,8,Lincoln,Tampa Bay,67.5,345.5,0,0,2026_234
Regular,Regular Season,2026,8,Des Moines,Nashville,289,124,0,1,2026_235
Regular,Regular Season,2026,8,Boise,Baltimore,262.5,150.5,0,0,2026_236
Regular,Regular Season,2026,8,Anchorage,Manchester,216,197,0,0,2026_237
Regular,Regular Season,2026,8,San Jose,Birmingham,247,166,0,0,2026_238
Regular,Regular Season,2026,8,Vancouver,Nashville,258,155,0,0,2026_239
Regular,Regular Season,2026,8,Kentucky,Little Rock,289,124,0,1,2026_240
Regular,Regular Season,2026,9,Little Rock,Anaheim,114,299,0,0,2026_241
Regular,Regular Season,2026,9,Jacksonville,Austin,217,196,0,0,2026_242
Regular,Regular Season,2026,9,Des Moines,Seattle,227,186,0,0,2026_243
Regular,Regular Season,2026,9,Buffalo,Vegas,186,227,0,0,2026_244
Regular,Regular Season,2026,9,Lincoln,St. Louis,135,278,0,1,2026_245
Regular,Regular Season,2026,9,Kentucky,Nashville,361,52,0,1,2026_246
Regular,Regular Season,2026,9,Birmingham,Tulsa,114,299,0,0,2026_247
Regular,Regular Season,2026,9,Providence,Albuquerque,361,52,0,0,2026_248
Regular,Regular Season,2026,9,Austin,Anchorage,104,309,0,1,2026_249
Regular,Regular Season,2026,9,Pittsburgh,Tampa Bay,237.5,175.5,0,1,2026_250
Regular,Regular Season,2026,9,Vegas,El Paso,330,83,0,1,2026_251
Regular,Regular Season,2026,9,Boise,San Diego,320,93,0,1,2026_252
Regular,Regular Season,2026,9,Lansing,Des Moines,278,135,1,1,2026_253
Regular,Regular Season,2026,9,Cincinnati,Columbus,315,98,1,1,2026_254
Regular,Regular Season,2026,9,Anaheim,Honolulu,125,288,1,1,2026_255
Regular,Regular Season,2026,9,Albuquerque,Seattle,103.5,309.5,0,1,2026_256
Regular,Regular Season,2026,9,Vancouver,San Jose,330,83,0,1,2026_257
Regular,Regular Season,2026,9,Pittsburgh,Lincoln,216.5,196.5,0,0,2026_258
Regular,Regular Season,2026,9,Tampa Bay,San Jose,330,83,0,0,2026_259
Regular,Regular Season,2026,9,Birmingham,Vancouver,166,247,0,0,2026_260
Regular,Regular Season,2026,9,Manchester,San Diego,330,83,0,0,2026_261
Regular,Regular Season,2026,9,Cincinnati,Boise,237,176,0,0,2026_262
Regular,Regular Season,2026,9,Baltimore,Honolulu,73,340,0,0,2026_263
Regular,Regular Season,2026,9,Kentucky,Lansing,124,289,1,1,2026_264
Regular,Regular Season,2026,9,Anchorage,Tulsa,392,21,0,1,2026_265
Regular,Regular Season,2026,9,Jacksonville,Manchester,253.5,159.5,0,1,2026_266
Regular,Regular Season,2026,9,Providence,Baltimore,237,176,1,1,2026_267
Regular,Regular Season,2026,9,Little Rock,Buffalo,186,227,0,1,2026_268
Regular,Regular Season,2026,9,Nashville,St. Louis,52,361,0,0,2026_269
Regular,Regular Season,2026,9,Columbus,El Paso,252.5,160.5,0,0,2026_270
Regular,Regular Season,2026,10,Vancouver,Buffalo,289,124,0,0,2026_271
Regular,Regular Season,2026,10,St. Louis,Des Moines,268,145,0,0,2026_272
Regular,Regular Season,2026,10,Seattle,Anchorage,196,217,1,1,2026_273
Regular,Regular Season,2026,10,Boise,Kentucky,144,269,0,0,2026_274
Regular,Regular Season,2026,10,Anchorage,Baltimore,310,103,0,0,2026_275
Regular,Regular Season,2026,10,Lincoln,Cincinnati,135,278,0,0,2026_276
Regular,Regular Season,2026,10,Honolulu,Manchester,361,52,0,0,2026_277
Regular,Regular Season,2026,10,Albuquerque,Austin,335,78,1,1,2026_278
Regular,Regular Season,2026,10,St. Louis,Columbus,330,83,0,0,2026_279
Regular,Regular Season,2026,10,Anaheim,Birmingham,299,114,0,0,2026_280
Regular,Regular Season,2026,10,Lincoln,Lansing,289,124,0,0,2026_281
Regular,Regular Season,2026,10,Austin,Providence,191.5,221.5,0,0,2026_282
Regular,Regular Season,2026,10,San Diego,Nashville,165,248,0,0,2026_283
Regular,Regular Season,2026,10,Honolulu,Birmingham,309,104,0,0,2026_284
Regular,Regular Season,2026,10,Anaheim,Jacksonville,175,238,0,0,2026_285
Regular,Regular Season,2026,10,San Jose,Baltimore,201.5,211.5,0,0,2026_286
Regular,Regular Season,2026,10,San Diego,Buffalo,72.5,340.5,0,0,2026_287
Regular,Regular Season,2026,10,Vegas,Columbus,283.5,129.5,0,0,2026_288
Regular,Regular Season,2026,10,Des Moines,Manchester,242.5,170.5,0,1,2026_289
Regular,Regular Season,2026,10,El Paso,Tampa Bay,52,361,0,0,2026_290
Regular,Regular Season,2026,10,Kentucky,Tulsa,413,0,0,0,2026_291
Regular,Regular Season,2026,10,Boise,Little Rock,268,145,0,0,2026_292
Regular,Regular Season,2026,10,Tulsa,Nashville,268,145,0,0,2026_293
Regular,Regular Season,2026,10,El Paso,Cincinnati,21,392,0,0,2026_294
Regular,Regular Season,2026,10,Seattle,Tampa Bay,237,176,0,0,2026_295
Regular,Regular Season,2026,10,Vancouver,Providence,361,52,0,0,2026_296
Regular,Regular Season,2026,10,Lansing,Jacksonville,67.5,345.5,0,1,2026_297
Regular,Regular Season,2026,10,Vegas,Pittsburgh,83,330,0,0,2026_298
Regular,Regular Season,2026,10,Albuquerque,Pittsburgh,124,289,0,0,2026_299
Regular,Regular Season,2026,10,San Jose,Little Rock,227,186,0,0,2026_300
Regular,Regular Season,2026,11,Columbus,Vancouver,145,268,0,0,2026_301
Regular,Regular Season,2026,11,Jacksonville,Birmingham,114,299,1,1,2026_302
Regular,Regular Season,2026,11,Providence,Lansing,279,134,0,1,2026_303
Regular,Regular Season,2026,11,El Paso,St. Louis,21,392,1,1,2026_304
Regular,Regular Season,2026,11,Lansing,Columbus,237,176,1,1,2026_305
Regular,Regular Season,2026,11,Des Moines,San Diego,392,21,0,0,2026_306
Regular,Regular Season,2026,11,Anaheim,Des Moines,187,226,0,0,2026_307
Regular,Regular Season,2026,11,Providence,Little Rock,237,176,0,1,2026_308
Regular,Regular Season,2026,11,Pittsburgh,Cincinnati,227,186,0,1,2026_309
Regular,Regular Season,2026,11,Austin,Tampa Bay,73,340,0,0,2026_310
Regular,Regular Season,2026,11,Seattle,Tulsa,108.5,304.5,0,1,2026_311
Regular,Regular Season,2026,11,Manchester,San Jose,145,268,0,0,2026_312
Regular,Regular Season,2026,11,San Jose,San Diego,392,21,1,1,2026_313
Regular,Regular Season,2026,11,Tampa Bay,Vegas,330,83,0,0,2026_314
Regular,Regular Season,2026,11,Pittsburgh,Austin,268,145,0,0,2026_315
Regular,Regular Season,2026,11,Anchorage,St. Louis,114,299,0,1,2026_316
Regular,Regular Season,2026,11,Nashville,Honolulu,42,371,0,0,2026_317
Regular,Regular Season,2026,11,Buffalo,Anaheim,252.5,160.5,0,0,2026_318
Regular,Regular Season,2026,11,Jacksonville,Kentucky,180.5,232.5,0,1,2026_319
Regular,Regular Season,2026,11,Lincoln,Manchester,237,176,0,0,2026_320
Regular,Regular Season,2026,11,Kentucky,Buffalo,166,247,0,1,2026_321
Regular,Regular Season,2026,11,Vancouver,Anchorage,310,103,1,1,2026_322
Regular,Regular Season,2026,11,Little Rock,Lincoln,186,227,0,0,2026_323
Regular,Regular Season,2026,11,Vegas,Seattle,340.5,72.5,0,1,2026_324
Regular,Regular Season,2026,11,Baltimore,El Paso,392,21,0,0,2026_325
Regular,Regular Season,2026,11,Albuquerque,Baltimore,210.5,202.5,0,0,2026_326
Regular,Regular Season,2026,11,Tulsa,Honolulu,31,382,0,1,2026_327
Regular,Regular Season,2026,11,Cincinnati,Albuquerque,320,93,0,0,2026_328
Regular,Regular Season,2026,11,Birmingham,Boise,176,237,0,0,2026_329
Regular,Regular Season,2026,11,Boise,Nashville,268,145,0,0,2026_330
Regular,Regular Season,2026,12,Boise,Birmingham,392,21,0,0,2026_331
Regular,Regular Season,2026,12,Buffalo,Lansing,155,258,0,1,2026_332
Regular,Regular Season,2026,12,San Jose,Austin,221.5,191.5,0,1,2026_333
Regular,Regular Season,2026,12,Vegas,Tampa Bay,93,320,0,0,2026_334
Regular,Regular Season,2026,12,San Jose,Manchester,175.5,237.5,0,0,2026_335
Regular,Regular Season,2026,12,San Diego,Anchorage,21,392,0,1,2026_336
Regular,Regular Season,2026,12,Honolulu,Tulsa,309.5,103.5,0,1,2026_337
Regular,Regular Season,2026,12,Kentucky,Jacksonville,330,83,0,1,2026_338
Regular,Regular Season,2026,12,St. Louis,Seattle,320,93,0,1,2026_339
Regular,Regular Season,2026,12,Lincoln,Little Rock,330,83,0,0,2026_340
Regular,Regular Season,2026,12,El Paso,Baltimore,52,361,0,0,2026_341
Regular,Regular Season,2026,12,Columbus,Des Moines,176,237,1,1,2026_342
Regular,Regular Season,2026,12,Baltimore,Manchester,231.5,181.5,1,1,2026_343
Regular,Regular Season,2026,12,San Diego,Des Moines,67.5,345.5,0,0,2026_344
Regular,Regular Season,2026,12,Birmingham,Kentucky,52,361,0,1,2026_345
Regular,Regular Season,2026,12,Vancouver,Boise,166,247,1,1,2026_346
Regular,Regular Season,2026,12,Vegas,Lincoln,259,154,0,1,2026_347
Regular,Regular Season,2026,12,St. Louis,Anchorage,320,93,0,1,2026_348
Regular,Regular Season,2026,12,Anaheim,Buffalo,258,155,0,0,2026_349
Regular,Regular Season,2026,12,Tampa Bay,Nashville,340,73,1,1,2026_350
Regular,Regular Season,2026,12,Albuquerque,Cincinnati,124,289,0,0,2026_351
Regular,Regular Season,2026,12,Austin,Pittsburgh,124,289,0,0,2026_352
Regular,Regular Season,2026,12,Cincinnati,Providence,176,237,0,1,2026_353
Regular,Regular Season,2026,12,El Paso,Albuquerque,83,330,1,1,2026_354
Regular,Regular Season,2026,12,Lansing,Providence,186,227,0,1,2026_355
Regular,Regular Season,2026,12,Vancouver,Columbus,258,155,0,0,2026_356
Regular,Regular Season,2026,12,Pittsburgh,Anaheim,299,114,0,0,2026_357
Regular,Regular Season,2026,12,Tulsa,Seattle,129.5,283.5,0,1,2026_358
Regular,Regular Season,2026,12,Honolulu,Nashville,309,104,0,0,2026_359
Regular,Regular Season,2026,12,Little Rock,Jacksonville,52,361,1,1,2026_360
Regular,Regular Season,2026,13,El Paso,Vancouver,21,392,0,1,2026_361
Regular,Regular Season,2026,13,Lincoln,El Paso,361,52,0,1,2026_362
Regular,Regular Season,2026,13,Anchorage,St. Louis,207,206,0,1,2026_363
Regular,Regular Season,2026,13,Anaheim,Vancouver,237,176,0,1,2026_364
Regular,Regular Season,2026,13,Manchester,Lansing,83,330,0,1,2026_365
Regular,Regular Season,2026,13,Manchester,Seattle,207,206,0,0,2026_366
Regular,Regular Season,2026,13,Anchorage,Tulsa,361,52,0,1,2026_367
Regular,Regular Season,2026,13,San Diego,Lincoln,52,361,0,1,2026_368
Regular,Regular Season,2026,13,Pittsburgh,Cincinnati,231.5,181.5,0,1,2026_369
Regular,Regular Season,2026,13,San Jose,Anaheim,52,361,1,1,2026_370
Regular,Regular Season,2026,13,Nashville,Des Moines,119.5,293.5,0,1,2026_371
Regular,Regular Season,2026,13,Tulsa,San Diego,361,52,0,1,2026_372
Regular,Regular Season,2026,13,Jacksonville,Birmingham,237,176,1,1,2026_373
Regular,Regular Season,2026,13,Seattle,Austin,195,218,0,1,2026_374
Regular,Regular Season,2026,13,Honolulu,Boise,382,31,0,1,2026_375
Regular,Regular Season,2026,13,Kentucky,Buffalo,247,166,0,1,2026_376
Regular,Regular Season,2026,13,Providence,Little Rock,345.5,67.5,0,1,2026_377
Regular,Regular Season,2026,13,Buffalo,Pittsburgh,176,237,1,1,2026_378
Regular,Regular Season,2026,13,St. Louis,Albuquerque,237,176,1,1,2026_379
Regular,Regular Season,2026,13,Boise,Vegas,124,289,0,1,2026_380
Regular,Regular Season,2026,13,Lansing,Columbus,299,114,1,1,2026_381
Regular,Regular Season,2026,13,Austin,Honolulu,52,361,0,1,2026_382
Regular,Regular Season,2026,13,Baltimore,Kentucky,114,299,0,1,2026_383
Regular,Regular Season,2026,13,Birmingham,Cincinnati,134,279,0,1,2026_384
Regular,Regular Season,2026,13,Albuquerque,San Jose,248,165,0,1,2026_385
Regular,Regular Season,2026,13,Tampa Bay,Jacksonville,289,124,1,1,2026_386
Regular,Regular Season,2026,13,Columbus,Providence,98.5,314.5,0,1,2026_387
Regular,Regular Season,2026,13,Nashville,Baltimore,93.5,319.5,0,1,2026_388
Regular,Regular Season,2026,13,Little Rock,Vegas,114,299,0,0,2026_389
Regular,Regular Season,2026,13,Des Moines,Tampa Bay,31,382,0,1,2026_390
Regular,Regular Season,2026,14,Manchester,Buffalo,222.5,190.5,1,1,2026_391
Regular,Regular Season,2026,14,Tulsa,Little Rock,52,361,0,0,2026_392
Regular,Regular Season,2026,14,St. Louis,Providence,207,206,0,0,2026_393
Regular,Regular Season,2026,14,Buffalo,Pittsburgh,0,413,1,1,2026_394
Regular,Regular Season,2026,14,Anchorage,Cincinnati,257,156,0,0,2026_395
Regular,Regular Season,2026,14,San Jose,El Paso,330,83,0,1,2026_396
Regular,Regular Season,2026,14,San Diego,Jacksonville,21,392,0,0,2026_397
Regular,Regular Season,2026,14,Baltimore,Columbus,98.5,314.5,0,1,2026_398
Regular,Regular Season,2026,14,Vegas,Albuquerque,253.5,159.5,0,1,2026_399
Regular,Regular Season,2026,14,Anchorage,Lincoln,268,145,1,1,2026_400
Regular,Regular Season,2026,14,Nashville,Birmingham,145,268,1,1,2026_401
Regular,Regular Season,2026,14,Des Moines,Albuquerque,320,93,0,0,2026_402
Regular,Regular Season,2026,14,Seattle,Pittsburgh,73,340,0,0,2026_403
Regular,Regular Season,2026,14,Birmingham,Cincinnati,67.5,345.5,0,1,2026_404
Regular,Regular Season,2026,14,Columbus,Providence,83,330,0,1,2026_405
Regular,Regular Season,2026,14,Anaheim,Boise,145,268,0,1,2026_406
Regular,Regular Season,2026,14,San Diego,Vancouver,52,361,0,1,2026_407
Regular,Regular Season,2026,14,Manchester,Lansing,125,288,0,1,2026_408
Regular,Regular Season,2026,14,El Paso,Austin,88,325,1,1,2026_409
Regular,Regular Season,2026,14,St. Louis,Anaheim,171,242,0,1,2026_410
Regular,Regular Season,2026,14,Honolulu,Kentucky,268,145,0,0,2026_411
Regular,Regular Season,2026,14,Nashville,Austin,93,320,0,0,2026_412
Regular,Regular Season,2026,14,Seattle,Boise,114,299,1,1,2026_413
Regular,Regular Season,2026,14,Vancouver,Lincoln,268,145,1,1,2026_414
Regular,Regular Season,2026,14,Tulsa,Tampa Bay,21,392,0,0,2026_415
Regular,Regular Season,2026,14,Baltimore,Kentucky,52,361,0,1,2026_416
Regular,Regular Season,2026,14,Tampa Bay,Jacksonville,345.5,67.5,1,1,2026_417
Regular,Regular Season,2026,14,San Jose,Lansing,170.5,242.5,0,0,2026_418
Regular,Regular Season,2026,14,Honolulu,Vegas,299,114,1,1,2026_419
Regular,Regular Season,2026,14,Des Moines,Little Rock,330,83,0,1,2026_420
Regular,Regular Season,2026,15,El Paso,Jacksonville,145,268,0,0,2026_421
Regular,Regular Season,2026,15,Anchorage,Buffalo,278,135,0,0,2026_422
Regular,Regular Season,2026,15,Lincoln,Seattle,196,217,1,1,2026_423
Regular,Regular Season,2026,15,Manchester,Baltimore,145,268,1,1,2026_424
Regular,Regular Season,2026,15,Des Moines,Columbus,21,392,1,1,2026_425
Regular,Regular Season,2026,15,Lansing,Nashville,309,104,0,1,2026_426
Regular,Regular Season,2026,15,Albuquerque,Anchorage,226,187,0,1,2026_427
Regular,Regular Season,2026,15,Austin,Des Moines,150,263,0,0,2026_428
Regular,Regular Season,2026,15,Seattle,Birmingham,263.5,149.5,0,0,2026_429
Regular,Regular Season,2026,15,Boise,St. Louis,72.5,340.5,0,1,2026_430
Regular,Regular Season,2026,15,San Diego,Cincinnati,145,268,0,0,2026_431
Regular,Regular Season,2026,15,Providence,Tampa Bay,187,226,0,1,2026_432
Regular,Regular Season,2026,15,San Jose,Providence,231.5,181.5,0,0,2026_433
Regular,Regular Season,2026,15,Vegas,Kentucky,232.5,180.5,0,0,2026_434
Regular,Regular Season,2026,15,Boise,Albuquerque,237,176,0,1,2026_435
Regular,Regular Season,2026,15,Lincoln,Tulsa,392,21,0,1,2026_436
Regular,Regular Season,2026,15,Honolulu,Pittsburgh,310,103,0,0,2026_437
Regular,Regular Season,2026,15,Cincinnati,Buffalo,309,104,0,1,2026_438
Regular,Regular Season,2026,15,Tulsa,El Paso,21,392,1,1,2026_439
Regular,Regular Season,2026,15,Little Rock,Birmingham,98.5,314.5,1,1,2026_440
Regular,Regular Season,2026,15,Anaheim,Austin,392,21,0,1,2026_441
Regular,Regular Season,2026,15,Vegas,San Jose,211.5,201.5,1,1,2026_442
Regular,Regular Season,2026,15,Jacksonville,Baltimore,62,351,0,1,2026_443
Regular,Regular Season,2026,15,Vancouver,Honolulu,206,207,0,1,2026_444
Regular,Regular Season,2026,15,Kentucky,Manchester,196,217,0,1,2026_445
Regular,Regular Season,2026,15,Vancouver,Lansing,237.5,175.5,0,0,2026_446
Regular,Regular Season,2026,15,Pittsburgh,Columbus,190.5,222.5,0,1,2026_447
Regular,Regular Season,2026,15,Nashville,Tampa Bay,104,309,1,1,2026_448
Regular,Regular Season,2026,15,Anaheim,San Diego,268,145,1,1,2026_449
Regular,Regular Season,2026,15,St. Louis,Little Rock,392,21,0,0,2026_450
Regular,Regular Season,2026,16,Providence,Buffalo,299,114,1,1,2026_451
Regular,Regular Season,2026,16,Lincoln,Honolulu,135,278,0,1,2026_452
Regular,Regular Season,2026,16,Tulsa,Seattle,52,361,0,1,2026_453
Regular,Regular Season,2026,16,Jacksonville,Columbus,165,248,0,1,2026_454
Regular,Regular Season,2026,16,Austin,El Paso,361,52,1,1,2026_455
Regular,Regular Season,2026,16,Anaheim,El Paso,376.5,36.5,0,1,2026_456
Regular,Regular Season,2026,16,Lincoln,Vancouver,150.5,262.5,1,1,2026_457
Regular,Regular Season,2026,16,Lansing,Baltimore,299,114,0,1,2026_458
Regular,Regular Season,2026,16,Buffalo,Manchester,94,319,1,1,2026_459
Regular,Regular Season,2026,16,Pittsburgh,Birmingham,320,93,0,1,2026_460
Regular,Regular Season,2026,16,Little Rock,Des Moines,232.5,180.5,0,1,2026_461
Regular,Regular Season,2026,16,Cincinnati,Little Rock,361,52,0,1,2026_462
Regular,Regular Season,2026,16,Des Moines,Manchester,21,392,0,1,2026_463
Regular,Regular Season,2026,16,Pittsburgh,Seattle,345.5,67.5,0,0,2026_464
Regular,Regular Season,2026,16,Tampa Bay,Tulsa,361,52,0,0,2026_465
Regular,Regular Season,2026,16,Vancouver,Vegas,299,114,0,1,2026_466
Regular,Regular Season,2026,16,Nashville,Anchorage,139.5,273.5,0,0,2026_467
Regular,Regular Season,2026,16,Kentucky,Tampa Bay,119.5,293.5,0,1,2026_468
Regular,Regular Season,2026,16,Albuquerque,Vegas,268,145,0,1,2026_469
Regular,Regular Season,2026,16,Cincinnati,Anchorage,221.5,191.5,0,0,2026_470
Regular,Regular Season,2026,16,Providence,St. Louis,237,176,0,0,2026_471
Regular,Regular Season,2026,16,Albuquerque,San Diego,330,83,0,1,2026_472
Regular,Regular Season,2026,16,Lansing,San Jose,304.5,108.5,0,0,2026_473
Regular,Regular Season,2026,16,Austin,St. Louis,155,258,1,1,2026_474
Regular,Regular Season,2026,16,Jacksonville,San Diego,361,52,0,0,2026_475
Regular,Regular Season,2026,16,Columbus,Baltimore,242.5,170.5,0,1,2026_476
Regular,Regular Season,2026,16,Birmingham,Nashville,191.5,221.5,1,1,2026_477
Regular,Regular Season,2026,16,Boise,San Jose,361,52,0,1,2026_478
Regular,Regular Season,2026,16,Kentucky,Honolulu,268,145,0,0,2026_479
Regular,Regular Season,2026,16,Boise,Anaheim,237,176,0,1,2026_480
Regular,Regular Season,2026,17,Little Rock,El Paso,392,21,0,0,2026_481
Regular,Regular Season,2026,17,Buffalo,Lansing,119.5,293.5,0,1,2026_482
Regular,Regular Season,2026,17,Pittsburgh,Vancouver,73,340,0,0,2026_483
Regular,Regular Season,2026,17,Baltimore,Seattle,228,185,0,0,2026_484
Regular,Regular Season,2026,17,San Diego,Honolulu,21,392,1,1,2026_485
Regular,Regular Season,2026,17,Nashville,Anaheim,124,289,0,0,2026_486
Regular,Regular Season,2026,17,Tulsa,Austin,21,392,1,1,2026_487
Regular,Regular Season,2026,17,Des Moines,Vancouver,114,299,0,0,2026_488
Regular,Regular Season,2026,17,Manchester,Anchorage,124,289,0,0,2026_489
Regular,Regular Season,2026,17,Buffalo,Honolulu,135,278,0,0,2026_490
Regular,Regular Season,2026,17,Tampa Bay,Albuquerque,371,42,0,0,2026_491
Regular,Regular Season,2026,17,Cincinnati,Providence,371,42,0,1,2026_492
Regular,Regular Season,2026,17,Columbus,San Diego,392,21,0,0,2026_493
Regular,Regular Season,2026,17,Baltimore,Lincoln,227,186,0,0,2026_494
Regular,Regular Season,2026,17,St. Louis,San Jose,371,42,0,1,2026_495
Regular,Regular Season,2026,17,Jacksonville,Boise,36.5,376.5,0,0,2026_496
Regular,Regular Season,2026,17,Columbus,Austin,258,155,0,0,2026_497
Regular,Regular Season,2026,17,Tampa Bay,St. Louis,186,227,0,0,2026_498
Regular,Regular Season,2026,17,Providence,Anaheim,104,309,0,0,2026_499
Regular,Regular Season,2026,17,Lansing,Albuquerque,268,145,0,0,2026_500
Regular,Regular Season,2026,17,Birmingham,Kentucky,196,217,0,1,2026_501
Regular,Regular Season,2026,17,Manchester,Boise,52,361,0,0,2026_502
Regular,Regular Season,2026,17,Cincinnati,Vegas,268,145,0,0,2026_503
Regular,Regular Season,2026,17,Tulsa,Pittsburgh,21,392,0,0,2026_504
Regular,Regular Season,2026,17,Little Rock,Jacksonville,186,227,1,1,2026_505
Regular,Regular Season,2026,17,Birmingham,San Jose,371,42,0,0,2026_506
Regular,Regular Season,2026,17,Anchorage,Vegas,289,124,0,1,2026_507
Regular,Regular Season,2026,17,Nashville,Des Moines,237,176,0,1,2026_508
Regular,Regular Season,2026,17,Seattle,El Paso,361,52,0,1,2026_509
Regular,Regular Season,2026,17,Kentucky,Lincoln,283.5,129.5,0,0,2026_510
Regular,Regular Season,2026,18,Jacksonville,St. Louis,145,268,0,0,2026_511
Regular,Regular Season,2026,18,Albuquerque,El Paso,361,52,1,1,2026_512
Regular,Regular Season,2026,18,Lansing,Honolulu,144,269,0,0,2026_513
Regular,Regular Season,2026,18,San Diego,Pittsburgh,170.5,242.5,0,0,2026_514
Regular,Regular Season,2026,18,Manchester,Tampa Bay,124,289,0,1,2026_515
Regular,Regular Season,2026,18,St. Louis,Cincinnati,156,257,0,0,2026_516
Regular,Regular Season,2026,18,El Paso,Kentucky,52,361,0,0,2026_517
Regular,Regular Season,2026,18,San Jose,Jacksonville,206,207,0,0,2026_518
Regular,Regular Season,2026,18,Austin,San Jose,218,195,0,1,2026_519
Regular,Regular Season,2026,18,Anchorage,Birmingham,268,145,0,0,2026_520
Regular,Regular Season,2026,18,Birmingham,Manchester,208,205,0,1,2026_521
Regular,Regular Season,2026,18,Vegas,Lansing,176,237,0,0,2026_522
Regular,Regular Season,2026,18,Providence,Seattle,104,309,0,0,2026_523
Regular,Regular Season,2026,18,Little Rock,Nashville,114,299,1,1,2026_524
Regular,Regular Season,2026,18,Anaheim,Albuquerque,371,42,0,1,2026_525
Regular,Regular Season,2026,18,Pittsburgh,Anchorage,216,197,0,0,2026_526
Regular,Regular Season,2026,18,Seattle,Little Rock,330,83,0,0,2026_527
Regular,Regular Season,2026,18,Columbus,Tampa Bay,52,361,0,1,2026_528
Regular,Regular Season,2026,18,Cincinnati,Des Moines,176,237,1,1,2026_529
Regular,Regular Season,2026,18,Boise,Lincoln,227,186,1,1,2026_530
Regular,Regular Season,2026,18,Des Moines,Buffalo,299,114,0,1,2026_531
Regular,Regular Season,2026,18,Nashville,Columbus,278.5,134.5,0,1,2026_532
Regular,Regular Season,2026,18,Honolulu,Providence,330,83,0,0,2026_533
Regular,Regular Season,2026,18,Lincoln,Vegas,237,176,0,1,2026_534
Regular,Regular Season,2026,18,Tulsa,Anaheim,42,371,0,1,2026_535
Regular,Regular Season,2026,18,Tulsa,Baltimore,176,237,0,0,2026_536
Regular,Regular Season,2026,18,Vancouver,Austin,206,207,0,1,2026_537
Regular,Regular Season,2026,18,Buffalo,Baltimore,299,114,1,1,2026_538
Regular,Regular Season,2026,18,Boise,Vancouver,196,217,1,1,2026_539
Regular,Regular Season,2026,18,Kentucky,San Diego,227,186,0,0,2026_540
Regular,Regular Season,2026,19,Tampa Bay,Anaheim,278,135,0,0,2026_541
Regular,Regular Season,2026,19,Lincoln,Albuquerque,114,299,0,1,2026_542
Regular,Regular Season,2026,19,El Paso,Providence,21,392,0,0,2026_543
Regular,Regular Season,2026,19,Anchorage,Honolulu,231.5,181.5,0,1,2026_544
Regular,Regular Season,2026,19,Seattle,San Diego,361,52,0,1,2026_545
Regular,Regular Season,2026,19,Providence,Jacksonville,227,186,0,1,2026_546
Regular,Regular Season,2026,19,Anaheim,Lansing,289,124,0,0,2026_547
Regular,Regular Season,2026,19,Cincinnati,Lansing,242.5,170.5,1,1,2026_548
Regular,Regular Season,2026,19,Birmingham,Albuquerque,227,186,0,0,2026_549
Regular,Regular Season,2026,19,Little Rock,Austin,175,238,0,0,2026_550
Regular,Regular Season,2026,19,Seattle,Buffalo,149.5,263.5,0,0,2026_551
Regular,Regular Season,2026,19,San Jose,Pittsburgh,93.5,319.5,0,0,2026_552
Regular,Regular Season,2026,19,Pittsburgh,Kentucky,247,166,0,1,2026_553
Regular,Regular Season,2026,19,Anchorage,Columbus,330,83,0,0,2026_554
Regular,Regular Season,2026,19,Vegas,Jacksonville,93,320,0,0,2026_555
Regular,Regular Season,2026,19,St. Louis,Tulsa,361,52,1,1,2026_556
Regular,Regular Season,2026,19,Honolulu,Cincinnati,145,268,0,0,2026_557
Regular,Regular Season,2026,19,St. Louis,Birmingham,309,104,0,0,2026_558
Regular,Regular Season,2026,19,Vancouver,Kentucky,258,155,0,0,2026_559
Regular,Regular Season,2026,19,Boise,Austin,392,21,0,1,2026_560
Regular,Regular Season,2026,19,Buffalo,Lincoln,392,21,0,0,2026_561
Regular,Regular Season,2026,19,Baltimore,Vancouver,88.5,324.5,0,0,2026_562
Regular,Regular Season,2026,19,Tulsa,Manchester,21,392,0,0,2026_563
Regular,Regular Season,2026,19,Nashville,El Paso,392,21,0,0,2026_564
Regular,Regular Season,2026,19,Manchester,Vegas,351,62,0,0,2026_565
Regular,Regular Season,2026,19,Des Moines,San Jose,237,176,0,0,2026_566
Regular,Regular Season,2026,19,Columbus,Boise,93,320,0,0,2026_567
Regular,Regular Season,2026,19,Des Moines,Tampa Bay,36.5,376.5,0,1,2026_568
Regular,Regular Season,2026,19,San Diego,Little Rock,140,273,0,0,2026_569
Regular,Regular Season,2026,19,Nashville,Baltimore,114,299,0,1,2026_570
Regular,Regular Season,2026,20,Tulsa,Birmingham,150.5,262.5,0,0,2026_571
Regular,Regular Season,2026,20,Lincoln,Austin,314.5,98.5,0,1,2026_572
Regular,Regular Season,2026,20,Nashville,Manchester,133,280,0,1,2026_573
Regular,Regular Season,2026,20,Anaheim,Kentucky,191.5,221.5,0,0,2026_574
Regular,Regular Season,2026,20,Honolulu,Anaheim,231.5,181.5,1,1,2026_575
Regular,Regular Season,2026,20,Nashville,Kentucky,21,392,0,1,2026_576
Regular,Regular Season,2026,20,Honolulu,Little Rock,392,21,0,0,2026_577
Regular,Regular Season,2026,20,Anchorage,Austin,258,155,0,1,2026_578
Regular,Regular Season,2026,20,Albuquerque,Tulsa,252.5,160.5,1,1,2026_579
Regular,Regular Season,2026,20,Tampa Bay,Pittsburgh,248,165,0,1,2026_580
Regular,Regular Season,2026,20,Manchester,Jacksonville,273.5,139.5,0,1,2026_581
Regular,Regular Season,2026,20,San Diego,Boise,42,371,0,1,2026_582
Regular,Regular Season,2026,20,St. Louis,Buffalo,330,83,0,0,2026_583
Regular,Regular Season,2026,20,Boise,Lansing,294.5,118.5,0,0,2026_584
Regular,Regular Season,2026,20,Des Moines,Lansing,145,268,1,1,2026_585
Regular,Regular Season,2026,20,Vancouver,Jacksonville,330,83,0,0,2026_586
Regular,Regular Season,2026,20,Vegas,Providence,52,361,0,0,2026_587
Regular,Regular Season,2026,20,San Jose,Cincinnati,21,392,0,0,2026_588
Regular,Regular Season,2026,20,El Paso,Pittsburgh,52,361,0,0,2026_589
Regular,Regular Season,2026,20,San Diego,Birmingham,73,340,0,0,2026_590
Regular,Regular Season,2026,20,El Paso,Vegas,52,361,0,1,2026_591
Regular,Regular Season,2026,20,St. Louis,Lincoln,309,104,0,1,2026_592
Regular,Regular Season,2026,20,Des Moines,Baltimore,216,197,0,1,2026_593
Regular,Regular Season,2026,20,San Jose,Vancouver,52,361,0,1,2026_594
Regular,Regular Season,2026,20,Seattle,Albuquerque,207,206,0,1,2026_595
Regular,Regular Season,2026,20,Buffalo,Little Rock,392,21,0,1,2026_596
Regular,Regular Season,2026,20,Anchorage,Tampa Bay,135,278,0,0,2026_597
Regular,Regular Season,2026,20,Columbus,Cincinnati,155,258,1,1,2026_598
Regular,Regular Season,2026,20,Seattle,Columbus,279,134,0,0,2026_599
Regular,Regular Season,2026,20,Baltimore,Providence,145,268,1,1,2026_600
Regular,Regular Season,2026,21,Austin,Baltimore,98.5,314.5,0,0,2026_601
Regular,Regular Season,2026,21,Albuquerque,Honolulu,267,146,0,1,2026_602
Regular,Regular Season,2026,21,Lincoln,San Jose,176,237,0,1,2026_603
Regular,Regular Season,2026,21,Austin,San Diego,330,83,0,1,2026_604
Regular,Regular Season,2026,21,Anaheim,Anchorage,330,83,0,1,2026_605
Regular,Regular Season,2026,21,Albuquerque,Manchester,247,166,0,0,2026_606
Regular,Regular Season,2026,21,San Jose,Honolulu,155,258,1,1,2026_607
Regular,Regular Season,2026,21,Cincinnati,Tulsa,268,145,0,0,2026_608
Regular,Regular Season,2026,21,Anaheim,Vegas,361,52,1,1,2026_609
Regular,Regular Season,2026,21,Jacksonville,Buffalo,52,361,0,1,2026_610
Regular,Regular Season,2026,21,Jacksonville,Anchorage,104,309,0,0,2026_611
Regular,Regular Season,2026,21,Vancouver,Seattle,114,299,1,1,2026_612
Regular,Regular Season,2026,21,Pittsburgh,Nashville,371,42,0,1,2026_613
Regular,Regular Season,2026,21,Buffalo,Columbus,392,21,0,1,2026_614
Regular,Regular Season,2026,21,Lansing,Tampa Bay,98.5,314.5,0,1,2026_615
Regular,Regular Season,2026,21,Little Rock,Baltimore,67.5,345.5,0,1,2026_616
Regular,Regular Season,2026,21,Vegas,St. Louis,52,361,0,1,2026_617
Regular,Regular Season,2026,21,Kentucky,Seattle,83,330,0,0,2026_618
Regular,Regular Season,2026,21,Providence,Birmingham,196,217,0,1,2026_619
Regular,Regular Season,2026,21,Kentucky,Columbus,361,52,1,1,2026_620
Regular,Regular Season,2026,21,Cincinnati,Manchester,278,135,0,1,2026_621
Regular,Regular Season,2026,21,Providence,Des Moines,155,258,0,1,2026_622
Regular,Regular Season,2026,21,El Paso,San Diego,114,299,0,1,2026_623
Regular,Regular Season,2026,21,Birmingham,Tampa Bay,83,330,1,1,2026_624
Regular,Regular Season,2026,21,Lincoln,Nashville,155,258,0,0,2026_625
Regular,Regular Season,2026,21,Lansing,St. Louis,268,145,0,0,2026_626
Regular,Regular Season,2026,21,Tulsa,Vancouver,145,268,0,1,2026_627
Regular,Regular Season,2026,21,Boise,Des Moines,289,124,0,0,2026_628
Regular,Regular Season,2026,21,Boise,El Paso,392,21,0,1,2026_629
Regular,Regular Season,2026,21,Pittsburgh,Little Rock,330,83,0,1,2026_630
Regular,Regular Season,2026,22,Little Rock,Pittsburgh,155,258,0,1,2026_631
Regular,Regular Season,2026,22,Cincinnati,Vancouver,237,176,0,0,2026_632
Regular,Regular Season,2026,22,Honolulu,Albuquerque,299,114,0,1,2026_633
Regular,Regular Season,2026,22,Tulsa,Albuquerque,207,206,1,1,2026_634
Regular,Regular Season,2026,22,Buffalo,Jacksonville,228,185,0,1,2026_635
Regular,Regular Season,2026,22,Baltimore,Des Moines,228,185,0,1,2026_636
Regular,Regular Season,2026,22,St. Louis,Tulsa,345.5,67.5,1,1,2026_637
Regular,Regular Season,2026,22,Jacksonville,Vancouver,145,268,0,0,2026_638
Regular,Regular Season,2026,22,Manchester,Nashville,135,278,0,1,2026_639
Regular,Regular Season,2026,22,Vegas,Anaheim,52,361,1,1,2026_640
Regular,Regular Season,2026,22,Tampa Bay,Lansing,104,309,0,1,2026_641
Regular,Regular Season,2026,22,Providence,Vegas,207,206,0,0,2026_642
Regular,Regular Season,2026,22,Columbus,Seattle,114,299,0,0,2026_643
Regular,Regular Season,2026,22,Baltimore,Des Moines,228,185,0,1,2026_644
Regular,Regular Season,2026,22,Kentucky,Anaheim,124,289,0,0,2026_645
Regular,Regular Season,2026,22,Lansing,Boise,314.5,98.5,0,0,2026_646
Regular,Regular Season,2026,22,San Jose,Lincoln,155,258,0,1,2026_647
Regular,Regular Season,2026,22,Tampa Bay,Anchorage,83,330,0,0,2026_648
Regular,Regular Season,2026,22,Seattle,Anchorage,83,330,1,1,2026_649
Regular,Regular Season,2026,22,Columbus,Kentucky,52,361,1,1,2026_650
Regular,Regular Season,2026,22,Little Rock,Honolulu,124,289,0,0,2026_651
Regular,Regular Season,2026,22,Birmingham,Providence,186.5,226.5,0,1,2026_652
Regular,Regular Season,2026,22,Austin,Lincoln,124,289,0,1,2026_653
Regular,Regular Season,2026,22,Birmingham,San Diego,330,83,0,0,2026_654
Regular,Regular Season,2026,22,Manchester,Nashville,135,278,0,1,2026_655
Regular,Regular Season,2026,22,Cincinnati,San Jose,361,52,0,0,2026_656
Regular,Regular Season,2026,22,San Diego,Austin,52,361,0,1,2026_657
Regular,Regular Season,2026,22,Pittsburgh,El Paso,392,21,0,0,2026_658
Regular,Regular Season,2026,22,El Paso,Boise,21,392,0,1,2026_659
Regular,Regular Season,2026,22,Buffalo,St. Louis,124,289,0,0,2026_660
Regular,Regular Season,2026,23,Jacksonville,Lincoln,320,93,0,0,2026_661
Regular,Regular Season,2026,23,San Diego,Lincoln,124,289,0,1,2026_662
Regular,Regular Season,2026,23,Providence,Kentucky,191,222,0,1,2026_663
Regular,Regular Season,2026,23,Buffalo,Baltimore,73,340,1,1,2026_664
Regular,Regular Season,2026,23,Columbus,Tampa Bay,134,279,0,1,2026_665
Regular,Regular Season,2026,23,Honolulu,Boise,119.5,293.5,0,1,2026_666
Regular,Regular Season,2026,23,St. Louis,Albuquerque,237,176,1,1,2026_667
Regular,Regular Season,2026,23,Boise,Albuquerque,330,83,0,1,2026_668
Regular,Regular Season,2026,23,San Jose,Anaheim,57.5,355.5,1,1,2026_669
Regular,Regular Season,2026,23,Des Moines,Kentucky,36.5,376.5,1,1,2026_670
Regular,Regular Season,2026,23,Vegas,Anchorage,47,366,0,1,2026_671
Regular,Regular Season,2026,23,Birmingham,Manchester,88.5,324.5,0,1,2026_672
Regular,Regular Season,2026,23,Vancouver,Tulsa,299,114,0,1,2026_673
Regular,Regular Season,2026,23,Vegas,Tulsa,83,330,0,1,2026_674
Regular,Regular Season,2026,23,Cincinnati,Des Moines,371,42,1,1,2026_675
Regular,Regular Season,2026,23,Anaheim,Austin,361,52,0,1,2026_676
Regular,Regular Season,2026,23,El Paso,Vancouver,21,392,0,1,2026_677
Regular,Regular Season,2026,23,Manchester,Providence,145,268,1,1,2026_678
Regular,Regular Season,2026,23,Nashville,Jacksonville,42,371,1,1,2026_679
Regular,Regular Season,2026,23,El Paso,Seattle,21,392,0,1,2026_680
Regular,Regular Season,2026,23,Pittsburgh,Lansing,226,187,0,1,2026_681
Regular,Regular Season,2026,23,Anchorage,Lansing,165,248,0,0,2026_682
Regular,Regular Season,2026,23,Tampa Bay,Cincinnati,145,268,0,1,2026_683
Regular,Regular Season,2026,23,Baltimore,Pittsburgh,98.5,314.5,1,1,2026_684
Regular,Regular Season,2026,23,Seattle,Austin,330,83,0,1,2026_685
Regular,Regular Season,2026,23,Columbus,Little Rock,252.5,160.5,0,1,2026_686
Regular,Regular Season,2026,23,San Jose,St. Louis,207,206,0,1,2026_687
Regular,Regular Season,2026,23,Little Rock,Nashville,155,258,1,1,2026_688
Regular,Regular Season,2026,23,Buffalo,Birmingham,133,280,0,1,2026_689
Regular,Regular Season,2026,23,Honolulu,San Diego,340,73,1,1,2026_690
Regular,Regular Season,2026,24,Pittsburgh,Tulsa,221.5,191.5,0,0,2026_691
Regular,Regular Season,2026,24,Vegas,Manchester,155,258,0,0,2026_692
Regular,Regular Season,2026,24,Tulsa,St. Louis,155,258,1,1,2026_693
Regular,Regular Season,2026,24,Lincoln,Buffalo,174.5,238.5,0,0,2026_694
Regular,Regular Season,2026,24,Lincoln,Baltimore,258,155,0,0,2026_695
Regular,Regular Season,2026,24,Jacksonville,Providence,155,258,0,1,2026_696
Regular,Regular Season,2026,24,San Jose,Des Moines,197,216,0,0,2026_697
Regular,Regular Season,2026,24,Anaheim,Tampa Bay,166,247,0,0,2026_698
Regular,Regular Season,2026,24,Lansing,Buffalo,340,73,0,1,2026_699
Regular,Regular Season,2026,24,Boise,Columbus,252.5,160.5,0,0,2026_700
Regular,Regular Season,2026,24,Austin,Columbus,73,340,0,0,2026_701
Regular,Regular Season,2026,24,Vegas,Anchorage,262.5,150.5,0,1,2026_702
Regular,Regular Season,2026,24,Anaheim,Nashville,340.5,72.5,0,0,2026_703
Regular,Regular Season,2026,24,Providence,Cincinnati,108,305,0,1,2026_704
Regular,Regular Season,2026,24,San Jose,St. Louis,52,361,0,1,2026_705
Regular,Regular Season,2026,24,Kentucky,Birmingham,340,73,0,1,2026_706
Regular,Regular Season,2026,24,Lansing,Cincinnati,252.5,160.5,1,1,2026_707
Regular,Regular Season,2026,24,El Paso,Nashville,21,392,0,0,2026_708
Regular,Regular Season,2026,24,Boise,Manchester,252.5,160.5,0,0,2026_709
Regular,Regular Season,2026,24,El Paso,Seattle,36.5,376.5,0,1,2026_710
Regular,Regular Season,2026,24,Honolulu,Anchorage,309.5,103.5,0,1,2026_711
Regular,Regular Season,2026,24,Albuquerque,Birmingham,231.5,181.5,0,0,2026_712
Regular,Regular Season,2026,24,Vancouver,Des Moines,289,124,0,0,2026_713
Regular,Regular Season,2026,24,Kentucky,Pittsburgh,257.5,155.5,0,1,2026_714
Regular,Regular Season,2026,24,San Diego,Seattle,67.5,345.5,0,1,2026_715
Regular,Regular Season,2026,24,Honolulu,San Diego,299,114,1,1,2026_716
Regular,Regular Season,2026,24,Vancouver,Baltimore,299,114,0,0,2026_717
Regular,Regular Season,2026,24,Jacksonville,Little Rock,299,114,1,1,2026_718
Regular,Regular Season,2026,24,Austin,Little Rock,52,361,0,0,2026_719
Regular,Regular Season,2026,24,Albuquerque,Tampa Bay,93,320,0,0,2026_720
Regular,Regular Season,2026,25,Boise,Honolulu,237,176,0,1,2026_721
Regular,Regular Season,2026,25,Vancouver,El Paso,361,52,0,1,2026_722
Regular,Regular Season,2026,25,San Jose,Lincoln,165,248,0,1,2026_723
Regular,Regular Season,2026,25,Pittsburgh,Baltimore,309,104,1,1,2026_724
Regular,Regular Season,2026,25,Cincinnati,Tampa Bay,206,207,0,1,2026_725
Regular,Regular Season,2026,25,Lincoln,San Diego,392,21,0,1,2026_726
Regular,Regular Season,2026,25,Vancouver,Tulsa,278,135,0,1,2026_727
Regular,Regular Season,2026,25,Nashville,Pittsburgh,114,299,0,1,2026_728
Regular,Regular Season,2026,25,Honolulu,Albuquerque,330,83,0,1,2026_729
Regular,Regular Season,2026,25,Kentucky,Des Moines,340,73,1,1,2026_730
Regular,Regular Season,2026,25,St. Louis,Lansing,258,155,0,0,2026_731
Regular,Regular Season,2026,25,San Diego,Austin,52,361,0,1,2026_732
Regular,Regular Season,2026,25,El Paso,Boise,52,361,0,1,2026_733
Regular,Regular Season,2026,25,Tulsa,Vegas,227,186,0,1,2026_734
Regular,Regular Season,2026,25,Little Rock,Columbus,21,392,0,1,2026_735
Regular,Regular Season,2026,25,Baltimore,Little Rock,392,21,0,1,2026_736
Regular,Regular Season,2026,25,Austin,Seattle,114,299,0,1,2026_737
Regular,Regular Season,2026,25,Columbus,Buffalo,320,93,0,1,2026_738
Regular,Regular Season,2026,25,Lansing,Anchorage,237,176,0,0,2026_739
Regular,Regular Season,2026,25,Anaheim,San Jose,258,155,1,1,2026_740
Regular,Regular Season,2026,25,Tampa Bay,Birmingham,330,83,1,1,2026_741
Regular,Regular Season,2026,25,Manchester,Cincinnati,52,361,0,1,2026_742
Regular,Regular Season,2026,25,Providence,Manchester,392,21,1,1,2026_743
Regular,Regular Season,2026,25,Anchorage,Jacksonville,371,42,0,0,2026_744
Regular,Regular Season,2026,25,Des Moines,Providence,93,320,0,1,2026_745
Regular,Regular Season,2026,25,Seattle,Kentucky,164.5,248.5,0,0,2026_746
Regular,Regular Season,2026,25,Jacksonville,Nashville,238,175,1,1,2026_747
Regular,Regular Season,2026,25,Vegas,Anaheim,145,268,1,1,2026_748
Regular,Regular Season,2026,25,Birmingham,Buffalo,262.5,150.5,0,1,2026_749
Regular,Regular Season,2026,25,Albuquerque,St. Louis,83,330,1,1,2026_750
Regular,Regular Season,2026,26,Tampa Bay,Des Moines,197,216,0,1,2026_751
Regular,Regular Season,2026,26,Seattle,San Diego,361,52,0,1,2026_752
Regular,Regular Season,2026,26,Lansing,Anaheim,103.5,309.5,0,0,2026_753
Regular,Regular Season,2026,26,Austin,Boise,52,361,0,1,2026_754
Regular,Regular Season,2026,26,Little Rock,San Diego,114,299,0,0,2026_755
Regular,Regular Season,2026,26,Lansing,Birmingham,252.5,160.5,0,1,2026_756
Regular,Regular Season,2026,26,Des Moines,Buffalo,237,176,0,1,2026_757
Regular,Regular Season,2026,26,Tulsa,San Jose,206,207,0,1,2026_758
Regular,Regular Season,2026,26,Baltimore,St. Louis,73,340,0,0,2026_759
Regular,Regular Season,2026,26,Kentucky,Little Rock,361,52,0,1,2026_760
Regular,Regular Season,2026,26,Columbus,Anchorage,283.5,129.5,0,0,2026_761
Regular,Regular Season,2026,26,Austin,El Paso,361,52,1,1,2026_762
Regular,Regular Season,2026,26,Baltimore,Nashville,135,278,0,1,2026_763
Regular,Regular Season,2026,26,Lincoln,Vancouver,52,361,1,1,2026_764
Regular,Regular Season,2026,26,Birmingham,St. Louis,160.5,252.5,0,0,2026_765
Regular,Regular Season,2026,26,Albuquerque,Vegas,258,155,0,1,2026_766
Regular,Regular Season,2026,26,Nashville,Columbus,93,320,0,1,2026_767
Regular,Regular Season,2026,26,Buffalo,Seattle,207,206,0,0,2026_768
Regular,Regular Season,2026,26,Anchorage,Honolulu,114,299,0,1,2026_769
Regular,Regular Season,2026,26,Providence,Pittsburgh,206,207,1,1,2026_770
Regular,Regular Season,2026,26,Albuquerque,Lincoln,227,186,0,1,2026_771
Regular,Regular Season,2026,26,Boise,Anaheim,176,237,0,1,2026_772
Regular,Regular Season,2026,26,Jacksonville,Cincinnati,124,289,0,1,2026_773
Regular,Regular Season,2026,26,Cincinnati,Honolulu,206,207,0,0,2026_774
Regular,Regular Season,2026,26,Jacksonville,Vegas,252.5,160.5,0,0,2026_775
Regular,Regular Season,2026,26,Providence,El Paso,361,52,0,0,2026_776
Regular,Regular Season,2026,26,Pittsburgh,San Jose,361,52,0,0,2026_777
Regular,Regular Season,2026,26,Manchester,Tampa Bay,293.5,119.5,0,1,2026_778
Regular,Regular Season,2026,26,Kentucky,Vancouver,73,340,0,0,2026_779
Regular,Regular Season,2026,26,Manchester,Tulsa,217,196,0,0,2026_780
Regular,Regular Season,2026,27,Little Rock,Tulsa,129.5,283.5,0,0,2026_781
Regular,Regular Season,2026,27,Vancouver,St. Louis,340.5,72.5,0,1,2026_782
Regular,Regular Season,2026,27,Lincoln,Anchorage,52,361,1,1,2026_783
Regular,Regular Season,2026,27,Pittsburgh,Buffalo,263,150,1,1,2026_784
Regular,Regular Season,2026,27,Kentucky,Tampa Bay,62,351,0,1,2026_785
Regular,Regular Season,2026,27,Boise,Seattle,340,73,1,1,2026_786
Regular,Regular Season,2026,27,Austin,Nashville,52,361,0,0,2026_787
Regular,Regular Season,2026,27,Vancouver,San Diego,361,52,0,1,2026_788
Regular,Regular Season,2026,27,Anaheim,St. Louis,104,309,0,1,2026_789
Regular,Regular Season,2026,27,Jacksonville,Columbus,52,361,0,1,2026_790
Regular,Regular Season,2026,27,Cincinnati,Little Rock,392,21,0,1,2026_791
Regular,Regular Season,2026,27,Anaheim,Seattle,268,145,0,1,2026_792
Regular,Regular Season,2026,27,Albuquerque,Des Moines,175.5,237.5,0,0,2026_793
Regular,Regular Season,2026,27,Pittsburgh,Birmingham,289,124,0,1,2026_794
Regular,Regular Season,2026,27,Vegas,San Diego,251.5,161.5,1,1,2026_795
Regular,Regular Season,2026,27,Vegas,Honolulu,226,187,1,1,2026_796
Regular,Regular Season,2026,27,Lansing,Baltimore,371,42,0,1,2026_797
Regular,Regular Season,2026,27,Boise,Anchorage,268,145,1,1,2026_798
Regular,Regular Season,2026,27,Providence,Buffalo,289,124,1,1,2026_799
Regular,Regular Season,2026,27,Albuquerque,Nashville,201.5,211.5,0,0,2026_800
Regular,Regular Season,2026,27,Providence,Columbus,164.5,248.5,0,1,2026_801
Regular,Regular Season,2026,27,Kentucky,Baltimore,237,176,0,1,2026_802
Regular,Regular Season,2026,27,Cincinnati,Birmingham,258,155,0,1,2026_803
Regular,Regular Season,2026,27,Lansing,Manchester,268,145,0,1,2026_804
Regular,Regular Season,2026,27,El Paso,San Jose,67.5,345.5,0,1,2026_805
Regular,Regular Season,2026,27,Tulsa,San Jose,129.5,283.5,0,1,2026_806
Regular,Regular Season,2026,27,Austin,Manchester,21,392,0,0,2026_807
Regular,Regular Season,2026,27,El Paso,Honolulu,52,361,0,1,2026_808
Regular,Regular Season,2026,27,Lincoln,Des Moines,124,289,0,0,2026_809
Regular,Regular Season,2026,27,Jacksonville,Tampa Bay,52,361,1,1,2026_810
Regular,Regular Season,2026,28,Lincoln,Boise,21,392,1,1,2026_811
Regular,Regular Season,2026,28,Jacksonville,El Paso,361,52,0,0,2026_812
Regular,Regular Season,2026,28,Little Rock,St. Louis,93,320,0,0,2026_813
Regular,Regular Season,2026,28,Columbus,Des Moines,392,21,1,1,2026_814
Regular,Regular Season,2026,28,Austin,Vancouver,124,289,0,1,2026_815
Regular,Regular Season,2026,28,Tulsa,Lincoln,176,237,0,1,2026_816
Regular,Regular Season,2026,28,Tampa Bay,Nashville,237,176,1,1,2026_817
Regular,Regular Season,2026,28,Birmingham,Anchorage,83,330,0,0,2026_818
Regular,Regular Season,2026,28,Buffalo,Des Moines,156,257,0,1,2026_819
Regular,Regular Season,2026,28,Columbus,Nashville,237,176,0,1,2026_820
Regular,Regular Season,2026,28,Lansing,Vegas,299,114,0,0,2026_821
Regular,Regular Season,2026,28,Kentucky,El Paso,392,21,0,0,2026_822
Regular,Regular Season,2026,28,Cincinnati,St. Louis,200.5,212.5,0,0,2026_823
Regular,Regular Season,2026,28,Buffalo,Anchorage,93,320,0,0,2026_824
Regular,Regular Season,2026,28,Albuquerque,Anaheim,93,320,0,1,2026_825
Regular,Regular Season,2026,28,Cincinnati,San Diego,236,177,0,0,2026_826
Regular,Regular Season,2026,28,Tampa Bay,Manchester,309,104,0,1,2026_827
Regular,Regular Season,2026,28,Lansing,Vancouver,294,119,0,0,2026_828
Regular,Regular Season,2026,28,Pittsburgh,San Diego,145,268,0,0,2026_829
Regular,Regular Season,2026,28,Providence,Honolulu,134,279,0,0,2026_830
Regular,Regular Season,2026,28,Austin,Anaheim,93,320,0,1,2026_831
Regular,Regular Season,2026,28,Little Rock,Seattle,93,320,0,0,2026_832
Regular,Regular Season,2026,28,Baltimore,Manchester,237,176,1,1,2026_833
Regular,Regular Season,2026,28,Kentucky,Vegas,361,52,0,0,2026_834
Regular,Regular Season,2026,28,Albuquerque,Boise,52,361,0,1,2026_835
Regular,Regular Season,2026,28,Birmingham,Seattle,186,227,0,0,2026_836
Regular,Regular Season,2026,28,Jacksonville,San Jose,208,205,0,0,2026_837
Regular,Regular Season,2026,28,Providence,San Jose,166,247,0,0,2026_838
Regular,Regular Season,2026,28,Baltimore,Tulsa,237,176,0,0,2026_839
Regular,Regular Season,2026,28,Pittsburgh,Honolulu,145,268,0,0,2026_840
Regular,Regular Season,2026,29,Des Moines,Boise,124,289,0,0,2026_841
Regular,Regular Season,2026,29,San Diego,El Paso,392,21,0,1,2026_842
Regular,Regular Season,2026,29,San Diego,Anaheim,145,268,1,1,2026_843
Regular,Regular Season,2026,29,Seattle,Vancouver,114,299,1,1,2026_844
Regular,Regular Season,2026,29,St. Louis,Boise,309,104,0,1,2026_845
Regular,Regular Season,2026,29,Little Rock,Pittsburgh,145,268,0,1,2026_846
Regular,Regular Season,2026,29,Baltimore,Jacksonville,82.5,330.5,0,1,2026_847
Regular,Regular Season,2026,29,San Jose,Vegas,268,145,1,1,2026_848
Regular,Regular Season,2026,29,St. Louis,Vegas,268,145,0,1,2026_849
Regular,Regular Season,2026,29,Des Moines,Austin,253,160,0,0,2026_850
Regular,Regular Season,2026,29,Anchorage,Albuquerque,413,0,0,1,2026_851
Regular,Regular Season,2026,29,Anchorage,Anaheim,114,299,0,1,2026_852
Regular,Regular Season,2026,29,Columbus,Pittsburgh,124,289,0,1,2026_853
Regular,Regular Season,2026,29,Manchester,Kentucky,186,227,0,1,2026_854
Regular,Regular Season,2026,29,Columbus,Kentucky,124,289,1,1,2026_855
Regular,Regular Season,2026,29,Tampa Bay,Providence,221.5,191.5,0,1,2026_856
Regular,Regular Season,2026,29,Birmingham,Little Rock,247,166,1,1,2026_857
Regular,Regular Season,2026,29,Honolulu,Vancouver,31,382,0,1,2026_858
Regular,Regular Season,2026,29,Honolulu,San Jose,299,114,1,1,2026_859
Regular,Regular Season,2026,29,Tampa Bay,Lansing,145,268,0,1,2026_860
Regular,Regular Season,2026,29,Manchester,Albuquerque,330,83,0,0,2026_861
Regular,Regular Season,2026,29,Tulsa,Cincinnati,21,392,0,0,2026_862
Regular,Regular Season,2026,29,Nashville,Lincoln,176,237,0,0,2026_863
Regular,Regular Season,2026,29,El Paso,Tulsa,114,299,1,1,2026_864
Regular,Regular Season,2026,29,Nashville,Lansing,145,268,0,1,2026_865
Regular,Regular Season,2026,29,Birmingham,Providence,145,268,0,1,2026_866
Regular,Regular Season,2026,29,Buffalo,Jacksonville,166,247,0,1,2026_867
Regular,Regular Season,2026,29,Buffalo,Cincinnati,73,340,0,1,2026_868
Regular,Regular Season,2026,29,Baltimore,Austin,73,340,0,0,2026_869
Regular,Regular Season,2026,29,Seattle,Lincoln,345.5,67.5,1,1,2026_870
Regular,Regular Season,2026,30,Anchorage,Pittsburgh,83,330,0,0,2026_871
Regular,Regular Season,2026,30,Honolulu,Lansing,340,73,0,0,2026_872
Regular,Regular Season,2026,30,Manchester,Birmingham,83,330,0,1,2026_873
Regular,Regular Season,2026,30,Nashville,Little Rock,253.5,159.5,1,1,2026_874
Regular,Regular Season,2026,30,El Paso,Lansing,21,392,0,0,2026_875
Regular,Regular Season,2026,30,San Diego,Providence,258,155,0,0,2026_876
Regular,Regular Season,2026,30,El Paso,Albuquerque,36.5,376.5,1,1,2026_877
Regular,Regular Season,2026,30,Boise,Tulsa,392,21,0,1,2026_878
Regular,Regular Season,2026,30,San Jose,Austin,361,52,0,1,2026_879
Regular,Regular Season,2026,30,Des Moines,Cincinnati,42,371,1,1,2026_880
Regular,Regular Season,2026,30,Manchester,Columbus,98.5,314.5,0,1,2026_881
Regular,Regular Season,2026,30,Anchorage,Little Rock,299,114,0,0,2026_882
Regular,Regular Season,2026,30,St. Louis,Jacksonville,340,73,0,0,2026_883
Regular,Regular Season,2026,30,Seattle,Providence,144,269,0,0,2026_884
Regular,Regular Season,2026,30,San Diego,Kentucky,216,197,0,0,2026_885
Regular,Regular Season,2026,30,Seattle,Cincinnati,83,330,0,0,2026_886
Regular,Regular Season,2026,30,Honolulu,Jacksonville,340,73,0,0,2026_887
Regular,Regular Season,2026,30,Vancouver,Albuquerque,268,145,0,1,2026_888
Regular,Regular Season,2026,30,St. Louis,Pittsburgh,247,166,0,0,2026_889
Regular,Regular Season,2026,30,Vegas,Lincoln,175.5,237.5,0,1,2026_890
Regular,Regular Season,2026,30,Des Moines,Birmingham,206,207,0,1,2026_891
Regular,Regular Season,2026,30,Anaheim,Tulsa,392,21,0,1,2026_892
Regular,Regular Season,2026,30,Baltimore,Buffalo,309,104,1,1,2026_893
Regular,Regular Season,2026,30,Tampa Bay,Columbus,268,145,0,1,2026_894
Regular,Regular Season,2026,30,Baltimore,Tampa Bay,145,268,0,1,2026_895
Regular,Regular Season,2026,30,Anaheim,Lincoln,392,21,0,1,2026_896
Regular,Regular Season,2026,30,Vegas,Austin,361,52,0,1,2026_897
Regular,Regular Season,2026,30,Nashville,Buffalo,135,278,0,1,2026_898
Regular,Regular Season,2026,30,Vancouver,Boise,160.5,252.5,1,1,2026_899
Regular,Regular Season,2026,30,San Jose,Kentucky,41.5,371.5,0,0,2026_900
Regular,Regular Season,2026,31,Vegas,Birmingham,175,238,0,0,2026_901
Regular,Regular Season,2026,31,Anchorage,Des Moines,304.5,108.5,0,0,2026_902
Regular,Regular Season,2026,31,Anaheim,Cincinnati,145,268,0,0,2026_903
Regular,Regular Season,2026,31,Albuquerque,Jacksonville,361,52,0,0,2026_904
Regular,Regular Season,2026,31,Lansing,Little Rock,330,83,0,1,2026_905
Regular,Regular Season,2026,31,Seattle,Nashville,258,155,0,0,2026_906
Regular,Regular Season,2026,31,Kentucky,Cincinnati,57.5,355.5,1,1,2026_907
Regular,Regular Season,2026,31,St. Louis,Manchester,268,145,0,0,2026_908
Regular,Regular Season,2026,31,El Paso,Des Moines,52,361,0,0,2026_909
Regular,Regular Season,2026,31,Vancouver,Manchester,283.5,129.5,0,0,2026_910
Regular,Regular Season,2026,31,Vegas,Nashville,196,217,0,0,2026_911
Regular,Regular Season,2026,31,Austin,Birmingham,289,124,0,0,2026_912
Regular,Regular Season,2026,31,Lansing,Tulsa,361,52,0,0,2026_913
Regular,Regular Season,2026,31,Honolulu,Seattle,124,289,0,1,2026_914
Regular,Regular Season,2026,31,Honolulu,Tampa Bay,83,330,0,0,2026_915
Regular,Regular Season,2026,31,Austin,Kentucky,232.5,180.5,0,0,2026_916
Regular,Regular Season,2026,31,Boise,Tampa Bay,176,237,0,0,2026_917
Regular,Regular Season,2026,31,Anaheim,Baltimore,268,145,0,0,2026_918
Regular,Regular Season,2026,31,Boise,Pittsburgh,207,206,0,0,2026_919
Regular,Regular Season,2026,31,San Diego,St. Louis,268,145,0,1,2026_920
Regular,Regular Season,2026,31,San Jose,Columbus,93,320,0,0,2026_921
Regular,Regular Season,2026,31,Vancouver,Little Rock,392,21,0,0,2026_922
Regular,Regular Season,2026,31,El Paso,Buffalo,52,361,0,0,2026_923
Regular,Regular Season,2026,31,San Jose,Anchorage,83,330,0,1,2026_924
Regular,Regular Season,2026,31,Albuquerque,Buffalo,309,104,0,0,2026_925
Regular,Regular Season,2026,31,Lincoln,Providence,176,237,0,0,2026_926
Regular,Regular Season,2026,31,Lincoln,Columbus,98.5,314.5,0,0,2026_927
Regular,Regular Season,2026,31,San Diego,Baltimore,314.5,98.5,0,0,2026_928
Regular,Regular Season,2026,31,Jacksonville,Pittsburgh,52,361,0,1,2026_929
Regular,Regular Season,2026,31,Providence,Tulsa,392,21,0,0,2026_930
Regular,Regular Season,2026,32,Des Moines,Pittsburgh,124,289,0,1,2026_931
Regular,Regular Season,2026,32,Vancouver,Anaheim,247,166,0,1,2026_932
Regular,Regular Season,2026,32,Baltimore,Vegas,371,42,0,0,2026_933
Regular,Regular Season,2026,32,Tulsa,Jacksonville,299,114,0,0,2026_934
Regular,Regular Season,2026,32,Nashville,Cincinnati,98.5,314.5,0,1,2026_935
Regular,Regular Season,2026,32,Tulsa,Columbus,52,361,0,0,2026_936
Regular,Regular Season,2026,32,Pittsburgh,Lansing,248,165,0,1,2026_937
Regular,Regular Season,2026,32,Providence,Kentucky,150.5,262.5,0,1,2026_938
Regular,Regular Season,2026,32,Des Moines,Honolulu,124,289,0,0,2026_939
Regular,Regular Season,2026,32,Buffalo,Boise,186,227,0,0,2026_940
Regular,Regular Season,2026,32,Tampa Bay,Buffalo,392,21,0,1,2026_941
Regular,Regular Season,2026,32,Anchorage,Providence,114,299,0,0,2026_942
Regular,Regular Season,2026,32,Little Rock,Albuquerque,104,309,0,0,2026_943
Regular,Regular Season,2026,32,Baltimore,Birmingham,247,166,0,1,2026_944
Regular,Regular Season,2026,32,Nashville,San Jose,330,83,0,0,2026_945
Regular,Regular Season,2026,32,St. Louis,Kentucky,149.5,263.5,0,0,2026_946
Regular,Regular Season,2026,32,Cincinnati,Austin,376.5,36.5,0,0,2026_947
Regular,Regular Season,2026,32,Honolulu,Austin,345.5,67.5,0,1,2026_948
Regular,Regular Season,2026,32,Manchester,El Paso,330,83,0,0,2026_949
Regular,Regular Season,2026,32,Seattle,St. Louis,355.5,57.5,0,1,2026_950
Regular,Regular Season,2026,32,Birmingham,Lincoln,294.5,118.5,0,0,2026_951
Regular,Regular Season,2026,32,El Paso,Lincoln,21,392,0,1,2026_952
Regular,Regular Season,2026,32,Seattle,Jacksonville,392,21,0,0,2026_953
Regular,Regular Season,2026,32,San Jose,Albuquerque,176,237,0,1,2026_954
Regular,Regular Season,2026,32,Anchorage,San Diego,114,299,0,1,2026_955
Regular,Regular Season,2026,32,San Diego,Lansing,195.5,217.5,0,0,2026_956
Regular,Regular Season,2026,32,Columbus,Anaheim,93,320,0,0,2026_957
Regular,Regular Season,2026,32,Vegas,Boise,114,299,0,1,2026_958
Regular,Regular Season,2026,32,Tampa Bay,Vancouver,124,289,0,0,2026_959
Regular,Regular Season,2026,32,Manchester,Little Rock,129.5,283.5,0,1,2026_960
Regular,Regular Season,2026,33,Tampa Bay,El Paso,392,21,0,0,2026_961
Regular,Regular Season,2026,33,Little Rock,Boise,176,237,0,0,2026_962
Regular,Regular Season,2026,33,Austin,Honolulu,104,309,0,1,2026_963
Regular,Regular Season,2026,33,Birmingham,Anaheim,145,268,0,0,2026_964
Regular,Regular Season,2026,33,Boise,Vegas,340,73,0,1,2026_965
Regular,Regular Season,2026,33,Columbus,Vegas,324.5,88.5,0,0,2026_966
Regular,Regular Season,2026,33,Tulsa,Kentucky,52,361,0,0,2026_967
Regular,Regular Season,2026,33,Little Rock,Manchester,361,52,0,1,2026_968
Regular,Regular Season,2026,33,Jacksonville,Seattle,52,361,0,0,2026_969
Regular,Regular Season,2026,33,Cincinnati,Lincoln,330,83,0,0,2026_970
Regular,Regular Season,2026,33,Cincinnati,Nashville,237,176,0,1,2026_971
Regular,Regular Season,2026,33,Birmingham,Baltimore,197,216,0,1,2026_972
Regular,Regular Season,2026,33,Buffalo,Vancouver,139.5,273.5,0,0,2026_973
Regular,Regular Season,2026,33,Pittsburgh,Albuquerque,371,42,0,0,2026_974
Regular,Regular Season,2026,33,Pittsburgh,Des Moines,299,114,0,1,2026_975
Regular,Regular Season,2026,33,Jacksonville,Lansing,52,361,0,1,2026_976
Regular,Regular Season,2026,33,Baltimore,San Jose,191.5,221.5,0,0,2026_977
Regular,Regular Season,2026,33,Nashville,San Diego,62,351,0,0,2026_978
Regular,Regular Season,2026,33,Providence,Austin,320,93,0,0,2026_979
Regular,Regular Season,2026,33,Albuquerque,San Jose,88.5,324.5,0,1,2026_980
Regular,Regular Season,2026,33,Buffalo,Tampa Bay,139.5,273.5,0,1,2026_981
Regular,Regular Season,2026,33,Anaheim,Vancouver,196,217,0,1,2026_982
Regular,Regular Season,2026,33,Lansing,San Diego,268,145,0,0,2026_983
Regular,Regular Season,2026,33,Columbus,Tulsa,361,52,0,0,2026_984
Regular,Regular Season,2026,33,Kentucky,St. Louis,52,361,0,0,2026_985
Regular,Regular Season,2026,33,Anchorage,Seattle,309,104,1,1,2026_986
Regular,Regular Season,2026,33,Des Moines,St. Louis,83,330,0,0,2026_987
Regular,Regular Season,2026,33,Providence,Anchorage,166,247,0,0,2026_988
Regular,Regular Season,2026,33,Manchester,Honolulu,21,392,0,0,2026_989
Regular,Regular Season,2026,33,Lincoln,El Paso,413,0,0,1,2026_990
Regular,Regular Season,2026,34,San Jose,Nashville,273.5,139.5,0,0,2026_991
Regular,Regular Season,2026,34,Honolulu,Des Moines,176,237,0,0,2026_992
Regular,Regular Season,2026,34,El Paso,Manchester,113.5,299.5,0,0,2026_993
Regular,Regular Season,2026,34,Boise,Buffalo,237,176,0,0,2026_994
Regular,Regular Season,2026,34,Lansing,Pittsburgh,114,299,0,1,2026_995
Regular,Regular Season,2026,34,Vegas,Baltimore,139.5,273.5,0,0,2026_996
Regular,Regular Season,2026,34,Tulsa,Des Moines,21,392,0,0,2026_997
Regular,Regular Season,2026,34,San Jose,Buffalo,170.5,242.5,0,0,2026_998
Regular,Regular Season,2026,34,Jacksonville,Tulsa,206.5,206.5,0,0,2026_999
Regular,Regular Season,2026,34,Boise,Providence,83,330,0,0,2026_1000
Regular,Regular Season,2026,34,Anaheim,Pittsburgh,320,93,0,0,2026_1001
Regular,Regular Season,2026,34,San Diego,Anchorage,340,73,0,1,2026_1002
Regular,Regular Season,2026,34,St. Louis,Seattle,382,31,0,1,2026_1003
Regular,Regular Season,2026,34,Vancouver,Tampa Bay,62.5,350.5,0,0,2026_1004
Regular,Regular Season,2026,34,Honolulu,Columbus,104.5,308.5,0,0,2026_1005
Regular,Regular Season,2026,34,Albuquerque,Little Rock,314.5,98.5,0,0,2026_1006
Regular,Regular Season,2026,34,Kentucky,Providence,216,197,0,1,2026_1007
Regular,Regular Season,2026,34,Vegas,Little Rock,227,186,0,0,2026_1008
Regular,Regular Season,2026,34,St. Louis,Baltimore,392,21,0,0,2026_1009
Regular,Regular Season,2026,34,Austin,Cincinnati,104,309,0,0,2026_1010
Regular,Regular Season,2026,34,Vancouver,Cincinnati,124,289,0,0,2026_1011
Regular,Regular Season,2026,34,Lincoln,Jacksonville,392,21,0,0,2026_1012
Regular,Regular Season,2026,34,El Paso,Birmingham,21,392,0,0,2026_1013
Regular,Regular Season,2026,34,Austin,Lansing,119.5,293.5,0,0,2026_1014
Regular,Regular Season,2026,34,Seattle,Manchester,392,21,0,0,2026_1015
Regular,Regular Season,2026,34,Anchorage,Nashville,176.5,236.5,0,0,2026_1016
Regular,Regular Season,2026,34,Anaheim,Columbus,351,62,0,0,2026_1017
Regular,Regular Season,2026,34,San Diego,Tampa Bay,165,248,0,0,2026_1018
Regular,Regular Season,2026,34,Lincoln,Birmingham,114,299,0,0,2026_1019
Regular,Regular Season,2026,34,Albuquerque,Kentucky,108.5,304.5,0,0,2026_1020
Regular,Regular Season,2026,35,Pittsburgh,Jacksonville,361,52,0,1,2026_1021
Regular,Regular Season,2026,35,Cincinnati,Kentucky,247,166,1,1,2026_1022
Regular,Regular Season,2026,35,Jacksonville,Lansing,21,392,0,1,2026_1023
Regular,Regular Season,2026,35,Cincinnati,Manchester,392,21,0,1,2026_1024
Regular,Regular Season,2026,35,Little Rock,Lansing,88.5,324.5,0,1,2026_1025
Regular,Regular Season,2026,35,Vegas,Austin,227,186,0,1,2026_1026
Regular,Regular Season,2026,35,Vancouver,Albuquerque,340,73,0,1,2026_1027
Regular,Regular Season,2026,35,Birmingham,Des Moines,114,299,0,1,2026_1028
Regular,Regular Season,2026,35,Anaheim,Lincoln,268,145,0,1,2026_1029
Regular,Regular Season,2026,35,Little Rock,Baltimore,73,340,0,1,2026_1030
Regular,Regular Season,2026,35,Pittsburgh,Nashville,330,83,0,1,2026_1031
Regular,Regular Season,2026,35,Birmingham,Tampa Bay,114,299,1,1,2026_1032
Regular,Regular Season,2026,35,San Diego,St. Louis,139.5,273.5,0,1,2026_1033
Regular,Regular Season,2026,35,Buffalo,Columbus,123.5,289.5,0,1,2026_1034
Regular,Regular Season,2026,35,San Jose,Honolulu,176,237,1,1,2026_1035
Regular,Regular Season,2026,35,Tampa Bay,Baltimore,155,258,0,1,2026_1036
Regular,Regular Season,2026,35,Providence,Des Moines,252.5,160.5,0,1,2026_1037
Regular,Regular Season,2026,35,Columbus,Manchester,361,52,0,1,2026_1038
Regular,Regular Season,2026,35,Buffalo,Nashville,258,155,0,1,2026_1039
Regular,Regular Season,2026,35,Honolulu,Seattle,278.5,134.5,0,1,2026_1040
Regular,Regular Season,2026,35,Vegas,St. Louis,155.5,257.5,0,1,2026_1041
Regular,Regular Season,2026,35,Kentucky,Albuquerque,289,124,0,0,2026_1042
Regular,Regular Season,2026,35,San Jose,Anchorage,221.5,191.5,0,1,2026_1043
Regular,Regular Season,2026,35,Providence,Boise,134,279,0,0,2026_1044
Regular,Regular Season,2026,35,Boise,Tulsa,392,21,0,1,2026_1045
Regular,Regular Season,2026,35,Vancouver,Seattle,340,73,1,1,2026_1046
Regular,Regular Season,2026,35,Lincoln,Austin,351,62,0,1,2026_1047
Regular,Regular Season,2026,35,El Paso,Tulsa,145,268,1,1,2026_1048
Regular,Regular Season,2026,35,Anaheim,Anchorage,237,176,0,1,2026_1049
Regular,Regular Season,2026,35,El Paso,San Diego,52,361,0,1,2026_1050
Regular,Regular Season,2026,36,Baltimore,Cincinnati,145,268,0,1,2026_1051
Regular,Regular Season,2026,36,Vegas,Honolulu,31,382,1,1,2026_1052
Regular,Regular Season,2026,36,Pittsburgh,Baltimore,237,176,1,1,2026_1053
Regular,Regular Season,2026,36,Lansing,Austin,340,73,0,0,2026_1054
Regular,Regular Season,2026,36,St. Louis,Vancouver,124,289,0,1,2026_1055
Regular,Regular Season,2026,36,El Paso,San Jose,36.5,376.5,0,1,2026_1056
Regular,Regular Season,2026,36,Austin,Albuquerque,104,309,1,1,2026_1057
Regular,Regular Season,2026,36,Nashville,Providence,145,268,0,1,2026_1058
Regular,Regular Season,2026,36,Kentucky,Des Moines,299,114,1,1,2026_1059
Regular,Regular Season,2026,36,San Diego,Vegas,299,114,1,1,2026_1060
Regular,Regular Season,2026,36,Tampa Bay,Little Rock,361,52,1,1,2026_1061
Regular,Regular Season,2026,36,Anaheim,St. Louis,299,114,0,1,2026_1062
Regular,Regular Season,2026,36,Jacksonville,Nashville,36.5,376.5,1,1,2026_1063
Regular,Regular Season,2026,36,Anchorage,Boise,165,248,1,1,2026_1064
Regular,Regular Season,2026,36,Lincoln,Anchorage,145,268,1,1,2026_1065
Regular,Regular Season,2026,36,Des Moines,Jacksonville,361,52,0,1,2026_1066
Regular,Regular Season,2026,36,Columbus,Birmingham,197,216,0,1,2026_1067
Regular,Regular Season,2026,36,Albuquerque,Tulsa,392,21,1,1,2026_1068
Regular,Regular Season,2026,36,Buffalo,San Jose,299,114,0,0,2026_1069
Regular,Regular Season,2026,36,Birmingham,Buffalo,134,279,0,1,2026_1070
Regular,Regular Season,2026,36,Little Rock,Columbus,52,361,0,1,2026_1071
Regular,Regular Season,2026,36,Boise,Seattle,196,217,1,1,2026_1072
Regular,Regular Season,2026,36,Honolulu,El Paso,345.5,67.5,0,1,2026_1073
Regular,Regular Season,2026,36,Manchester,Pittsburgh,83,330,1,1,2026_1074
Regular,Regular Season,2026,36,Seattle,Anaheim,104,309,0,1,2026_1075
Regular,Regular Season,2026,36,Cincinnati,Tampa Bay,258,155,0,1,2026_1076
Regular,Regular Season,2026,36,Vancouver,San Diego,345.5,67.5,0,1,2026_1077
Regular,Regular Season,2026,36,Tulsa,Lincoln,21,392,0,1,2026_1078
Regular,Regular Season,2026,36,Lansing,Kentucky,300,113,1,1,2026_1079
Regular,Regular Season,2026,36,Providence,Manchester,361,52,1,1,2026_1080
Group Stage,In-Season Tournament,2026,9,Birmingham,Jacksonville,247,166,0,0,2026_1081
Group Stage,In-Season Tournament,2026,9,El Paso,Boise,145,268,0,0,2026_1082
Group Stage,In-Season Tournament,2026,9,Providence,Baltimore,237,176,0,0,2026_1083
Group Stage,In-Season Tournament,2026,9,San Jose,Lincoln,124,289,0,0,2026_1084
Group Stage,In-Season Tournament,2026,9,Albuquerque,Anchorage,21,392,0,0,2026_1085
Group Stage,In-Season Tournament,2026,9,Buffalo,Des Moines,186,227,0,0,2026_1086
Group Stage,In-Season Tournament,2026,9,Vegas,Tulsa,206.5,206.5,0,0,2026_1087
Group Stage,In-Season Tournament,2026,9,Manchester,Lansing,207,206,0,0,2026_1088
Group Stage,In-Season Tournament,2026,9,Austin,Vancouver,104,309,0,0,2026_1089
Group Stage,In-Season Tournament,2026,9,Columbus,Pittsburgh,160.5,252.5,0,0,2026_1090
Group Stage,In-Season Tournament,2026,9,San Diego,Seattle,67.5,345.5,0,0,2026_1091
Group Stage,In-Season Tournament,2026,9,Nashville,Little Rock,52,361,0,0,2026_1092
Group Stage,In-Season Tournament,2026,10,St. Louis,Vancouver,268,145,0,0,2026_1093
Group Stage,In-Season Tournament,2026,10,Des Moines,Cincinnati,129.5,283.5,0,0,2026_1094
Group Stage,In-Season Tournament,2026,10,Birmingham,Columbus,320,93,0,0,2026_1095
Group Stage,In-Season Tournament,2026,10,Kentucky,Little Rock,324.5,88.5,0,0,2026_1096
Group Stage,In-Season Tournament,2026,10,Anaheim,Seattle,207,206,0,0,2026_1097
Group Stage,In-Season Tournament,2026,10,Tampa Bay,Pittsburgh,114,299,0,0,2026_1098
Group Stage,In-Season Tournament,2026,10,Providence,Nashville,258,155,0,0,2026_1099
Group Stage,In-Season Tournament,2026,10,El Paso,Austin,52,361,0,0,2026_1100
Group Stage,In-Season Tournament,2026,10,Vegas,San Diego,361,52,0,0,2026_1101
Group Stage,In-Season Tournament,2026,10,Manchester,Buffalo,196,217,0,0,2026_1102
Group Stage,In-Season Tournament,2026,10,Albuquerque,San Jose,241.5,171.5,0,0,2026_1103
Group Stage,In-Season Tournament,2026,10,Honolulu,Lincoln,309,104,0,0,2026_1104
Group Stage,In-Season Tournament,2026,11,Baltimore,Nashville,330,83,0,0,2026_1105
Group Stage,In-Season Tournament,2026,11,Anchorage,San Jose,345.5,67.5,0,0,2026_1106
Group Stage,In-Season Tournament,2026,11,Jacksonville,Columbus,46.5,366.5,0,0,2026_1107
Group Stage,In-Season Tournament,2026,11,Anaheim,Vegas,278.5,134.5,0,0,2026_1108
Group Stage,In-Season Tournament,2026,11,Cincinnati,Manchester,309,104,0,0,2026_1109
Group Stage,In-Season Tournament,2026,11,Boise,Austin,268,145,0,0,2026_1110
Group Stage,In-Season Tournament,2026,11,Honolulu,Albuquerque,382,31,0,0,2026_1111
Group Stage,In-Season Tournament,2026,11,Tampa Bay,Birmingham,278.5,134.5,0,0,2026_1112
Group Stage,In-Season Tournament,2026,11,Kentucky,Providence,52,361,0,0,2026_1113
Group Stage,In-Season Tournament,2026,11,St. Louis,El Paso,392,21,0,0,2026_1114
Group Stage,In-Season Tournament,2026,11,Tulsa,San Diego,376.5,36.5,0,0,2026_1115
Group Stage,In-Season Tournament,2026,11,Lansing,Buffalo,278,135,0,0,2026_1116
Group Stage,In-Season Tournament,2026,12,Little Rock,Providence,52,361,0,0,2026_1117
Group Stage,In-Season Tournament,2026,12,Des Moines,Manchester,299,114,0,0,2026_1118
Group Stage,In-Season Tournament,2026,12,Lansing,Cincinnati,170.5,242.5,0,0,2026_1119
Group Stage,In-Season Tournament,2026,12,Jacksonville,Tampa Bay,52,361,0,0,2026_1120
Group Stage,In-Season Tournament,2026,12,Lincoln,Albuquerque,206,207,0,0,2026_1121
Group Stage,In-Season Tournament,2026,12,Boise,St. Louis,164,249,0,0,2026_1122
Group Stage,In-Season Tournament,2026,12,Tulsa,Anaheim,139.5,273.5,0,0,2026_1123
Group Stage,In-Season Tournament,2026,12,Vancouver,El Paso,361,52,0,0,2026_1124
Group Stage,In-Season Tournament,2026,12,Baltimore,Kentucky,15.5,397.5,0,0,2026_1125
Group Stage,In-Season Tournament,2026,12,Seattle,Vegas,232.5,180.5,0,0,2026_1126
Group Stage,In-Season Tournament,2026,12,Anchorage,Honolulu,237,176,0,0,2026_1127
Group Stage,In-Season Tournament,2026,12,Pittsburgh,Birmingham,361,52,0,0,2026_1128
Group Stage,In-Season Tournament,2026,13,Pittsburgh,Jacksonville,227,186,0,0,2026_1129
Group Stage,In-Season Tournament,2026,13,Austin,St. Louis,98.5,314.5,0,0,2026_1130
Group Stage,In-Season Tournament,2026,13,San Jose,Honolulu,21,392,0,0,2026_1131
Group Stage,In-Season Tournament,2026,13,Des Moines,Lansing,104,309,0,0,2026_1132
Group Stage,In-Season Tournament,2026,13,Buffalo,Cincinnati,114,299,0,0,2026_1133
Group Stage,In-Season Tournament,2026,13,Seattle,Tulsa,155,258,0,0,2026_1134
Group Stage,In-Season Tournament,2026,13,Lincoln,Anchorage,93,320,0,0,2026_1135
Group Stage,In-Season Tournament,2026,13,Nashville,Kentucky,73,340,0,0,2026_1136
Group Stage,In-Season Tournament,2026,13,Vancouver,Boise,397.5,15.5,0,0,2026_1137
Group Stage,In-Season Tournament,2026,13,Columbus,Tampa Bay,145,268,0,0,2026_1138
Group Stage,In-Season Tournament,2026,13,San Diego,Anaheim,52,361,0,0,2026_1139
Group Stage,In-Season Tournament,2026,13,Little Rock,Baltimore,93,320,0,0,2026_1140
IST Quarterfinals,In-Season Tournament,2026,14,Cincinnati,Pittsburgh,31,382,0,0,2026_1141
IST Quarterfinals,In-Season Tournament,2026,14,St. Louis,Anaheim,171,242,0,0,2026_1142
IST Quarterfinals,In-Season Tournament,2026,14,Honolulu,Anchorage,243.5,169.5,0,0,2026_1143
IST Quarterfinals,In-Season Tournament,2026,14,Kentucky,Providence,238,175,0,0,2026_1144
IST Semifinals,In-Season Tournament,2026,15,Honolulu,Anaheim,237,176,0,0,2026_1145
IST Semifinals,In-Season Tournament,2026,15,Kentucky,Pittsburgh,135,278,0,0,2026_1146
IST Championship,In-Season Tournament,2026,16,Honolulu,Pittsburgh,139.5,273.5,0,0,2026_1147
Play-In Round 1,Play-In,2026,37,Vegas,Lincoln,139.5,273.5,0,0,2026_1148
Play-In Round 1,Play-In,2026,37,Des Moines,Columbus,83,330,0,0,2026_1149
Play-In Round 1,Play-In,2026,37,Albuquerque,Anchorage,98.5,314.5,0,0,2026_1150
Play-In Round 1,Play-In,2026,37,Buffalo,Baltimore,145,268,0,0,2026_1151
Play-In Round 2,Play-In,2026,38,Lincoln,Albuquerque,242.5,170.5,0,0,2026_1152
Play-In Round 2,Play-In,2026,38,Baltimore,Des Moines,228,185,0,0,2026_1153
Conference Quarterfinals,Playoffs,2026,39,Lincoln,Boise,52,361,0,0,2026_1154
Conference Quarterfinals,Playoffs,2026,39,Kentucky,Lansing,221.5,191.5,0,0,2026_1155
Conference Quarterfinals,Playoffs,2026,39,Anaheim,Honolulu,186,227,0,0,2026_1156
Conference Quarterfinals,Playoffs,2026,39,Baltimore,Cincinnati,57.5,355.5,0,0,2026_1157
Conference Quarterfinals,Playoffs,2026,39,Providence,Tampa Bay,155,258,0,0,2026_1158
Conference Quarterfinals,Playoffs,2026,39,Anchorage,Vancouver,93,320,0,0,2026_1159
Conference Quarterfinals,Playoffs,2026,39,Seattle,St. Louis,279,134,0,0,2026_1160
Conference Quarterfinals,Playoffs,2026,39,Columbus,Pittsburgh,145,268,0,0,2026_1161
Conference Semifinals,Playoffs,2026,40,Seattle,Vancouver,299,114,0,0,2026_1162
Conference Semifinals,Playoffs,2026,40,Honolulu,Boise,309,104,0,0,2026_1163
Conference Semifinals,Playoffs,2026,40,Kentucky,Cincinnati,258,155,0,0,2026_1164
Conference Semifinals,Playoffs,2026,40,Tampa Bay,Pittsburgh,176,237,0,0,2026_1165
Conference Finals,Playoffs,2026,41,Seattle,Honolulu,185,228,0,0,2026_1166
Conference Finals,Playoffs,2026,41,Kentucky,Pittsburgh,206,207,0,0,2026_1167
SBCFBL Finals,Playoffs,2026,42,Honolulu,Pittsburgh,309,104,0,0,2026_1168
Regular,Regular Season,2027,1,Tulsa,St. Louis,,,0,0,2027_001
Regular,Regular Season,2027,1,San Diego,Seattle,,,0,0,2027_002
Regular,Regular Season,2027,1,Honolulu,Anchorage,,,0,0,2027_003
Regular,Regular Season,2027,1,San Jose,Des Moines,,,0,0,2027_004
Regular,Regular Season,2027,1,El Paso,Nashville,,,0,0,2027_005
Regular,Regular Season,2027,1,Vegas,Manchester,,,0,0,2027_006
Regular,Regular Season,2027,1,Vancouver,Baltimore,,,0,0,2027_007
Regular,Regular Season,2027,1,Anaheim,Tampa Bay,,,0,0,2027_008
Regular,Regular Season,2027,1,Boise,Columbus,,,0,0,2027_009
Regular,Regular Season,2027,1,Lincoln,Buffalo,,,0,0,2027_010
Regular,Regular Season,2027,1,Albuquerque,Birmingham,,,0,0,2027_011
Regular,Regular Season,2027,1,Austin,Little Rock,,,0,0,2027_012
Regular,Regular Season,2027,1,Lansing,Cincinnati,,,0,0,2027_013
Regular,Regular Season,2027,1,Kentucky,Pittsburgh,,,0,0,2027_014
Regular,Regular Season,2027,1,Jacksonville,Providence,,,0,0,2027_015
Regular,Regular Season,2027,1,Tulsa,Providence,,,0,0,2027_016
Regular,Regular Season,2027,1,Pittsburgh,Jacksonville,,,0,0,2027_017
Regular,Regular Season,2027,1,Cincinnati,Kentucky,,,0,0,2027_018
Regular,Regular Season,2027,1,Little Rock,Lansing,,,0,0,2027_019
Regular,Regular Season,2027,1,Birmingham,Austin,,,0,0,2027_020
Regular,Regular Season,2027,1,Buffalo,Albuquerque,,,0,0,2027_021
Regular,Regular Season,2027,1,Columbus,Lincoln,,,0,0,2027_022
Regular,Regular Season,2027,1,Tampa Bay,Boise,,,0,0,2027_023
Regular,Regular Season,2027,1,Baltimore,Anaheim,,,0,0,2027_024
Regular,Regular Season,2027,1,Manchester,Vancouver,,,0,0,2027_025
Regular,Regular Season,2027,1,Nashville,Vegas,,,0,0,2027_026
Regular,Regular Season,2027,1,Des Moines,El Paso,,,0,0,2027_027
Regular,Regular Season,2027,1,Anchorage,San Jose,,,0,0,2027_028
Regular,Regular Season,2027,1,Seattle,Honolulu,,,0,0,2027_029
Regular,Regular Season,2027,1,St. Louis,San Diego,,,0,0,2027_030
Regular,Regular Season,2027,2,Tulsa,Kentucky,,,0,0,2027_031
Regular,Regular Season,2027,2,Jacksonville,Lansing,,,0,0,2027_032
Regular,Regular Season,2027,2,Providence,Austin,,,0,0,2027_033
Regular,Regular Season,2027,2,Pittsburgh,Albuquerque,,,0,0,2027_034
Regular,Regular Season,2027,2,Cincinnati,Lincoln,,,0,0,2027_035
Regular,Regular Season,2027,2,Little Rock,Boise,,,0,0,2027_036
Regular,Regular Season,2027,2,Birmingham,Anaheim,,,0,0,2027_037
Regular,Regular Season,2027,2,Buffalo,Vancouver,,,0,0,2027_038
Regular,Regular Season,2027,2,Columbus,Vegas,,,0,0,2027_039
Regular,Regular Season,2027,2,Tampa Bay,El Paso,,,0,0,2027_040
Regular,Regular Season,2027,2,Baltimore,San Jose,,,0,0,2027_041
Regular,Regular Season,2027,2,Manchester,Honolulu,,,0,0,2027_042
Regular,Regular Season,2027,2,Nashville,San Diego,,,0,0,2027_043
Regular,Regular Season,2027,2,Des Moines,St. Louis,,,0,0,2027_044
Regular,Regular Season,2027,2,Anchorage,Seattle,,,0,0,2027_045
Regular,Regular Season,2027,2,Des Moines,Tulsa,,,0,0,2027_046
Regular,Regular Season,2027,2,Nashville,Anchorage,,,0,0,2027_047
Regular,Regular Season,2027,2,Manchester,Seattle,,,0,0,2027_048
Regular,Regular Season,2027,2,Baltimore,St. Louis,,,0,0,2027_049
Regular,Regular Season,2027,2,Tampa Bay,San Diego,,,0,0,2027_050
Regular,Regular Season,2027,2,Columbus,Honolulu,,,0,0,2027_051
Regular,Regular Season,2027,2,Buffalo,San Jose,,,0,0,2027_052
Regular,Regular Season,2027,2,Birmingham,El Paso,,,0,0,2027_053
Regular,Regular Season,2027,2,Little Rock,Vegas,,,0,0,2027_054
Regular,Regular Season,2027,2,Cincinnati,Vancouver,,,0,0,2027_055
Regular,Regular Season,2027,2,Pittsburgh,Anaheim,,,0,0,2027_056
Regular,Regular Season,2027,2,Providence,Boise,,,0,0,2027_057
Regular,Regular Season,2027,2,Jacksonville,Lincoln,,,0,0,2027_058
Regular,Regular Season,2027,2,Kentucky,Albuquerque,,,0,0,2027_059
Regular,Regular Season,2027,2,Lansing,Austin,,,0,0,2027_060
Regular,Regular Season,2027,3,Seattle,Tulsa,,,0,0,2027_061
Regular,Regular Season,2027,3,Anchorage,St. Louis,,,0,0,2027_062
Regular,Regular Season,2027,3,Des Moines,San Diego,,,0,0,2027_063
Regular,Regular Season,2027,3,Nashville,Honolulu,,,0,0,2027_064
Regular,Regular Season,2027,3,Manchester,San Jose,,,0,0,2027_065
Regular,Regular Season,2027,3,Baltimore,El Paso,,,0,0,2027_066
Regular,Regular Season,2027,3,Tampa Bay,Vegas,,,0,0,2027_067
Regular,Regular Season,2027,3,Columbus,Vancouver,,,0,0,2027_068
Regular,Regular Season,2027,3,Buffalo,Anaheim,,,0,0,2027_069
Regular,Regular Season,2027,3,Birmingham,Boise,,,0,0,2027_070
Regular,Regular Season,2027,3,Little Rock,Lincoln,,,0,0,2027_071
Regular,Regular Season,2027,3,Cincinnati,Albuquerque,,,0,0,2027_072
Regular,Regular Season,2027,3,Pittsburgh,Austin,,,0,0,2027_073
Regular,Regular Season,2027,3,Providence,Lansing,,,0,0,2027_074
Regular,Regular Season,2027,3,Jacksonville,Kentucky,,,0,0,2027_075
Regular,Regular Season,2027,3,Honolulu,Tulsa,,,0,0,2027_076
Regular,Regular Season,2027,3,San Diego,San Jose,,,0,0,2027_077
Regular,Regular Season,2027,3,St. Louis,El Paso,,,0,0,2027_078
Regular,Regular Season,2027,3,Seattle,Vegas,,,0,0,2027_079
Regular,Regular Season,2027,3,Anchorage,Vancouver,,,0,0,2027_080
Regular,Regular Season,2027,3,Des Moines,Anaheim,,,0,0,2027_081
Regular,Regular Season,2027,3,Nashville,Boise,,,0,0,2027_082
Regular,Regular Season,2027,3,Manchester,Lincoln,,,0,0,2027_083
Regular,Regular Season,2027,3,Baltimore,Albuquerque,,,0,0,2027_084
Regular,Regular Season,2027,3,Tampa Bay,Austin,,,0,0,2027_085
Regular,Regular Season,2027,3,Columbus,Lansing,,,0,0,2027_086
Regular,Regular Season,2027,3,Buffalo,Kentucky,,,0,0,2027_087
Regular,Regular Season,2027,3,Birmingham,Jacksonville,,,0,0,2027_088
Regular,Regular Season,2027,3,Little Rock,Providence,,,0,0,2027_089
Regular,Regular Season,2027,3,Cincinnati,Pittsburgh,,,0,0,2027_090
Regular,Regular Season,2027,4,Tulsa,Anaheim,,,0,0,2027_091
Regular,Regular Season,2027,4,Boise,Vancouver,,,0,0,2027_092
Regular,Regular Season,2027,4,Lincoln,Vegas,,,0,0,2027_093
Regular,Regular Season,2027,4,Albuquerque,El Paso,,,0,0,2027_094
Regular,Regular Season,2027,4,Austin,San Jose,,,0,0,2027_095
Regular,Regular Season,2027,4,Lansing,Honolulu,,,0,0,2027_096
Regular,Regular Season,2027,4,Kentucky,San Diego,,,0,0,2027_097
Regular,Regular Season,2027,4,Jacksonville,St. Louis,,,0,0,2027_098
Regular,Regular Season,2027,4,Providence,Seattle,,,0,0,2027_099
Regular,Regular Season,2027,4,Pittsburgh,Anchorage,,,0,0,2027_100
Regular,Regular Season,2027,4,Cincinnati,Des Moines,,,0,0,2027_101
Regular,Regular Season,2027,4,Little Rock,Nashville,,,0,0,2027_102
Regular,Regular Season,2027,4,Birmingham,Manchester,,,0,0,2027_103
Regular,Regular Season,2027,4,Buffalo,Baltimore,,,0,0,2027_104
Regular,Regular Season,2027,4,Columbus,Tampa Bay,,,0,0,2027_105
Regular,Regular Season,2027,4,Tulsa,Baltimore,,,0,0,2027_106
Regular,Regular Season,2027,4,Manchester,Tampa Bay,,,0,0,2027_107
Regular,Regular Season,2027,4,Nashville,Columbus,,,0,0,2027_108
Regular,Regular Season,2027,4,Des Moines,Buffalo,,,0,0,2027_109
Regular,Regular Season,2027,4,Anchorage,Birmingham,,,0,0,2027_110
Regular,Regular Season,2027,4,Seattle,Little Rock,,,0,0,2027_111
Regular,Regular Season,2027,4,St. Louis,Cincinnati,,,0,0,2027_112
Regular,Regular Season,2027,4,San Diego,Pittsburgh,,,0,0,2027_113
Regular,Regular Season,2027,4,Honolulu,Providence,,,0,0,2027_114
Regular,Regular Season,2027,4,San Jose,Jacksonville,,,0,0,2027_115
Regular,Regular Season,2027,4,El Paso,Kentucky,,,0,0,2027_116
Regular,Regular Season,2027,4,Vegas,Lansing,,,0,0,2027_117
Regular,Regular Season,2027,4,Vancouver,Austin,,,0,0,2027_118
Regular,Regular Season,2027,4,Anaheim,Albuquerque,,,0,0,2027_119
Regular,Regular Season,2027,4,Boise,Lincoln,,,0,0,2027_120
Regular,Regular Season,2027,5,Baltimore,Tulsa,,,0,0,2027_121
Regular,Regular Season,2027,5,Tampa Bay,Manchester,,,0,0,2027_122
Regular,Regular Season,2027,5,Columbus,Nashville,,,0,0,2027_123
Regular,Regular Season,2027,5,Buffalo,Des Moines,,,0,0,2027_124
Regular,Regular Season,2027,5,Birmingham,Anchorage,,,0,0,2027_125
Regular,Regular Season,2027,5,Little Rock,Seattle,,,0,0,2027_126
Regular,Regular Season,2027,5,Cincinnati,St. Louis,,,0,0,2027_127
Regular,Regular Season,2027,5,Pittsburgh,San Diego,,,0,0,2027_128
Regular,Regular Season,2027,5,Providence,Honolulu,,,0,0,2027_129
Regular,Regular Season,2027,5,Jacksonville,San Jose,,,0,0,2027_130
Regular,Regular Season,2027,5,Kentucky,El Paso,,,0,0,2027_131
Regular,Regular Season,2027,5,Lansing,Vegas,,,0,0,2027_132
Regular,Regular Season,2027,5,Austin,Vancouver,,,0,0,2027_133
Regular,Regular Season,2027,5,Albuquerque,Anaheim,,,0,0,2027_134
Regular,Regular Season,2027,5,Lincoln,Boise,,,0,0,2027_135
Regular,Regular Season,2027,5,Boise,Vancouver,,,0,0,2027_136
Regular,Regular Season,2027,5,Lincoln,Vegas,,,0,0,2027_137
Regular,Regular Season,2027,5,Albuquerque,El Paso,,,0,0,2027_138
Regular,Regular Season,2027,5,Austin,San Jose,,,0,0,2027_139
Regular,Regular Season,2027,5,Tulsa,Honolulu,,,0,0,2027_140
Regular,Regular Season,2027,5,Anchorage,San Diego,,,0,0,2027_141
Regular,Regular Season,2027,5,Seattle,St. Louis,,,0,0,2027_142
Regular,Regular Season,2027,5,Anaheim,Pittsburgh,,,0,0,2027_143
Regular,Regular Season,2027,5,Providence,Cincinnati,,,0,0,2027_144
Regular,Regular Season,2027,5,Jacksonville,Little Rock,,,0,0,2027_145
Regular,Regular Season,2027,5,Kentucky,Birmingham,,,0,0,2027_146
Regular,Regular Season,2027,5,Lansing,Buffalo,,,0,0,2027_147
Regular,Regular Season,2027,5,Des Moines,Columbus,,,0,0,2027_148
Regular,Regular Season,2027,5,Nashville,Tampa Bay,,,0,0,2027_149
Regular,Regular Season,2027,5,Manchester,Baltimore,,,0,0,2027_150
Regular,Regular Season,2027,6,Tulsa,Pittsburgh,,,0,0,2027_151
Regular,Regular Season,2027,6,Cincinnati,Providence,,,0,0,2027_152
Regular,Regular Season,2027,6,Little Rock,Jacksonville,,,0,0,2027_153
Regular,Regular Season,2027,6,Birmingham,Kentucky,,,0,0,2027_154
Regular,Regular Season,2027,6,Buffalo,Lansing,,,0,0,2027_155
Regular,Regular Season,2027,6,Columbus,Austin,,,0,0,2027_156
Regular,Regular Season,2027,6,Tampa Bay,Albuquerque,,,0,0,2027_157
Regular,Regular Season,2027,6,Baltimore,Lincoln,,,0,0,2027_158
Regular,Regular Season,2027,6,Manchester,Boise,,,0,0,2027_159
Regular,Regular Season,2027,6,Nashville,Anaheim,,,0,0,2027_160
Regular,Regular Season,2027,6,Des Moines,Vancouver,,,0,0,2027_161
Regular,Regular Season,2027,6,Anchorage,Vegas,,,0,0,2027_162
Regular,Regular Season,2027,6,Seattle,El Paso,,,0,0,2027_163
Regular,Regular Season,2027,6,St. Louis,San Jose,,,0,0,2027_164
Regular,Regular Season,2027,6,San Diego,Honolulu,,,0,0,2027_165
Regular,Regular Season,2027,6,Nashville,Tulsa,,,0,0,2027_166
Regular,Regular Season,2027,6,Manchester,Des Moines,,,0,0,2027_167
Regular,Regular Season,2027,6,Baltimore,Anchorage,,,0,0,2027_168
Regular,Regular Season,2027,6,Tampa Bay,Seattle,,,0,0,2027_169
Regular,Regular Season,2027,6,Columbus,St. Louis,,,0,0,2027_170
Regular,Regular Season,2027,6,Buffalo,San Diego,,,0,0,2027_171
Regular,Regular Season,2027,6,Birmingham,Honolulu,,,0,0,2027_172
Regular,Regular Season,2027,6,Little Rock,San Jose,,,0,0,2027_173
Regular,Regular Season,2027,6,Cincinnati,El Paso,,,0,0,2027_174
Regular,Regular Season,2027,6,Pittsburgh,Vegas,,,0,0,2027_175
Regular,Regular Season,2027,6,Providence,Vancouver,,,0,0,2027_176
Regular,Regular Season,2027,6,Jacksonville,Anaheim,,,0,0,2027_177
Regular,Regular Season,2027,6,Kentucky,Boise,,,0,0,2027_178
Regular,Regular Season,2027,6,Lansing,Lincoln,,,0,0,2027_179
Regular,Regular Season,2027,6,Austin,Albuquerque,,,0,0,2027_180
Regular,Regular Season,2027,7,Anchorage,Tulsa,,,0,0,2027_181
Regular,Regular Season,2027,7,Des Moines,Seattle,,,0,0,2027_182
Regular,Regular Season,2027,7,Nashville,St. Louis,,,0,0,2027_183
Regular,Regular Season,2027,7,Manchester,San Diego,,,0,0,2027_184
Regular,Regular Season,2027,7,Baltimore,Honolulu,,,0,0,2027_185
Regular,Regular Season,2027,7,Tampa Bay,San Jose,,,0,0,2027_186
Regular,Regular Season,2027,7,Columbus,El Paso,,,0,0,2027_187
Regular,Regular Season,2027,7,Buffalo,Vegas,,,0,0,2027_188
Regular,Regular Season,2027,7,Birmingham,Vancouver,,,0,0,2027_189
Regular,Regular Season,2027,7,Little Rock,Anaheim,,,0,0,2027_190
Regular,Regular Season,2027,7,Cincinnati,Boise,,,0,0,2027_191
Regular,Regular Season,2027,7,Pittsburgh,Lincoln,,,0,0,2027_192
Regular,Regular Season,2027,7,Providence,Albuquerque,,,0,0,2027_193
Regular,Regular Season,2027,7,Jacksonville,Austin,,,0,0,2027_194
Regular,Regular Season,2027,7,Kentucky,Lansing,,,0,0,2027_195
Regular,Regular Season,2027,7,Cincinnati,Tulsa,,,0,0,2027_196
Regular,Regular Season,2027,7,Pittsburgh,Little Rock,,,0,0,2027_197
Regular,Regular Season,2027,7,Providence,Birmingham,,,0,0,2027_198
Regular,Regular Season,2027,7,Jacksonville,Buffalo,,,0,0,2027_199
Regular,Regular Season,2027,7,Kentucky,Columbus,,,0,0,2027_200
Regular,Regular Season,2027,7,Lansing,Tampa Bay,,,0,0,2027_201
Regular,Regular Season,2027,7,Austin,Baltimore,,,0,0,2027_202
Regular,Regular Season,2027,7,Albuquerque,Manchester,,,0,0,2027_203
Regular,Regular Season,2027,7,Lincoln,Nashville,,,0,0,2027_204
Regular,Regular Season,2027,7,Boise,Des Moines,,,0,0,2027_205
Regular,Regular Season,2027,7,Anaheim,Anchorage,,,0,0,2027_206
Regular,Regular Season,2027,7,Vancouver,Seattle,,,0,0,2027_207
Regular,Regular Season,2027,7,Vegas,St. Louis,,,0,0,2027_208
Regular,Regular Season,2027,7,El Paso,San Diego,,,0,0,2027_209
Regular,Regular Season,2027,7,San Jose,Honolulu,,,0,0,2027_210
Regular,Regular Season,2027,8,Anchorage,Austin,,,0,0,2027_211
Regular,Regular Season,2027,8,Seattle,Albuquerque,,,0,0,2027_212
Regular,Regular Season,2027,8,St. Louis,Lincoln,,,0,0,2027_213
Regular,Regular Season,2027,8,San Diego,Boise,,,0,0,2027_214
Regular,Regular Season,2027,8,Honolulu,Anaheim,,,0,0,2027_215
Regular,Regular Season,2027,8,San Jose,Vancouver,,,0,0,2027_216
Regular,Regular Season,2027,8,El Paso,Vegas,,,0,0,2027_217
Regular,Regular Season,2027,8,Tulsa,Des Moines,,,0,0,2027_218
Regular,Regular Season,2027,8,Nashville,Lansing,,,0,0,2027_219
Regular,Regular Season,2027,8,Manchester,Kentucky,,,0,0,2027_220
Regular,Regular Season,2027,8,Baltimore,Jacksonville,,,0,0,2027_221
Regular,Regular Season,2027,8,Tampa Bay,Providence,,,0,0,2027_222
Regular,Regular Season,2027,8,Columbus,Pittsburgh,,,0,0,2027_223
Regular,Regular Season,2027,8,Buffalo,Cincinnati,,,0,0,2027_224
Regular,Regular Season,2027,8,Birmingham,Little Rock,,,0,0,2027_225
Regular,Regular Season,2027,8,St. Louis,Anchorage,,,0,0,2027_226
Regular,Regular Season,2027,8,San Diego,Tulsa,,,0,0,2027_227
Regular,Regular Season,2027,8,Honolulu,Austin,,,0,0,2027_228
Regular,Regular Season,2027,8,San Jose,Albuquerque,,,0,0,2027_229
Regular,Regular Season,2027,8,El Paso,Lincoln,,,0,0,2027_230
Regular,Regular Season,2027,8,Vegas,Boise,,,0,0,2027_231
Regular,Regular Season,2027,8,Vancouver,Anaheim,,,0,0,2027_232
Regular,Regular Season,2027,8,Seattle,Manchester,,,0,0,2027_233
Regular,Regular Season,2027,8,Baltimore,Nashville,,,0,0,2027_234
Regular,Regular Season,2027,8,Tampa Bay,Des Moines,,,0,0,2027_235
Regular,Regular Season,2027,8,Columbus,Lansing,,,0,0,2027_236
Regular,Regular Season,2027,8,Buffalo,Kentucky,,,0,0,2027_237
Regular,Regular Season,2027,8,Birmingham,Jacksonville,,,0,0,2027_238
Regular,Regular Season,2027,8,Little Rock,Providence,,,0,0,2027_239
Regular,Regular Season,2027,8,Cincinnati,Pittsburgh,,,0,0,2027_240
Regular,Regular Season,2027,9,Tulsa,Seattle,,,0,0,2027_241
Regular,Regular Season,2027,9,St. Louis,Anchorage,,,0,0,2027_242
Regular,Regular Season,2027,9,San Diego,Des Moines,,,0,0,2027_243
Regular,Regular Season,2027,9,Honolulu,Nashville,,,0,0,2027_244
Regular,Regular Season,2027,9,San Jose,Manchester,,,0,0,2027_245
Regular,Regular Season,2027,9,El Paso,Baltimore,,,0,0,2027_246
Regular,Regular Season,2027,9,Vegas,Tampa Bay,,,0,0,2027_247
Regular,Regular Season,2027,9,Vancouver,Columbus,,,0,0,2027_248
Regular,Regular Season,2027,9,Anaheim,Buffalo,,,0,0,2027_249
Regular,Regular Season,2027,9,Boise,Birmingham,,,0,0,2027_250
Regular,Regular Season,2027,9,Lincoln,Little Rock,,,0,0,2027_251
Regular,Regular Season,2027,9,Albuquerque,Cincinnati,,,0,0,2027_252
Regular,Regular Season,2027,9,Austin,Pittsburgh,,,0,0,2027_253
Regular,Regular Season,2027,9,Lansing,Providence,,,0,0,2027_254
Regular,Regular Season,2027,9,Kentucky,Jacksonville,,,0,0,2027_255
Regular,Regular Season,2027,9,Albuquerque,Boise,,,0,0,2027_256
Regular,Regular Season,2027,9,Austin,Anaheim,,,0,0,2027_257
Regular,Regular Season,2027,9,Tulsa,Vancouver,,,0,0,2027_258
Regular,Regular Season,2027,9,Anchorage,Vegas,,,0,0,2027_259
Regular,Regular Season,2027,9,Seattle,El Paso,,,0,0,2027_260
Regular,Regular Season,2027,9,St. Louis,San Jose,,,0,0,2027_261
Regular,Regular Season,2027,9,San Diego,Honolulu,,,0,0,2027_262
Regular,Regular Season,2027,9,Lincoln,Jacksonville,,,0,0,2027_263
Regular,Regular Season,2027,9,Kentucky,Providence,,,0,0,2027_264
Regular,Regular Season,2027,9,Lansing,Pittsburgh,,,0,0,2027_265
Regular,Regular Season,2027,9,Des Moines,Cincinnati,,,0,0,2027_266
Regular,Regular Season,2027,9,Nashville,Little Rock,,,0,0,2027_267
Regular,Regular Season,2027,9,Manchester,Birmingham,,,0,0,2027_268
Regular,Regular Season,2027,9,Baltimore,Buffalo,,,0,0,2027_269
Regular,Regular Season,2027,9,Tampa Bay,Columbus,,,0,0,2027_270
Regular,Regular Season,2027,10,Albuquerque,Tulsa,,,0,0,2027_271
Regular,Regular Season,2027,10,Lincoln,Austin,,,0,0,2027_272
Regular,Regular Season,2027,10,Boise,Lansing,,,0,0,2027_273
Regular,Regular Season,2027,10,Anaheim,Kentucky,,,0,0,2027_274
Regular,Regular Season,2027,10,Vancouver,Jacksonville,,,0,0,2027_275
Regular,Regular Season,2027,10,Vegas,Providence,,,0,0,2027_276
Regular,Regular Season,2027,10,El Paso,Pittsburgh,,,0,0,2027_277
Regular,Regular Season,2027,10,San Jose,Cincinnati,,,0,0,2027_278
Regular,Regular Season,2027,10,Honolulu,Little Rock,,,0,0,2027_279
Regular,Regular Season,2027,10,San Diego,Birmingham,,,0,0,2027_280
Regular,Regular Season,2027,10,St. Louis,Buffalo,,,0,0,2027_281
Regular,Regular Season,2027,10,Seattle,Columbus,,,0,0,2027_282
Regular,Regular Season,2027,10,Anchorage,Tampa Bay,,,0,0,2027_283
Regular,Regular Season,2027,10,Des Moines,Baltimore,,,0,0,2027_284
Regular,Regular Season,2027,10,Nashville,Manchester,,,0,0,2027_285
Regular,Regular Season,2027,10,Austin,Tulsa,,,0,0,2027_286
Regular,Regular Season,2027,10,Albuquerque,Lansing,,,0,0,2027_287
Regular,Regular Season,2027,10,Lincoln,Kentucky,,,0,0,2027_288
Regular,Regular Season,2027,10,Boise,Jacksonville,,,0,0,2027_289
Regular,Regular Season,2027,10,Anaheim,Providence,,,0,0,2027_290
Regular,Regular Season,2027,10,Vancouver,Pittsburgh,,,0,0,2027_291
Regular,Regular Season,2027,10,Vegas,Cincinnati,,,0,0,2027_292
Regular,Regular Season,2027,10,El Paso,Little Rock,,,0,0,2027_293
Regular,Regular Season,2027,10,San Jose,Birmingham,,,0,0,2027_294
Regular,Regular Season,2027,10,Honolulu,Buffalo,,,0,0,2027_295
Regular,Regular Season,2027,10,San Diego,Columbus,,,0,0,2027_296
Regular,Regular Season,2027,10,St. Louis,Tampa Bay,,,0,0,2027_297
Regular,Regular Season,2027,10,Seattle,Baltimore,,,0,0,2027_298
Regular,Regular Season,2027,10,Anchorage,Manchester,,,0,0,2027_299
Regular,Regular Season,2027,10,Des Moines,Nashville,,,0,0,2027_300
Regular,Regular Season,2027,11,Tulsa,Honolulu,,,0,0,2027_301
Regular,Regular Season,2027,11,San Jose,San Diego,,,0,0,2027_302
Regular,Regular Season,2027,11,El Paso,St. Louis,,,0,0,2027_303
Regular,Regular Season,2027,11,Vegas,Seattle,,,0,0,2027_304
Regular,Regular Season,2027,11,Vancouver,Anchorage,,,0,0,2027_305
Regular,Regular Season,2027,11,Anaheim,Des Moines,,,0,0,2027_306
Regular,Regular Season,2027,11,Boise,Nashville,,,0,0,2027_307
Regular,Regular Season,2027,11,Lincoln,Manchester,,,0,0,2027_308
Regular,Regular Season,2027,11,Albuquerque,Baltimore,,,0,0,2027_309
Regular,Regular Season,2027,11,Austin,Tampa Bay,,,0,0,2027_310
Regular,Regular Season,2027,11,Lansing,Columbus,,,0,0,2027_311
Regular,Regular Season,2027,11,Kentucky,Buffalo,,,0,0,2027_312
Regular,Regular Season,2027,11,Jacksonville,Birmingham,,,0,0,2027_313
Regular,Regular Season,2027,11,Providence,Little Rock,,,0,0,2027_314
Regular,Regular Season,2027,11,Pittsburgh,Cincinnati,,,0,0,2027_315
Regular,Regular Season,2027,11,Tulsa,Vegas,,,0,0,2027_316
Regular,Regular Season,2027,11,Vancouver,El Paso,,,0,0,2027_317
Regular,Regular Season,2027,11,Anaheim,San Jose,,,0,0,2027_318
Regular,Regular Season,2027,11,Boise,Honolulu,,,0,0,2027_319
Regular,Regular Season,2027,11,Lincoln,San Diego,,,0,0,2027_320
Regular,Regular Season,2027,11,Albuquerque,St. Louis,,,0,0,2027_321
Regular,Regular Season,2027,11,Austin,Seattle,,,0,0,2027_322
Regular,Regular Season,2027,11,Lansing,Anchorage,,,0,0,2027_323
Regular,Regular Season,2027,11,Kentucky,Des Moines,,,0,0,2027_324
Regular,Regular Season,2027,11,Jacksonville,Nashville,,,0,0,2027_325
Regular,Regular Season,2027,11,Providence,Manchester,,,0,0,2027_326
Regular,Regular Season,2027,11,Pittsburgh,Baltimore,,,0,0,2027_327
Regular,Regular Season,2027,11,Cincinnati,Tampa Bay,,,0,0,2027_328
Regular,Regular Season,2027,11,Little Rock,Columbus,,,0,0,2027_329
Regular,Regular Season,2027,11,Birmingham,Buffalo,,,0,0,2027_330
Regular,Regular Season,2027,12,Lansing,Tulsa,,,0,0,2027_331
Regular,Regular Season,2027,12,Austin,Kentucky,,,0,0,2027_332
Regular,Regular Season,2027,12,Albuquerque,Jacksonville,,,0,0,2027_333
Regular,Regular Season,2027,12,Lincoln,Providence,,,0,0,2027_334
Regular,Regular Season,2027,12,Boise,Pittsburgh,,,0,0,2027_335
Regular,Regular Season,2027,12,Anaheim,Cincinnati,,,0,0,2027_336
Regular,Regular Season,2027,12,Vancouver,Little Rock,,,0,0,2027_337
Regular,Regular Season,2027,12,Vegas,Birmingham,,,0,0,2027_338
Regular,Regular Season,2027,12,El Paso,Buffalo,,,0,0,2027_339
Regular,Regular Season,2027,12,San Jose,Columbus,,,0,0,2027_340
Regular,Regular Season,2027,12,Honolulu,Tampa Bay,,,0,0,2027_341
Regular,Regular Season,2027,12,San Diego,Baltimore,,,0,0,2027_342
Regular,Regular Season,2027,12,St. Louis,Manchester,,,0,0,2027_343
Regular,Regular Season,2027,12,Seattle,Nashville,,,0,0,2027_344
Regular,Regular Season,2027,12,Anchorage,Des Moines,,,0,0,2027_345
Regular,Regular Season,2027,12,San Diego,Seattle,,,0,0,2027_346
Regular,Regular Season,2027,12,Honolulu,Anchorage,,,0,0,2027_347
Regular,Regular Season,2027,12,San Jose,Tulsa,,,0,0,2027_348
Regular,Regular Season,2027,12,El Paso,Austin,,,0,0,2027_349
Regular,Regular Season,2027,12,Vegas,Albuquerque,,,0,0,2027_350
Regular,Regular Season,2027,12,Vancouver,Lincoln,,,0,0,2027_351
Regular,Regular Season,2027,12,Anaheim,Boise,,,0,0,2027_352
Regular,Regular Season,2027,12,St. Louis,Baltimore,,,0,0,2027_353
Regular,Regular Season,2027,12,Tampa Bay,Manchester,,,0,0,2027_354
Regular,Regular Season,2027,12,Columbus,Nashville,,,0,0,2027_355
Regular,Regular Season,2027,12,Buffalo,Des Moines,,,0,0,2027_356
Regular,Regular Season,2027,12,Birmingham,Lansing,,,0,0,2027_357
Regular,Regular Season,2027,12,Little Rock,Kentucky,,,0,0,2027_358
Regular,Regular Season,2027,12,Cincinnati,Jacksonville,,,0,0,2027_359
Regular,Regular Season,2027,12,Pittsburgh,Providence,,,0,0,2027_360
Regular,Regular Season,2027,13,Tulsa,Lansing,,,0,0,2027_361
Regular,Regular Season,2027,13,Kentucky,Austin,,,0,0,2027_362
Regular,Regular Season,2027,13,Jacksonville,Albuquerque,,,0,0,2027_363
Regular,Regular Season,2027,13,Providence,Lincoln,,,0,0,2027_364
Regular,Regular Season,2027,13,Pittsburgh,Boise,,,0,0,2027_365
Regular,Regular Season,2027,13,Cincinnati,Anaheim,,,0,0,2027_366
Regular,Regular Season,2027,13,Little Rock,Vancouver,,,0,0,2027_367
Regular,Regular Season,2027,13,Birmingham,Vegas,,,0,0,2027_368
Regular,Regular Season,2027,13,Buffalo,El Paso,,,0,0,2027_369
Regular,Regular Season,2027,13,Columbus,San Jose,,,0,0,2027_370
Regular,Regular Season,2027,13,Tampa Bay,Honolulu,,,0,0,2027_371
Regular,Regular Season,2027,13,Baltimore,San Diego,,,0,0,2027_372
Regular,Regular Season,2027,13,Manchester,St. Louis,,,0,0,2027_373
Regular,Regular Season,2027,13,Nashville,Seattle,,,0,0,2027_374
Regular,Regular Season,2027,13,Des Moines,Anchorage,,,0,0,2027_375
Regular,Regular Season,2027,13,Tampa Bay,Tulsa,,,0,0,2027_376
Regular,Regular Season,2027,13,Columbus,Baltimore,,,0,0,2027_377
Regular,Regular Season,2027,13,Buffalo,Manchester,,,0,0,2027_378
Regular,Regular Season,2027,13,Birmingham,Nashville,,,0,0,2027_379
Regular,Regular Season,2027,13,Little Rock,Des Moines,,,0,0,2027_380
Regular,Regular Season,2027,13,Cincinnati,Anchorage,,,0,0,2027_381
Regular,Regular Season,2027,13,Pittsburgh,Seattle,,,0,0,2027_382
Regular,Regular Season,2027,13,Providence,St. Louis,,,0,0,2027_383
Regular,Regular Season,2027,13,Jacksonville,San Diego,,,0,0,2027_384
Regular,Regular Season,2027,13,Kentucky,Honolulu,,,0,0,2027_385
Regular,Regular Season,2027,13,Lansing,San Jose,,,0,0,2027_386
Regular,Regular Season,2027,13,Austin,El Paso,,,0,0,2027_387
Regular,Regular Season,2027,13,Albuquerque,Vegas,,,0,0,2027_388
Regular,Regular Season,2027,13,Lincoln,Vancouver,,,0,0,2027_389
Regular,Regular Season,2027,13,Boise,Anaheim,,,0,0,2027_390
Regular,Regular Season,2027,14,Birmingham,Tulsa,,,0,0,2027_391
Regular,Regular Season,2027,14,Little Rock,Buffalo,,,0,0,2027_392
Regular,Regular Season,2027,14,Cincinnati,Columbus,,,0,0,2027_393
Regular,Regular Season,2027,14,Pittsburgh,Tampa Bay,,,0,0,2027_394
Regular,Regular Season,2027,14,Providence,Baltimore,,,0,0,2027_395
Regular,Regular Season,2027,14,Jacksonville,Manchester,,,0,0,2027_396
Regular,Regular Season,2027,14,Kentucky,Nashville,,,0,0,2027_397
Regular,Regular Season,2027,14,Lansing,Des Moines,,,0,0,2027_398
Regular,Regular Season,2027,14,Austin,Anchorage,,,0,0,2027_399
Regular,Regular Season,2027,14,Albuquerque,Seattle,,,0,0,2027_400
Regular,Regular Season,2027,14,Lincoln,St. Louis,,,0,0,2027_401
Regular,Regular Season,2027,14,Boise,San Diego,,,0,0,2027_402
Regular,Regular Season,2027,14,Anaheim,Honolulu,,,0,0,2027_403
Regular,Regular Season,2027,14,Vancouver,San Jose,,,0,0,2027_404
Regular,Regular Season,2027,14,Vegas,El Paso,,,0,0,2027_405
Regular,Regular Season,2027,14,Honolulu,St. Louis,,,0,0,2027_406
Regular,Regular Season,2027,14,San Jose,Seattle,,,0,0,2027_407
Regular,Regular Season,2027,14,El Paso,Anchorage,,,0,0,2027_408
Regular,Regular Season,2027,14,Vegas,Tulsa,,,0,0,2027_409
Regular,Regular Season,2027,14,Vancouver,Austin,,,0,0,2027_410
Regular,Regular Season,2027,14,Anaheim,Albuquerque,,,0,0,2027_411
Regular,Regular Season,2027,14,Boise,Lincoln,,,0,0,2027_412
Regular,Regular Season,2027,14,San Diego,Tampa Bay,,,0,0,2027_413
Regular,Regular Season,2027,14,Columbus,Baltimore,,,0,0,2027_414
Regular,Regular Season,2027,14,Buffalo,Manchester,,,0,0,2027_415
Regular,Regular Season,2027,14,Birmingham,Nashville,,,0,0,2027_416
Regular,Regular Season,2027,14,Little Rock,Des Moines,,,0,0,2027_417
Regular,Regular Season,2027,14,Cincinnati,Lansing,,,0,0,2027_418
Regular,Regular Season,2027,14,Pittsburgh,Kentucky,,,0,0,2027_419
Regular,Regular Season,2027,14,Providence,Jacksonville,,,0,0,2027_420
Regular,Regular Season,2027,15,Kentucky,Tulsa,,,0,0,2027_421
Regular,Regular Season,2027,15,Lansing,Jacksonville,,,0,0,2027_422
Regular,Regular Season,2027,15,Austin,Providence,,,0,0,2027_423
Regular,Regular Season,2027,15,Albuquerque,Pittsburgh,,,0,0,2027_424
Regular,Regular Season,2027,15,Lincoln,Cincinnati,,,0,0,2027_425
Regular,Regular Season,2027,15,Boise,Little Rock,,,0,0,2027_426
Regular,Regular Season,2027,15,Anaheim,Birmingham,,,0,0,2027_427
Regular,Regular Season,2027,15,Vancouver,Buffalo,,,0,0,2027_428
Regular,Regular Season,2027,15,Vegas,Columbus,,,0,0,2027_429
Regular,Regular Season,2027,15,El Paso,Tampa Bay,,,0,0,2027_430
Regular,Regular Season,2027,15,San Jose,Baltimore,,,0,0,2027_431
Regular,Regular Season,2027,15,Honolulu,Manchester,,,0,0,2027_432
Regular,Regular Season,2027,15,San Diego,Nashville,,,0,0,2027_433
Regular,Regular Season,2027,15,St. Louis,Des Moines,,,0,0,2027_434
Regular,Regular Season,2027,15,Seattle,Anchorage,,,0,0,2027_435
Regular,Regular Season,2027,15,Boise,Tulsa,,,0,0,2027_436
Regular,Regular Season,2027,15,Anaheim,Lincoln,,,0,0,2027_437
Regular,Regular Season,2027,15,Vancouver,Albuquerque,,,0,0,2027_438
Regular,Regular Season,2027,15,Vegas,Austin,,,0,0,2027_439
Regular,Regular Season,2027,15,El Paso,Lansing,,,0,0,2027_440
Regular,Regular Season,2027,15,San Jose,Kentucky,,,0,0,2027_441
Regular,Regular Season,2027,15,Honolulu,Jacksonville,,,0,0,2027_442
Regular,Regular Season,2027,15,San Diego,Providence,,,0,0,2027_443
Regular,Regular Season,2027,15,St. Louis,Pittsburgh,,,0,0,2027_444
Regular,Regular Season,2027,15,Seattle,Cincinnati,,,0,0,2027_445
Regular,Regular Season,2027,15,Anchorage,Little Rock,,,0,0,2027_446
Regular,Regular Season,2027,15,Des Moines,Birmingham,,,0,0,2027_447
Regular,Regular Season,2027,15,Nashville,Buffalo,,,0,0,2027_448
Regular,Regular Season,2027,15,Manchester,Columbus,,,0,0,2027_449
Regular,Regular Season,2027,15,Baltimore,Tampa Bay,,,0,0,2027_450
Regular,Regular Season,2027,16,Vegas,Tulsa,,,0,0,2027_451
Regular,Regular Season,2027,16,El Paso,Vancouver,,,0,0,2027_452
Regular,Regular Season,2027,16,San Jose,Anaheim,,,0,0,2027_453
Regular,Regular Season,2027,16,Honolulu,Boise,,,0,0,2027_454
Regular,Regular Season,2027,16,San Diego,Lincoln,,,0,0,2027_455
Regular,Regular Season,2027,16,St. Louis,Albuquerque,,,0,0,2027_456
Regular,Regular Season,2027,16,Seattle,Austin,,,0,0,2027_457
Regular,Regular Season,2027,16,Anchorage,Lansing,,,0,0,2027_458
Regular,Regular Season,2027,16,Des Moines,Kentucky,,,0,0,2027_459
Regular,Regular Season,2027,16,Nashville,Jacksonville,,,0,0,2027_460
Regular,Regular Season,2027,16,Manchester,Providence,,,0,0,2027_461
Regular,Regular Season,2027,16,Baltimore,Pittsburgh,,,0,0,2027_462
Regular,Regular Season,2027,16,Tampa Bay,Cincinnati,,,0,0,2027_463
Regular,Regular Season,2027,16,Columbus,Little Rock,,,0,0,2027_464
Regular,Regular Season,2027,16,Buffalo,Birmingham,,,0,0,2027_465
Regular,Regular Season,2027,16,Anaheim,Vegas,,,0,0,2027_466
Regular,Regular Season,2027,16,Boise,El Paso,,,0,0,2027_467
Regular,Regular Season,2027,16,Lincoln,San Jose,,,0,0,2027_468
Regular,Regular Season,2027,16,Albuquerque,Honolulu,,,0,0,2027_469
Regular,Regular Season,2027,16,Austin,San Diego,,,0,0,2027_470
Regular,Regular Season,2027,16,Tulsa,St. Louis,,,0,0,2027_471
Regular,Regular Season,2027,16,Anchorage,Seattle,,,0,0,2027_472
Regular,Regular Season,2027,16,Vancouver,Cincinnati,,,0,0,2027_473
Regular,Regular Season,2027,16,Pittsburgh,Little Rock,,,0,0,2027_474
Regular,Regular Season,2027,16,Providence,Birmingham,,,0,0,2027_475
Regular,Regular Season,2027,16,Jacksonville,Buffalo,,,0,0,2027_476
Regular,Regular Season,2027,16,Kentucky,Columbus,,,0,0,2027_477
Regular,Regular Season,2027,16,Lansing,Tampa Bay,,,0,0,2027_478
Regular,Regular Season,2027,16,Des Moines,Baltimore,,,0,0,2027_479
Regular,Regular Season,2027,16,Nashville,Manchester,,,0,0,2027_480
Regular,Regular Season,2027,17,San Diego,Tulsa,,,0,0,2027_481
Regular,Regular Season,2027,17,St. Louis,Honolulu,,,0,0,2027_482
Regular,Regular Season,2027,17,Seattle,San Jose,,,0,0,2027_483
Regular,Regular Season,2027,17,Anchorage,El Paso,,,0,0,2027_484
Regular,Regular Season,2027,17,Des Moines,Vegas,,,0,0,2027_485
Regular,Regular Season,2027,17,Nashville,Vancouver,,,0,0,2027_486
Regular,Regular Season,2027,17,Manchester,Anaheim,,,0,0,2027_487
Regular,Regular Season,2027,17,Baltimore,Boise,,,0,0,2027_488
Regular,Regular Season,2027,17,Tampa Bay,Lincoln,,,0,0,2027_489
Regular,Regular Season,2027,17,Columbus,Albuquerque,,,0,0,2027_490
Regular,Regular Season,2027,17,Buffalo,Austin,,,0,0,2027_491
Regular,Regular Season,2027,17,Birmingham,Lansing,,,0,0,2027_492
Regular,Regular Season,2027,17,Little Rock,Kentucky,,,0,0,2027_493
Regular,Regular Season,2027,17,Cincinnati,Jacksonville,,,0,0,2027_494
Regular,Regular Season,2027,17,Pittsburgh,Providence,,,0,0,2027_495
Regular,Regular Season,2027,17,Austin,Lincoln,,,0,0,2027_496
Regular,Regular Season,2027,17,Tulsa,Boise,,,0,0,2027_497
Regular,Regular Season,2027,17,Anchorage,Anaheim,,,0,0,2027_498
Regular,Regular Season,2027,17,Seattle,Vancouver,,,0,0,2027_499
Regular,Regular Season,2027,17,St. Louis,Vegas,,,0,0,2027_500
Regular,Regular Season,2027,17,San Diego,El Paso,,,0,0,2027_501
Regular,Regular Season,2027,17,Honolulu,San Jose,,,0,0,2027_502
Regular,Regular Season,2027,17,Albuquerque,Kentucky,,,0,0,2027_503
Regular,Regular Season,2027,17,Lansing,Jacksonville,,,0,0,2027_504
Regular,Regular Season,2027,17,Des Moines,Providence,,,0,0,2027_505
Regular,Regular Season,2027,17,Nashville,Pittsburgh,,,0,0,2027_506
Regular,Regular Season,2027,17,Manchester,Cincinnati,,,0,0,2027_507
Regular,Regular Season,2027,17,Baltimore,Little Rock,,,0,0,2027_508
Regular,Regular Season,2027,17,Tampa Bay,Birmingham,,,0,0,2027_509
Regular,Regular Season,2027,17,Columbus,Buffalo,,,0,0,2027_510
Regular,Regular Season,2027,18,Tulsa,El Paso,,,0,0,2027_511
Regular,Regular Season,2027,18,Vegas,San Jose,,,0,0,2027_512
Regular,Regular Season,2027,18,Vancouver,Honolulu,,,0,0,2027_513
Regular,Regular Season,2027,18,Anaheim,San Diego,,,0,0,2027_514
Regular,Regular Season,2027,18,Boise,St. Louis,,,0,0,2027_515
Regular,Regular Season,2027,18,Lincoln,Seattle,,,0,0,2027_516
Regular,Regular Season,2027,18,Albuquerque,Anchorage,,,0,0,2027_517
Regular,Regular Season,2027,18,Austin,Des Moines,,,0,0,2027_518
Regular,Regular Season,2027,18,Lansing,Nashville,,,0,0,2027_519
Regular,Regular Season,2027,18,Kentucky,Manchester,,,0,0,2027_520
Regular,Regular Season,2027,18,Jacksonville,Baltimore,,,0,0,2027_521
Regular,Regular Season,2027,18,Providence,Tampa Bay,,,0,0,2027_522
Regular,Regular Season,2027,18,Pittsburgh,Columbus,,,0,0,2027_523
Regular,Regular Season,2027,18,Cincinnati,Buffalo,,,0,0,2027_524
Regular,Regular Season,2027,18,Little Rock,Birmingham,,,0,0,2027_525
Regular,Regular Season,2027,18,El Paso,Honolulu,,,0,0,2027_526
Regular,Regular Season,2027,18,Vegas,San Diego,,,0,0,2027_527
Regular,Regular Season,2027,18,Vancouver,St. Louis,,,0,0,2027_528
Regular,Regular Season,2027,18,Anaheim,Seattle,,,0,0,2027_529
Regular,Regular Season,2027,18,Boise,Anchorage,,,0,0,2027_530
Regular,Regular Season,2027,18,Lincoln,Tulsa,,,0,0,2027_531
Regular,Regular Season,2027,18,Albuquerque,Austin,,,0,0,2027_532
Regular,Regular Season,2027,18,San Jose,Buffalo,,,0,0,2027_533
Regular,Regular Season,2027,18,Birmingham,Columbus,,,0,0,2027_534
Regular,Regular Season,2027,18,Little Rock,Tampa Bay,,,0,0,2027_535
Regular,Regular Season,2027,18,Cincinnati,Baltimore,,,0,0,2027_536
Regular,Regular Season,2027,18,Pittsburgh,Manchester,,,0,0,2027_537
Regular,Regular Season,2027,18,Providence,Nashville,,,0,0,2027_538
Regular,Regular Season,2027,18,Jacksonville,Des Moines,,,0,0,2027_539
Regular,Regular Season,2027,18,Kentucky,Lansing,,,0,0,2027_540
Regular,Regular Season,2027,19,Tulsa,Lincoln,,,0,0,2027_541
Regular,Regular Season,2027,19,Albuquerque,Boise,,,0,0,2027_542
Regular,Regular Season,2027,19,Austin,Anaheim,,,0,0,2027_543
Regular,Regular Season,2027,19,Lansing,Vancouver,,,0,0,2027_544
Regular,Regular Season,2027,19,Kentucky,Vegas,,,0,0,2027_545
Regular,Regular Season,2027,19,Jacksonville,El Paso,,,0,0,2027_546
Regular,Regular Season,2027,19,Providence,San Jose,,,0,0,2027_547
Regular,Regular Season,2027,19,Pittsburgh,Honolulu,,,0,0,2027_548
Regular,Regular Season,2027,19,Cincinnati,San Diego,,,0,0,2027_549
Regular,Regular Season,2027,19,Little Rock,St. Louis,,,0,0,2027_550
Regular,Regular Season,2027,19,Birmingham,Seattle,,,0,0,2027_551
Regular,Regular Season,2027,19,Buffalo,Anchorage,,,0,0,2027_552
Regular,Regular Season,2027,19,Columbus,Des Moines,,,0,0,2027_553
Regular,Regular Season,2027,19,Tampa Bay,Nashville,,,0,0,2027_554
Regular,Regular Season,2027,19,Baltimore,Manchester,,,0,0,2027_555
Regular,Regular Season,2027,19,Tulsa,Birmingham,,,0,0,2027_556
Regular,Regular Season,2027,19,Buffalo,Little Rock,,,0,0,2027_557
Regular,Regular Season,2027,19,Columbus,Cincinnati,,,0,0,2027_558
Regular,Regular Season,2027,19,Tampa Bay,Pittsburgh,,,0,0,2027_559
Regular,Regular Season,2027,19,Baltimore,Providence,,,0,0,2027_560
Regular,Regular Season,2027,19,Manchester,Jacksonville,,,0,0,2027_561
Regular,Regular Season,2027,19,Nashville,Kentucky,,,0,0,2027_562
Regular,Regular Season,2027,19,Des Moines,Lansing,,,0,0,2027_563
Regular,Regular Season,2027,19,Anchorage,Austin,,,0,0,2027_564
Regular,Regular Season,2027,19,Seattle,Albuquerque,,,0,0,2027_565
Regular,Regular Season,2027,19,St. Louis,Lincoln,,,0,0,2027_566
Regular,Regular Season,2027,19,San Diego,Boise,,,0,0,2027_567
Regular,Regular Season,2027,19,Honolulu,Anaheim,,,0,0,2027_568
Regular,Regular Season,2027,19,San Jose,Vancouver,,,0,0,2027_569
Regular,Regular Season,2027,19,El Paso,Vegas,,,0,0,2027_570
Regular,Regular Season,2027,20,Tulsa,Albuquerque,,,0,0,2027_571
Regular,Regular Season,2027,20,Austin,Lincoln,,,0,0,2027_572
Regular,Regular Season,2027,20,Lansing,Boise,,,0,0,2027_573
Regular,Regular Season,2027,20,Kentucky,Anaheim,,,0,0,2027_574
Regular,Regular Season,2027,20,Jacksonville,Vancouver,,,0,0,2027_575
Regular,Regular Season,2027,20,Providence,Vegas,,,0,0,2027_576
Regular,Regular Season,2027,20,Pittsburgh,El Paso,,,0,0,2027_577
Regular,Regular Season,2027,20,Cincinnati,San Jose,,,0,0,2027_578
Regular,Regular Season,2027,20,Little Rock,Honolulu,,,0,0,2027_579
Regular,Regular Season,2027,20,Birmingham,San Diego,,,0,0,2027_580
Regular,Regular Season,2027,20,Buffalo,St. Louis,,,0,0,2027_581
Regular,Regular Season,2027,20,Columbus,Seattle,,,0,0,2027_582
Regular,Regular Season,2027,20,Tampa Bay,Anchorage,,,0,0,2027_583
Regular,Regular Season,2027,20,Baltimore,Des Moines,,,0,0,2027_584
Regular,Regular Season,2027,20,Manchester,Nashville,,,0,0,2027_585
Regular,Regular Season,2027,20,El Paso,Tulsa,,,0,0,2027_586
Regular,Regular Season,2027,20,San Jose,Vegas,,,0,0,2027_587
Regular,Regular Season,2027,20,Honolulu,Vancouver,,,0,0,2027_588
Regular,Regular Season,2027,20,San Diego,Anaheim,,,0,0,2027_589
Regular,Regular Season,2027,20,St. Louis,Boise,,,0,0,2027_590
Regular,Regular Season,2027,20,Seattle,Lincoln,,,0,0,2027_591
Regular,Regular Season,2027,20,Anchorage,Albuquerque,,,0,0,2027_592
Regular,Regular Season,2027,20,Des Moines,Austin,,,0,0,2027_593
Regular,Regular Season,2027,20,Nashville,Lansing,,,0,0,2027_594
Regular,Regular Season,2027,20,Manchester,Kentucky,,,0,0,2027_595
Regular,Regular Season,2027,20,Baltimore,Jacksonville,,,0,0,2027_596
Regular,Regular Season,2027,20,Tampa Bay,Providence,,,0,0,2027_597
Regular,Regular Season,2027,20,Columbus,Pittsburgh,,,0,0,2027_598
Regular,Regular Season,2027,20,Buffalo,Cincinnati,,,0,0,2027_599
Regular,Regular Season,2027,20,Birmingham,Little Rock,,,0,0,2027_600
Regular,Regular Season,2027,21,Tulsa,Boise,,,0,0,2027_601
Regular,Regular Season,2027,21,Lincoln,Anaheim,,,0,0,2027_602
Regular,Regular Season,2027,21,Albuquerque,Vancouver,,,0,0,2027_603
Regular,Regular Season,2027,21,Austin,Vegas,,,0,0,2027_604
Regular,Regular Season,2027,21,Lansing,El Paso,,,0,0,2027_605
Regular,Regular Season,2027,21,Kentucky,San Jose,,,0,0,2027_606
Regular,Regular Season,2027,21,Jacksonville,Honolulu,,,0,0,2027_607
Regular,Regular Season,2027,21,Providence,San Diego,,,0,0,2027_608
Regular,Regular Season,2027,21,Pittsburgh,St. Louis,,,0,0,2027_609
Regular,Regular Season,2027,21,Cincinnati,Seattle,,,0,0,2027_610
Regular,Regular Season,2027,21,Little Rock,Anchorage,,,0,0,2027_611
Regular,Regular Season,2027,21,Birmingham,Des Moines,,,0,0,2027_612
Regular,Regular Season,2027,21,Buffalo,Nashville,,,0,0,2027_613
Regular,Regular Season,2027,21,Columbus,Manchester,,,0,0,2027_614
Regular,Regular Season,2027,21,Tampa Bay,Baltimore,,,0,0,2027_615
Regular,Regular Season,2027,21,San Jose,San Diego,,,0,0,2027_616
Regular,Regular Season,2027,21,El Paso,St. Louis,,,0,0,2027_617
Regular,Regular Season,2027,21,Vegas,Seattle,,,0,0,2027_618
Regular,Regular Season,2027,21,Vancouver,Anchorage,,,0,0,2027_619
Regular,Regular Season,2027,21,Anaheim,Tulsa,,,0,0,2027_620
Regular,Regular Season,2027,21,Boise,Austin,,,0,0,2027_621
Regular,Regular Season,2027,21,Lincoln,Albuquerque,,,0,0,2027_622
Regular,Regular Season,2027,21,Honolulu,Columbus,,,0,0,2027_623
Regular,Regular Season,2027,21,Buffalo,Tampa Bay,,,0,0,2027_624
Regular,Regular Season,2027,21,Birmingham,Baltimore,,,0,0,2027_625
Regular,Regular Season,2027,21,Little Rock,Manchester,,,0,0,2027_626
Regular,Regular Season,2027,21,Cincinnati,Nashville,,,0,0,2027_627
Regular,Regular Season,2027,21,Pittsburgh,Des Moines,,,0,0,2027_628
Regular,Regular Season,2027,21,Providence,Lansing,,,0,0,2027_629
Regular,Regular Season,2027,21,Jacksonville,Kentucky,,,0,0,2027_630
Regular,Regular Season,2027,22,Tulsa,Vancouver,,,0,0,2027_631
Regular,Regular Season,2027,22,Anaheim,Vegas,,,0,0,2027_632
Regular,Regular Season,2027,22,Boise,El Paso,,,0,0,2027_633
Regular,Regular Season,2027,22,Lincoln,San Jose,,,0,0,2027_634
Regular,Regular Season,2027,22,Albuquerque,Honolulu,,,0,0,2027_635
Regular,Regular Season,2027,22,Austin,San Diego,,,0,0,2027_636
Regular,Regular Season,2027,22,Lansing,St. Louis,,,0,0,2027_637
Regular,Regular Season,2027,22,Kentucky,Seattle,,,0,0,2027_638
Regular,Regular Season,2027,22,Jacksonville,Anchorage,,,0,0,2027_639
Regular,Regular Season,2027,22,Providence,Des Moines,,,0,0,2027_640
Regular,Regular Season,2027,22,Pittsburgh,Nashville,,,0,0,2027_641
Regular,Regular Season,2027,22,Cincinnati,Manchester,,,0,0,2027_642
Regular,Regular Season,2027,22,Little Rock,Baltimore,,,0,0,2027_643
Regular,Regular Season,2027,22,Birmingham,Tampa Bay,,,0,0,2027_644
Regular,Regular Season,2027,22,Buffalo,Columbus,,,0,0,2027_645
Regular,Regular Season,2027,22,Buffalo,Tulsa,,,0,0,2027_646
Regular,Regular Season,2027,22,Birmingham,Columbus,,,0,0,2027_647
Regular,Regular Season,2027,22,Little Rock,Tampa Bay,,,0,0,2027_648
Regular,Regular Season,2027,22,Cincinnati,Baltimore,,,0,0,2027_649
Regular,Regular Season,2027,22,Pittsburgh,Manchester,,,0,0,2027_650
Regular,Regular Season,2027,22,Providence,Nashville,,,0,0,2027_651
Regular,Regular Season,2027,22,Jacksonville,Des Moines,,,0,0,2027_652
Regular,Regular Season,2027,22,Kentucky,Anchorage,,,0,0,2027_653
Regular,Regular Season,2027,22,Lansing,Seattle,,,0,0,2027_654
Regular,Regular Season,2027,22,Austin,St. Louis,,,0,0,2027_655
Regular,Regular Season,2027,22,Albuquerque,San Diego,,,0,0,2027_656
Regular,Regular Season,2027,22,Lincoln,Honolulu,,,0,0,2027_657
Regular,Regular Season,2027,22,Boise,San Jose,,,0,0,2027_658
Regular,Regular Season,2027,22,Anaheim,El Paso,,,0,0,2027_659
Regular,Regular Season,2027,22,Vancouver,Vegas,,,0,0,2027_660
Regular,Regular Season,2027,23,Manchester,Tulsa,,,0,0,2027_661
Regular,Regular Season,2027,23,Baltimore,Nashville,,,0,0,2027_662
Regular,Regular Season,2027,23,Tampa Bay,Des Moines,,,0,0,2027_663
Regular,Regular Season,2027,23,Columbus,Anchorage,,,0,0,2027_664
Regular,Regular Season,2027,23,Buffalo,Seattle,,,0,0,2027_665
Regular,Regular Season,2027,23,Birmingham,St. Louis,,,0,0,2027_666
Regular,Regular Season,2027,23,Little Rock,San Diego,,,0,0,2027_667
Regular,Regular Season,2027,23,Cincinnati,Honolulu,,,0,0,2027_668
Regular,Regular Season,2027,23,Pittsburgh,San Jose,,,0,0,2027_669
Regular,Regular Season,2027,23,Providence,El Paso,,,0,0,2027_670
Regular,Regular Season,2027,23,Jacksonville,Vegas,,,0,0,2027_671
Regular,Regular Season,2027,23,Kentucky,Vancouver,,,0,0,2027_672
Regular,Regular Season,2027,23,Lansing,Anaheim,,,0,0,2027_673
Regular,Regular Season,2027,23,Austin,Boise,,,0,0,2027_674
Regular,Regular Season,2027,23,Albuquerque,Lincoln,,,0,0,2027_675
Regular,Regular Season,2027,23,Tulsa,Jacksonville,,,0,0,2027_676
Regular,Regular Season,2027,23,Providence,Kentucky,,,0,0,2027_677
Regular,Regular Season,2027,23,Pittsburgh,Lansing,,,0,0,2027_678
Regular,Regular Season,2027,23,Cincinnati,Austin,,,0,0,2027_679
Regular,Regular Season,2027,23,Little Rock,Albuquerque,,,0,0,2027_680
Regular,Regular Season,2027,23,Birmingham,Lincoln,,,0,0,2027_681
Regular,Regular Season,2027,23,Buffalo,Boise,,,0,0,2027_682
Regular,Regular Season,2027,23,Columbus,Anaheim,,,0,0,2027_683
Regular,Regular Season,2027,23,Tampa Bay,Vancouver,,,0,0,2027_684
Regular,Regular Season,2027,23,Baltimore,Vegas,,,0,0,2027_685
Regular,Regular Season,2027,23,Manchester,El Paso,,,0,0,2027_686
Regular,Regular Season,2027,23,Nashville,San Jose,,,0,0,2027_687
Regular,Regular Season,2027,23,Des Moines,Honolulu,,,0,0,2027_688
Regular,Regular Season,2027,23,Anchorage,San Diego,,,0,0,2027_689
Regular,Regular Season,2027,23,Seattle,St. Louis,,,0,0,2027_690
Regular,Regular Season,2027,24,Tulsa,Columbus,,,0,0,2027_691
Regular,Regular Season,2027,24,Tampa Bay,Buffalo,,,0,0,2027_692
Regular,Regular Season,2027,24,Baltimore,Birmingham,,,0,0,2027_693
Regular,Regular Season,2027,24,Manchester,Little Rock,,,0,0,2027_694
Regular,Regular Season,2027,24,Nashville,Cincinnati,,,0,0,2027_695
Regular,Regular Season,2027,24,Des Moines,Pittsburgh,,,0,0,2027_696
Regular,Regular Season,2027,24,Anchorage,Providence,,,0,0,2027_697
Regular,Regular Season,2027,24,Seattle,Jacksonville,,,0,0,2027_698
Regular,Regular Season,2027,24,St. Louis,Kentucky,,,0,0,2027_699
Regular,Regular Season,2027,24,San Diego,Lansing,,,0,0,2027_700
Regular,Regular Season,2027,24,Honolulu,Austin,,,0,0,2027_701
Regular,Regular Season,2027,24,San Jose,Albuquerque,,,0,0,2027_702
Regular,Regular Season,2027,24,El Paso,Lincoln,,,0,0,2027_703
Regular,Regular Season,2027,24,Vegas,Boise,,,0,0,2027_704
Regular,Regular Season,2027,24,Vancouver,Anaheim,,,0,0,2027_705
Regular,Regular Season,2027,24,Vancouver,Tulsa,,,0,0,2027_706
Regular,Regular Season,2027,24,Vegas,Anaheim,,,0,0,2027_707
Regular,Regular Season,2027,24,El Paso,Boise,,,0,0,2027_708
Regular,Regular Season,2027,24,San Jose,Lincoln,,,0,0,2027_709
Regular,Regular Season,2027,24,Honolulu,Albuquerque,,,0,0,2027_710
Regular,Regular Season,2027,24,San Diego,Austin,,,0,0,2027_711
Regular,Regular Season,2027,24,St. Louis,Lansing,,,0,0,2027_712
Regular,Regular Season,2027,24,Seattle,Kentucky,,,0,0,2027_713
Regular,Regular Season,2027,24,Anchorage,Jacksonville,,,0,0,2027_714
Regular,Regular Season,2027,24,Des Moines,Providence,,,0,0,2027_715
Regular,Regular Season,2027,24,Nashville,Pittsburgh,,,0,0,2027_716
Regular,Regular Season,2027,24,Manchester,Cincinnati,,,0,0,2027_717
Regular,Regular Season,2027,24,Baltimore,Little Rock,,,0,0,2027_718
Regular,Regular Season,2027,24,Tampa Bay,Birmingham,,,0,0,2027_719
Regular,Regular Season,2027,24,Columbus,Buffalo,,,0,0,2027_720
Regular,Regular Season,2027,25,St. Louis,Tulsa,,,0,0,2027_721
Regular,Regular Season,2027,25,Seattle,San Diego,,,0,0,2027_722
Regular,Regular Season,2027,25,Anchorage,Honolulu,,,0,0,2027_723
Regular,Regular Season,2027,25,Des Moines,San Jose,,,0,0,2027_724
Regular,Regular Season,2027,25,Nashville,El Paso,,,0,0,2027_725
Regular,Regular Season,2027,25,Manchester,Vegas,,,0,0,2027_726
Regular,Regular Season,2027,25,Baltimore,Vancouver,,,0,0,2027_727
Regular,Regular Season,2027,25,Tampa Bay,Anaheim,,,0,0,2027_728
Regular,Regular Season,2027,25,Columbus,Boise,,,0,0,2027_729
Regular,Regular Season,2027,25,Buffalo,Lincoln,,,0,0,2027_730
Regular,Regular Season,2027,25,Birmingham,Albuquerque,,,0,0,2027_731
Regular,Regular Season,2027,25,Little Rock,Austin,,,0,0,2027_732
Regular,Regular Season,2027,25,Cincinnati,Lansing,,,0,0,2027_733
Regular,Regular Season,2027,25,Pittsburgh,Kentucky,,,0,0,2027_734
Regular,Regular Season,2027,25,Providence,Jacksonville,,,0,0,2027_735
Regular,Regular Season,2027,25,Lincoln,Anaheim,,,0,0,2027_736
Regular,Regular Season,2027,25,Albuquerque,Vancouver,,,0,0,2027_737
Regular,Regular Season,2027,25,Austin,Vegas,,,0,0,2027_738
Regular,Regular Season,2027,25,Tulsa,El Paso,,,0,0,2027_739
Regular,Regular Season,2027,25,Anchorage,San Jose,,,0,0,2027_740
Regular,Regular Season,2027,25,Seattle,Honolulu,,,0,0,2027_741
Regular,Regular Season,2027,25,St. Louis,San Diego,,,0,0,2027_742
Regular,Regular Season,2027,25,Boise,Providence,,,0,0,2027_743
Regular,Regular Season,2027,25,Jacksonville,Pittsburgh,,,0,0,2027_744
Regular,Regular Season,2027,25,Kentucky,Cincinnati,,,0,0,2027_745
Regular,Regular Season,2027,25,Lansing,Little Rock,,,0,0,2027_746
Regular,Regular Season,2027,25,Des Moines,Birmingham,,,0,0,2027_747
Regular,Regular Season,2027,25,Nashville,Buffalo,,,0,0,2027_748
Regular,Regular Season,2027,25,Manchester,Columbus,,,0,0,2027_749
Regular,Regular Season,2027,25,Baltimore,Tampa Bay,,,0,0,2027_750
Regular,Regular Season,2027,26,Lincoln,Tulsa,,,0,0,2027_751
Regular,Regular Season,2027,26,Boise,Albuquerque,,,0,0,2027_752
Regular,Regular Season,2027,26,Anaheim,Austin,,,0,0,2027_753
Regular,Regular Season,2027,26,Vancouver,Lansing,,,0,0,2027_754
Regular,Regular Season,2027,26,Vegas,Kentucky,,,0,0,2027_755
Regular,Regular Season,2027,26,El Paso,Jacksonville,,,0,0,2027_756
Regular,Regular Season,2027,26,San Jose,Providence,,,0,0,2027_757
Regular,Regular Season,2027,26,Honolulu,Pittsburgh,,,0,0,2027_758
Regular,Regular Season,2027,26,San Diego,Cincinnati,,,0,0,2027_759
Regular,Regular Season,2027,26,St. Louis,Little Rock,,,0,0,2027_760
Regular,Regular Season,2027,26,Seattle,Birmingham,,,0,0,2027_761
Regular,Regular Season,2027,26,Anchorage,Buffalo,,,0,0,2027_762
Regular,Regular Season,2027,26,Des Moines,Columbus,,,0,0,2027_763
Regular,Regular Season,2027,26,Nashville,Tampa Bay,,,0,0,2027_764
Regular,Regular Season,2027,26,Manchester,Baltimore,,,0,0,2027_765
Regular,Regular Season,2027,26,Tulsa,Anchorage,,,0,0,2027_766
Regular,Regular Season,2027,26,Seattle,Des Moines,,,0,0,2027_767
Regular,Regular Season,2027,26,St. Louis,Nashville,,,0,0,2027_768
Regular,Regular Season,2027,26,San Diego,Manchester,,,0,0,2027_769
Regular,Regular Season,2027,26,Honolulu,Baltimore,,,0,0,2027_770
Regular,Regular Season,2027,26,San Jose,Tampa Bay,,,0,0,2027_771
Regular,Regular Season,2027,26,El Paso,Columbus,,,0,0,2027_772
Regular,Regular Season,2027,26,Vegas,Buffalo,,,0,0,2027_773
Regular,Regular Season,2027,26,Vancouver,Birmingham,,,0,0,2027_774
Regular,Regular Season,2027,26,Anaheim,Little Rock,,,0,0,2027_775
Regular,Regular Season,2027,26,Boise,Cincinnati,,,0,0,2027_776
Regular,Regular Season,2027,26,Lincoln,Pittsburgh,,,0,0,2027_777
Regular,Regular Season,2027,26,Albuquerque,Providence,,,0,0,2027_778
Regular,Regular Season,2027,26,Austin,Jacksonville,,,0,0,2027_779
Regular,Regular Season,2027,26,Lansing,Kentucky,,,0,0,2027_780
Regular,Regular Season,2027,27,Little Rock,Tulsa,,,0,0,2027_781
Regular,Regular Season,2027,27,Cincinnati,Birmingham,,,0,0,2027_782
Regular,Regular Season,2027,27,Pittsburgh,Buffalo,,,0,0,2027_783
Regular,Regular Season,2027,27,Providence,Columbus,,,0,0,2027_784
Regular,Regular Season,2027,27,Jacksonville,Tampa Bay,,,0,0,2027_785
Regular,Regular Season,2027,27,Kentucky,Baltimore,,,0,0,2027_786
Regular,Regular Season,2027,27,Lansing,Manchester,,,0,0,2027_787
Regular,Regular Season,2027,27,Austin,Nashville,,,0,0,2027_788
Regular,Regular Season,2027,27,Albuquerque,Des Moines,,,0,0,2027_789
Regular,Regular Season,2027,27,Lincoln,Anchorage,,,0,0,2027_790
Regular,Regular Season,2027,27,Boise,Seattle,,,0,0,2027_791
Regular,Regular Season,2027,27,Anaheim,St. Louis,,,0,0,2027_792
Regular,Regular Season,2027,27,Vancouver,San Diego,,,0,0,2027_793
Regular,Regular Season,2027,27,Vegas,Honolulu,,,0,0,2027_794
Regular,Regular Season,2027,27,El Paso,San Jose,,,0,0,2027_795
Regular,Regular Season,2027,27,Columbus,Tulsa,,,0,0,2027_796
Regular,Regular Season,2027,27,Buffalo,Tampa Bay,,,0,0,2027_797
Regular,Regular Season,2027,27,Birmingham,Baltimore,,,0,0,2027_798
Regular,Regular Season,2027,27,Little Rock,Manchester,,,0,0,2027_799
Regular,Regular Season,2027,27,Cincinnati,Nashville,,,0,0,2027_800
Regular,Regular Season,2027,27,Pittsburgh,Des Moines,,,0,0,2027_801
Regular,Regular Season,2027,27,Providence,Anchorage,,,0,0,2027_802
Regular,Regular Season,2027,27,Jacksonville,Seattle,,,0,0,2027_803
Regular,Regular Season,2027,27,Kentucky,St. Louis,,,0,0,2027_804
Regular,Regular Season,2027,27,Lansing,San Diego,,,0,0,2027_805
Regular,Regular Season,2027,27,Austin,Honolulu,,,0,0,2027_806
Regular,Regular Season,2027,27,Albuquerque,San Jose,,,0,0,2027_807
Regular,Regular Season,2027,27,Lincoln,El Paso,,,0,0,2027_808
Regular,Regular Season,2027,27,Boise,Vegas,,,0,0,2027_809
Regular,Regular Season,2027,27,Anaheim,Vancouver,,,0,0,2027_810
Regular,Regular Season,2027,28,Tulsa,San Jose,,,0,0,2027_811
Regular,Regular Season,2027,28,El Paso,Honolulu,,,0,0,2027_812
Regular,Regular Season,2027,28,Vegas,San Diego,,,0,0,2027_813
Regular,Regular Season,2027,28,Vancouver,St. Louis,,,0,0,2027_814
Regular,Regular Season,2027,28,Anaheim,Seattle,,,0,0,2027_815
Regular,Regular Season,2027,28,Boise,Anchorage,,,0,0,2027_816
Regular,Regular Season,2027,28,Lincoln,Des Moines,,,0,0,2027_817
Regular,Regular Season,2027,28,Albuquerque,Nashville,,,0,0,2027_818
Regular,Regular Season,2027,28,Austin,Manchester,,,0,0,2027_819
Regular,Regular Season,2027,28,Lansing,Baltimore,,,0,0,2027_820
Regular,Regular Season,2027,28,Kentucky,Tampa Bay,,,0,0,2027_821
Regular,Regular Season,2027,28,Jacksonville,Columbus,,,0,0,2027_822
Regular,Regular Season,2027,28,Providence,Buffalo,,,0,0,2027_823
Regular,Regular Season,2027,28,Pittsburgh,Birmingham,,,0,0,2027_824
Regular,Regular Season,2027,28,Cincinnati,Little Rock,,,0,0,2027_825
Regular,Regular Season,2027,28,San Jose,Tulsa,,,0,0,2027_826
Regular,Regular Season,2027,28,Honolulu,El Paso,,,0,0,2027_827
Regular,Regular Season,2027,28,San Diego,Vegas,,,0,0,2027_828
Regular,Regular Season,2027,28,St. Louis,Vancouver,,,0,0,2027_829
Regular,Regular Season,2027,28,Seattle,Anaheim,,,0,0,2027_830
Regular,Regular Season,2027,28,Anchorage,Boise,,,0,0,2027_831
Regular,Regular Season,2027,28,Des Moines,Lincoln,,,0,0,2027_832
Regular,Regular Season,2027,28,Nashville,Albuquerque,,,0,0,2027_833
Regular,Regular Season,2027,28,Manchester,Austin,,,0,0,2027_834
Regular,Regular Season,2027,28,Baltimore,Lansing,,,0,0,2027_835
Regular,Regular Season,2027,28,Tampa Bay,Kentucky,,,0,0,2027_836
Regular,Regular Season,2027,28,Columbus,Jacksonville,,,0,0,2027_837
Regular,Regular Season,2027,28,Buffalo,Providence,,,0,0,2027_838
Regular,Regular Season,2027,28,Birmingham,Pittsburgh,,,0,0,2027_839
Regular,Regular Season,2027,28,Little Rock,Cincinnati,,,0,0,2027_840
Regular,Regular Season,2027,29,Tulsa,Buffalo,,,0,0,2027_841
Regular,Regular Season,2027,29,Columbus,Birmingham,,,0,0,2027_842
Regular,Regular Season,2027,29,Tampa Bay,Little Rock,,,0,0,2027_843
Regular,Regular Season,2027,29,Baltimore,Cincinnati,,,0,0,2027_844
Regular,Regular Season,2027,29,Manchester,Pittsburgh,,,0,0,2027_845
Regular,Regular Season,2027,29,Nashville,Providence,,,0,0,2027_846
Regular,Regular Season,2027,29,Des Moines,Jacksonville,,,0,0,2027_847
Regular,Regular Season,2027,29,Anchorage,Kentucky,,,0,0,2027_848
Regular,Regular Season,2027,29,Seattle,Lansing,,,0,0,2027_849
Regular,Regular Season,2027,29,St. Louis,Austin,,,0,0,2027_850
Regular,Regular Season,2027,29,San Diego,Albuquerque,,,0,0,2027_851
Regular,Regular Season,2027,29,Honolulu,Lincoln,,,0,0,2027_852
Regular,Regular Season,2027,29,San Jose,Boise,,,0,0,2027_853
Regular,Regular Season,2027,29,El Paso,Anaheim,,,0,0,2027_854
Regular,Regular Season,2027,29,Vegas,Vancouver,,,0,0,2027_855
Regular,Regular Season,2027,29,Tulsa,Austin,,,0,0,2027_856
Regular,Regular Season,2027,29,Lansing,Albuquerque,,,0,0,2027_857
Regular,Regular Season,2027,29,Kentucky,Lincoln,,,0,0,2027_858
Regular,Regular Season,2027,29,Jacksonville,Boise,,,0,0,2027_859
Regular,Regular Season,2027,29,Providence,Anaheim,,,0,0,2027_860
Regular,Regular Season,2027,29,Pittsburgh,Vancouver,,,0,0,2027_861
Regular,Regular Season,2027,29,Cincinnati,Vegas,,,0,0,2027_862
Regular,Regular Season,2027,29,Little Rock,El Paso,,,0,0,2027_863
Regular,Regular Season,2027,29,Birmingham,San Jose,,,0,0,2027_864
Regular,Regular Season,2027,29,Buffalo,Honolulu,,,0,0,2027_865
Regular,Regular Season,2027,29,Columbus,San Diego,,,0,0,2027_866
Regular,Regular Season,2027,29,Tampa Bay,St. Louis,,,0,0,2027_867
Regular,Regular Season,2027,29,Baltimore,Seattle,,,0,0,2027_868
Regular,Regular Season,2027,29,Manchester,Anchorage,,,0,0,2027_869
Regular,Regular Season,2027,29,Nashville,Des Moines,,,0,0,2027_870
Regular,Regular Season,2027,30,Tulsa,San Diego,,,0,0,2027_871
Regular,Regular Season,2027,30,Honolulu,St. Louis,,,0,0,2027_872
Regular,Regular Season,2027,30,San Jose,Seattle,,,0,0,2027_873
Regular,Regular Season,2027,30,El Paso,Anchorage,,,0,0,2027_874
Regular,Regular Season,2027,30,Vegas,Des Moines,,,0,0,2027_875
Regular,Regular Season,2027,30,Vancouver,Nashville,,,0,0,2027_876
Regular,Regular Season,2027,30,Anaheim,Manchester,,,0,0,2027_877
Regular,Regular Season,2027,30,Boise,Baltimore,,,0,0,2027_878
Regular,Regular Season,2027,30,Lincoln,Tampa Bay,,,0,0,2027_879
Regular,Regular Season,2027,30,Albuquerque,Columbus,,,0,0,2027_880
Regular,Regular Season,2027,30,Austin,Buffalo,,,0,0,2027_881
Regular,Regular Season,2027,30,Lansing,Birmingham,,,0,0,2027_882
Regular,Regular Season,2027,30,Kentucky,Little Rock,,,0,0,2027_883
Regular,Regular Season,2027,30,Jacksonville,Cincinnati,,,0,0,2027_884
Regular,Regular Season,2027,30,Providence,Pittsburgh,,,0,0,2027_885
Regular,Regular Season,2027,30,Tulsa,Nashville,,,0,0,2027_886
Regular,Regular Season,2027,30,Des Moines,Manchester,,,0,0,2027_887
Regular,Regular Season,2027,30,Anchorage,Baltimore,,,0,0,2027_888
Regular,Regular Season,2027,30,Seattle,Tampa Bay,,,0,0,2027_889
Regular,Regular Season,2027,30,St. Louis,Columbus,,,0,0,2027_890
Regular,Regular Season,2027,30,San Diego,Buffalo,,,0,0,2027_891
Regular,Regular Season,2027,30,Honolulu,Birmingham,,,0,0,2027_892
Regular,Regular Season,2027,30,San Jose,Little Rock,,,0,0,2027_893
Regular,Regular Season,2027,30,El Paso,Cincinnati,,,0,0,2027_894
Regular,Regular Season,2027,30,Vegas,Pittsburgh,,,0,0,2027_895
Regular,Regular Season,2027,30,Vancouver,Providence,,,0,0,2027_896
Regular,Regular Season,2027,30,Anaheim,Jacksonville,,,0,0,2027_897
Regular,Regular Season,2027,30,Boise,Kentucky,,,0,0,2027_898
Regular,Regular Season,2027,30,Lincoln,Lansing,,,0,0,2027_899
Regular,Regular Season,2027,30,Albuquerque,Austin,,,0,0,2027_900
Regular,Regular Season,2027,31,Providence,Tulsa,,,0,0,2027_901
Regular,Regular Season,2027,31,Jacksonville,Pittsburgh,,,0,0,2027_902
Regular,Regular Season,2027,31,Kentucky,Cincinnati,,,0,0,2027_903
Regular,Regular Season,2027,31,Lansing,Little Rock,,,0,0,2027_904
Regular,Regular Season,2027,31,Austin,Birmingham,,,0,0,2027_905
Regular,Regular Season,2027,31,Albuquerque,Buffalo,,,0,0,2027_906
Regular,Regular Season,2027,31,Lincoln,Columbus,,,0,0,2027_907
Regular,Regular Season,2027,31,Boise,Tampa Bay,,,0,0,2027_908
Regular,Regular Season,2027,31,Anaheim,Baltimore,,,0,0,2027_909
Regular,Regular Season,2027,31,Vancouver,Manchester,,,0,0,2027_910
Regular,Regular Season,2027,31,Vegas,Nashville,,,0,0,2027_911
Regular,Regular Season,2027,31,El Paso,Des Moines,,,0,0,2027_912
Regular,Regular Season,2027,31,San Jose,Anchorage,,,0,0,2027_913
Regular,Regular Season,2027,31,Honolulu,Seattle,,,0,0,2027_914
Regular,Regular Season,2027,31,San Diego,St. Louis,,,0,0,2027_915
Regular,Regular Season,2027,31,Pittsburgh,Tulsa,,,0,0,2027_916
Regular,Regular Season,2027,31,Providence,Cincinnati,,,0,0,2027_917
Regular,Regular Season,2027,31,Jacksonville,Little Rock,,,0,0,2027_918
Regular,Regular Season,2027,31,Kentucky,Birmingham,,,0,0,2027_919
Regular,Regular Season,2027,31,Lansing,Buffalo,,,0,0,2027_920
Regular,Regular Season,2027,31,Austin,Columbus,,,0,0,2027_921
Regular,Regular Season,2027,31,Albuquerque,Tampa Bay,,,0,0,2027_922
Regular,Regular Season,2027,31,Lincoln,Baltimore,,,0,0,2027_923
Regular,Regular Season,2027,31,Boise,Manchester,,,0,0,2027_924
Regular,Regular Season,2027,31,Anaheim,Nashville,,,0,0,2027_925
Regular,Regular Season,2027,31,Vancouver,Des Moines,,,0,0,2027_926
Regular,Regular Season,2027,31,Vegas,Anchorage,,,0,0,2027_927
Regular,Regular Season,2027,31,El Paso,Seattle,,,0,0,2027_928
Regular,Regular Season,2027,31,San Jose,St. Louis,,,0,0,2027_929
Regular,Regular Season,2027,31,Honolulu,San Diego,,,0,0,2027_930
Regular,Regular Season,2027,32,Tulsa,Cincinnati,,,0,0,2027_931
Regular,Regular Season,2027,32,Little Rock,Pittsburgh,,,0,0,2027_932
Regular,Regular Season,2027,32,Birmingham,Providence,,,0,0,2027_933
Regular,Regular Season,2027,32,Buffalo,Jacksonville,,,0,0,2027_934
Regular,Regular Season,2027,32,Columbus,Kentucky,,,0,0,2027_935
Regular,Regular Season,2027,32,Tampa Bay,Lansing,,,0,0,2027_936
Regular,Regular Season,2027,32,Baltimore,Austin,,,0,0,2027_937
Regular,Regular Season,2027,32,Manchester,Albuquerque,,,0,0,2027_938
Regular,Regular Season,2027,32,Nashville,Lincoln,,,0,0,2027_939
Regular,Regular Season,2027,32,Des Moines,Boise,,,0,0,2027_940
Regular,Regular Season,2027,32,Anchorage,Anaheim,,,0,0,2027_941
Regular,Regular Season,2027,32,Seattle,Vancouver,,,0,0,2027_942
Regular,Regular Season,2027,32,St. Louis,Vegas,,,0,0,2027_943
Regular,Regular Season,2027,32,San Diego,El Paso,,,0,0,2027_944
Regular,Regular Season,2027,32,Honolulu,San Jose,,,0,0,2027_945
Regular,Regular Season,2027,32,Anaheim,Tulsa,,,0,0,2027_946
Regular,Regular Season,2027,32,Vancouver,Boise,,,0,0,2027_947
Regular,Regular Season,2027,32,Vegas,Lincoln,,,0,0,2027_948
Regular,Regular Season,2027,32,El Paso,Albuquerque,,,0,0,2027_949
Regular,Regular Season,2027,32,San Jose,Austin,,,0,0,2027_950
Regular,Regular Season,2027,32,Honolulu,Lansing,,,0,0,2027_951
Regular,Regular Season,2027,32,San Diego,Kentucky,,,0,0,2027_952
Regular,Regular Season,2027,32,St. Louis,Jacksonville,,,0,0,2027_953
Regular,Regular Season,2027,32,Seattle,Providence,,,0,0,2027_954
Regular,Regular Season,2027,32,Anchorage,Pittsburgh,,,0,0,2027_955
Regular,Regular Season,2027,32,Des Moines,Cincinnati,,,0,0,2027_956
Regular,Regular Season,2027,32,Nashville,Little Rock,,,0,0,2027_957
Regular,Regular Season,2027,32,Manchester,Birmingham,,,0,0,2027_958
Regular,Regular Season,2027,32,Baltimore,Buffalo,,,0,0,2027_959
Regular,Regular Season,2027,32,Tampa Bay,Columbus,,,0,0,2027_960
Regular,Regular Season,2027,33,Jacksonville,Tulsa,,,0,0,2027_961
Regular,Regular Season,2027,33,Kentucky,Providence,,,0,0,2027_962
Regular,Regular Season,2027,33,Lansing,Pittsburgh,,,0,0,2027_963
Regular,Regular Season,2027,33,Austin,Cincinnati,,,0,0,2027_964
Regular,Regular Season,2027,33,Albuquerque,Little Rock,,,0,0,2027_965
Regular,Regular Season,2027,33,Lincoln,Birmingham,,,0,0,2027_966
Regular,Regular Season,2027,33,Boise,Buffalo,,,0,0,2027_967
Regular,Regular Season,2027,33,Anaheim,Columbus,,,0,0,2027_968
Regular,Regular Season,2027,33,Vancouver,Tampa Bay,,,0,0,2027_969
Regular,Regular Season,2027,33,Vegas,Baltimore,,,0,0,2027_970
Regular,Regular Season,2027,33,El Paso,Manchester,,,0,0,2027_971
Regular,Regular Season,2027,33,San Jose,Nashville,,,0,0,2027_972
Regular,Regular Season,2027,33,Honolulu,Des Moines,,,0,0,2027_973
Regular,Regular Season,2027,33,San Diego,Anchorage,,,0,0,2027_974
Regular,Regular Season,2027,33,St. Louis,Seattle,,,0,0,2027_975
Regular,Regular Season,2027,33,Tulsa,Tampa Bay,,,0,0,2027_976
Regular,Regular Season,2027,33,Baltimore,Columbus,,,0,0,2027_977
Regular,Regular Season,2027,33,Manchester,Buffalo,,,0,0,2027_978
Regular,Regular Season,2027,33,Nashville,Birmingham,,,0,0,2027_979
Regular,Regular Season,2027,33,Des Moines,Little Rock,,,0,0,2027_980
Regular,Regular Season,2027,33,Anchorage,Cincinnati,,,0,0,2027_981
Regular,Regular Season,2027,33,Seattle,Pittsburgh,,,0,0,2027_982
Regular,Regular Season,2027,33,St. Louis,Providence,,,0,0,2027_983
Regular,Regular Season,2027,33,San Diego,Jacksonville,,,0,0,2027_984
Regular,Regular Season,2027,33,Honolulu,Kentucky,,,0,0,2027_985
Regular,Regular Season,2027,33,San Jose,Lansing,,,0,0,2027_986
Regular,Regular Season,2027,33,El Paso,Austin,,,0,0,2027_987
Regular,Regular Season,2027,33,Vegas,Albuquerque,,,0,0,2027_988
Regular,Regular Season,2027,33,Vancouver,Lincoln,,,0,0,2027_989
Regular,Regular Season,2027,33,Anaheim,Boise,,,0,0,2027_990
Regular,Regular Season,2027,34,Tulsa,Little Rock,,,0,0,2027_991
Regular,Regular Season,2027,34,Birmingham,Cincinnati,,,0,0,2027_992
Regular,Regular Season,2027,34,Buffalo,Pittsburgh,,,0,0,2027_993
Regular,Regular Season,2027,34,Columbus,Providence,,,0,0,2027_994
Regular,Regular Season,2027,34,Tampa Bay,Jacksonville,,,0,0,2027_995
Regular,Regular Season,2027,34,Baltimore,Kentucky,,,0,0,2027_996
Regular,Regular Season,2027,34,Manchester,Lansing,,,0,0,2027_997
Regular,Regular Season,2027,34,Nashville,Austin,,,0,0,2027_998
Regular,Regular Season,2027,34,Des Moines,Albuquerque,,,0,0,2027_999
Regular,Regular Season,2027,34,Anchorage,Lincoln,,,0,0,2027_1000
Regular,Regular Season,2027,34,Seattle,Boise,,,0,0,2027_1001
Regular,Regular Season,2027,34,St. Louis,Anaheim,,,0,0,2027_1002
Regular,Regular Season,2027,34,San Diego,Vancouver,,,0,0,2027_1003
Regular,Regular Season,2027,34,Honolulu,Vegas,,,0,0,2027_1004
Regular,Regular Season,2027,34,San Jose,El Paso,,,0,0,2027_1005
Regular,Regular Season,2027,34,Tulsa,Manchester,,,0,0,2027_1006
Regular,Regular Season,2027,34,Nashville,Baltimore,,,0,0,2027_1007
Regular,Regular Season,2027,34,Des Moines,Tampa Bay,,,0,0,2027_1008
Regular,Regular Season,2027,34,Anchorage,Columbus,,,0,0,2027_1009
Regular,Regular Season,2027,34,Seattle,Buffalo,,,0,0,2027_1010
Regular,Regular Season,2027,34,St. Louis,Birmingham,,,0,0,2027_1011
Regular,Regular Season,2027,34,San Diego,Little Rock,,,0,0,2027_1012
Regular,Regular Season,2027,34,Honolulu,Cincinnati,,,0,0,2027_1013
Regular,Regular Season,2027,34,San Jose,Pittsburgh,,,0,0,2027_1014
Regular,Regular Season,2027,34,El Paso,Providence,,,0,0,2027_1015
Regular,Regular Season,2027,34,Vegas,Jacksonville,,,0,0,2027_1016
Regular,Regular Season,2027,34,Vancouver,Kentucky,,,0,0,2027_1017
Regular,Regular Season,2027,34,Anaheim,Lansing,,,0,0,2027_1018
Regular,Regular Season,2027,34,Boise,Austin,,,0,0,2027_1019
Regular,Regular Season,2027,34,Lincoln,Albuquerque,,,0,0,2027_1020
Regular,Regular Season,2027,35,Seattle,Tulsa,,,0,0,2027_1021
Regular,Regular Season,2027,35,St. Louis,Austin,,,0,0,2027_1022
Regular,Regular Season,2027,35,San Diego,Albuquerque,,,0,0,2027_1023
Regular,Regular Season,2027,35,Honolulu,Lincoln,,,0,0,2027_1024
Regular,Regular Season,2027,35,San Jose,Boise,,,0,0,2027_1025
Regular,Regular Season,2027,35,El Paso,Anaheim,,,0,0,2027_1026
Regular,Regular Season,2027,35,Vegas,Vancouver,,,0,0,2027_1027
Regular,Regular Season,2027,35,Anchorage,Nashville,,,0,0,2027_1028
Regular,Regular Season,2027,35,Manchester,Des Moines,,,0,0,2027_1029
Regular,Regular Season,2027,35,Baltimore,Lansing,,,0,0,2027_1030
Regular,Regular Season,2027,35,Tampa Bay,Kentucky,,,0,0,2027_1031
Regular,Regular Season,2027,35,Columbus,Jacksonville,,,0,0,2027_1032
Regular,Regular Season,2027,35,Buffalo,Providence,,,0,0,2027_1033
Regular,Regular Season,2027,35,Birmingham,Pittsburgh,,,0,0,2027_1034
Regular,Regular Season,2027,35,Little Rock,Cincinnati,,,0,0,2027_1035
Regular,Regular Season,2027,35,Vegas,San Jose,,,0,0,2027_1036
Regular,Regular Season,2027,35,Vancouver,Honolulu,,,0,0,2027_1037
Regular,Regular Season,2027,35,Anaheim,San Diego,,,0,0,2027_1038
Regular,Regular Season,2027,35,Boise,St. Louis,,,0,0,2027_1039
Regular,Regular Season,2027,35,Lincoln,Seattle,,,0,0,2027_1040
Regular,Regular Season,2027,35,Albuquerque,Anchorage,,,0,0,2027_1041
Regular,Regular Season,2027,35,Austin,Tulsa,,,0,0,2027_1042
Regular,Regular Season,2027,35,El Paso,Birmingham,,,0,0,2027_1043
Regular,Regular Season,2027,35,Little Rock,Buffalo,,,0,0,2027_1044
Regular,Regular Season,2027,35,Cincinnati,Columbus,,,0,0,2027_1045
Regular,Regular Season,2027,35,Pittsburgh,Tampa Bay,,,0,0,2027_1046
Regular,Regular Season,2027,35,Providence,Baltimore,,,0,0,2027_1047
Regular,Regular Season,2027,35,Jacksonville,Manchester,,,0,0,2027_1048
Regular,Regular Season,2027,35,Kentucky,Nashville,,,0,0,2027_1049
Regular,Regular Season,2027,35,Lansing,Des Moines,,,0,0,2027_1050
Regular,Regular Season,2027,36,Tulsa,Albuquerque,,,0,0,2027_1051
Regular,Regular Season,2027,36,Anchorage,Lincoln,,,0,0,2027_1052
Regular,Regular Season,2027,36,Seattle,Boise,,,0,0,2027_1053
Regular,Regular Season,2027,36,St. Louis,Anaheim,,,0,0,2027_1054
Regular,Regular Season,2027,36,San Diego,Vancouver,,,0,0,2027_1055
Regular,Regular Season,2027,36,Honolulu,Vegas,,,0,0,2027_1056
Regular,Regular Season,2027,36,San Jose,El Paso,,,0,0,2027_1057
Regular,Regular Season,2027,36,Austin,Lansing,,,0,0,2027_1058
Regular,Regular Season,2027,36,Des Moines,Kentucky,,,0,0,2027_1059
Regular,Regular Season,2027,36,Nashville,Jacksonville,,,0,0,2027_1060
Regular,Regular Season,2027,36,Manchester,Providence,,,0,0,2027_1061
Regular,Regular Season,2027,36,Baltimore,Pittsburgh,,,0,0,2027_1062
Regular,Regular Season,2027,36,Tampa Bay,Cincinnati,,,0,0,2027_1063
Regular,Regular Season,2027,36,Columbus,Little Rock,,,0,0,2027_1064
Regular,Regular Season,2027,36,Buffalo,Birmingham,,,0,0,2027_1065
Regular,Regular Season,2027,36,Vancouver,El Paso,,,0,0,2027_1066
Regular,Regular Season,2027,36,Anaheim,San Jose,,,0,0,2027_1067
Regular,Regular Season,2027,36,Boise,Honolulu,,,0,0,2027_1068
Regular,Regular Season,2027,36,Lincoln,San Diego,,,0,0,2027_1069
Regular,Regular Season,2027,36,Albuquerque,St. Louis,,,0,0,2027_1070
Regular,Regular Season,2027,36,Austin,Seattle,,,0,0,2027_1071
Regular,Regular Season,2027,36,Tulsa,Anchorage,,,0,0,2027_1072
Regular,Regular Season,2027,36,Vegas,Little Rock,,,0,0,2027_1073
Regular,Regular Season,2027,36,Cincinnati,Birmingham,,,0,0,2027_1074
Regular,Regular Season,2027,36,Pittsburgh,Buffalo,,,0,0,2027_1075
Regular,Regular Season,2027,36,Providence,Columbus,,,0,0,2027_1076
Regular,Regular Season,2027,36,Jacksonville,Tampa Bay,,,0,0,2027_1077
Regular,Regular Season,2027,36,Kentucky,Baltimore,,,0,0,2027_1078
Regular,Regular Season,2027,36,Lansing,Manchester,,,0,0,2027_1079
Regular,Regular Season,2027,36,Des Moines,Nashville,,,0,0,2027_1080
Group Stage,In-Season Tournament,2027,9,Nashville,Providence,,,0,0,2027_1081
Group Stage,In-Season Tournament,2027,9,Jacksonville,Des Moines,,,0,0,2027_1082
Group Stage,In-Season Tournament,2027,9,Little Rock,Lansing,,,0,0,2027_1083
Group Stage,In-Season Tournament,2027,9,Buffalo,Columbus,,,0,0,2027_1084
Group Stage,In-Season Tournament,2027,9,Manchester,Kentucky,,,0,0,2027_1085
Group Stage,In-Season Tournament,2027,9,Birmingham,Baltimore,,,0,0,2027_1086
Group Stage,In-Season Tournament,2027,9,5,2,,,0,0,2027_1087
Group Stage,In-Season Tournament,2027,9,4,3,,,0,0,2027_1088
Group Stage,In-Season Tournament,2027,9,5,2,,,0,0,2027_1089
Group Stage,In-Season Tournament,2027,9,4,3,,,0,0,2027_1090
Group Stage,In-Season Tournament,2027,9,5,2,,,0,0,2027_1091
Group Stage,In-Season Tournament,2027,9,4,3,,,0,0,2027_1092
Group Stage,In-Season Tournament,2027,10,Tampa Bay,Des Moines,,,0,0,2027_1093
Group Stage,In-Season Tournament,2027,10,Nashville,Jacksonville,,,0,0,2027_1094
Group Stage,In-Season Tournament,2027,10,Cincinnati,Columbus,,,0,0,2027_1095
Group Stage,In-Season Tournament,2027,10,Little Rock,Buffalo,,,0,0,2027_1096
Group Stage,In-Season Tournament,2027,10,Pittsburgh,Baltimore,,,0,0,2027_1097
Group Stage,In-Season Tournament,2027,10,Manchester,Birmingham,,,0,0,2027_1098
Group Stage,In-Season Tournament,2027,10,Boise,Anchorage,,,0,0,2027_1099
Group Stage,In-Season Tournament,2027,10,El Paso,Vegas,,,0,0,2027_1100
Group Stage,In-Season Tournament,2027,10,St. Louis,Lincoln,,,0,0,2027_1101
Group Stage,In-Season Tournament,2027,10,San Diego,Austin,,,0,0,2027_1102
Group Stage,In-Season Tournament,2027,10,Vancouver,Albuquerque,,,0,0,2027_1103
Group Stage,In-Season Tournament,2027,10,Tulsa,San Jose,,,0,0,2027_1104
Group Stage,In-Season Tournament,2027,11,Providence,Jacksonville,,,0,0,2027_1105
Group Stage,In-Season Tournament,2027,11,Tampa Bay,Nashville,,,0,0,2027_1106
Group Stage,In-Season Tournament,2027,11,Lansing,Buffalo,,,0,0,2027_1107
Group Stage,In-Season Tournament,2027,11,Cincinnati,Little Rock,,,0,0,2027_1108
Group Stage,In-Season Tournament,2027,11,Kentucky,Birmingham,,,0,0,2027_1109
Group Stage,In-Season Tournament,2027,11,Pittsburgh,Manchester,,,0,0,2027_1110
Group Stage,In-Season Tournament,2027,11,Honolulu,Vegas,,,0,0,2027_1111
Group Stage,In-Season Tournament,2027,11,Boise,El Paso,,,0,0,2027_1112
Group Stage,In-Season Tournament,2027,11,Seattle,Austin,,,0,0,2027_1113
Group Stage,In-Season Tournament,2027,11,St. Louis,San Diego,,,0,0,2027_1114
Group Stage,In-Season Tournament,2027,11,Anaheim,San Jose,,,0,0,2027_1115
Group Stage,In-Season Tournament,2027,11,Vancouver,Tulsa,,,0,0,2027_1116
Group Stage,In-Season Tournament,2027,12,Des Moines,Nashville,,,0,0,2027_1117
Group Stage,In-Season Tournament,2027,12,Providence,Tampa Bay,,,0,0,2027_1118
Group Stage,In-Season Tournament,2027,12,Columbus,Little Rock,,,0,0,2027_1119
Group Stage,In-Season Tournament,2027,12,Lansing,Cincinnati,,,0,0,2027_1120
Group Stage,In-Season Tournament,2027,12,Baltimore,Manchester,,,0,0,2027_1121
Group Stage,In-Season Tournament,2027,12,Kentucky,Pittsburgh,,,0,0,2027_1122
Group Stage,In-Season Tournament,2027,12,Anchorage,El Paso,,,0,0,2027_1123
Group Stage,In-Season Tournament,2027,12,Honolulu,Boise,,,0,0,2027_1124
Group Stage,In-Season Tournament,2027,12,Lincoln,San Diego,,,0,0,2027_1125
Group Stage,In-Season Tournament,2027,12,Seattle,St. Louis,,,0,0,2027_1126
Group Stage,In-Season Tournament,2027,12,Albuquerque,Tulsa,,,0,0,2027_1127
Group Stage,In-Season Tournament,2027,12,Anaheim,Vancouver,,,0,0,2027_1128
Group Stage,In-Season Tournament,2027,13,Jacksonville,Tampa Bay,,,0,0,2027_1129
Group Stage,In-Season Tournament,2027,13,Des Moines,Providence,,,0,0,2027_1130
Group Stage,In-Season Tournament,2027,13,Buffalo,Cincinnati,,,0,0,2027_1131
Group Stage,In-Season Tournament,2027,13,Columbus,Lansing,,,0,0,2027_1132
Group Stage,In-Season Tournament,2027,13,Birmingham,Pittsburgh,,,0,0,2027_1133
Group Stage,In-Season Tournament,2027,13,Baltimore,Kentucky,,,0,0,2027_1134
Group Stage,In-Season Tournament,2027,13,Vegas,Boise,,,0,0,2027_1135
Group Stage,In-Season Tournament,2027,13,Anchorage,Honolulu,,,0,0,2027_1136
Group Stage,In-Season Tournament,2027,13,Austin,St. Louis,,,0,0,2027_1137
Group Stage,In-Season Tournament,2027,13,Lincoln,Seattle,,,0,0,2027_1138
Group Stage,In-Season Tournament,2027,13,San Jose,Vancouver,,,0,0,2027_1139
Group Stage,In-Season Tournament,2027,13,Albuquerque,Anaheim,,,0,0,2027_1140
IST Quarterfinals,In-Season Tournament,2027,14,Wild Card,#1 Seed,,,0,0,2027_1141
IST Quarterfinals,In-Season Tournament,2027,14,#3 Seed,#2 Seed,,,0,0,2027_1142
IST Quarterfinals,In-Season Tournament,2027,14,Wild Card,#1 Seed,,,0,0,2027_1143
IST Quarterfinals,In-Season Tournament,2027,14,#3 Seed,#2 Seed,,,0,0,2027_1144
IST Semifinals,In-Season Tournament,2027,15,TBD,TBD,,,0,0,2027_1145
IST Semifinals,In-Season Tournament,2027,15,TBD,TBD,,,0,0,2027_1146
IST Championship,In-Season Tournament,2027,16,TBD,TBD,,,0,0,2027_1147
Play-In Round 1,Play-In,2027,37,#10 Seed,#9 Seed,,,0,0,2027_1148
Play-In Round 1,Play-In,2027,37,#8 Seed,#7 Seed,,,0,0,2027_1149
Play-In Round 1,Play-In,2027,37,#10 Seed,#9 Seed,,,0,0,2027_1150
Play-In Round 1,Play-In,2027,37,#8 Seed,#7 Seed,,,0,0,2027_1151
Play-In Round 2,Play-In,2027,38,TBD,TBD,,,0,0,2027_1152
Play-In Round 2,Play-In,2027,38,TBD,TBD,,,0,0,2027_1153
Conference Quarterfinals,Playoffs,2027,39,TBD,#1 Seed,,,0,0,2027_1154
Conference Quarterfinals,Playoffs,2027,39,TBD,#2 Seed,,,0,0,2027_1155
Conference Quarterfinals,Playoffs,2027,39,#6 Seed,#3 Seed,,,0,0,2027_1156
Conference Quarterfinals,Playoffs,2027,39,#5 Seed,#4 Seed,,,0,0,2027_1157
Conference Quarterfinals,Playoffs,2027,39,TBD,#1 Seed,,,0,0,2027_1158
Conference Quarterfinals,Playoffs,2027,39,TBD,#2 Seed,,,0,0,2027_1159
Conference Quarterfinals,Playoffs,2027,39,#6 Seed,#3 Seed,,,0,0,2027_1160
Conference Quarterfinals,Playoffs,2027,39,#5 Seed,#4 Seed,,,0,0,2027_1161
Conference Semifinals,Playoffs,2027,40,TBD,TBD,,,0,0,2027_1162
Conference Semifinals,Playoffs,2027,40,TBD,TBD,,,0,0,2027_1163
Conference Semifinals,Playoffs,2027,40,TBD,TBD,,,0,0,2027_1164
Conference Semifinals,Playoffs,2027,40,TBD,TBD,,,0,0,2027_1165
Conference Finals,Playoffs,2027,41,TBD,TBD,,,0,0,2027_1166
Conference Finals,Playoffs,2027,41,TBD,TBD,,,0,0,2027_1167
SBCFBL Finals,Playoffs,2027,42,TBD,TBD,,,0,0,2027_1168
