Prior Season,Player ID,Player,From,Last Date,Next Season,Next Period,Next Date,To,Classification
2021,000zv,Al Horford,Lansing,2021-05-16,2022,1,2021-10-19,El Paso,Documented release/signing
2022,000zv,Al Horford,El Paso,2022-04-10,2023,1,2022-10-18,El Paso,Continued
2023,000zv,Al Horford,Albuquerque,2023-04-09,2024,1,2023-10-24,Columbus,Missing expiration
2024,000zv,Al Horford,Columbus,2024-04-03,2025,1,2024-10-22,San Jose,Missing expiration
2025,000zv,Al Horford,San Jose,2025-04-02,2026,1,2025-10-21,San Jose,Continued
2026,000zv,Al Horford,San Jose,2026-04-01,2027,1,2026-10-20,El Paso,Missing expiration + move
2027,000zv,Al Horford,El Paso,2027-04-11,,,,,Missing expiration
2021,00107,Rajon Rondo,Cincinnati,2021-05-16,2022,1,2021-10-19,Cincinnati,Continued
2022,00107,Rajon Rondo,Honolulu,2022-04-10,,,,,Missing expiration
2021,0011e,LeBron James,Buffalo,2021-05-16,2022,1,2021-10-19,Albuquerque,Documented release/signing
2022,0011e,LeBron James,Albuquerque,2022-04-10,2023,1,2022-10-18,Albuquerque,Continued
2023,0011e,LeBron James,Albuquerque,2023-04-09,2024,1,2023-10-24,Albuquerque,Continued
2024,0011e,LeBron James,Albuquerque,2024-04-03,2025,1,2024-10-22,Columbus,Missing expiration
2025,0011e,LeBron James,Columbus,2025-04-02,2026,1,2025-10-21,Columbus,Continued
2026,0011e,LeBron James,Columbus,2026-04-01,2027,1,2026-10-20,Vegas,Missing expiration + move
2027,0011e,LeBron James,Vegas,2027-04-11,,,,,Missing expiration
2021,00129,Carmelo Anthony,Albuquerque,2021-05-16,2022,1,2021-10-19,San Jose,Documented release/signing
2022,00129,Carmelo Anthony,San Jose,2022-04-10,2023,1,2022-10-18,Columbus,Missing expiration
2021,0014u,Trevor Ariza,Columbus,2021-05-16,2022,1,2021-10-19,Kentucky,Documented release/signing
2022,0014u,Trevor Ariza,Kentucky,2022-04-10,,,,,Missing expiration
2021,0015a,Rudy Gay,Pittsburgh,2021-05-16,2022,1,2021-10-19,Seattle,Documented release/signing
2022,0015a,Rudy Gay,Seattle,2022-04-10,2023,1,2022-10-18,Seattle,Continued
2023,0015a,Rudy Gay,Seattle,2023-04-09,,,,,Missing expiration
2021,0015b,Kyle Lowry,Columbus,2021-05-16,2022,1,2021-10-19,Columbus,Continued
2022,0015b,Kyle Lowry,Columbus,2022-04-10,2023,1,2022-10-18,Columbus,Continued
2023,0015b,Kyle Lowry,Jacksonville,2023-04-09,2024,1,2023-10-24,El Paso,Missing expiration
2024,0015b,Kyle Lowry,El Paso,2024-04-03,2025,1,2024-10-22,El Paso,Continued
2025,0015b,Kyle Lowry,El Paso,2025-04-02,2026,1,2025-10-21,St. Louis,Missing expiration
2021,0015e,Mike Conley,Tampa Bay,2021-05-16,2022,1,2021-10-19,Tampa Bay,Continued
2022,0015e,Mike Conley,St. Louis,2022-04-10,2023,1,2022-10-18,Kentucky,Missing expiration
2023,0015e,Mike Conley,Providence,2023-04-09,2024,1,2023-10-24,Providence,Continued
2024,0015e,Mike Conley,Providence,2024-04-03,2025,1,2024-10-22,Columbus,Missing expiration
2025,0015e,Mike Conley,Columbus,2025-04-02,2026,5,2025-10-25,Manchester,Missing expiration
2026,0015e,Mike Conley,Kentucky,2026-04-01,2027,1,2026-10-20,Des Moines,Missing expiration + move
2027,0015e,Mike Conley,Des Moines,2027-04-11,,,,,Missing expiration
2021,0017e,Chris Paul,Vegas,2021-05-16,2022,1,2021-10-19,Vegas,Continued
2022,0017e,Chris Paul,Vegas,2022-04-10,2023,1,2022-10-18,Vegas,Continued
2023,0017e,Chris Paul,Anaheim,2023-04-09,2024,1,2023-10-24,Anaheim,Continued
2024,0017e,Chris Paul,Anaheim,2024-04-03,2025,1,2024-10-22,Anaheim,Continued
2025,0017e,Chris Paul,Anaheim,2025-04-02,2026,1,2025-10-21,Anaheim,Continued
2021,0018a,Dwight Howard,San Jose,2021-05-16,2022,1,2021-10-19,El Paso,Documented release/signing
2022,0018a,Dwight Howard,Austin,2022-04-10,,,,,Missing expiration
2021,0018d,JJ Redick,Vegas,2021-05-16,,,,,Missing expiration
2021,0018m,Andre Iguodala,El Paso,2021-05-16,2022,1,2021-10-19,Lincoln,Documented release/signing
2022,0018m,Andre Iguodala,Lincoln,2022-04-10,2023,91,2023-01-16,Cincinnati,Missing expiration
2023,0018m,Andre Iguodala,Cincinnati,2023-04-09,,,,,Missing expiration
2021,0018n,Lou Williams,Kentucky,2021-05-16,2022,1,2021-10-19,Jacksonville,Documented release/signing
2022,0018n,Lou Williams,Tulsa,2022-04-10,,,,,Missing expiration
2021,0018r,Thaddeus Young,El Paso,2021-05-16,2022,1,2021-10-19,El Paso,Continued
2022,0018r,Thaddeus Young,El Paso,2022-04-10,2023,1,2022-10-18,El Paso,Continued
2023,0018r,Thaddeus Young,Albuquerque,2023-04-09,2024,1,2023-10-24,Vegas,Missing expiration
2024,0018r,Thaddeus Young,Cincinnati,2024-04-03,,,,,Missing expiration
2021,0019g,LaMarcus Aldridge,Pittsburgh,2021-05-16,2022,1,2021-10-19,Kentucky,Documented release/signing
2022,0019g,LaMarcus Aldridge,Kentucky,2022-04-10,,,,,Missing expiration
2021,001aw,Kevin Durant,Tampa Bay,2021-05-16,2022,1,2021-10-19,Tampa Bay,Continued
2022,001aw,Kevin Durant,Tampa Bay,2022-04-10,2023,1,2022-10-18,Tampa Bay,Continued
2023,001aw,Kevin Durant,Tampa Bay,2023-04-09,2024,1,2023-10-24,Tampa Bay,Continued
2024,001aw,Kevin Durant,Tampa Bay,2024-04-03,2025,1,2024-10-22,Tampa Bay,Continued
2025,001aw,Kevin Durant,Tampa Bay,2025-04-02,2026,1,2025-10-21,Tampa Bay,Continued
2026,001aw,Kevin Durant,Tampa Bay,2026-04-01,2027,1,2026-10-20,Buffalo,Missing expiration + move
2027,001aw,Kevin Durant,Buffalo,2027-04-11,,,,,Missing expiration
2021,001ax,Jeff Green,Baltimore,2021-05-16,2022,1,2021-10-19,Baltimore,Continued
2022,001ax,Jeff Green,Baltimore,2022-04-10,2023,1,2022-10-18,Baltimore,Continued
2023,001ax,Jeff Green,Baltimore,2023-04-09,2024,1,2023-10-24,San Jose,Missing expiration
2024,001ax,Jeff Green,San Jose,2024-04-03,2025,1,2024-10-22,San Jose,Continued
2025,001ax,Jeff Green,San Jose,2025-04-02,,,,,Missing expiration
2021,001bo,Paul Millsap,Anchorage,2021-05-16,2022,1,2021-10-19,Baltimore,Documented release/signing
2022,001bo,Paul Millsap,Tulsa,2022-04-10,,,,,Missing expiration
2021,004zd,Marc Gasol,El Paso,2021-05-16,,,,,Missing expiration
2021,005ka,Derrick Rose,Kentucky,2021-05-16,2022,1,2021-10-19,Seattle,Documented release/signing
2022,005ka,Derrick Rose,Lansing,2022-04-10,2023,1,2022-10-18,Vancouver,Documented trade
2023,005ka,Derrick Rose,Vancouver,2023-04-09,2024,1,2023-10-24,Austin,Missing expiration
2024,005ka,Derrick Rose,Austin,2024-04-03,2025,1,2024-10-22,Austin,Continued
2025,005ka,Derrick Rose,Austin,2025-04-02,,,,,Missing expiration
2021,005kc,Russell Westbrook,El Paso,2021-05-16,2022,1,2021-10-19,El Paso,Continued
2022,005kc,Russell Westbrook,El Paso,2022-04-10,2023,1,2022-10-18,El Paso,Continued
2023,005kc,Russell Westbrook,Columbus,2023-04-09,2024,1,2023-10-24,Columbus,Continued
2024,005kc,Russell Westbrook,Columbus,2024-04-03,2025,1,2024-10-22,Columbus,Continued
2025,005kc,Russell Westbrook,Columbus,2025-04-02,2026,1,2025-10-21,Lansing,Missing expiration
2026,005kc,Russell Westbrook,Lansing,2026-04-01,2027,1,2026-10-20,Lansing,Continued
2027,005kc,Russell Westbrook,Lansing,2027-04-11,,,,,Missing expiration
2021,005kd,Kevin Love,Lincoln,2021-05-16,2022,1,2021-10-19,Tulsa,Documented release/signing
2022,005kd,Kevin Love,Columbus,2022-04-10,2023,1,2022-10-18,Columbus,Continued
2023,005kd,Kevin Love,El Paso,2023-04-09,2024,1,2023-10-24,Vegas,Missing expiration
2024,005kd,Kevin Love,Vegas,2024-04-03,2025,1,2024-10-22,Vegas,Continued
2025,005kd,Kevin Love,Vegas,2025-04-02,2026,1,2025-10-21,Vegas,Continued
2026,005kd,Kevin Love,Columbus,2026-04-01,,,,,Missing expiration
2021,005ke,Danilo Gallinari,Vegas,2021-05-16,2022,1,2021-10-19,Vegas,Continued
2022,005ke,Danilo Gallinari,Vegas,2022-04-10,2023,1,2022-10-18,San Jose,Missing expiration
2023,005ke,Danilo Gallinari,San Jose,2023-04-09,2024,1,2023-10-24,San Jose,Continued
2024,005ke,Danilo Gallinari,San Jose,2024-04-03,2025,1,2024-10-22,Vegas,Missing expiration
2025,005ke,Danilo Gallinari,Vegas,2025-04-02,,,,,Missing expiration
2021,005kf,Eric Gordon,Nashville,2021-05-16,2022,1,2021-10-19,Nashville,Continued
2022,005kf,Eric Gordon,Nashville,2022-04-10,2023,1,2022-10-18,Vancouver,Missing expiration + move
2023,005kf,Eric Gordon,Vancouver,2023-04-09,2024,1,2023-10-24,Birmingham,Missing expiration + move
2024,005kf,Eric Gordon,Lansing,2024-04-03,2025,1,2024-10-22,Lansing,Continued
2025,005kf,Eric Gordon,Lansing,2025-04-02,2026,1,2025-10-21,Lansing,Continued
2026,005kf,Eric Gordon,Tulsa,2026-04-01,2027,1,2026-10-20,Tulsa,Continued
2027,005kf,Eric Gordon,Tulsa,2027-04-11,,,,,Missing expiration
2021,005kh,D.J. Augustin,Pittsburgh,2021-05-16,2022,1,2021-10-19,Pittsburgh,Continued
2022,005kh,D.J. Augustin,Pittsburgh,2022-04-10,2023,1,2022-10-18,Pittsburgh,Continued
2023,005kh,D.J. Augustin,Pittsburgh,2023-04-09,,,,,Missing expiration
2021,005ki,Brook Lopez,Kentucky,2021-05-16,2022,1,2021-10-19,El Paso,Documented release/signing
2022,005ki,Brook Lopez,Austin,2022-04-10,2023,1,2022-10-18,Des Moines,Missing expiration + move
2023,005ki,Brook Lopez,Tulsa,2023-04-09,2024,1,2023-10-24,Manchester,Missing expiration + move
2024,005ki,Brook Lopez,Anchorage,2024-04-03,2025,1,2024-10-22,Anchorage,Continued
2025,005ki,Brook Lopez,Anchorage,2025-04-02,2026,1,2025-10-21,Anchorage,Continued
2026,005ki,Brook Lopez,Anchorage,2026-04-01,2027,1,2026-10-20,Columbus,Missing expiration + move
2027,005ki,Brook Lopez,Columbus,2027-04-11,,,,,Missing expiration
2021,005l0,Nicolas Batum,Buffalo,2021-05-16,2022,1,2021-10-19,Buffalo,Continued
2022,005l0,Nicolas Batum,Anaheim,2022-04-10,2023,1,2022-10-18,Anaheim,Continued
2023,005l0,Nicolas Batum,Vegas,2023-04-09,2024,1,2023-10-24,Lansing,Missing expiration
2024,005l0,Nicolas Batum,Lansing,2024-04-03,2025,1,2024-10-22,Lansing,Continued
2025,005l0,Nicolas Batum,Lansing,2025-04-02,2026,1,2025-10-21,Honolulu,Missing expiration
2026,005l0,Nicolas Batum,Albuquerque,2026-04-01,,,,,Missing expiration
2021,005l3,DeAndre Jordan,Buffalo,2021-05-16,2022,1,2021-10-19,Buffalo,Continued
2022,005l3,DeAndre Jordan,Buffalo,2022-04-10,2023,1,2022-10-18,Buffalo,Continued
2023,005l3,DeAndre Jordan,Buffalo,2023-04-09,2024,1,2023-10-24,Vegas,Missing expiration
2024,005l3,DeAndre Jordan,Vegas,2024-04-03,2025,130,2025-02-28,Anaheim,Missing expiration
2021,005le,Robin Lopez,Vegas,2021-05-16,2022,1,2021-10-19,Little Rock,Documented release/signing
2022,005le,Robin Lopez,Manchester,2022-04-10,2023,1,2022-10-18,Manchester,Continued
2023,005le,Robin Lopez,Manchester,2023-04-09,2024,1,2023-10-24,Manchester,Continued
2024,005le,Robin Lopez,Manchester,2024-04-03,,,,,Missing expiration
2021,005ll,George Hill,San Diego,2021-05-16,2022,1,2021-10-19,San Diego,Continued
2022,005ll,George Hill,Birmingham,2022-04-10,2023,5,2022-10-22,Little Rock,Missing expiration
2023,005ll,George Hill,Tampa Bay,2023-04-09,,,,,Missing expiration
2021,005lm,Goran Dragic,Lincoln,2021-05-16,2022,1,2021-10-19,Lincoln,Continued
2022,005lm,Goran Dragic,Lincoln,2022-04-10,2023,1,2022-10-18,Kentucky,Missing expiration
2023,005lm,Goran Dragic,Kentucky,2023-04-09,,,,,Missing expiration
2021,005lo,Serge Ibaka,El Paso,2021-05-16,2022,1,2021-10-19,Providence,Documented release/signing
2022,005lo,Serge Ibaka,Providence,2022-04-10,2023,1,2022-10-18,Providence,Continued
2023,005lo,Serge Ibaka,Providence,2023-04-09,,,,,Missing expiration
2021,005lx,JaVale McGee,Albuquerque,2021-05-16,2022,1,2021-10-19,Albuquerque,Continued
2022,005lx,JaVale McGee,Albuquerque,2022-04-10,2023,1,2022-10-18,Albuquerque,Continued
2023,005lx,JaVale McGee,Albuquerque,2023-04-09,2024,1,2023-10-24,Vegas,Missing expiration
2024,005lx,JaVale McGee,Vegas,2024-04-03,,,,,Missing expiration
2021,01en2,Jeff Teague,Des Moines,2021-05-16,2022,1,2021-10-19,Des Moines,Continued
2022,01en2,Jeff Teague,Providence,2022-04-10,,,,,Missing expiration
2021,01en7,James Johnson,Buffalo,2021-05-16,2022,21,2021-11-08,Birmingham,Documented release/signing
2022,01en7,James Johnson,Birmingham,2022-04-10,,,,,Missing expiration
2021,01en8,Taj Gibson,Buffalo,2021-05-16,2022,1,2021-10-19,Lansing,Documented release/signing
2022,01en8,Taj Gibson,Birmingham,2022-04-10,2023,1,2022-10-18,Austin,Missing expiration
2023,01en8,Taj Gibson,Austin,2023-04-09,,,,,Missing expiration
2021,01ena,Danny Green,Anaheim,2021-05-16,2022,1,2021-10-19,Anaheim,Continued
2022,01ena,Danny Green,Anaheim,2022-04-10,2023,1,2022-10-18,Nashville,Missing expiration + move
2023,01ena,Danny Green,Nashville,2023-04-09,,,,,Missing expiration
2021,01enh,Stephen Curry,Little Rock,2021-05-16,2022,1,2021-10-19,Little Rock,Continued
2022,01enh,Stephen Curry,Little Rock,2022-04-10,2023,1,2022-10-18,Little Rock,Continued
2023,01enh,Stephen Curry,Little Rock,2023-04-09,2024,1,2023-10-24,Little Rock,Continued
2024,01enh,Stephen Curry,Little Rock,2024-04-03,2025,1,2024-10-22,Little Rock,Continued
2025,01enh,Stephen Curry,Little Rock,2025-04-02,2026,1,2025-10-21,Little Rock,Continued
2026,01enh,Stephen Curry,Little Rock,2026-04-01,2027,1,2026-10-20,Little Rock,Continued
2027,01enh,Stephen Curry,Little Rock,2027-04-11,,,,,Missing expiration
2021,01enn,Blake Griffin,Austin,2021-05-16,2022,1,2021-10-19,Austin,Continued
2022,01enn,Blake Griffin,Austin,2022-04-10,2023,1,2022-10-18,Baltimore,Missing expiration
2023,01enn,Blake Griffin,Manchester,2023-04-09,2024,1,2023-10-24,Manchester,Continued
2024,01enn,Blake Griffin,Manchester,2024-04-03,,,,,Missing expiration
2021,01ens,Patrick Beverley,Manchester,2021-05-16,2022,1,2021-10-19,Manchester,Continued
2022,01ens,Patrick Beverley,Little Rock,2022-04-10,2023,1,2022-10-18,Nashville,Missing expiration + move
2023,01ens,Patrick Beverley,Nashville,2023-04-09,2024,1,2023-10-24,Albuquerque,Missing expiration
2024,01ens,Patrick Beverley,Albuquerque,2024-04-03,,,,,Missing expiration
2021,01enw,Ricky Rubio,Boise,2021-05-16,2022,1,2021-10-19,Boise,Continued
2022,01enw,Ricky Rubio,Boise,2022-04-10,2023,1,2022-10-18,Vegas,Missing expiration
2023,01enw,Ricky Rubio,Vegas,2023-04-09,2024,1,2023-10-24,Vancouver,Missing expiration + move
2024,01enw,Ricky Rubio,Vancouver,2024-04-03,,,,,Missing expiration
2021,01eny,Wayne Ellington,Des Moines,2021-05-16,2022,1,2021-10-19,El Paso,Documented release/signing
2022,01eny,Wayne Ellington,Austin,2022-04-10,,,,,Missing expiration
2021,01eo6,James Harden,Lansing,2021-05-16,2022,1,2021-10-19,Lansing,Continued
2022,01eo6,James Harden,Kentucky,2022-04-10,2023,1,2022-10-18,Birmingham,Missing expiration + move
2023,01eo6,James Harden,Tampa Bay,2023-04-09,2024,1,2023-10-24,Tampa Bay,Continued
2024,01eo6,James Harden,Tampa Bay,2024-04-03,2025,1,2024-10-22,Tampa Bay,Continued
2025,01eo6,James Harden,Tampa Bay,2025-04-02,2026,1,2025-10-21,Providence,Missing expiration
2026,01eo6,James Harden,Providence,2026-04-01,2027,1,2026-10-20,Providence,Continued
2027,01eo6,James Harden,Providence,2027-04-11,,,,,Missing expiration
2021,01eo9,Jrue Holiday,Des Moines,2021-05-16,2022,1,2021-10-19,Des Moines,Continued
2022,01eo9,Jrue Holiday,Honolulu,2022-04-10,2023,1,2022-10-18,Honolulu,Continued
2023,01eo9,Jrue Holiday,Honolulu,2023-04-09,2024,1,2023-10-24,Honolulu,Continued
2024,01eo9,Jrue Holiday,Honolulu,2024-04-03,2025,1,2024-10-22,Honolulu,Continued
2025,01eo9,Jrue Holiday,Honolulu,2025-04-02,2026,1,2025-10-21,Albuquerque,Missing expiration
2026,01eo9,Jrue Holiday,Albuquerque,2026-04-01,2027,1,2026-10-20,Albuquerque,Continued
2027,01eo9,Jrue Holiday,Albuquerque,2027-04-11,,,,,Missing expiration
2021,01eog,Patty Mills,Vancouver,2021-05-16,2022,1,2021-10-19,Boise,Documented release/signing
2022,01eog,Patty Mills,Boise,2022-04-10,2023,1,2022-10-18,Boise,Continued
2023,01eog,Patty Mills,Boise,2023-04-09,2024,1,2023-10-24,Albuquerque,Missing expiration
2024,01eog,Patty Mills,Albuquerque,2024-04-03,2025,1,2024-10-22,Albuquerque,Continued
2025,01eog,Patty Mills,Albuquerque,2025-04-02,,,,,Missing expiration
2021,01eon,DeMar DeRozan,Pittsburgh,2021-05-16,2022,1,2021-10-19,Birmingham,Documented release/signing
2022,01eon,DeMar DeRozan,Cincinnati,2022-04-10,2023,1,2022-10-18,St. Louis,Missing expiration + move
2023,01eon,DeMar DeRozan,Kentucky,2023-04-09,2024,1,2023-10-24,Kentucky,Continued
2024,01eon,DeMar DeRozan,Des Moines,2024-04-03,2025,1,2024-10-22,Des Moines,Continued
2025,01eon,DeMar DeRozan,Des Moines,2025-04-02,2026,1,2025-10-21,Des Moines,Continued
2026,01eon,DeMar DeRozan,Des Moines,2026-04-01,2027,1,2026-10-20,Des Moines,Continued
2027,01eon,DeMar DeRozan,Des Moines,2027-04-11,,,,,Missing expiration
2021,01g61,Ersan Ilyasova,Anchorage,2021-05-16,,,,,Missing expiration
2021,01ng2,Garrett Temple,Cincinnati,2021-05-16,2022,21,2021-11-08,El Paso,Documented release/signing
2022,01ng2,Garrett Temple,Vegas,2022-04-10,,,,,Missing expiration
2021,01ngg,Wesley Matthews,San Diego,2021-05-16,2022,67,2021-12-24,Baltimore,Documented release/signing
2022,01ngg,Wesley Matthews,Baltimore,2022-04-10,2023,1,2022-10-18,Vegas,Missing expiration
2023,01ngg,Wesley Matthews,Vegas,2023-04-09,2024,1,2023-10-24,Vegas,Continued
2024,01ngg,Wesley Matthews,Vegas,2024-04-03,,,,,Missing expiration
2021,01sc8,John Wall,Birmingham,2021-05-16,2022,1,2021-10-19,Birmingham,Continued
2022,01sc8,John Wall,San Diego,2022-04-10,2023,1,2022-10-18,San Diego,Continued
2023,01sc8,John Wall,San Diego,2023-04-09,2024,1,2023-10-24,Albuquerque,Missing expiration
2024,01sc8,John Wall,Albuquerque,2024-04-03,,,,,Missing expiration
2021,01scu,Patrick Patterson,Anchorage,2021-05-16,,,,,Missing expiration
2021,01uyd,Avery Bradley,Columbus,2021-05-16,2022,1,2021-10-19,Albuquerque,Documented release/signing
2022,01uyd,Avery Bradley,Albuquerque,2022-04-10,,,,,Missing expiration
2021,01uyj,Paul George,Des Moines,2021-05-16,2022,1,2021-10-19,Des Moines,Continued
2022,01uyj,Paul George,Des Moines,2022-04-10,2023,1,2022-10-18,Vegas,Missing expiration
2023,01uyj,Paul George,Vegas,2023-04-09,2024,1,2023-10-24,Vegas,Continued
2024,01uyj,Paul George,Vegas,2024-04-03,2025,1,2024-10-22,Vegas,Continued
2025,01uyj,Paul George,Vegas,2025-04-02,2026,1,2025-10-21,Manchester,Documented trade
2026,01uyj,Paul George,Manchester,2026-04-01,2027,1,2026-10-20,Tulsa,Missing expiration + move
2027,01uyj,Paul George,Tulsa,2027-04-11,,,,,Missing expiration
2021,01uyt,Derrick Favors,Baltimore,2021-05-16,2022,1,2021-10-19,Baltimore,Continued
2022,01uyt,Derrick Favors,Baltimore,2022-04-10,2023,1,2022-10-18,Baltimore,Continued
2021,01uyx,Eric Bledsoe,Lansing,2021-05-16,2022,1,2021-10-19,San Diego,Documented release/signing
2022,01uyx,Eric Bledsoe,Providence,2022-04-10,2023,1,2022-10-18,Nashville,Missing expiration + move
2023,01uyx,Eric Bledsoe,Nashville,2023-04-09,,,,,Missing expiration
2021,01uz3,DeMarcus Cousins,Little Rock,2021-05-16,2022,1,2021-10-19,Little Rock,Continued
2022,01uz3,DeMarcus Cousins,El Paso,2022-04-10,,,,,Missing expiration
2021,01uz4,Hassan Whiteside,Cincinnati,2021-05-16,2022,1,2021-10-19,Kentucky,Documented release/signing
2022,01uz4,Hassan Whiteside,Kentucky,2022-04-10,2023,1,2022-10-18,Columbus,Missing expiration
2022,01uz6,Ed Davis,Anaheim,2022-04-10,2023,1,2022-10-18,Nashville,Missing expiration + move
2023,01uz6,Ed Davis,Nashville,2023-04-09,,,,,Missing expiration
2021,01uz7,Gordon Hayward,El Paso,2021-05-16,2022,1,2021-10-19,Kentucky,Documented release/signing
2022,01uz7,Gordon Hayward,Seattle,2022-04-10,2023,1,2022-10-18,Seattle,Continued
2023,01uz7,Gordon Hayward,Seattle,2023-04-09,2024,1,2023-10-24,Nashville,Missing expiration
2024,01uz7,Gordon Hayward,Nashville,2024-04-03,2025,1,2024-10-22,Providence,Missing expiration
2025,01uz7,Gordon Hayward,Providence,2025-04-02,2026,1,2025-10-21,Providence,Continued
2026,01uz7,Gordon Hayward,Providence,2026-04-01,,,,,Missing expiration
2021,01uz9,Nemanja Bjelica,Buffalo,2021-05-16,2022,1,2021-10-19,Kentucky,Documented release/signing
2022,01uz9,Nemanja Bjelica,Kentucky,2022-04-10,2023,1,2022-10-18,Providence,Missing expiration + move
2022,01uza,Lance Stephenson,Lansing,2022-04-10,,,,,Missing expiration
2021,0201u,Ish Smith,Little Rock,2021-05-16,2022,8,2021-10-26,St. Louis,Documented release/signing
2022,0201u,Ish Smith,St. Louis,2022-04-10,2023,1,2022-10-18,Austin,Missing expiration
2023,0201u,Ish Smith,Austin,2023-04-09,2024,39,2023-12-01,Kentucky,Missing expiration
2021,027oj,Kyrie Irving,Buffalo,2021-05-16,2022,1,2021-10-19,Kentucky,Documented release/signing
2022,027oj,Kyrie Irving,Kentucky,2022-04-10,2023,1,2022-10-18,Kentucky,Continued
2023,027oj,Kyrie Irving,Kentucky,2023-04-09,2024,1,2023-10-24,Kentucky,Continued
2024,027oj,Kyrie Irving,Kentucky,2024-04-03,2025,1,2024-10-22,Kentucky,Continued
2025,027oj,Kyrie Irving,Kentucky,2025-04-02,2026,1,2025-10-21,Kentucky,Continued
2026,027oj,Kyrie Irving,Kentucky,2026-04-01,2027,1,2026-10-20,El Paso,Missing expiration + move
2027,027oj,Kyrie Irving,El Paso,2027-04-11,,,,,Missing expiration
2021,027om,Tristan Thompson,San Jose,2021-05-16,2022,1,2021-10-19,San Jose,Continued
2022,027om,Tristan Thompson,San Diego,2022-04-10,2023,1,2022-10-18,San Diego,Continued
2023,027om,Tristan Thompson,San Diego,2023-04-09,2024,53,2023-12-15,Anaheim,Missing expiration
2024,027om,Tristan Thompson,Tampa Bay,2024-04-03,,,,,Missing expiration
2021,027oo,Jonas Valanciunas,Lansing,2021-05-16,2022,1,2021-10-19,Nashville,Documented release/signing
2022,027oo,Jonas Valanciunas,Nashville,2022-04-10,2023,1,2022-10-18,Kentucky,Missing expiration + move
2023,027oo,Jonas Valanciunas,Manchester,2023-04-09,2024,1,2023-10-24,Tulsa,Missing expiration + move
2024,027oo,Jonas Valanciunas,Tulsa,2024-04-03,2025,1,2024-10-22,Tulsa,Continued
2025,027oo,Jonas Valanciunas,Tulsa,2025-04-02,2026,1,2025-10-21,Columbus,Missing expiration
2026,027oo,Jonas Valanciunas,Columbus,2026-04-01,2027,1,2026-10-20,Vegas,Missing expiration + move
2027,027oo,Jonas Valanciunas,Vegas,2027-04-11,,,,,Missing expiration
2021,027oq,Bismack Biyombo,Albuquerque,2021-05-16,2022,1,2021-10-19,San Jose,Documented release/signing
2022,027oq,Bismack Biyombo,Tulsa,2022-04-10,2023,1,2022-10-18,Tulsa,Continued
2023,027oq,Bismack Biyombo,Des Moines,2023-04-09,2024,7,2023-10-30,San Jose,Missing expiration
2024,027oq,Bismack Biyombo,San Jose,2024-04-03,2025,130,2025-02-28,Tampa Bay,Missing expiration
2025,027oq,Bismack Biyombo,Tampa Bay,2025-04-02,,,,,Missing expiration
2021,027os,Kemba Walker,San Diego,2021-05-16,2022,1,2021-10-19,San Diego,Continued
2022,027os,Kemba Walker,San Diego,2022-04-10,2023,1,2022-10-18,San Diego,Continued
2021,027ou,Klay Thompson,Providence,2021-05-16,2022,1,2021-10-19,Providence,Continued
2022,027ou,Klay Thompson,Providence,2022-04-10,2023,1,2022-10-18,Providence,Continued
2023,027ou,Klay Thompson,Providence,2023-04-09,2024,1,2023-10-24,Providence,Continued
2024,027ou,Klay Thompson,Providence,2024-04-03,2025,1,2024-10-22,Providence,Continued
2025,027ou,Klay Thompson,Providence,2025-04-02,2026,1,2025-10-21,St. Louis,Documented trade
2026,027ou,Klay Thompson,St. Louis,2026-04-01,2027,1,2026-10-20,El Paso,Missing expiration + move
2027,027ou,Klay Thompson,El Paso,2027-04-11,,,,,Missing expiration
2021,027ov,Alec Burks,Tampa Bay,2021-05-16,2022,1,2021-10-19,Tampa Bay,Continued
2022,027ov,Alec Burks,Anaheim,2022-04-10,2023,1,2022-10-18,Birmingham,Missing expiration + move
2023,027ov,Alec Burks,Birmingham,2023-04-09,2024,1,2023-10-24,Birmingham,Continued
2024,027ov,Alec Burks,Lansing,2024-04-03,2025,1,2024-10-22,Lansing,Continued
2025,027ov,Alec Burks,Lansing,2025-04-02,2026,1,2025-10-21,Lansing,Continued
2021,027ox,Markieff Morris,San Jose,2021-05-16,2022,1,2021-10-19,San Jose,Continued
2022,027ox,Markieff Morris,San Jose,2022-04-10,2023,1,2022-10-18,Albuquerque,Missing expiration
2023,027ox,Markieff Morris,Albuquerque,2023-04-09,2024,1,2023-10-24,San Diego,Missing expiration
2024,027ox,Markieff Morris,San Diego,2024-04-03,,,,,Missing expiration
2021,027oy,Marcus Morris,San Jose,2021-05-16,2022,1,2021-10-19,San Jose,Continued
2022,027oy,Marcus Morris,San Jose,2022-04-10,2023,1,2022-10-18,San Jose,Continued
2023,027oy,Marcus Morris,San Jose,2023-04-09,2024,1,2023-10-24,San Jose,Continued
2024,027oy,Marcus Morris,San Jose,2024-04-03,,,,,Missing expiration
2021,027oz,Kawhi Leonard,Seattle,2021-05-16,2022,1,2021-10-19,Seattle,Continued
2022,027oz,Kawhi Leonard,Seattle,2022-04-10,2023,1,2022-10-18,Seattle,Continued
2023,027oz,Kawhi Leonard,Seattle,2023-04-09,2024,1,2023-10-24,Seattle,Continued
2024,027oz,Kawhi Leonard,Seattle,2024-04-03,2025,1,2024-10-22,Seattle,Continued
2025,027oz,Kawhi Leonard,Seattle,2025-04-02,2026,1,2025-10-21,Seattle,Continued
2026,027oz,Kawhi Leonard,Seattle,2026-04-01,2027,1,2026-10-20,Seattle,Continued
2027,027oz,Kawhi Leonard,Seattle,2027-04-11,,,,,Missing expiration
2021,027p0,Nikola Vucevic,Kentucky,2021-05-16,2022,1,2021-10-19,Buffalo,Documented release/signing
2022,027p0,Nikola Vucevic,Buffalo,2022-04-10,2023,1,2022-10-18,Buffalo,Continued
2023,027p0,Nikola Vucevic,Buffalo,2023-04-09,2024,1,2023-10-24,Des Moines,Missing expiration + move
2024,027p0,Nikola Vucevic,Des Moines,2024-04-03,2025,1,2024-10-22,Des Moines,Continued
2025,027p0,Nikola Vucevic,Des Moines,2025-04-02,2026,1,2025-10-21,Des Moines,Continued
2026,027p0,Nikola Vucevic,Anchorage,2026-04-01,2027,1,2026-10-20,Anchorage,Continued
2027,027p0,Nikola Vucevic,Anchorage,2027-04-11,,,,,Missing expiration
2021,027p2,Enes Kanter,Boise,2021-05-16,2022,1,2021-10-19,El Paso,Documented release/signing
2022,027p2,Enes Kanter,Austin,2022-04-10,2023,1,2022-10-18,Nashville,Missing expiration + move
2023,027p2,Enes Kanter,Nashville,2023-04-09,,,,,Missing expiration
2021,027p4,Tobias Harris,Vegas,2021-05-16,2022,1,2021-10-19,Vegas,Continued
2022,027p4,Tobias Harris,Vegas,2022-04-10,2023,1,2022-10-18,Vegas,Continued
2023,027p4,Tobias Harris,Honolulu,2023-04-09,2024,1,2023-10-24,Honolulu,Continued
2024,027p4,Tobias Harris,Honolulu,2024-04-03,2025,1,2024-10-22,Columbus,Missing expiration
2025,027p4,Tobias Harris,Columbus,2025-04-02,2026,1,2025-10-21,Columbus,Continued
2026,027p4,Tobias Harris,Columbus,2026-04-01,2027,1,2026-10-20,Columbus,Continued
2027,027p4,Tobias Harris,Columbus,2027-04-11,,,,,Missing expiration
2021,027p9,Reggie Jackson,Lansing,2021-05-16,2022,1,2021-10-19,Columbus,Documented release/signing
2022,027p9,Reggie Jackson,Boise,2022-04-10,2023,1,2022-10-18,Seattle,Missing expiration
2023,027p9,Reggie Jackson,Lansing,2023-04-09,2024,1,2023-10-24,Kentucky,Missing expiration + move
2024,027p9,Reggie Jackson,Kentucky,2024-04-03,2025,1,2024-10-22,Kentucky,Continued
2025,027p9,Reggie Jackson,San Diego,2025-04-02,2026,1,2025-10-21,San Diego,Continued
2026,027p9,Reggie Jackson,El Paso,2026-04-01,,,,,Missing expiration
2021,027pe,Jimmy Butler,Nashville,2021-05-16,2022,1,2021-10-19,Nashville,Continued
2022,027pe,Jimmy Butler,Nashville,2022-04-10,2023,1,2022-10-18,Austin,Missing expiration + move
2023,027pe,Jimmy Butler,Austin,2023-04-09,2024,1,2023-10-24,Vegas,Missing expiration
2024,027pe,Jimmy Butler,Vegas,2024-04-03,2025,1,2024-10-22,Vegas,Continued
2025,027pe,Jimmy Butler,Vegas,2025-04-02,2026,1,2025-10-21,Vegas,Continued
2026,027pe,Jimmy Butler,Vegas,2026-04-01,2027,1,2026-10-20,Columbus,Missing expiration + move
2027,027pe,Jimmy Butler,Columbus,2027-04-11,,,,,Missing expiration
2021,027pf,Cory Joseph,Pittsburgh,2021-05-16,2022,1,2021-10-19,Pittsburgh,Continued
2022,027pf,Cory Joseph,Pittsburgh,2022-04-10,2023,1,2022-10-18,Boise,Missing expiration
2023,027pf,Cory Joseph,Boise,2023-04-09,2024,1,2023-10-24,Columbus,Missing expiration + move
2024,027pf,Cory Joseph,Columbus,2024-04-03,2025,1,2024-10-22,Lansing,Missing expiration
2021,027pg,Bojan Bogdanovic,San Diego,2021-05-16,2022,1,2021-10-19,Lansing,Documented release/signing
2022,027pg,Bojan Bogdanovic,Lansing,2022-04-10,2023,1,2022-10-18,Columbus,Missing expiration + move
2023,027pg,Bojan Bogdanovic,El Paso,2023-04-09,2024,1,2023-10-24,El Paso,Continued
2024,027pg,Bojan Bogdanovic,El Paso,2024-04-03,2025,1,2024-10-22,Lansing,Missing expiration
2025,027pg,Bojan Bogdanovic,Lansing,2025-04-02,2026,1,2025-10-21,Lansing,Continued
2026,027pg,Bojan Bogdanovic,Lansing,2026-04-01,,,,,Missing expiration
2021,027pt,Davis Bertans,Columbus,2021-05-16,2022,1,2021-10-19,Columbus,Continued
2022,027pt,Davis Bertans,San Diego,2022-04-10,2023,1,2022-10-18,San Diego,Continued
2023,027pt,Davis Bertans,San Diego,2023-04-09,2024,1,2023-10-24,Albuquerque,Missing expiration
2024,027pt,Davis Bertans,Albuquerque,2024-04-03,2025,1,2024-10-22,Providence,Missing expiration + move
2025,027pt,Davis Bertans,Providence,2025-04-02,2026,1,2025-10-21,Providence,Continued
2026,027pt,Davis Bertans,Providence,2026-04-01,,,,,Missing expiration
2021,027q4,E'Twaun Moore,Nashville,2021-05-16,2022,1,2021-10-19,Nashville,Continued
2022,027q4,E'Twaun Moore,Nashville,2022-04-10,,,,,Missing expiration
2021,027q9,Isaiah Thomas,San Jose,2021-05-16,2022,1,2021-10-19,San Jose,Continued
2022,027q9,Isaiah Thomas,San Jose,2022-04-10,,,,,Missing expiration
2021,02gxr,Brad Wanamaker,St. Louis,2021-05-16,2022,1,2021-10-19,St. Louis,Continued
2022,02gxr,Brad Wanamaker,St. Louis,2022-04-10,2023,1,2022-10-18,Columbus,Missing expiration + move
2021,02nf1,Anthony Davis,Vancouver,2021-05-16,2022,1,2021-10-19,Vancouver,Continued
2022,02nf1,Anthony Davis,Vancouver,2022-04-10,2023,1,2022-10-18,Little Rock,Missing expiration + move
2023,02nf1,Anthony Davis,Little Rock,2023-04-09,2024,1,2023-10-24,Little Rock,Continued
2024,02nf1,Anthony Davis,Little Rock,2024-04-03,2025,1,2024-10-22,Little Rock,Continued
2025,02nf1,Anthony Davis,Little Rock,2025-04-02,2026,1,2025-10-21,Little Rock,Continued
2026,02nf1,Anthony Davis,Little Rock,2026-04-01,2027,1,2026-10-20,Little Rock,Continued
2027,02nf1,Anthony Davis,Little Rock,2027-04-11,,,,,Missing expiration
2021,02nf3,Bradley Beal,Honolulu,2021-05-16,2022,1,2021-10-19,Honolulu,Continued
2022,02nf3,Bradley Beal,Des Moines,2022-04-10,2023,1,2022-10-18,Austin,Missing expiration + move
2023,02nf3,Bradley Beal,Birmingham,2023-04-09,2024,1,2023-10-24,Birmingham,Continued
2024,02nf3,Bradley Beal,Lansing,2024-04-03,2025,1,2024-10-22,Lansing,Continued
2025,02nf3,Bradley Beal,Lansing,2025-04-02,2026,1,2025-10-21,Lansing,Continued
2026,02nf3,Bradley Beal,El Paso,2026-04-01,2027,1,2026-10-20,Jacksonville,Missing expiration + move
2027,02nf3,Bradley Beal,Jacksonville,2027-04-11,,,,,Missing expiration
2021,02nf6,Damian Lillard,Baltimore,2021-05-16,2022,1,2021-10-19,Baltimore,Continued
2022,02nf6,Damian Lillard,Baltimore,2022-04-10,2023,1,2022-10-18,Baltimore,Continued
2023,02nf6,Damian Lillard,Baltimore,2023-04-09,2024,1,2023-10-24,Baltimore,Continued
2024,02nf6,Damian Lillard,Baltimore,2024-04-03,2025,1,2024-10-22,Baltimore,Continued
2025,02nf6,Damian Lillard,Baltimore,2025-04-02,2026,1,2025-10-21,Baltimore,Continued
2026,02nf6,Damian Lillard,Baltimore,2026-04-01,2027,1,2026-10-20,Baltimore,Continued
2027,02nf6,Damian Lillard,Baltimore,2027-04-11,,,,,Missing expiration
2021,02nf7,Harrison Barnes,Cincinnati,2021-05-16,2022,1,2021-10-19,Cincinnati,Continued
2022,02nf7,Harrison Barnes,Anaheim,2022-04-10,2023,1,2022-10-18,Anaheim,Continued
2023,02nf7,Harrison Barnes,Anaheim,2023-04-09,2024,1,2023-10-24,Anaheim,Continued
2024,02nf7,Harrison Barnes,Anaheim,2024-04-03,2025,1,2024-10-22,Anaheim,Continued
2025,02nf7,Harrison Barnes,Anaheim,2025-04-02,2026,1,2025-10-21,Anaheim,Continued
2026,02nf7,Harrison Barnes,Baltimore,2026-04-01,2027,1,2026-10-20,El Paso,Missing expiration + move
2027,02nf7,Harrison Barnes,El Paso,2027-04-11,,,,,Missing expiration
2021,02nf8,Terrence Ross,Jacksonville,2021-05-16,2022,1,2021-10-19,Jacksonville,Continued
2022,02nf8,Terrence Ross,Jacksonville,2022-04-10,2023,1,2022-10-18,Jacksonville,Continued
2023,02nf8,Terrence Ross,Columbus,2023-04-09,2024,1,2023-10-24,Providence,Documented release/signing
2021,02nf9,Andre Drummond,Providence,2021-05-16,2022,1,2021-10-19,Cincinnati,Documented release/signing
2022,02nf9,Andre Drummond,Cincinnati,2022-04-10,2023,1,2022-10-18,Cincinnati,Continued
2023,02nf9,Andre Drummond,San Jose,2023-04-09,2024,1,2023-10-24,San Jose,Continued
2024,02nf9,Andre Drummond,San Jose,2024-04-03,2025,1,2024-10-22,St. Louis,Missing expiration
2025,02nf9,Andre Drummond,St. Louis,2025-04-02,2026,1,2025-10-21,St. Louis,Continued
2026,02nf9,Andre Drummond,St. Louis,2026-04-01,2027,1,2026-10-20,St. Louis,Continued
2027,02nf9,Andre Drummond,St. Louis,2027-04-11,,,,,Missing expiration
2021,02nfa,Austin Rivers,El Paso,2021-05-16,2022,1,2021-10-19,Albuquerque,Documented release/signing
2022,02nfa,Austin Rivers,Albuquerque,2022-04-10,2023,1,2022-10-18,Albuquerque,Continued
2023,02nfa,Austin Rivers,Albuquerque,2023-04-09,,,,,Missing expiration
2023,02nfb,Meyers Leonard,Honolulu,2023-04-09,,,,,Missing expiration
2021,02nfc,Jeremy Lamb,Tampa Bay,2021-05-16,2022,1,2021-10-19,Tampa Bay,Continued
2022,02nfc,Jeremy Lamb,St. Louis,2022-04-10,2023,1,2022-10-18,St. Louis,Continued
2023,02nfc,Jeremy Lamb,St. Louis,2023-04-09,,,,,Missing expiration
2021,02nff,Maurice Harkless,Des Moines,2021-05-16,2022,8,2021-10-26,St. Louis,Documented release/signing
2022,02nff,Maurice Harkless,St. Louis,2022-04-10,2023,1,2022-10-18,Vegas,Missing expiration
2023,02nff,Maurice Harkless,Vegas,2023-04-09,,,,,Missing expiration
2021,02nfk,Evan Fournier,Buffalo,2021-05-16,2022,1,2021-10-19,Pittsburgh,Documented release/signing
2022,02nfk,Evan Fournier,Pittsburgh,2022-04-10,2023,1,2022-10-18,Pittsburgh,Continued
2023,02nfk,Evan Fournier,Pittsburgh,2023-04-09,2024,1,2023-10-24,Pittsburgh,Continued
2021,02nfw,Tomas Satoransky,Providence,2021-05-16,2022,1,2021-10-19,Providence,Continued
2022,02nfw,Tomas Satoransky,Little Rock,2022-04-10,,,,,Missing expiration
2021,02nfy,Jae Crowder,Vegas,2021-05-16,2022,1,2021-10-19,Vegas,Continued
2022,02nfy,Jae Crowder,Vegas,2022-04-10,2023,1,2022-10-18,Vegas,Continued
2023,02nfy,Jae Crowder,Vegas,2023-04-09,2024,1,2023-10-24,El Paso,Missing expiration
2024,02nfy,Jae Crowder,El Paso,2024-04-03,2025,1,2024-10-22,El Paso,Continued
2025,02nfy,Jae Crowder,El Paso,2025-04-02,,,,,Missing expiration
2021,02nfz,Draymond Green,Nashville,2021-05-16,2022,1,2021-10-19,Nashville,Continued
2022,02nfz,Draymond Green,Nashville,2022-04-10,2023,1,2022-10-18,Anaheim,Missing expiration + move
2023,02nfz,Draymond Green,Anaheim,2023-04-09,2024,1,2023-10-24,Anaheim,Continued
2024,02nfz,Draymond Green,Anaheim,2024-04-03,2025,1,2024-10-22,Anaheim,Continued
2025,02nfz,Draymond Green,Anaheim,2025-04-02,2026,1,2025-10-21,Anaheim,Continued
2026,02nfz,Draymond Green,El Paso,2026-04-01,2027,1,2026-10-20,Baltimore,Missing expiration + move
2027,02nfz,Draymond Green,Baltimore,2027-04-11,,,,,Missing expiration
2021,02ng3,Khris Middleton,Albuquerque,2021-05-16,2022,1,2021-10-19,Buffalo,Documented release/signing
2022,02ng3,Khris Middleton,Buffalo,2022-04-10,2023,1,2022-10-18,Buffalo,Continued
2023,02ng3,Khris Middleton,Buffalo,2023-04-09,2024,1,2023-10-24,Anchorage,Documented trade
2024,02ng3,Khris Middleton,Anchorage,2024-04-03,2025,1,2024-10-22,Anchorage,Continued
2025,02ng3,Khris Middleton,Anchorage,2025-04-02,2026,1,2025-10-21,Anchorage,Continued
2026,02ng3,Khris Middleton,Anchorage,2026-04-01,2027,1,2026-10-20,Anchorage,Continued
2027,02ng3,Khris Middleton,Anchorage,2027-04-11,,,,,Missing expiration
2021,02ng4,Will Barton,Des Moines,2021-05-16,2022,1,2021-10-19,Des Moines,Continued
2022,02ng4,Will Barton,Lansing,2022-04-10,2023,1,2022-10-18,Lansing,Continued
2023,02ng4,Will Barton,Lansing,2023-04-09,,,,,Missing expiration
2021,02ng7,Mike Scott,Little Rock,2021-05-16,,,,,Missing expiration
2021,02nga,Darius Miller,Vegas,2021-05-16,,,,,Missing expiration
2021,02q81,P.J. Tucker,Anchorage,2021-05-16,2022,1,2021-10-19,Tampa Bay,Documented release/signing
2022,02q81,P.J. Tucker,Tampa Bay,2022-04-10,2023,1,2022-10-18,Des Moines,Missing expiration
2023,02q81,P.J. Tucker,Des Moines,2023-04-09,2024,1,2023-10-24,San Diego,Missing expiration + move
2024,02q81,P.J. Tucker,San Diego,2024-04-03,2025,1,2024-10-22,Vegas,Missing expiration
2025,02q81,P.J. Tucker,Vegas,2025-04-02,2026,1,2025-10-21,Kentucky,Missing expiration
2021,02qe4,Kent Bazemore,Seattle,2021-05-16,2022,1,2021-10-19,Seattle,Continued
2022,02qe4,Kent Bazemore,Seattle,2022-04-10,,,,,Missing expiration
2021,02v2t,Jabari Parker,Anchorage,2021-05-16,2022,1,2021-10-19,Providence,Documented release/signing
2022,02v2t,Jabari Parker,Providence,2022-04-10,2023,1,2022-10-18,Providence,Continued
2021,02x1k,Justin Holiday,Anaheim,2021-05-16,2022,1,2021-10-19,Anaheim,Continued
2022,02x1k,Justin Holiday,Anaheim,2022-04-10,2023,1,2022-10-18,Pittsburgh,Missing expiration + move
2023,02x1k,Justin Holiday,Pittsburgh,2023-04-09,2024,1,2023-10-24,Buffalo,Missing expiration
2024,02x1k,Justin Holiday,Lincoln,2024-04-03,,,,,Missing expiration
2021,02xg9,Rudy Gobert,Anaheim,2021-05-16,2022,1,2021-10-19,Anaheim,Continued
2022,02xg9,Rudy Gobert,Anaheim,2022-04-10,2023,1,2022-10-18,Anaheim,Continued
2023,02xg9,Rudy Gobert,Anaheim,2023-04-09,2024,1,2023-10-24,Anaheim,Continued
2024,02xg9,Rudy Gobert,Anaheim,2024-04-03,2025,1,2024-10-22,Anaheim,Continued
2025,02xg9,Rudy Gobert,Anaheim,2025-04-02,2026,1,2025-10-21,Anaheim,Continued
2026,02xg9,Rudy Gobert,Anaheim,2026-04-01,2027,1,2026-10-20,Nashville,Missing expiration + move
2027,02xg9,Rudy Gobert,Nashville,2027-04-11,,,,,Missing expiration
2021,02yf5,Aron Baynes,Austin,2021-05-16,2022,1,2021-10-19,Austin,Continued
2022,02yf5,Aron Baynes,Austin,2022-04-10,2023,1,2022-10-18,Nashville,Missing expiration + move
2023,02yf5,Aron Baynes,Nashville,2023-04-09,,,,,Missing expiration
2021,02ym0,Andrew Wiggins,Boise,2021-05-16,2022,1,2021-10-19,Boise,Continued
2022,02ym0,Andrew Wiggins,Boise,2022-04-10,2023,1,2022-10-18,Boise,Continued
2023,02ym0,Andrew Wiggins,Boise,2023-04-09,2024,1,2023-10-24,Boise,Continued
2024,02ym0,Andrew Wiggins,Boise,2024-04-03,2025,1,2024-10-22,Boise,Continued
2025,02ym0,Andrew Wiggins,Boise,2025-04-02,2026,1,2025-10-21,Boise,Continued
2026,02ym0,Andrew Wiggins,Boise,2026-04-01,2027,1,2026-10-20,Boise,Continued
2027,02ym0,Andrew Wiggins,Boise,2027-04-11,,,,,Missing expiration
2021,031lp,Victor Oladipo,Buffalo,2021-05-16,2022,1,2021-10-19,Austin,Documented release/signing
2022,031lp,Victor Oladipo,Austin,2022-04-10,2023,1,2022-10-18,Kentucky,Missing expiration
2023,031lp,Victor Oladipo,Providence,2023-04-09,2024,1,2023-10-24,Vegas,Missing expiration + move
2024,031lp,Victor Oladipo,Vegas,2024-04-03,,,,,Missing expiration
2021,031lq,Otto Porter,Birmingham,2021-05-16,2022,1,2021-10-19,Jacksonville,Documented release/signing
2022,031lq,Otto Porter,Jacksonville,2022-04-10,2023,1,2022-10-18,Jacksonville,Continued
2023,031lq,Otto Porter,Jacksonville,2023-04-09,2024,1,2023-10-24,Jacksonville,Continued
2024,031lq,Otto Porter,Jacksonville,2024-04-03,,,,,Missing expiration
2021,031lr,Cody Zeller,Tampa Bay,2021-05-16,2022,1,2021-10-19,Tampa Bay,Continued
2022,031lr,Cody Zeller,Vancouver,2022-04-10,2023,1,2022-10-18,Manchester,Missing expiration
2023,031lr,Cody Zeller,St. Louis,2023-04-09,2024,1,2023-10-24,Tampa Bay,Missing expiration
2024,031lr,Cody Zeller,Albuquerque,2024-04-03,,,,,Missing expiration
2021,031ls,Alex Len,Birmingham,2021-05-16,2022,18,2021-11-05,Little Rock,Documented release/signing
2022,031ls,Alex Len,Vegas,2022-04-10,2024,136,2024-03-07,Anaheim,Missing expiration
2021,031lt,Nerlens Noel,Anaheim,2021-05-16,2022,1,2021-10-19,Anaheim,Continued
2022,031lt,Nerlens Noel,Anaheim,2022-04-10,2023,1,2022-10-18,Birmingham,Missing expiration
2023,031lt,Nerlens Noel,St. Louis,2023-04-09,,,,,Missing expiration
2021,031lu,Ben McLemore,Boise,2021-05-16,2022,5,2021-10-23,Providence,Documented release/signing
2022,031lu,Ben McLemore,Providence,2022-04-10,,,,,Missing expiration
2021,031lv,Kentavious Caldwell-Pope,Kentucky,2021-05-16,2022,1,2021-10-19,Tampa Bay,Documented release/signing
2022,031lv,Kentavious Caldwell-Pope,Tampa Bay,2022-04-10,2023,1,2022-10-18,Tampa Bay,Continued
2023,031lv,Kentavious Caldwell-Pope,Baltimore,2023-04-09,2024,1,2023-10-24,Columbus,Missing expiration
2024,031lv,Kentavious Caldwell-Pope,Tulsa,2024-04-03,2025,1,2024-10-22,Tulsa,Continued
2025,031lv,Kentavious Caldwell-Pope,Tulsa,2025-04-02,2026,1,2025-10-21,Boise,Missing expiration
2026,031lv,Kentavious Caldwell-Pope,Boise,2026-04-01,2027,1,2026-10-20,Boise,Continued
2027,031lv,Kentavious Caldwell-Pope,Boise,2027-04-11,,,,,Missing expiration
2021,031lw,Trey Burke,Pittsburgh,2021-05-16,,,,,Missing expiration
2021,031lx,CJ McCollum,St. Louis,2021-05-16,2022,1,2021-10-19,St. Louis,Continued
2022,031lx,CJ McCollum,Tampa Bay,2022-04-10,2023,1,2022-10-18,Tampa Bay,Continued
2023,031lx,CJ McCollum,Birmingham,2023-04-09,2024,1,2023-10-24,Birmingham,Continued
2024,031lx,CJ McCollum,Tampa Bay,2024-04-03,2025,1,2024-10-22,Tampa Bay,Continued
2025,031lx,CJ McCollum,Tampa Bay,2025-04-02,2026,1,2025-10-21,Albuquerque,Missing expiration
2026,031lx,CJ McCollum,Albuquerque,2026-04-01,2027,1,2026-10-20,Albuquerque,Continued
2027,031lx,CJ McCollum,Albuquerque,2027-04-11,,,,,Missing expiration
2021,031ly,Michael Carter-Williams,Lansing,2021-05-16,2022,1,2021-10-19,Nashville,Documented release/signing
2022,031ly,Michael Carter-Williams,Nashville,2022-04-10,2023,1,2022-10-18,Nashville,Continued
2021,031lz,Steven Adams,Tampa Bay,2021-05-16,2022,1,2021-10-19,Tampa Bay,Continued
2022,031lz,Steven Adams,Tampa Bay,2022-04-10,2023,1,2022-10-18,Tampa Bay,Continued
2023,031lz,Steven Adams,Tampa Bay,2023-04-09,2024,1,2023-10-24,Tampa Bay,Continued
2024,031lz,Steven Adams,Birmingham,2024-04-03,2025,1,2024-10-22,Columbus,Missing expiration
2025,031lz,Steven Adams,Columbus,2025-04-02,2026,1,2025-10-21,Columbus,Continued
2026,031lz,Steven Adams,Columbus,2026-04-01,2027,1,2026-10-20,Honolulu,Missing expiration + move
2027,031lz,Steven Adams,Honolulu,2027-04-11,,,,,Missing expiration
2021,031m0,Kelly Olynyk,Lansing,2021-05-16,2022,1,2021-10-19,Lansing,Continued
2022,031m0,Kelly Olynyk,Lansing,2022-04-10,2023,1,2022-10-18,Lansing,Continued
2023,031m0,Kelly Olynyk,Tampa Bay,2023-04-09,2024,1,2023-10-24,Tampa Bay,Continued
2024,031m0,Kelly Olynyk,Tampa Bay,2024-04-03,2025,1,2024-10-22,Tampa Bay,Continued
2025,031m0,Kelly Olynyk,Tampa Bay,2025-04-02,2026,1,2025-10-21,El Paso,Missing expiration
2026,031m0,Kelly Olynyk,Des Moines,2026-04-01,,,,,Missing expiration
2021,031m2,Giannis Antetokounmpo,Boise,2021-05-16,2022,1,2021-10-19,Boise,Continued
2022,031m2,Giannis Antetokounmpo,Boise,2022-04-10,2023,1,2022-10-18,Boise,Continued
2023,031m2,Giannis Antetokounmpo,Boise,2023-04-09,2024,1,2023-10-24,Boise,Continued
2024,031m2,Giannis Antetokounmpo,Boise,2024-04-03,2025,1,2024-10-22,Boise,Continued
2025,031m2,Giannis Antetokounmpo,Boise,2025-04-02,2026,1,2025-10-21,Boise,Continued
2026,031m2,Giannis Antetokounmpo,Boise,2026-04-01,2027,1,2026-10-20,El Paso,Missing expiration + move
2027,031m2,Giannis Antetokounmpo,El Paso,2027-04-11,,,,,Missing expiration
2021,031m4,Dennis Schroder,Birmingham,2021-05-16,2022,1,2021-10-19,Lansing,Documented release/signing
2022,031m4,Dennis Schroder,Pittsburgh,2022-04-10,2023,1,2022-10-18,Pittsburgh,Continued
2023,031m4,Dennis Schroder,Pittsburgh,2023-04-09,2024,1,2023-10-24,Pittsburgh,Continued
2024,031m4,Dennis Schroder,Kentucky,2024-04-03,2025,1,2024-10-22,Kentucky,Continued
2025,031m4,Dennis Schroder,Kentucky,2025-04-02,2026,1,2025-10-21,Kentucky,Continued
2026,031m4,Dennis Schroder,Kentucky,2026-04-01,2027,1,2026-10-20,Kentucky,Continued
2027,031m4,Dennis Schroder,Kentucky,2027-04-11,,,,,Missing expiration
2021,031m7,Tony Snell,Jacksonville,2021-05-16,2022,1,2021-10-19,Columbus,Documented release/signing
2022,031m7,Tony Snell,Columbus,2022-04-10,,,,,Missing expiration
2021,031m8,Gorgui Dieng,Little Rock,2021-05-16,2022,1,2021-10-19,Buffalo,Documented release/signing
2022,031m8,Gorgui Dieng,Birmingham,2022-04-10,2023,1,2022-10-18,Little Rock,Missing expiration
2023,031m8,Gorgui Dieng,Birmingham,2023-04-09,,,,,Missing expiration
2021,031m9,Mason Plumlee,Anaheim,2021-05-16,2022,1,2021-10-19,Anaheim,Continued
2022,031m9,Mason Plumlee,Tampa Bay,2022-04-10,2023,1,2022-10-18,Birmingham,Documented trade
2023,031m9,Mason Plumlee,St. Louis,2023-04-09,2024,1,2023-10-24,Lincoln,Missing expiration
2024,031m9,Mason Plumlee,St. Louis,2024-04-03,2025,1,2024-10-22,El Paso,Missing expiration
2025,031m9,Mason Plumlee,El Paso,2025-04-02,2026,1,2025-10-21,Little Rock,Missing expiration
2026,031m9,Mason Plumlee,Little Rock,2026-04-01,,,,,Missing expiration
2021,031ma,Solomon Hill,Birmingham,2021-05-16,,,,,Missing expiration
2021,031mb,Tim Hardaway,Providence,2021-05-16,2022,1,2021-10-19,Des Moines,Documented release/signing
2022,031mb,Tim Hardaway,Des Moines,2022-04-10,2023,1,2022-10-18,Des Moines,Continued
2023,031mb,Tim Hardaway,Des Moines,2023-04-09,2024,1,2023-10-24,Des Moines,Continued
2024,031mb,Tim Hardaway,Des Moines,2024-04-03,2025,1,2024-10-22,Des Moines,Continued
2025,031mb,Tim Hardaway,Des Moines,2025-04-02,2026,1,2025-10-21,Anaheim,Missing expiration
2026,031mb,Tim Hardaway,Pittsburgh,2026-04-01,2027,1,2026-10-20,Pittsburgh,Continued
2027,031mb,Tim Hardaway,Pittsburgh,2027-04-11,,,,,Missing expiration
2021,031mc,Reggie Bullock,Nashville,2021-05-16,2022,1,2021-10-19,Buffalo,Documented release/signing
2022,031mc,Reggie Bullock,Buffalo,2022-04-10,2023,1,2022-10-18,Buffalo,Continued
2023,031mc,Reggie Bullock,Buffalo,2023-04-09,2024,1,2023-10-24,Manchester,Missing expiration + move
2024,031mc,Reggie Bullock,Manchester,2024-04-03,2025,1,2024-10-22,Manchester,Continued
2025,031mc,Reggie Bullock,Manchester,2025-04-02,,,,,Missing expiration
2021,031md,Andre Roberson,El Paso,2021-05-16,,,,,Missing expiration
2021,031mu,Mike Muscala,San Diego,2021-05-16,2022,18,2021-11-05,Little Rock,Documented release/signing
2022,031mu,Mike Muscala,Tampa Bay,2022-04-10,2023,8,2022-10-25,Lansing,Missing expiration
2024,031mu,Mike Muscala,Seattle,2024-04-03,,,,,Missing expiration
2022,031mx,Raul Neto,Kentucky,2022-04-10,2023,1,2022-10-18,Lansing,Missing expiration
2021,031n0,James Ennis,Buffalo,2021-05-16,2022,1,2021-10-19,Buffalo,Continued
2021,038ia,Seth Curry,Vancouver,2021-05-16,2022,1,2021-10-19,Vancouver,Continued
2022,038ia,Seth Curry,Anaheim,2022-04-10,2023,1,2022-10-18,Anaheim,Continued
2023,038ia,Seth Curry,Vegas,2023-04-09,2024,1,2023-10-24,Pittsburgh,Missing expiration
2024,038ia,Seth Curry,Lansing,2024-04-03,2025,1,2024-10-22,Lansing,Continued
2025,038ia,Seth Curry,Lansing,2025-04-02,2026,1,2025-10-21,Lansing,Continued
2026,038ia,Seth Curry,El Paso,2026-04-01,2027,1,2026-10-20,Albuquerque,Missing expiration + move
2027,038ia,Seth Curry,Albuquerque,2027-04-11,,,,,Missing expiration
2021,038og,Matthew Dellavedova,El Paso,2021-05-16,,,,,Missing expiration
2021,038xi,Robert Covington,Anaheim,2021-05-16,2022,1,2021-10-19,Anaheim,Continued
2022,038xi,Robert Covington,Pittsburgh,2022-04-10,2023,1,2022-10-18,Baltimore,Missing expiration
2023,038xi,Robert Covington,Baltimore,2023-04-09,2024,1,2023-10-24,Buffalo,Missing expiration + move
2024,038xi,Robert Covington,Buffalo,2024-04-03,,,,,Missing expiration
2022,038xl,Dewayne Dedmon,Lansing,2022-04-10,2023,1,2022-10-18,Austin,Missing expiration
2023,038xl,Dewayne Dedmon,Austin,2023-04-09,2024,1,2023-10-24,San Jose,Missing expiration
2024,038xl,Dewayne Dedmon,San Jose,2024-04-03,,,,,Missing expiration
2021,03927,JaMychal Green,San Jose,2021-05-16,2022,1,2021-10-19,Anaheim,Documented release/signing
2022,03927,JaMychal Green,Birmingham,2022-04-10,2023,1,2022-10-18,San Diego,Missing expiration + move
2023,03927,JaMychal Green,San Diego,2023-04-09,,,,,Missing expiration
2022,0392f,Rodney McGruder,El Paso,2022-04-10,,,,,Missing expiration
2026,0393h,Vander Blue,Boise,2026-04-01,,,,,Missing expiration
2024,03acx,Dante Exum,Vegas,2024-04-03,2025,1,2024-10-22,Vegas,Continued
2025,03acx,Dante Exum,Vegas,2025-04-02,2026,1,2025-10-21,Vegas,Continued
2026,03acx,Dante Exum,Vegas,2026-04-01,,,,,Missing expiration
2021,03acy,Dario Saric,Seattle,2021-05-16,2022,1,2021-10-19,Seattle,Continued
2022,03acy,Dario Saric,Seattle,2022-04-10,2023,1,2022-10-18,Seattle,Continued
2023,03acy,Dario Saric,Seattle,2023-04-09,2024,1,2023-10-24,Seattle,Continued
2024,03acy,Dario Saric,Seattle,2024-04-03,2025,1,2024-10-22,Lincoln,Missing expiration
2025,03acy,Dario Saric,Lincoln,2025-04-02,2026,1,2025-10-21,Lincoln,Continued
2021,03ad0,Tyus Jones,Seattle,2021-05-16,2022,1,2021-10-19,Lansing,Documented release/signing
2022,03ad0,Tyus Jones,Lansing,2022-04-10,2023,1,2022-10-18,Lincoln,Missing expiration
2023,03ad0,Tyus Jones,Lincoln,2023-04-09,2024,1,2023-10-24,Des Moines,Missing expiration + move
2024,03ad0,Tyus Jones,Des Moines,2024-04-03,2025,1,2024-10-22,Vegas,Missing expiration
2025,03ad0,Tyus Jones,Vegas,2025-04-02,2026,1,2025-10-21,Vegas,Continued
2026,03ad0,Tyus Jones,Vegas,2026-04-01,2027,1,2026-10-20,Columbus,Missing expiration + move
2027,03ad0,Tyus Jones,Columbus,2027-04-11,,,,,Missing expiration
2021,03ad1,Jahlil Okafor,Anchorage,2021-05-16,2022,18,2021-11-05,Birmingham,Documented release/signing
2022,03ad1,Jahlil Okafor,Birmingham,2022-04-10,,,,,Missing expiration
2021,03ad2,Myles Turner,Jacksonville,2021-05-16,2022,1,2021-10-19,Jacksonville,Continued
2022,03ad2,Myles Turner,Jacksonville,2022-04-10,2023,1,2022-10-18,Jacksonville,Continued
2023,03ad2,Myles Turner,Jacksonville,2023-04-09,2024,1,2023-10-24,Jacksonville,Continued
2024,03ad2,Myles Turner,Jacksonville,2024-04-03,2025,1,2024-10-22,Jacksonville,Continued
2025,03ad2,Myles Turner,Jacksonville,2025-04-02,2026,1,2025-10-21,Jacksonville,Continued
2026,03ad2,Myles Turner,Jacksonville,2026-04-01,2027,1,2026-10-20,Jacksonville,Continued
2027,03ad2,Myles Turner,Jacksonville,2027-04-11,,,,,Missing expiration
2021,03ad3,Karl-Anthony Towns,Anchorage,2021-05-16,2022,1,2021-10-19,Anchorage,Continued
2022,03ad3,Karl-Anthony Towns,Anchorage,2022-04-10,2023,1,2022-10-18,Anchorage,Continued
2023,03ad3,Karl-Anthony Towns,Anchorage,2023-04-09,2024,1,2023-10-24,Tulsa,Documented trade
2024,03ad3,Karl-Anthony Towns,Tulsa,2024-04-03,2025,1,2024-10-22,Buffalo,Missing expiration
2025,03ad3,Karl-Anthony Towns,Buffalo,2025-04-02,2026,1,2025-10-21,Providence,Documented trade
2026,03ad3,Karl-Anthony Towns,Providence,2026-04-01,2027,1,2026-10-20,Providence,Continued
2027,03ad3,Karl-Anthony Towns,Providence,2027-04-11,,,,,Missing expiration
2021,03ad4,DAngelo Russell,Manchester,2021-05-16,2022,1,2021-10-19,Manchester,Continued
2022,03ad4,DAngelo Russell,Vancouver,2022-04-10,2023,1,2022-10-18,Vancouver,Continued
2023,03ad4,DAngelo Russell,El Paso,2023-04-09,2024,1,2023-10-24,El Paso,Continued
2024,03ad4,DAngelo Russell,El Paso,2024-04-03,2025,1,2024-10-22,St. Louis,Missing expiration
2025,03ad4,DAngelo Russell,St. Louis,2025-04-02,2026,1,2025-10-21,St. Louis,Continued
2026,03ad4,DAngelo Russell,St. Louis,2026-04-01,2027,1,2026-10-20,Vancouver,Missing expiration + move
2027,03ad4,DAngelo Russell,Vancouver,2027-04-11,,,,,Missing expiration
2021,03ad5,Trey Lyles,Vancouver,2021-05-16,2022,1,2021-10-19,Anchorage,Documented release/signing
2022,03ad5,Trey Lyles,Anchorage,2022-04-10,2023,21,2022-11-07,Tampa Bay,Missing expiration
2023,03ad5,Trey Lyles,Vancouver,2023-04-09,2024,1,2023-10-24,Columbus,Missing expiration
2024,03ad5,Trey Lyles,Cincinnati,2024-04-03,2025,1,2024-10-22,El Paso,Missing expiration
2025,03ad5,Trey Lyles,El Paso,2025-04-02,2026,1,2025-10-21,Little Rock,Missing expiration
2026,03ad5,Trey Lyles,Little Rock,2026-04-01,2027,1,2026-10-20,Little Rock,Continued
2027,03ad5,Trey Lyles,Little Rock,2027-04-11,,,,,Missing expiration
2021,03ad7,Kevon Looney,Birmingham,2021-05-16,2022,1,2021-10-19,Boise,Documented release/signing
2022,03ad7,Kevon Looney,Boise,2022-04-10,2023,1,2022-10-18,Austin,Missing expiration
2023,03ad7,Kevon Looney,Austin,2023-04-09,2024,1,2023-10-24,Lansing,Missing expiration + move
2024,03ad7,Kevon Looney,Birmingham,2024-04-03,2025,1,2024-10-22,Manchester,Missing expiration + move
2025,03ad7,Kevon Looney,Manchester,2025-04-02,2026,1,2025-10-21,Vegas,Missing expiration
2026,03ad7,Kevon Looney,Vegas,2026-04-01,2027,1,2026-10-20,San Diego,Missing expiration + move
2027,03ad7,Kevon Looney,San Diego,2027-04-11,,,,,Missing expiration
2021,03ajv,Julius Randle,Tampa Bay,2021-05-16,2022,1,2021-10-19,Tampa Bay,Continued
2022,03ajv,Julius Randle,Tampa Bay,2022-04-10,2023,1,2022-10-18,Tampa Bay,Continued
2023,03ajv,Julius Randle,Tampa Bay,2023-04-09,2024,1,2023-10-24,Tampa Bay,Continued
2024,03ajv,Julius Randle,Tampa Bay,2024-04-03,2025,1,2024-10-22,Tampa Bay,Continued
2025,03ajv,Julius Randle,Tampa Bay,2025-04-02,2026,1,2025-10-21,Pittsburgh,Missing expiration
2026,03ajv,Julius Randle,Pittsburgh,2026-04-01,2027,1,2026-10-20,Pittsburgh,Continued
2027,03ajv,Julius Randle,Pittsburgh,2027-04-11,,,,,Missing expiration
2021,03al0,Aaron Gordon,Vancouver,2021-05-16,2022,1,2021-10-19,Vancouver,Continued
2022,03al0,Aaron Gordon,Tulsa,2022-04-10,2023,1,2022-10-18,Tulsa,Continued
2023,03al0,Aaron Gordon,Manchester,2023-04-09,2024,1,2023-10-24,Manchester,Continued
2024,03al0,Aaron Gordon,Baltimore,2024-04-03,2025,1,2024-10-22,Baltimore,Continued
2025,03al0,Aaron Gordon,Baltimore,2025-04-02,2026,1,2025-10-21,Baltimore,Continued
2026,03al0,Aaron Gordon,Baltimore,2026-04-01,2027,1,2026-10-20,Baltimore,Continued
2027,03al0,Aaron Gordon,Baltimore,2027-04-11,,,,,Missing expiration
2021,03al1,Marcus Smart,Nashville,2021-05-16,2022,1,2021-10-19,Austin,Documented release/signing
2022,03al1,Marcus Smart,El Paso,2022-04-10,2023,1,2022-10-18,El Paso,Continued
2023,03al1,Marcus Smart,Des Moines,2023-04-09,2024,1,2023-10-24,Des Moines,Continued
2024,03al1,Marcus Smart,Des Moines,2024-04-03,2025,1,2024-10-22,Des Moines,Continued
2025,03al1,Marcus Smart,Des Moines,2025-04-02,2026,1,2025-10-21,Baltimore,Documented trade
2026,03al1,Marcus Smart,Jacksonville,2026-04-01,2027,1,2026-10-20,Providence,Missing expiration + move
2027,03al1,Marcus Smart,Providence,2027-04-11,,,,,Missing expiration
2021,03al2,Joel Embiid,Seattle,2021-05-16,2022,1,2021-10-19,Seattle,Continued
2022,03al2,Joel Embiid,Seattle,2022-04-10,2023,1,2022-10-18,Seattle,Continued
2023,03al2,Joel Embiid,Seattle,2023-04-09,2024,1,2023-10-24,Seattle,Continued
2024,03al2,Joel Embiid,Seattle,2024-04-03,2025,1,2024-10-22,Seattle,Continued
2025,03al2,Joel Embiid,Seattle,2025-04-02,2026,1,2025-10-21,Seattle,Continued
2026,03al2,Joel Embiid,Seattle,2026-04-01,2027,1,2026-10-20,Seattle,Continued
2027,03al2,Joel Embiid,Seattle,2027-04-11,,,,,Missing expiration
2021,03ams,Zach LaVine,San Jose,2021-05-16,2022,1,2021-10-19,San Jose,Continued
2022,03ams,Zach LaVine,San Jose,2022-04-10,2023,1,2022-10-18,St. Louis,Missing expiration
2023,03ams,Zach LaVine,St. Louis,2023-04-09,2024,1,2023-10-24,St. Louis,Continued
2024,03ams,Zach LaVine,Lincoln,2024-04-03,2025,1,2024-10-22,Lincoln,Continued
2025,03ams,Zach LaVine,Lincoln,2025-04-02,2026,1,2025-10-21,Lincoln,Continued
2026,03ams,Zach LaVine,Lincoln,2026-04-01,2027,1,2026-10-20,Birmingham,Missing expiration + move
2027,03ams,Zach LaVine,Birmingham,2027-04-11,,,,,Missing expiration
2021,03apx,Gary Harris,Baltimore,2021-05-16,2022,1,2021-10-19,Tulsa,Documented release/signing
2022,03apx,Gary Harris,Nashville,2022-04-10,2023,1,2022-10-18,Buffalo,Missing expiration
2023,03apx,Gary Harris,Buffalo,2023-04-09,2024,1,2023-10-24,Tulsa,Documented trade
2024,03apx,Gary Harris,Pittsburgh,2024-04-03,2025,1,2024-10-22,Tampa Bay,Missing expiration
2021,03apy,Rodney Hood,El Paso,2021-05-16,2022,1,2021-10-19,Vegas,Documented release/signing
2022,03apy,Rodney Hood,Vegas,2022-04-10,,,,,Missing expiration
2021,03aq2,Jerami Grant,Tampa Bay,2021-05-16,2022,1,2021-10-19,Tampa Bay,Continued
2022,03aq2,Jerami Grant,Tampa Bay,2022-04-10,2023,1,2022-10-18,Tampa Bay,Continued
2023,03aq2,Jerami Grant,Tampa Bay,2023-04-09,2024,1,2023-10-24,Tampa Bay,Continued
2024,03aq2,Jerami Grant,Tampa Bay,2024-04-03,2025,1,2024-10-22,Tampa Bay,Continued
2025,03aq2,Jerami Grant,Manchester,2025-04-02,2026,1,2025-10-21,Pittsburgh,Missing expiration
2026,03aq2,Jerami Grant,Cincinnati,2026-04-01,2027,1,2026-10-20,Austin,Missing expiration + move
2027,03aq2,Jerami Grant,Austin,2027-04-11,,,,,Missing expiration
2021,03aq3,Kyle Anderson,Vegas,2021-05-16,2022,1,2021-10-19,Vegas,Continued
2022,03aq3,Kyle Anderson,Vegas,2022-04-10,2023,1,2022-10-18,Cincinnati,Missing expiration
2023,03aq3,Kyle Anderson,Anchorage,2023-04-09,2024,1,2023-10-24,Anchorage,Continued
2024,03aq3,Kyle Anderson,Lincoln,2024-04-03,2025,1,2024-10-22,Lincoln,Continued
2025,03aq3,Kyle Anderson,Lincoln,2025-04-02,2026,1,2025-10-21,Austin,Missing expiration
2026,03aq3,Kyle Anderson,Austin,2026-04-01,2027,1,2026-10-20,Austin,Continued
2027,03aq3,Kyle Anderson,Austin,2027-04-11,,,,,Missing expiration
2021,03aqc,Glenn Robinson,Nashville,2021-05-16,2022,1,2021-10-19,Des Moines,Documented release/signing
2022,03aqc,Glenn Robinson,Providence,2022-04-10,2023,1,2022-10-18,Providence,Continued
2023,03aqc,Glenn Robinson,Providence,2023-04-09,,,,,Missing expiration
2021,03avi,Doug McDermott,Buffalo,2021-05-16,2022,1,2021-10-19,Buffalo,Continued
2022,03avi,Doug McDermott,Buffalo,2022-04-10,2023,1,2022-10-18,Buffalo,Continued
2023,03avi,Doug McDermott,Buffalo,2023-04-09,2024,1,2023-10-24,Manchester,Missing expiration
2024,03avi,Doug McDermott,Tulsa,2024-04-03,2025,27,2024-11-17,Anaheim,Missing expiration
2021,03bxn,T.J. Warren,Manchester,2021-05-16,2022,1,2021-10-19,Manchester,Continued
2022,03bxn,T.J. Warren,Manchester,2022-04-10,2023,1,2022-10-18,Lincoln,Missing expiration
2023,03bxn,T.J. Warren,Lincoln,2023-04-09,2024,1,2023-10-24,Vancouver,Missing expiration + move
2024,03bxn,T.J. Warren,Vancouver,2024-04-03,,,,,Missing expiration
2021,03byg,Montrezl Harrell,Tulsa,2021-05-16,2022,1,2021-10-19,Anaheim,Documented release/signing
2022,03byg,Montrezl Harrell,Buffalo,2022-04-10,2023,1,2022-10-18,Buffalo,Continued
2023,03byg,Montrezl Harrell,Buffalo,2023-04-09,2024,1,2023-10-24,Buffalo,Continued
2024,03byg,Montrezl Harrell,Buffalo,2024-04-03,,,,,Missing expiration
2021,03byk,Jordan Clarkson,Tampa Bay,2021-05-16,2022,1,2021-10-19,Tampa Bay,Continued
2022,03byk,Jordan Clarkson,Tampa Bay,2022-04-10,2023,1,2022-10-18,Tampa Bay,Continued
2023,03byk,Jordan Clarkson,Kentucky,2023-04-09,2024,1,2023-10-24,Nashville,Missing expiration
2024,03byk,Jordan Clarkson,Nashville,2024-04-03,2025,1,2024-10-22,Nashville,Continued
2025,03byk,Jordan Clarkson,Nashville,2025-04-02,2026,1,2025-10-21,Cincinnati,Documented trade
2026,03byk,Jordan Clarkson,Manchester,2026-04-01,2027,1,2026-10-20,Des Moines,Missing expiration + move
2027,03byk,Jordan Clarkson,Des Moines,2027-04-11,,,,,Missing expiration
2021,03e6m,Elfrid Payton,Albuquerque,2021-05-16,2022,1,2021-10-19,Kentucky,Documented release/signing
2022,03e6m,Elfrid Payton,Kentucky,2022-04-10,2023,1,2022-10-18,Cincinnati,Missing expiration
2021,03e6n,Jusuf Nurkic,Vegas,2021-05-16,2022,1,2021-10-19,Vegas,Continued
2022,03e6n,Jusuf Nurkic,Vegas,2022-04-10,2023,1,2022-10-18,Kentucky,Missing expiration
2023,03e6n,Jusuf Nurkic,Kentucky,2023-04-09,2024,1,2023-10-24,Tulsa,Missing expiration + move
2024,03e6n,Jusuf Nurkic,Tulsa,2024-04-03,2025,1,2024-10-22,Tulsa,Continued
2025,03e6n,Jusuf Nurkic,Tulsa,2025-04-02,2026,1,2025-10-21,Manchester,Documented trade
2026,03e6n,Jusuf Nurkic,Albuquerque,2026-04-01,2027,1,2026-10-20,Austin,Missing expiration + move
2027,03e6n,Jusuf Nurkic,Austin,2027-04-11,,,,,Missing expiration
2021,03e6s,Clint Capela,Seattle,2021-05-16,2022,1,2021-10-19,Seattle,Continued
2022,03e6s,Clint Capela,Lansing,2022-04-10,2023,1,2022-10-18,Anchorage,Documented trade
2023,03e6s,Clint Capela,Anchorage,2023-04-09,2024,1,2023-10-24,Anchorage,Continued
2024,03e6s,Clint Capela,Anchorage,2024-04-03,2025,1,2024-10-22,Anchorage,Continued
2025,03e6s,Clint Capela,Anchorage,2025-04-02,2026,1,2025-10-21,Anchorage,Continued
2026,03e6s,Clint Capela,Tulsa,2026-04-01,2027,1,2026-10-20,Lincoln,Missing expiration + move
2027,03e6s,Clint Capela,Lincoln,2027-04-11,,,,,Missing expiration
2021,03e6u,Bogdan Bogdanovic,Albuquerque,2021-05-16,2022,1,2021-10-19,Albuquerque,Continued
2022,03e6u,Bogdan Bogdanovic,Albuquerque,2022-04-10,2023,1,2022-10-18,Albuquerque,Continued
2023,03e6u,Bogdan Bogdanovic,Albuquerque,2023-04-09,2024,1,2023-10-24,Providence,Missing expiration
2024,03e6u,Bogdan Bogdanovic,Providence,2024-04-03,2025,1,2024-10-22,Providence,Continued
2025,03e6u,Bogdan Bogdanovic,Providence,2025-04-02,2026,1,2025-10-21,Providence,Continued
2026,03e6u,Bogdan Bogdanovic,Providence,2026-04-01,2027,1,2026-10-20,Providence,Continued
2027,03e6u,Bogdan Bogdanovic,Providence,2027-04-11,,,,,Missing expiration
2021,03e6z,Joe Harris,Tampa Bay,2021-05-16,2022,1,2021-10-19,Tampa Bay,Continued
2022,03e6z,Joe Harris,Vancouver,2022-04-10,2023,1,2022-10-18,Tulsa,Missing expiration
2023,03e6z,Joe Harris,Lincoln,2023-04-09,2024,1,2023-10-24,Jacksonville,Missing expiration + move
2024,03e6z,Joe Harris,Jacksonville,2024-04-03,2025,1,2024-10-22,Albuquerque,Missing expiration
2026,03e6z,Joe Harris,Albuquerque,2026-04-01,,,,,Missing expiration
2021,03e74,Spencer Dinwiddie,San Diego,2021-05-16,2022,1,2021-10-19,San Diego,Continued
2022,03e74,Spencer Dinwiddie,San Jose,2022-04-10,2023,1,2022-10-18,San Jose,Continued
2023,03e74,Spencer Dinwiddie,San Jose,2023-04-09,2024,1,2023-10-24,San Jose,Continued
2024,03e74,Spencer Dinwiddie,San Jose,2024-04-03,2025,1,2024-10-22,San Jose,Continued
2025,03e74,Spencer Dinwiddie,San Jose,2025-04-02,2026,1,2025-10-21,Honolulu,Missing expiration
2026,03e74,Spencer Dinwiddie,San Diego,2026-04-01,,,,,Missing expiration
2021,03e75,Nikola Jokic,Tampa Bay,2021-05-16,2022,1,2021-10-19,Tampa Bay,Continued
2022,03e75,Nikola Jokic,Tampa Bay,2022-04-10,2023,1,2022-10-18,Tampa Bay,Continued
2023,03e75,Nikola Jokic,Tampa Bay,2023-04-09,2024,1,2023-10-24,Tampa Bay,Continued
2024,03e75,Nikola Jokic,Tampa Bay,2024-04-03,2025,1,2024-10-22,Tampa Bay,Continued
2025,03e75,Nikola Jokic,Tampa Bay,2025-04-02,2026,1,2025-10-21,Tampa Bay,Continued
2026,03e75,Nikola Jokic,Tampa Bay,2026-04-01,2027,1,2026-10-20,Tampa Bay,Continued
2027,03e75,Nikola Jokic,Tampa Bay,2027-04-11,,,,,Missing expiration
2021,03e79,Dwight Powell,Columbus,2021-05-16,2022,1,2021-10-19,Columbus,Continued
2022,03e79,Dwight Powell,Columbus,2022-04-10,2023,1,2022-10-18,Seattle,Missing expiration + move
2023,03e79,Dwight Powell,Seattle,2023-04-09,2024,1,2023-10-24,Vancouver,Missing expiration
2024,03e79,Dwight Powell,Vancouver,2024-04-03,2025,1,2024-10-22,Vancouver,Continued
2025,03e79,Dwight Powell,Vancouver,2025-04-02,2026,1,2025-10-21,Tulsa,Missing expiration
2026,03e79,Dwight Powell,Tulsa,2026-04-01,2027,1,2026-10-20,Tulsa,Continued
2027,03e79,Dwight Powell,Tulsa,2027-04-11,,,,,Missing expiration
2021,03e7e,Thanasis Antetokounmpo,Columbus,2021-05-16,2022,14,2021-11-01,El Paso,Documented release/signing
2022,03e7e,Thanasis Antetokounmpo,Buffalo,2022-04-10,,,,,Missing expiration
2024,03e7f,Vasilije Micic,Seattle,2024-04-03,2025,1,2024-10-22,Seattle,Continued
2025,03e7f,Vasilije Micic,Seattle,2025-04-02,2026,1,2025-10-21,Pittsburgh,Missing expiration
2021,03el5,Kristaps Porzingis,St. Louis,2021-05-16,2022,1,2021-10-19,St. Louis,Continued
2022,03el5,Kristaps Porzingis,St. Louis,2022-04-10,2023,1,2022-10-18,Cincinnati,Missing expiration + move
2023,03el5,Kristaps Porzingis,Cincinnati,2023-04-09,2024,1,2023-10-24,Kentucky,Documented trade
2024,03el5,Kristaps Porzingis,Kentucky,2024-04-03,2025,1,2024-10-22,Kentucky,Continued
2025,03el5,Kristaps Porzingis,Kentucky,2025-04-02,2026,1,2025-10-21,Kentucky,Continued
2026,03el5,Kristaps Porzingis,Kentucky,2026-04-01,2027,1,2026-10-20,Kentucky,Continued
2027,03el5,Kristaps Porzingis,Kentucky,2027-04-11,,,,,Missing expiration
2021,03hz1,Tyler Johnson,Cincinnati,2021-05-16,,,,,Missing expiration
2021,03k50,Langston Galloway,Nashville,2021-05-16,2022,1,2021-10-19,Nashville,Continued
2022,03k50,Langston Galloway,San Diego,2022-04-10,,,,,Missing expiration
2021,03kdj,Khem Birch,San Jose,2021-05-16,2022,1,2021-10-19,Little Rock,Documented release/signing
2022,03kdj,Khem Birch,Little Rock,2022-04-10,2023,1,2022-10-18,Little Rock,Continued
2023,03kdj,Khem Birch,Little Rock,2023-04-09,2024,1,2023-10-24,Little Rock,Continued
2024,03kdj,Khem Birch,Little Rock,2024-04-03,,,,,Missing expiration
2021,03kqi,Joe Ingles,Pittsburgh,2021-05-16,2022,1,2021-10-19,Pittsburgh,Continued
2022,03kqi,Joe Ingles,Pittsburgh,2022-04-10,2023,1,2022-10-18,Pittsburgh,Continued
2023,03kqi,Joe Ingles,Pittsburgh,2023-04-09,2024,1,2023-10-24,Kentucky,Missing expiration
2024,03kqi,Joe Ingles,Kentucky,2024-04-03,2025,1,2024-10-22,Albuquerque,Missing expiration
2025,03kqi,Joe Ingles,Albuquerque,2025-04-02,2026,1,2025-10-21,Albuquerque,Continued
2026,03kqi,Joe Ingles,Albuquerque,2026-04-01,,,,,Missing expiration
2021,03lg1,Ben Simmons,Jacksonville,2021-05-16,2022,1,2021-10-19,Jacksonville,Continued
2022,03lg1,Ben Simmons,Jacksonville,2022-04-10,2023,1,2022-10-18,Jacksonville,Continued
2023,03lg1,Ben Simmons,Jacksonville,2023-04-09,2024,1,2023-10-24,Cincinnati,Missing expiration + move
2024,03lg1,Ben Simmons,Cincinnati,2024-04-03,2025,1,2024-10-22,Cincinnati,Continued
2025,03lg1,Ben Simmons,Cincinnati,2025-04-02,2026,1,2025-10-21,Cincinnati,Continued
2026,03lg1,Ben Simmons,San Diego,2026-04-01,,,,,Missing expiration
2021,03lls,Jaylen Brown,Albuquerque,2021-05-16,2022,1,2021-10-19,Albuquerque,Continued
2022,03lls,Jaylen Brown,Albuquerque,2022-04-10,2023,1,2022-10-18,Albuquerque,Continued
2023,03lls,Jaylen Brown,Albuquerque,2023-04-09,2024,1,2023-10-24,Albuquerque,Continued
2024,03lls,Jaylen Brown,Albuquerque,2024-04-03,2025,1,2024-10-22,Albuquerque,Continued
2025,03lls,Jaylen Brown,Albuquerque,2025-04-02,2026,1,2025-10-21,Albuquerque,Continued
2026,03lls,Jaylen Brown,Albuquerque,2026-04-01,2027,1,2026-10-20,Albuquerque,Continued
2027,03lls,Jaylen Brown,Albuquerque,2027-04-11,,,,,Missing expiration
2021,03llu,Cheick Diallo,Kentucky,2021-05-16,,,,,Missing expiration
2021,03llx,Josh Jackson,Tulsa,2021-05-16,2022,1,2021-10-19,Austin,Documented release/signing
2022,03llx,Josh Jackson,Austin,2022-04-10,,,,,Missing expiration
2021,03nwi,Justise Winslow,Manchester,2021-05-16,2022,82,2022-01-08,Little Rock,Documented release/signing
2022,03nwi,Justise Winslow,Little Rock,2022-04-10,2023,1,2022-10-18,Little Rock,Continued
2023,03nwi,Justise Winslow,Little Rock,2023-04-09,,,,,Missing expiration
2021,03nwj,Stanley Johnson,Boise,2021-05-16,2022,102,2022-01-28,Birmingham,Documented release/signing
2022,03nwj,Stanley Johnson,Birmingham,2022-04-10,2023,1,2022-10-18,Kentucky,Missing expiration
2023,03nwj,Stanley Johnson,Manchester,2023-04-09,2024,7,2023-10-30,Birmingham,Missing expiration
2024,03nwj,Stanley Johnson,Birmingham,2024-04-03,,,,,Missing expiration
2021,03nwk,Kelly Oubre Jr.,Buffalo,2021-05-16,2022,1,2021-10-19,Buffalo,Continued
2022,03nwk,Kelly Oubre Jr.,Buffalo,2022-04-10,2023,1,2022-10-18,Buffalo,Continued
2023,03nwk,Kelly Oubre Jr.,Buffalo,2023-04-09,2024,1,2023-10-24,Lincoln,Missing expiration + move
2024,03nwk,Kelly Oubre Jr.,Lincoln,2024-04-03,2025,1,2024-10-22,Lincoln,Continued
2025,03nwk,Kelly Oubre Jr.,Lincoln,2025-04-02,2026,1,2025-10-21,Vegas,Missing expiration
2026,03nwk,Kelly Oubre Jr.,Anaheim,2026-04-01,2027,1,2026-10-20,Anaheim,Continued
2027,03nwk,Kelly Oubre Jr.,Anaheim,2027-04-11,,,,,Missing expiration
2021,03nwl,Terry Rozier,Austin,2021-05-16,2022,1,2021-10-19,El Paso,Documented release/signing
2022,03nwl,Terry Rozier,El Paso,2022-04-10,2023,1,2022-10-18,El Paso,Continued
2023,03nwl,Terry Rozier,El Paso,2023-04-09,2024,1,2023-10-24,El Paso,Continued
2024,03nwl,Terry Rozier,El Paso,2024-04-03,2025,1,2024-10-22,El Paso,Continued
2025,03nwl,Terry Rozier,El Paso,2025-04-02,2026,1,2025-10-21,Manchester,Documented trade
2021,03nwm,Devin Booker,Cincinnati,2021-05-16,2022,1,2021-10-19,Cincinnati,Continued
2022,03nwm,Devin Booker,Cincinnati,2022-04-10,2023,1,2022-10-18,Cincinnati,Continued
2023,03nwm,Devin Booker,Cincinnati,2023-04-09,2024,1,2023-10-24,Cincinnati,Continued
2024,03nwm,Devin Booker,Cincinnati,2024-04-03,2025,1,2024-10-22,Cincinnati,Continued
2025,03nwm,Devin Booker,Cincinnati,2025-04-02,2026,1,2025-10-21,Cincinnati,Continued
2026,03nwm,Devin Booker,Cincinnati,2026-04-01,2027,1,2026-10-20,Cincinnati,Continued
2027,03nwm,Devin Booker,Cincinnati,2027-04-11,,,,,Missing expiration
2021,03nwn,Bobby Portis,Tampa Bay,2021-05-16,2022,1,2021-10-19,Columbus,Documented release/signing
2022,03nwn,Bobby Portis,Columbus,2022-04-10,2023,1,2022-10-18,Columbus,Continued
2023,03nwn,Bobby Portis,El Paso,2023-04-09,2024,1,2023-10-24,St. Louis,Missing expiration
2024,03nwn,Bobby Portis,St. Louis,2024-04-03,2025,1,2024-10-22,St. Louis,Continued
2025,03nwn,Bobby Portis,St. Louis,2025-04-02,2026,1,2025-10-21,St. Louis,Continued
2026,03nwn,Bobby Portis,St. Louis,2026-04-01,2027,1,2026-10-20,St. Louis,Continued
2027,03nwn,Bobby Portis,St. Louis,2027-04-11,,,,,Missing expiration
2022,03nwo,Frank Kaminsky,San Jose,2022-04-10,2023,1,2022-10-18,Providence,Missing expiration + move
2023,03nwo,Frank Kaminsky,Providence,2023-04-09,,,,,Missing expiration
2021,03nwq,Christian Wood,Nashville,2021-05-16,2022,1,2021-10-19,Nashville,Continued
2022,03nwq,Christian Wood,Nashville,2022-04-10,2023,1,2022-10-18,Providence,Missing expiration + move
2023,03nwq,Christian Wood,Kentucky,2023-04-09,2024,1,2023-10-24,Cincinnati,Documented trade
2024,03nwq,Christian Wood,Columbus,2024-04-03,2025,1,2024-10-22,Columbus,Continued
2025,03nwq,Christian Wood,Columbus,2025-04-02,,,,,Missing expiration
2021,03r7e,Cameron Payne,Baltimore,2021-05-16,2022,1,2021-10-19,Vancouver,Documented release/signing
2022,03r7e,Cameron Payne,Birmingham,2022-04-10,2023,1,2022-10-18,Birmingham,Continued
2023,03r7e,Cameron Payne,Birmingham,2023-04-09,2024,1,2023-10-24,Lansing,Missing expiration + move
2024,03r7e,Cameron Payne,Lansing,2024-04-03,2025,1,2024-10-22,San Jose,Missing expiration
2025,03r7e,Cameron Payne,San Jose,2025-04-02,2026,1,2025-10-21,San Jose,Continued
2026,03r7e,Cameron Payne,San Jose,2026-04-01,,,,,Missing expiration
2021,03r7h,Delon Wright,Des Moines,2021-05-16,2022,1,2021-10-19,Des Moines,Continued
2022,03r7h,Delon Wright,Anaheim,2022-04-10,2023,1,2022-10-18,Birmingham,Missing expiration + move
2023,03r7h,Delon Wright,Birmingham,2023-04-09,2024,1,2023-10-24,Birmingham,Continued
2024,03r7h,Delon Wright,Birmingham,2024-04-03,2025,1,2024-10-22,Birmingham,Continued
2025,03r7h,Delon Wright,Birmingham,2025-04-02,2026,1,2025-10-21,Kentucky,Missing expiration
2021,03r7i,Rondae Hollis-Jefferson,Honolulu,2021-05-16,2022,1,2021-10-19,Birmingham,Documented trade
2021,03r7l,Larry Nance,Cincinnati,2021-05-16,2022,1,2021-10-19,Cincinnati,Continued
2022,03r7l,Larry Nance,St. Louis,2022-04-10,2023,1,2022-10-18,Tulsa,Missing expiration + move
2023,03r7l,Larry Nance,Tulsa,2023-04-09,2024,1,2023-10-24,Baltimore,Missing expiration
2024,03r7l,Larry Nance,Anaheim,2024-04-03,2025,1,2024-10-22,Anaheim,Continued
2025,03r7l,Larry Nance,Anaheim,2025-04-02,2026,1,2025-10-21,Anaheim,Continued
2026,03r7l,Larry Nance,Lincoln,2026-04-01,,,,,Missing expiration
2021,03r7m,Cedi Osman,Albuquerque,2021-05-16,2022,1,2021-10-19,Albuquerque,Continued
2022,03r7m,Cedi Osman,Albuquerque,2022-04-10,2023,1,2022-10-18,Tulsa,Missing expiration + move
2023,03r7m,Cedi Osman,Lincoln,2023-04-09,2024,1,2023-10-24,Lincoln,Continued
2024,03r7m,Cedi Osman,Lincoln,2024-04-03,2025,1,2024-10-22,Jacksonville,Missing expiration
2025,03r7m,Cedi Osman,Jacksonville,2025-04-02,2026,1,2025-10-21,Nashville,Documented trade
2026,03r7m,Cedi Osman,Nashville,2026-04-01,,,,,Missing expiration
2021,03r7p,Willy Hernangomez,Cincinnati,2021-05-16,2022,47,2021-12-04,El Paso,Documented release/signing
2022,03r7p,Willy Hernangomez,El Paso,2022-04-10,2023,1,2022-10-18,Boise,Missing expiration
2023,03r7p,Willy Hernangomez,Boise,2023-04-09,,,,,Missing expiration
2021,03r7r,Richaun Holmes,Des Moines,2021-05-16,2022,1,2021-10-19,Columbus,Documented release/signing
2022,03r7r,Richaun Holmes,Columbus,2022-04-10,2023,1,2022-10-18,Columbus,Continued
2023,03r7r,Richaun Holmes,Columbus,2023-04-09,2024,1,2023-10-24,Pittsburgh,Missing expiration
2024,03r7r,Richaun Holmes,Pittsburgh,2024-04-03,2025,1,2024-10-22,Pittsburgh,Continued
2025,03r7r,Richaun Holmes,Pittsburgh,2025-04-02,2026,1,2025-10-21,El Paso,Missing expiration
2026,03r7r,Richaun Holmes,El Paso,2026-04-01,,,,,Missing expiration
2021,03r7u,Josh Richardson,Austin,2021-05-16,2022,1,2021-10-19,Austin,Continued
2022,03r7u,Josh Richardson,Austin,2022-04-10,2023,1,2022-10-18,Boise,Missing expiration
2023,03r7u,Josh Richardson,Boise,2023-04-09,2024,1,2023-10-24,Vancouver,Missing expiration
2024,03r7u,Josh Richardson,Vancouver,2024-04-03,2025,1,2024-10-22,Vancouver,Continued
2025,03r7u,Josh Richardson,Vancouver,2025-04-02,,,,,Missing expiration
2021,03r7v,Pat Connaughton,Des Moines,2021-05-16,2022,1,2021-10-19,Vegas,Documented release/signing
2022,03r7v,Pat Connaughton,Vegas,2022-04-10,2023,1,2022-10-18,Vegas,Continued
2023,03r7v,Pat Connaughton,Manchester,2023-04-09,2024,1,2023-10-24,Boise,Missing expiration
2024,03r7v,Pat Connaughton,Buffalo,2024-04-03,2025,1,2024-10-22,Vegas,Missing expiration
2025,03r7v,Pat Connaughton,Vegas,2025-04-02,2026,1,2025-10-21,Vegas,Continued
2026,03r7v,Pat Connaughton,Vegas,2026-04-01,,,,,Missing expiration
2021,03r7z,Norman Powell,Seattle,2021-05-16,2022,1,2021-10-19,Seattle,Continued
2022,03r7z,Norman Powell,Buffalo,2022-04-10,2023,1,2022-10-18,Manchester,Missing expiration
2023,03r7z,Norman Powell,Anaheim,2023-04-09,2024,1,2023-10-24,Anaheim,Continued
2024,03r7z,Norman Powell,Anaheim,2024-04-03,2025,1,2024-10-22,Anaheim,Continued
2025,03r7z,Norman Powell,Anaheim,2025-04-02,2026,1,2025-10-21,Anaheim,Continued
2026,03r7z,Norman Powell,Anaheim,2026-04-01,2027,1,2026-10-20,Providence,Missing expiration + move
2027,03r7z,Norman Powell,Providence,2027-04-11,,,,,Missing expiration
2021,03scs,Boban Marjanovic,St. Louis,2021-05-16,2022,1,2021-10-19,Baltimore,Documented release/signing
2022,03scs,Boban Marjanovic,Baltimore,2022-04-10,2023,5,2022-10-22,Austin,Missing expiration
2023,03scs,Boban Marjanovic,Austin,2023-04-09,,,,,Missing expiration
2021,03wr4,T.J. McConnell,Anaheim,2021-05-16,2022,1,2021-10-19,Anaheim,Continued
2022,03wr4,T.J. McConnell,Vancouver,2022-04-10,2023,1,2022-10-18,Lansing,Documented trade
2023,03wr4,T.J. McConnell,Lansing,2023-04-09,2024,1,2023-10-24,Baltimore,Missing expiration + move
2024,03wr4,T.J. McConnell,Manchester,2024-04-03,2025,1,2024-10-22,Kentucky,Missing expiration
2025,03wr4,T.J. McConnell,Kentucky,2025-04-02,2026,1,2025-10-21,Kentucky,Continued
2026,03wr4,T.J. McConnell,Kentucky,2026-04-01,2027,1,2026-10-20,Kentucky,Continued
2027,03wr4,T.J. McConnell,Kentucky,2027-04-11,,,,,Missing expiration
2021,03xh1,Quinn Cook,El Paso,2021-05-16,,,,,Missing expiration
2025,03xmt,Guerschon Yabusele,Honolulu,2025-04-02,2026,1,2025-10-21,Honolulu,Continued
2026,03xmt,Guerschon Yabusele,Pittsburgh,2026-04-01,2027,1,2026-10-20,Pittsburgh,Continued
2027,03xmt,Guerschon Yabusele,Pittsburgh,2027-04-11,,,,,Missing expiration
2021,03xmv,Jayson Tatum,Des Moines,2021-05-16,2022,1,2021-10-19,Des Moines,Continued
2022,03xmv,Jayson Tatum,Tulsa,2022-04-10,2023,1,2022-10-18,Tulsa,Continued
2023,03xmv,Jayson Tatum,Tulsa,2023-04-09,2024,1,2023-10-24,Tulsa,Continued
2024,03xmv,Jayson Tatum,Tulsa,2024-04-03,2025,1,2024-10-22,Tulsa,Continued
2025,03xmv,Jayson Tatum,Tulsa,2025-04-02,2026,1,2025-10-21,Tulsa,Continued
2026,03xmv,Jayson Tatum,Vancouver,2026-04-01,2027,1,2026-10-20,Vancouver,Continued
2027,03xmv,Jayson Tatum,Vancouver,2027-04-11,,,,,Missing expiration
2021,03xmw,Harry Giles,Birmingham,2021-05-16,2022,1,2021-10-19,Birmingham,Continued
2022,03xmw,Harry Giles,Manchester,2022-04-10,,,,,Missing expiration
2021,042n1,Brandon Ingram,Jacksonville,2021-05-16,2022,1,2021-10-19,Jacksonville,Continued
2022,042n1,Brandon Ingram,Jacksonville,2022-04-10,2023,1,2022-10-18,Jacksonville,Continued
2023,042n1,Brandon Ingram,Jacksonville,2023-04-09,2024,1,2023-10-24,Tulsa,Missing expiration + move
2024,042n1,Brandon Ingram,Manchester,2024-04-03,2025,1,2024-10-22,Birmingham,Missing expiration + move
2025,042n1,Brandon Ingram,Birmingham,2025-04-02,2026,1,2025-10-21,Birmingham,Continued
2026,042n1,Brandon Ingram,Birmingham,2026-04-01,2027,1,2026-10-20,Birmingham,Continued
2027,042n1,Brandon Ingram,Birmingham,2027-04-11,,,,,Missing expiration
2021,042n2,Kris Dunn,Nashville,2021-05-16,2022,1,2021-10-19,Nashville,Continued
2022,042n2,Kris Dunn,Nashville,2022-04-10,2023,1,2022-10-18,Nashville,Continued
2023,042n2,Kris Dunn,Nashville,2023-04-09,2024,1,2023-10-24,Nashville,Continued
2024,042n2,Kris Dunn,Nashville,2024-04-03,2025,1,2024-10-22,El Paso,Missing expiration
2025,042n2,Kris Dunn,El Paso,2025-04-02,2026,1,2025-10-21,Tampa Bay,Missing expiration
2026,042n2,Kris Dunn,Tampa Bay,2026-04-01,2027,1,2026-10-20,Baltimore,Missing expiration + move
2027,042n2,Kris Dunn,Baltimore,2027-04-11,,,,,Missing expiration
2021,042n3,Buddy Hield,Vancouver,2021-05-16,2022,1,2021-10-19,Vancouver,Continued
2022,042n3,Buddy Hield,Manchester,2022-04-10,2023,1,2022-10-18,Lansing,Missing expiration + move
2023,042n3,Buddy Hield,Lansing,2023-04-09,2024,1,2023-10-24,Lansing,Continued
2024,042n3,Buddy Hield,Kentucky,2024-04-03,2025,1,2024-10-22,Kentucky,Continued
2025,042n3,Buddy Hield,Kentucky,2025-04-02,2026,1,2025-10-21,Kentucky,Continued
2026,042n3,Buddy Hield,Manchester,2026-04-01,2027,1,2026-10-20,Vancouver,Missing expiration + move
2027,042n3,Buddy Hield,Vancouver,2027-04-11,,,,,Missing expiration
2021,042n4,Jamal Murray,Seattle,2021-05-16,2022,1,2021-10-19,Seattle,Continued
2022,042n4,Jamal Murray,Seattle,2022-04-10,2023,1,2022-10-18,Seattle,Continued
2023,042n4,Jamal Murray,Seattle,2023-04-09,2024,1,2023-10-24,Seattle,Continued
2024,042n4,Jamal Murray,Seattle,2024-04-03,2025,1,2024-10-22,Seattle,Continued
2025,042n4,Jamal Murray,Seattle,2025-04-02,2026,1,2025-10-21,Seattle,Continued
2026,042n4,Jamal Murray,Seattle,2026-04-01,2027,1,2026-10-20,Seattle,Continued
2027,042n4,Jamal Murray,Seattle,2027-04-11,,,,,Missing expiration
2021,042n5,Marquese Chriss,Anchorage,2021-05-16,2022,68,2021-12-25,Des Moines,Documented release/signing
2022,042n5,Marquese Chriss,Des Moines,2022-04-10,,,,,Missing expiration
2021,042n6,Jakob Poeltl,Little Rock,2021-05-16,2022,1,2021-10-19,Little Rock,Continued
2022,042n6,Jakob Poeltl,Little Rock,2022-04-10,2023,1,2022-10-18,Little Rock,Continued
2023,042n6,Jakob Poeltl,Little Rock,2023-04-09,2024,1,2023-10-24,Little Rock,Continued
2024,042n6,Jakob Poeltl,Little Rock,2024-04-03,2025,1,2024-10-22,Little Rock,Continued
2025,042n6,Jakob Poeltl,Little Rock,2025-04-02,2026,1,2025-10-21,Little Rock,Continued
2026,042n6,Jakob Poeltl,Little Rock,2026-04-01,2027,1,2026-10-20,Little Rock,Continued
2027,042n6,Jakob Poeltl,Little Rock,2027-04-11,,,,,Missing expiration
2021,042n7,Domantas Sabonis,Columbus,2021-05-16,2022,1,2021-10-19,Columbus,Continued
2022,042n7,Domantas Sabonis,Columbus,2022-04-10,2023,1,2022-10-18,Tulsa,Missing expiration + move
2023,042n7,Domantas Sabonis,Tulsa,2023-04-09,2024,1,2023-10-24,Anchorage,Documented trade
2024,042n7,Domantas Sabonis,Anchorage,2024-04-03,2025,1,2024-10-22,Anchorage,Continued
2025,042n7,Domantas Sabonis,Anchorage,2025-04-02,2026,1,2025-10-21,Anchorage,Continued
2026,042n7,Domantas Sabonis,Anchorage,2026-04-01,2027,1,2026-10-20,Anchorage,Continued
2027,042n7,Domantas Sabonis,Anchorage,2027-04-11,,,,,Missing expiration
2021,042n8,Taurean Prince,Pittsburgh,2021-05-16,2022,1,2021-10-19,Pittsburgh,Continued
2022,042n8,Taurean Prince,Pittsburgh,2022-04-10,2023,1,2022-10-18,Anaheim,Missing expiration + move
2023,042n8,Taurean Prince,Birmingham,2023-04-09,2024,1,2023-10-24,El Paso,Missing expiration
2024,042n8,Taurean Prince,El Paso,2024-04-03,2025,1,2024-10-22,El Paso,Continued
2025,042n8,Taurean Prince,El Paso,2025-04-02,2026,1,2025-10-21,Tulsa,Missing expiration
2026,042n8,Taurean Prince,San Diego,2026-04-01,2027,1,2026-10-20,San Diego,Continued
2027,042n8,Taurean Prince,San Diego,2027-04-11,,,,,Missing expiration
2021,042na,Denzel Valentine,Vancouver,2021-05-16,,,,,Missing expiration
2021,042nb,Juancho Hernangomez,Jacksonville,2021-05-16,2022,1,2021-10-19,Jacksonville,Continued
2022,042nb,Juancho Hernangomez,Jacksonville,2022-04-10,2023,1,2022-10-18,Jacksonville,Continued
2023,042nb,Juancho Hernangomez,Jacksonville,2023-04-09,,,,,Missing expiration
2021,042ne,Malik Beasley,Jacksonville,2021-05-16,2022,1,2021-10-19,Jacksonville,Continued
2022,042ne,Malik Beasley,Jacksonville,2022-04-10,2023,1,2022-10-18,Jacksonville,Continued
2023,042ne,Malik Beasley,Jacksonville,2023-04-09,2024,1,2023-10-24,Jacksonville,Continued
2024,042ne,Malik Beasley,Jacksonville,2024-04-03,2025,1,2024-10-22,San Jose,Missing expiration
2025,042ne,Malik Beasley,San Jose,2025-04-02,2026,1,2025-10-21,San Jose,Continued
2026,042ne,Malik Beasley,San Jose,2026-04-01,,,,,Missing expiration
2021,042nf,Caris LeVert,Cincinnati,2021-05-16,2022,1,2021-10-19,Cincinnati,Continued
2022,042nf,Caris LeVert,Cincinnati,2022-04-10,2023,1,2022-10-18,Cincinnati,Continued
2023,042nf,Caris LeVert,El Paso,2023-04-09,2024,1,2023-10-24,El Paso,Continued
2024,042nf,Caris LeVert,El Paso,2024-04-03,2025,1,2024-10-22,Providence,Missing expiration
2025,042nf,Caris LeVert,Providence,2025-04-02,2026,1,2025-10-21,Providence,Continued
2026,042nf,Caris LeVert,Providence,2026-04-01,2027,1,2026-10-20,Jacksonville,Missing expiration + move
2027,042nf,Caris LeVert,Jacksonville,2027-04-11,,,,,Missing expiration
2021,042ng,DeAndre Bembry,Lincoln,2021-05-16,2022,1,2021-10-19,Des Moines,Documented release/signing
2022,042ng,DeAndre Bembry,Des Moines,2022-04-10,2023,1,2022-10-18,Des Moines,Continued
2023,042ng,DeAndre Bembry,Des Moines,2023-04-09,,,,,Missing expiration
2021,042nj,Timothe Luwawu-Cabarrot,San Jose,2021-05-16,2022,1,2021-10-19,Albuquerque,Documented release/signing
2022,042nj,Timothe Luwawu-Cabarrot,Albuquerque,2022-04-10,2023,1,2022-10-18,Vegas,Missing expiration
2021,042nl,Furkan Korkmaz,Seattle,2021-05-16,2022,1,2021-10-19,Vancouver,Documented release/signing
2022,042nl,Furkan Korkmaz,Vancouver,2022-04-10,2023,1,2022-10-18,Birmingham,Missing expiration + move
2023,042nl,Furkan Korkmaz,St. Louis,2023-04-09,2024,1,2023-10-24,Tulsa,Missing expiration + move
2024,042nl,Furkan Korkmaz,Columbus,2024-04-03,,,,,Missing expiration
2021,042nm,Pascal Siakam,Cincinnati,2021-05-16,2022,1,2021-10-19,Kentucky,Documented release/signing
2022,042nm,Pascal Siakam,Lansing,2022-04-10,2023,1,2022-10-18,Lansing,Continued
2023,042nm,Pascal Siakam,Lansing,2023-04-09,2024,1,2023-10-24,Lansing,Continued
2024,042nm,Pascal Siakam,Lansing,2024-04-03,2025,1,2024-10-22,Lansing,Continued
2025,042nm,Pascal Siakam,Lansing,2025-04-02,2026,1,2025-10-21,Lansing,Continued
2026,042nm,Pascal Siakam,Lansing,2026-04-01,2027,1,2026-10-20,Lansing,Continued
2027,042nm,Pascal Siakam,Lansing,2027-04-11,,,,,Missing expiration
2021,042nq,Dejounte Murray,Albuquerque,2021-05-16,2022,1,2021-10-19,Albuquerque,Continued
2022,042nq,Dejounte Murray,Albuquerque,2022-04-10,2023,1,2022-10-18,Albuquerque,Continued
2023,042nq,Dejounte Murray,Tulsa,2023-04-09,2024,1,2023-10-24,Jacksonville,Missing expiration + move
2024,042nq,Dejounte Murray,Jacksonville,2024-04-03,2025,1,2024-10-22,Jacksonville,Continued
2025,042nq,Dejounte Murray,Jacksonville,2025-04-02,2026,1,2025-10-21,Jacksonville,Continued
2026,042nq,Dejounte Murray,Jacksonville,2026-04-01,2027,1,2026-10-20,Jacksonville,Continued
2027,042nq,Dejounte Murray,Jacksonville,2027-04-11,,,,,Missing expiration
2022,042nr,Damian Jones,Manchester,2022-04-10,2023,1,2022-10-18,Anchorage,Documented trade
2023,042nr,Damian Jones,Columbus,2023-04-09,2024,1,2023-10-24,Kentucky,Missing expiration
2021,042nt,Ivica Zubac,Boise,2021-05-16,2022,1,2021-10-19,Boise,Continued
2022,042nt,Ivica Zubac,Boise,2022-04-10,2023,1,2022-10-18,Boise,Continued
2023,042nt,Ivica Zubac,Boise,2023-04-09,2024,1,2023-10-24,Boise,Continued
2024,042nt,Ivica Zubac,Cincinnati,2024-04-03,2025,1,2024-10-22,Cincinnati,Continued
2025,042nt,Ivica Zubac,Cincinnati,2025-04-02,2026,1,2025-10-21,Cincinnati,Continued
2026,042nt,Ivica Zubac,Cincinnati,2026-04-01,2027,1,2026-10-20,Cincinnati,Continued
2027,042nt,Ivica Zubac,Cincinnati,2027-04-11,,,,,Missing expiration
2021,042nw,Malcolm Brogdon,Kentucky,2021-05-16,2022,1,2021-10-19,San Diego,Documented release/signing
2022,042nw,Malcolm Brogdon,Birmingham,2022-04-10,2023,1,2022-10-18,Birmingham,Continued
2023,042nw,Malcolm Brogdon,Austin,2023-04-09,2024,1,2023-10-24,Columbus,Missing expiration
2024,042nw,Malcolm Brogdon,Cincinnati,2024-04-03,2025,1,2024-10-22,Cincinnati,Continued
2025,042nw,Malcolm Brogdon,Cincinnati,2025-04-02,2026,1,2025-10-21,Cincinnati,Continued
2026,042nw,Malcolm Brogdon,Manchester,2026-04-01,2027,1,2026-10-20,Cincinnati,Missing expiration + move
2027,042nw,Malcolm Brogdon,Cincinnati,2027-04-11,,,,,Missing expiration
2021,042ny,Patrick McCaw,Providence,2021-05-16,,,,,Missing expiration
2021,042o6,Jake Layman,Jacksonville,2021-05-16,,,,,Missing expiration
2021,042o9,Georges Niang,Vegas,2021-05-16,2022,1,2021-10-19,Pittsburgh,Documented release/signing
2022,042o9,Georges Niang,Pittsburgh,2022-04-10,2023,1,2022-10-18,Pittsburgh,Continued
2023,042o9,Georges Niang,Pittsburgh,2023-04-09,2024,1,2023-10-24,Austin,Missing expiration + move
2024,042o9,Georges Niang,Austin,2024-04-03,2025,1,2024-10-22,Austin,Continued
2025,042o9,Georges Niang,Austin,2025-04-02,2026,1,2025-10-21,Austin,Continued
2026,042o9,Georges Niang,Austin,2026-04-01,2027,1,2026-10-20,Buffalo,Missing expiration + move
2027,042o9,Georges Niang,Buffalo,2027-04-11,,,,,Missing expiration
2021,042oh,Abdel Nader,Anaheim,2021-05-16,,,,,Missing expiration
2022,043cj,Gary Payton II,El Paso,2022-04-10,2023,1,2022-10-18,Little Rock,Missing expiration
2023,043cj,Gary Payton II,Little Rock,2023-04-09,2024,1,2023-10-24,Manchester,Missing expiration
2024,043cj,Gary Payton II,Baltimore,2024-04-03,2025,1,2024-10-22,Manchester,Missing expiration + move
2025,043cj,Gary Payton II,Manchester,2025-04-02,2026,1,2025-10-21,Providence,Missing expiration
2026,043cj,Gary Payton II,Providence,2026-04-01,2027,1,2026-10-20,Honolulu,Missing expiration + move
2027,043cj,Gary Payton II,Honolulu,2027-04-11,,,,,Missing expiration
2021,043ib,Dorian Finney-Smith,Boise,2021-05-16,2022,1,2021-10-19,Boise,Continued
2022,043ib,Dorian Finney-Smith,Boise,2022-04-10,2023,1,2022-10-18,Lincoln,Missing expiration
2023,043ib,Dorian Finney-Smith,Cincinnati,2023-04-09,2024,1,2023-10-24,Jacksonville,Missing expiration + move
2024,043ib,Dorian Finney-Smith,Jacksonville,2024-04-03,2025,1,2024-10-22,Boise,Missing expiration
2025,043ib,Dorian Finney-Smith,Boise,2025-04-02,2026,1,2025-10-21,Boise,Continued
2026,043ib,Dorian Finney-Smith,Boise,2026-04-01,2027,1,2026-10-20,Boise,Continued
2027,043ib,Dorian Finney-Smith,Boise,2027-04-11,,,,,Missing expiration
2021,043un,Ryan Arcidiacono,Columbus,2021-05-16,,,,,Missing expiration
2022,04416,Frank Ntilikina,Kentucky,2022-04-10,2023,1,2022-10-18,Honolulu,Missing expiration
2023,04416,Frank Ntilikina,Austin,2023-04-09,2024,1,2023-10-24,Buffalo,Missing expiration
2024,04416,Frank Ntilikina,Buffalo,2024-04-03,,,,,Missing expiration
2021,04847,Bryn Forbes,Jacksonville,2021-05-16,2022,1,2021-10-19,Jacksonville,Continued
2022,04847,Bryn Forbes,Tulsa,2022-04-10,2023,1,2022-10-18,Austin,Missing expiration
2023,04847,Bryn Forbes,Austin,2023-04-09,2024,1,2023-10-24,Vancouver,Documented trade
2024,04847,Bryn Forbes,Vancouver,2024-04-03,,,,,Missing expiration
2021,04848,Fred VanVleet,Pittsburgh,2021-05-16,2022,1,2021-10-19,Pittsburgh,Continued
2022,04848,Fred VanVleet,Cincinnati,2022-04-10,2023,1,2022-10-18,Cincinnati,Continued
2023,04848,Fred VanVleet,Cincinnati,2023-04-09,2024,1,2023-10-24,Jacksonville,Missing expiration + move
2024,04848,Fred VanVleet,Jacksonville,2024-04-03,2025,1,2024-10-22,Jacksonville,Continued
2025,04848,Fred VanVleet,Jacksonville,2025-04-02,2026,1,2025-10-21,Nashville,Documented trade
2026,04848,Fred VanVleet,Nashville,2026-04-01,2027,1,2026-10-20,Tampa Bay,Missing expiration + move
2027,04848,Fred VanVleet,Tampa Bay,2027-04-11,,,,,Missing expiration
2021,04849,Danuel House,Manchester,2021-05-16,2022,1,2021-10-19,Manchester,Continued
2022,04849,Danuel House,Tulsa,2022-04-10,2023,1,2022-10-18,Vancouver,Missing expiration
2023,04849,Danuel House,Vancouver,2023-04-09,2024,1,2023-10-24,Vancouver,Continued
2024,04849,Danuel House,Vancouver,2024-04-03,,,,,Missing expiration
2021,0484l,Damion Lee,Jacksonville,2021-05-16,2022,1,2021-10-19,Jacksonville,Continued
2022,0484l,Damion Lee,Jacksonville,2022-04-10,2023,5,2022-10-22,Nashville,Missing expiration
2023,0484l,Damion Lee,Tampa Bay,2023-04-09,2024,1,2023-10-24,Tampa Bay,Continued
2024,0484l,Damion Lee,Birmingham,2024-04-03,2025,1,2024-10-22,Birmingham,Continued
2025,0484l,Damion Lee,Birmingham,2025-04-02,,,,,Missing expiration
2021,048zt,Derrick Jones,Anaheim,2021-05-16,2022,1,2021-10-19,Manchester,Documented release/signing
2022,048zt,Derrick Jones,Manchester,2022-04-10,2023,1,2022-10-18,Columbus,Missing expiration + move
2023,048zt,Derrick Jones,Columbus,2023-04-09,2024,1,2023-10-24,Columbus,Continued
2024,048zt,Derrick Jones,Columbus,2024-04-03,2025,1,2024-10-22,Baltimore,Missing expiration
2025,048zt,Derrick Jones,Baltimore,2025-04-02,2026,1,2025-10-21,Baltimore,Continued
2026,048zt,Derrick Jones,Jacksonville,2026-04-01,2027,1,2026-10-20,Anaheim,Missing expiration + move
2027,048zt,Derrick Jones,Anaheim,2027-04-11,,,,,Missing expiration
2021,0496e,Alex Caruso,Little Rock,2021-05-16,2022,1,2021-10-19,Little Rock,Continued
2022,0496e,Alex Caruso,Little Rock,2022-04-10,2023,1,2022-10-18,Little Rock,Continued
2023,0496e,Alex Caruso,Little Rock,2023-04-09,2024,1,2023-10-24,Little Rock,Continued
2024,0496e,Alex Caruso,Anaheim,2024-04-03,2025,1,2024-10-22,Anaheim,Continued
2025,0496e,Alex Caruso,Anaheim,2025-04-02,2026,1,2025-10-21,Anaheim,Continued
2026,0496e,Alex Caruso,El Paso,2026-04-01,2027,1,2026-10-20,Vegas,Missing expiration + move
2027,0496e,Alex Caruso,Vegas,2027-04-11,,,,,Missing expiration
2021,049ka,Lonzo Ball,Baltimore,2021-05-16,2022,1,2021-10-19,Baltimore,Continued
2022,049ka,Lonzo Ball,Baltimore,2022-04-10,2023,1,2022-10-18,Baltimore,Continued
2023,049ka,Lonzo Ball,Baltimore,2023-04-09,2024,1,2023-10-24,Buffalo,Documented trade
2024,049ka,Lonzo Ball,Buffalo,2024-04-03,2025,1,2024-10-22,Buffalo,Continued
2025,049ka,Lonzo Ball,Buffalo,2025-04-02,2026,1,2025-10-21,Buffalo,Continued
2026,049ka,Lonzo Ball,Buffalo,2026-04-01,2027,1,2026-10-20,Lincoln,Missing expiration + move
2027,049ka,Lonzo Ball,Lincoln,2027-04-11,,,,,Missing expiration
2021,049kb,DeAaron Fox,St. Louis,2021-05-16,2022,1,2021-10-19,St. Louis,Continued
2022,049kb,DeAaron Fox,St. Louis,2022-04-10,2023,1,2022-10-18,St. Louis,Continued
2023,049kb,DeAaron Fox,St. Louis,2023-04-09,2024,1,2023-10-24,St. Louis,Continued
2024,049kb,DeAaron Fox,St. Louis,2024-04-03,2025,1,2024-10-22,St. Louis,Continued
2025,049kb,DeAaron Fox,St. Louis,2025-04-02,2026,1,2025-10-21,Buffalo,Documented trade
2026,049kb,DeAaron Fox,Buffalo,2026-04-01,2027,1,2026-10-20,Birmingham,Missing expiration + move
2027,049kb,DeAaron Fox,Birmingham,2027-04-11,,,,,Missing expiration
2021,049kc,Malik Monk,Honolulu,2021-05-16,2022,1,2021-10-19,Honolulu,Continued
2022,049kc,Malik Monk,Honolulu,2022-04-10,2023,1,2022-10-18,Honolulu,Continued
2023,049kc,Malik Monk,Austin,2023-04-09,2024,1,2023-10-24,Pittsburgh,Missing expiration
2024,049kc,Malik Monk,Pittsburgh,2024-04-03,2025,1,2024-10-22,St. Louis,Missing expiration + move
2025,049kc,Malik Monk,St. Louis,2025-04-02,2026,1,2025-10-21,Providence,Missing expiration
2026,049kc,Malik Monk,Providence,2026-04-01,2027,1,2026-10-20,Providence,Continued
2027,049kc,Malik Monk,Providence,2027-04-11,,,,,Missing expiration
2021,049kd,Deandre Ayton,Honolulu,2021-05-16,2022,1,2021-10-19,Honolulu,Continued
2022,049kd,Deandre Ayton,Honolulu,2022-04-10,2023,1,2022-10-18,Honolulu,Continued
2023,049kd,Deandre Ayton,Honolulu,2023-04-09,2024,1,2023-10-24,Honolulu,Continued
2024,049kd,Deandre Ayton,Honolulu,2024-04-03,2025,1,2024-10-22,Honolulu,Continued
2025,049kd,Deandre Ayton,Honolulu,2025-04-02,2026,1,2025-10-21,Honolulu,Continued
2026,049kd,Deandre Ayton,Kentucky,2026-04-01,2027,1,2026-10-20,Tulsa,Missing expiration + move
2027,049kd,Deandre Ayton,Tulsa,2027-04-11,,,,,Missing expiration
2021,049kf,Mo Bamba,Tulsa,2021-05-16,2022,1,2021-10-19,Tulsa,Continued
2022,049kf,Mo Bamba,Tulsa,2022-04-10,2023,1,2022-10-18,Lincoln,Documented trade
2023,049kf,Mo Bamba,Tampa Bay,2023-04-09,2024,1,2023-10-24,Lincoln,Missing expiration
2024,049kf,Mo Bamba,Anchorage,2024-04-03,2025,1,2024-10-22,Little Rock,Missing expiration
2025,049kf,Mo Bamba,Little Rock,2025-04-02,2026,1,2025-10-21,Little Rock,Continued
2026,049kf,Mo Bamba,Little Rock,2026-04-01,2027,1,2026-10-20,Kentucky,Missing expiration + move
2027,049kf,Mo Bamba,Kentucky,2027-04-11,,,,,Missing expiration
2021,049kh,Kevin Knox,Manchester,2021-05-16,2022,1,2021-10-19,Manchester,Continued
2023,049kh,Kevin Knox,San Jose,2023-04-09,2024,26,2023-11-18,Anchorage,Missing expiration
2024,049kh,Kevin Knox,Anchorage,2024-04-03,2025,1,2024-10-22,Anchorage,Continued
2025,049kh,Kevin Knox,Anchorage,2025-04-02,,,,,Missing expiration
2021,049ki,Marvin Bagley,Manchester,2021-05-16,2022,1,2021-10-19,Manchester,Continued
2022,049ki,Marvin Bagley,Kentucky,2022-04-10,2023,1,2022-10-18,Boise,Missing expiration
2023,049ki,Marvin Bagley,Boise,2023-04-09,2024,1,2023-10-24,Boise,Continued
2024,049ki,Marvin Bagley,Buffalo,2024-04-03,2025,1,2024-10-22,Buffalo,Continued
2025,049ki,Marvin Bagley,Buffalo,2025-04-02,2026,1,2025-10-21,Buffalo,Continued
2026,049ki,Marvin Bagley,Buffalo,2026-04-01,2027,1,2026-10-20,Buffalo,Continued
2027,049ki,Marvin Bagley,Buffalo,2027-04-11,,,,,Missing expiration
2021,049s5,Dennis Smith,Albuquerque,2021-05-16,2022,1,2021-10-19,Anchorage,Documented release/signing
2022,049s5,Dennis Smith,Anchorage,2022-04-10,2023,5,2022-10-22,San Jose,Missing expiration
2023,049s5,Dennis Smith,San Jose,2023-04-09,2024,1,2023-10-24,Boise,Missing expiration
2024,049s5,Dennis Smith,Boise,2024-04-03,2025,1,2024-10-22,Boise,Continued
2021,049s6,Markelle Fultz,Austin,2021-05-16,2022,1,2021-10-19,Austin,Continued
2022,049s6,Markelle Fultz,Austin,2022-04-10,2023,1,2022-10-18,Des Moines,Missing expiration + move
2023,049s6,Markelle Fultz,Cincinnati,2023-04-09,2024,1,2023-10-24,Cincinnati,Continued
2024,049s6,Markelle Fultz,Cincinnati,2024-04-03,2025,1,2024-10-22,Cincinnati,Continued
2021,049sa,Hamidou Diallo,Tulsa,2021-05-16,2022,1,2021-10-19,Tulsa,Continued
2022,049sa,Hamidou Diallo,St. Louis,2022-04-10,2023,1,2022-10-18,Manchester,Missing expiration + move
2023,049sa,Hamidou Diallo,Manchester,2023-04-09,2024,1,2023-10-24,Austin,Missing expiration
2024,049sa,Hamidou Diallo,Austin,2024-04-03,2025,1,2024-10-22,Austin,Continued
2025,049sa,Hamidou Diallo,Austin,2025-04-02,,,,,Missing expiration
2021,04aqo,David Nwaba,Nashville,2021-05-16,2022,1,2021-10-19,El Paso,Documented release/signing
2021,04azw,Lauri Markkanen,Little Rock,2021-05-16,2022,1,2021-10-19,Little Rock,Continued
2022,04azw,Lauri Markkanen,Little Rock,2022-04-10,2023,1,2022-10-18,Vancouver,Missing expiration + move
2023,04azw,Lauri Markkanen,Kentucky,2023-04-09,2024,1,2023-10-24,Kentucky,Continued
2024,04azw,Lauri Markkanen,Kentucky,2024-04-03,2025,1,2024-10-22,Kentucky,Continued
2025,04azw,Lauri Markkanen,Kentucky,2025-04-02,2026,1,2025-10-21,Kentucky,Continued
2026,04azw,Lauri Markkanen,Austin,2026-04-01,2027,1,2026-10-20,Austin,Continued
2027,04azw,Lauri Markkanen,Austin,2027-04-11,,,,,Missing expiration
2021,04ewb,Jonathan Isaac,Lincoln,2021-05-16,2022,1,2021-10-19,Lincoln,Continued
2022,04ewb,Jonathan Isaac,Lincoln,2022-04-10,2023,1,2022-10-18,Lincoln,Continued
2023,04ewb,Jonathan Isaac,Lincoln,2023-04-09,2024,1,2023-10-24,Buffalo,Missing expiration + move
2024,04ewb,Jonathan Isaac,Buffalo,2024-04-03,2025,1,2024-10-22,Buffalo,Continued
2025,04ewb,Jonathan Isaac,Buffalo,2025-04-02,2026,1,2025-10-21,Anaheim,Missing expiration
2026,04ewb,Jonathan Isaac,Austin,2026-04-01,2027,1,2026-10-20,Austin,Continued
2027,04ewb,Jonathan Isaac,Austin,2027-04-11,,,,,Missing expiration
2021,04ewc,Zach Collins,Kentucky,2021-05-16,2022,1,2021-10-19,Kentucky,Continued
2022,04ewc,Zach Collins,Kentucky,2022-04-10,2023,1,2022-10-18,Kentucky,Continued
2023,04ewc,Zach Collins,Cincinnati,2023-04-09,2024,1,2023-10-24,Cincinnati,Continued
2024,04ewc,Zach Collins,Cincinnati,2024-04-03,2025,1,2024-10-22,Cincinnati,Continued
2025,04ewc,Zach Collins,Cincinnati,2025-04-02,2026,1,2025-10-21,Nashville,Documented trade
2026,04ewc,Zach Collins,Nashville,2026-04-01,2027,1,2026-10-20,Nashville,Continued
2027,04ewc,Zach Collins,Nashville,2027-04-11,,,,,Missing expiration
2021,04ewd,Luke Kennard,Providence,2021-05-16,2022,1,2021-10-19,Pittsburgh,Documented release/signing
2022,04ewd,Luke Kennard,Lansing,2022-04-10,2023,1,2022-10-18,Manchester,Missing expiration + move
2023,04ewd,Luke Kennard,Cincinnati,2023-04-09,2024,1,2023-10-24,Cincinnati,Continued
2024,04ewd,Luke Kennard,Cincinnati,2024-04-03,2025,1,2024-10-22,Cincinnati,Continued
2025,04ewd,Luke Kennard,Cincinnati,2025-04-02,2026,1,2025-10-21,Albuquerque,Documented trade
2026,04ewd,Luke Kennard,Cincinnati,2026-04-01,2027,1,2026-10-20,Manchester,Missing expiration + move
2027,04ewd,Luke Kennard,Manchester,2027-04-11,,,,,Missing expiration
2021,04ewe,Donovan Mitchell,San Jose,2021-05-16,2022,1,2021-10-19,San Jose,Continued
2022,04ewe,Donovan Mitchell,San Jose,2022-04-10,2023,1,2022-10-18,San Jose,Continued
2023,04ewe,Donovan Mitchell,San Jose,2023-04-09,2024,1,2023-10-24,San Jose,Continued
2024,04ewe,Donovan Mitchell,San Jose,2024-04-03,2025,1,2024-10-22,San Jose,Continued
2025,04ewe,Donovan Mitchell,San Jose,2025-04-02,2026,1,2025-10-21,San Jose,Continued
2026,04ewe,Donovan Mitchell,San Jose,2026-04-01,2027,1,2026-10-20,San Jose,Continued
2027,04ewe,Donovan Mitchell,San Jose,2027-04-11,,,,,Missing expiration
2021,04ewf,Bam Adebayo,Anchorage,2021-05-16,2022,1,2021-10-19,Anchorage,Continued
2022,04ewf,Bam Adebayo,Anchorage,2022-04-10,2023,1,2022-10-18,Manchester,Documented trade
2023,04ewf,Bam Adebayo,Manchester,2023-04-09,2024,1,2023-10-24,Manchester,Continued
2024,04ewf,Bam Adebayo,Tulsa,2024-04-03,2025,1,2024-10-22,Tulsa,Continued
2025,04ewf,Bam Adebayo,Tulsa,2025-04-02,2026,1,2025-10-21,Vancouver,Documented trade
2026,04ewf,Bam Adebayo,Vancouver,2026-04-01,2027,1,2026-10-20,Manchester,Missing expiration + move
2027,04ewf,Bam Adebayo,Manchester,2027-04-11,,,,,Missing expiration
2021,04ewi,D.J. Wilson,Manchester,2021-05-16,,,,,Missing expiration
2021,04ewk,John Collins,Tulsa,2021-05-16,2022,1,2021-10-19,Tulsa,Continued
2022,04ewk,John Collins,Tampa Bay,2022-04-10,2023,1,2022-10-18,Tampa Bay,Continued
2023,04ewk,John Collins,Tampa Bay,2023-04-09,2024,1,2023-10-24,Tampa Bay,Continued
2024,04ewk,John Collins,Tampa Bay,2024-04-03,2025,1,2024-10-22,Tampa Bay,Continued
2025,04ewk,John Collins,Tampa Bay,2025-04-02,2026,1,2025-10-21,Tampa Bay,Continued
2026,04ewk,John Collins,Tampa Bay,2026-04-01,2027,1,2026-10-20,St. Louis,Missing expiration + move
2027,04ewk,John Collins,St. Louis,2027-04-11,,,,,Missing expiration
2021,04ewm,Jarrett Allen,Anaheim,2021-05-16,2022,1,2021-10-19,Anaheim,Continued
2022,04ewm,Jarrett Allen,Anaheim,2022-04-10,2023,1,2022-10-18,Anaheim,Continued
2023,04ewm,Jarrett Allen,Anaheim,2023-04-09,2024,1,2023-10-24,Anaheim,Continued
2024,04ewm,Jarrett Allen,Anaheim,2024-04-03,2025,1,2024-10-22,Anaheim,Continued
2025,04ewm,Jarrett Allen,Anaheim,2025-04-02,2026,1,2025-10-21,Anaheim,Continued
2026,04ewm,Jarrett Allen,Anaheim,2026-04-01,2027,1,2026-10-20,Anaheim,Continued
2027,04ewm,Jarrett Allen,Anaheim,2027-04-11,,,,,Missing expiration
2021,04ewn,OG Anunoby,Anaheim,2021-05-16,2022,1,2021-10-19,Anaheim,Continued
2022,04ewn,OG Anunoby,Cincinnati,2022-04-10,2023,1,2022-10-18,Cincinnati,Continued
2023,04ewn,OG Anunoby,Cincinnati,2023-04-09,2024,1,2023-10-24,Cincinnati,Continued
2024,04ewn,OG Anunoby,Cincinnati,2024-04-03,2025,1,2024-10-22,Cincinnati,Continued
2025,04ewn,OG Anunoby,Cincinnati,2025-04-02,2026,1,2025-10-21,Cincinnati,Continued
2026,04ewn,OG Anunoby,Cincinnati,2026-04-01,2027,1,2026-10-20,Cincinnati,Continued
2027,04ewn,OG Anunoby,Cincinnati,2027-04-11,,,,,Missing expiration
2021,04ewr,Kyle Kuzma,San Jose,2021-05-16,2022,1,2021-10-19,San Jose,Continued
2022,04ewr,Kyle Kuzma,San Jose,2022-04-10,2023,1,2022-10-18,San Jose,Continued
2023,04ewr,Kyle Kuzma,San Jose,2023-04-09,2024,1,2023-10-24,San Jose,Continued
2024,04ewr,Kyle Kuzma,San Jose,2024-04-03,2025,1,2024-10-22,San Jose,Continued
2025,04ewr,Kyle Kuzma,San Jose,2025-04-02,2026,1,2025-10-21,San Jose,Continued
2026,04ewr,Kyle Kuzma,San Jose,2026-04-01,2027,1,2026-10-20,San Jose,Continued
2027,04ewr,Kyle Kuzma,San Jose,2027-04-11,,,,,Missing expiration
2021,04ews,Tony Bradley,El Paso,2021-05-16,2022,1,2021-10-19,Boise,Documented release/signing
2022,04ews,Tony Bradley,Boise,2022-04-10,2023,1,2022-10-18,Boise,Continued
2026,04ews,Tony Bradley,Baltimore,2026-04-01,,,,,Missing expiration
2021,04ewt,Derrick White,Baltimore,2021-05-16,2022,1,2021-10-19,Baltimore,Continued
2022,04ewt,Derrick White,Baltimore,2022-04-10,2023,1,2022-10-18,Baltimore,Continued
2023,04ewt,Derrick White,Tampa Bay,2023-04-09,2024,1,2023-10-24,Tampa Bay,Continued
2024,04ewt,Derrick White,Tampa Bay,2024-04-03,2025,1,2024-10-22,Tampa Bay,Continued
2025,04ewt,Derrick White,Tampa Bay,2025-04-02,2026,1,2025-10-21,Tampa Bay,Continued
2026,04ewt,Derrick White,Tampa Bay,2026-04-01,2027,1,2026-10-20,Tampa Bay,Continued
2027,04ewt,Derrick White,Tampa Bay,2027-04-11,,,,,Missing expiration
2021,04ewu,Josh Hart,Boise,2021-05-16,2022,1,2021-10-19,Boise,Continued
2022,04ewu,Josh Hart,Boise,2022-04-10,2023,1,2022-10-18,Boise,Continued
2023,04ewu,Josh Hart,Boise,2023-04-09,2024,1,2023-10-24,Boise,Continued
2024,04ewu,Josh Hart,Boise,2024-04-03,2025,1,2024-10-22,Boise,Continued
2025,04ewu,Josh Hart,Boise,2025-04-02,2026,1,2025-10-21,St. Louis,Missing expiration
2026,04ewu,Josh Hart,St. Louis,2026-04-01,2027,1,2026-10-20,St. Louis,Continued
2027,04ewu,Josh Hart,St. Louis,2027-04-11,,,,,Missing expiration
2021,04ewv,Frank Jackson,Manchester,2021-05-16,2022,1,2021-10-19,Manchester,Continued
2022,04ewv,Frank Jackson,Manchester,2022-04-10,2023,1,2022-10-18,Manchester,Continued
2023,04ewv,Frank Jackson,St. Louis,2023-04-09,,,,,Missing expiration
2022,04eww,Davon Reed,Baltimore,2022-04-10,2023,1,2022-10-18,Baltimore,Continued
2021,04ex0,Semi Ojeleye,Lansing,2021-05-16,2022,1,2021-10-19,Nashville,Documented release/signing
2022,04ex0,Semi Ojeleye,Nashville,2022-04-10,2023,1,2022-10-18,Nashville,Continued
2023,04ex0,Semi Ojeleye,Nashville,2023-04-09,,,,,Missing expiration
2021,04ex3,Dwayne Bacon,Nashville,2021-05-16,2022,1,2021-10-19,Nashville,Continued
2022,04ex3,Dwayne Bacon,Pittsburgh,2022-04-10,2023,1,2022-10-18,Pittsburgh,Continued
2023,04ex3,Dwayne Bacon,Pittsburgh,2023-04-09,,,,,Missing expiration
2021,04ex5,Thomas Bryant,Anchorage,2021-05-16,2022,1,2021-10-19,Lansing,Documented release/signing
2022,04ex5,Thomas Bryant,Lansing,2022-04-10,2023,1,2022-10-18,Lansing,Continued
2023,04ex5,Thomas Bryant,Lansing,2023-04-09,2024,1,2023-10-24,Vancouver,Missing expiration + move
2024,04ex5,Thomas Bryant,Vancouver,2024-04-03,2025,15,2024-11-05,Kentucky,Missing expiration
2025,04ex5,Thomas Bryant,Kentucky,2025-04-02,2026,1,2025-10-21,Manchester,Missing expiration
2026,04ex5,Thomas Bryant,Manchester,2026-04-01,2027,1,2026-10-20,Tampa Bay,Missing expiration + move
2027,04ex5,Thomas Bryant,Tampa Bay,2027-04-11,,,,,Missing expiration
2021,04ex6,Isaiah Hartenstein,Cincinnati,2021-05-16,2022,8,2021-10-26,St. Louis,Documented release/signing
2022,04ex6,Isaiah Hartenstein,Anaheim,2022-04-10,2023,1,2022-10-18,Anaheim,Continued
2023,04ex6,Isaiah Hartenstein,Lincoln,2023-04-09,2024,1,2023-10-24,Lincoln,Continued
2024,04ex6,Isaiah Hartenstein,Lincoln,2024-04-03,2025,1,2024-10-22,Lincoln,Continued
2025,04ex6,Isaiah Hartenstein,Lincoln,2025-04-02,2026,1,2025-10-21,Lincoln,Continued
2026,04ex6,Isaiah Hartenstein,Lincoln,2026-04-01,2027,1,2026-10-20,Lincoln,Continued
2027,04ex6,Isaiah Hartenstein,Lincoln,2027-04-11,,,,,Missing expiration
2021,04ex8,Dillon Brooks,Lansing,2021-05-16,2022,1,2021-10-19,Lansing,Continued
2022,04ex8,Dillon Brooks,Des Moines,2022-04-10,2023,1,2022-10-18,Des Moines,Continued
2023,04ex8,Dillon Brooks,Tulsa,2023-04-09,2024,1,2023-10-24,Nashville,Missing expiration
2024,04ex8,Dillon Brooks,Nashville,2024-04-03,2025,1,2024-10-22,Nashville,Continued
2025,04ex8,Dillon Brooks,Nashville,2025-04-02,2026,1,2025-10-21,Boise,Missing expiration
2026,04ex8,Dillon Brooks,Boise,2026-04-01,2027,1,2026-10-20,Boise,Continued
2027,04ex8,Dillon Brooks,Boise,2027-04-11,,,,,Missing expiration
2021,04ex9,Sterling Brown,Des Moines,2021-05-16,2022,1,2021-10-19,Albuquerque,Documented release/signing
2022,04ex9,Sterling Brown,Albuquerque,2022-04-10,,,,,Missing expiration
2023,04exc,Vlatko Cancar,Tampa Bay,2023-04-09,2024,1,2023-10-24,Austin,Missing expiration
2024,04exc,Vlatko Cancar,Austin,2024-04-03,2025,1,2024-10-22,Austin,Continued
2025,04exc,Vlatko Cancar,Austin,2025-04-02,,,,,Missing expiration
2021,04exe,Monte Morris,Vancouver,2021-05-16,2022,1,2021-10-19,Columbus,Documented release/signing
2022,04exe,Monte Morris,Columbus,2022-04-10,2023,1,2022-10-18,Anchorage,Missing expiration + move
2023,04exe,Monte Morris,Tulsa,2023-04-09,2024,1,2023-10-24,Tulsa,Continued
2024,04exe,Monte Morris,Vancouver,2024-04-03,2025,1,2024-10-22,Vancouver,Continued
2025,04exe,Monte Morris,Vancouver,2025-04-02,,,,,Missing expiration
2021,04exf,Edmond Sumner,Des Moines,2021-05-16,2022,1,2021-10-19,Des Moines,Continued
2022,04exf,Edmond Sumner,Des Moines,2022-04-10,2023,21,2022-11-07,Anaheim,Missing expiration
2023,04exf,Edmond Sumner,Lansing,2023-04-09,,,,,Missing expiration
2024,04exk,Aleksandar Vezenkov,Baltimore,2024-04-03,2025,1,2024-10-22,Manchester,Missing expiration
2025,04exk,Aleksandar Vezenkov,Manchester,2025-04-02,,,,,Missing expiration
2021,04fj8,Chris Boucher,Little Rock,2021-05-16,2022,1,2021-10-19,Little Rock,Continued
2022,04fj8,Chris Boucher,Little Rock,2022-04-10,2023,1,2022-10-18,Little Rock,Continued
2023,04fj8,Chris Boucher,Little Rock,2023-04-09,2024,1,2023-10-24,Little Rock,Continued
2025,04fj8,Chris Boucher,Jacksonville,2025-04-02,2026,1,2025-10-21,Providence,Missing expiration
2026,04fj8,Chris Boucher,Providence,2026-04-01,,,,,Missing expiration
2021,04hoo,Daniel Theis,Columbus,2021-05-16,2022,1,2021-10-19,Tulsa,Documented release/signing
2022,04hoo,Daniel Theis,Jacksonville,2022-04-10,2023,5,2022-10-22,El Paso,Missing expiration
2023,04hoo,Daniel Theis,El Paso,2023-04-09,2024,1,2023-10-24,Albuquerque,Missing expiration
2024,04hoo,Daniel Theis,Honolulu,2024-04-03,2025,1,2024-10-22,Honolulu,Continued
2025,04hoo,Daniel Theis,San Jose,2025-04-02,,,,,Missing expiration
2021,04ik2,PJ Dozier,Baltimore,2021-05-16,2022,1,2021-10-19,Baltimore,Continued
2022,04ik2,PJ Dozier,Baltimore,2022-04-10,2023,1,2022-10-18,Baltimore,Continued
2021,04jw4,Maxi Kleber,Anaheim,2021-05-16,2022,1,2021-10-19,Honolulu,Documented release/signing
2022,04jw4,Maxi Kleber,Honolulu,2022-04-10,2023,1,2022-10-18,Honolulu,Continued
2023,04jw4,Maxi Kleber,Vegas,2023-04-09,2024,1,2023-10-24,Tulsa,Missing expiration
2024,04jw4,Maxi Kleber,Manchester,2024-04-03,2025,1,2024-10-22,Manchester,Continued
2025,04jw4,Maxi Kleber,Manchester,2025-04-02,2026,1,2025-10-21,Vancouver,Missing expiration
2026,04jw4,Maxi Kleber,Vancouver,2026-04-01,2027,1,2026-10-20,Albuquerque,Missing expiration + move
2027,04jw4,Maxi Kleber,Albuquerque,2027-04-11,,,,,Missing expiration
2021,04jw5,Torrey Craig,Austin,2021-05-16,2022,1,2021-10-19,Baltimore,Documented release/signing
2022,04jw5,Torrey Craig,Baltimore,2022-04-10,2023,1,2022-10-18,Lansing,Missing expiration
2023,04jw5,Torrey Craig,Lansing,2023-04-09,2024,1,2023-10-24,Austin,Missing expiration + move
2024,04jw5,Torrey Craig,Austin,2024-04-03,2025,1,2024-10-22,Little Rock,Missing expiration
2025,04jw5,Torrey Craig,Little Rock,2025-04-02,2026,1,2025-10-21,Tulsa,Missing expiration
2026,04jw5,Torrey Craig,Tulsa,2026-04-01,,,,,Missing expiration
2021,04jwb,Luke Kornet,El Paso,2021-05-16,2022,1,2021-10-19,Providence,Documented release/signing
2022,04jwb,Luke Kornet,Providence,2022-04-10,2023,28,2022-11-14,Little Rock,Missing expiration
2023,04jwb,Luke Kornet,Little Rock,2023-04-09,2024,1,2023-10-24,Providence,Missing expiration
2024,04jwb,Luke Kornet,Providence,2024-04-03,2025,1,2024-10-22,Pittsburgh,Missing expiration + move
2025,04jwb,Luke Kornet,Pittsburgh,2025-04-02,2026,1,2025-10-21,Buffalo,Missing expiration
2026,04jwb,Luke Kornet,Kentucky,2026-04-01,2027,1,2026-10-20,Kentucky,Continued
2027,04jwb,Luke Kornet,Kentucky,2027-04-11,,,,,Missing expiration
2021,04jwd,Royce ONeale,Baltimore,2021-05-16,2022,1,2021-10-19,Baltimore,Continued
2022,04jwd,Royce ONeale,Baltimore,2022-04-10,2023,1,2022-10-18,Baltimore,Continued
2023,04jwd,Royce ONeale,Baltimore,2023-04-09,2024,1,2023-10-24,Baltimore,Continued
2024,04jwd,Royce ONeale,Baltimore,2024-04-03,2025,1,2024-10-22,Baltimore,Continued
2025,04jwd,Royce ONeale,Baltimore,2025-04-02,2026,1,2025-10-21,Baltimore,Continued
2026,04jwd,Royce ONeale,Baltimore,2026-04-01,2027,1,2026-10-20,Baltimore,Continued
2027,04jwd,Royce ONeale,Baltimore,2027-04-11,,,,,Missing expiration
2021,04kj6,Luka Doncic,Providence,2021-05-16,2022,1,2021-10-19,Providence,Continued
2022,04kj6,Luka Doncic,Providence,2022-04-10,2023,1,2022-10-18,Providence,Continued
2023,04kj6,Luka Doncic,Providence,2023-04-09,2024,1,2023-10-24,Providence,Continued
2024,04kj6,Luka Doncic,Providence,2024-04-03,2025,1,2024-10-22,Providence,Continued
2025,04kj6,Luka Doncic,Providence,2025-04-02,2026,1,2025-10-21,St. Louis,Documented trade
2026,04kj6,Luka Doncic,St. Louis,2026-04-01,2027,1,2026-10-20,St. Louis,Continued
2027,04kj6,Luka Doncic,St. Louis,2027-04-11,,,,,Missing expiration
2021,04qrj,Jaren Jackson,Honolulu,2021-05-16,2022,1,2021-10-19,Honolulu,Continued
2022,04qrj,Jaren Jackson,Cincinnati,2022-04-10,2023,1,2022-10-18,Cincinnati,Continued
2023,04qrj,Jaren Jackson,Cincinnati,2023-04-09,2024,1,2023-10-24,Cincinnati,Continued
2024,04qrj,Jaren Jackson,Cincinnati,2024-04-03,2025,1,2024-10-22,Cincinnati,Continued
2025,04qrj,Jaren Jackson,Cincinnati,2025-04-02,2026,1,2025-10-21,Austin,Documented trade
2026,04qrj,Jaren Jackson,San Diego,2026-04-01,2027,1,2026-10-20,San Diego,Continued
2027,04qrj,Jaren Jackson,San Diego,2027-04-11,,,,,Missing expiration
2021,04qrk,Trae Young,San Jose,2021-05-16,2022,1,2021-10-19,San Jose,Continued
2022,04qrk,Trae Young,San Jose,2022-04-10,2023,1,2022-10-18,San Jose,Continued
2023,04qrk,Trae Young,San Jose,2023-04-09,2024,1,2023-10-24,San Jose,Continued
2024,04qrk,Trae Young,San Jose,2024-04-03,2025,1,2024-10-22,Pittsburgh,Missing expiration + move
2025,04qrk,Trae Young,Pittsburgh,2025-04-02,2026,1,2025-10-21,Pittsburgh,Continued
2026,04qrk,Trae Young,Pittsburgh,2026-04-01,2027,1,2026-10-20,Pittsburgh,Continued
2027,04qrk,Trae Young,Pittsburgh,2027-04-11,,,,,Missing expiration
2021,04qrl,Wendell Carter,Austin,2021-05-16,2022,1,2021-10-19,Austin,Continued
2022,04qrl,Wendell Carter,El Paso,2022-04-10,2023,1,2022-10-18,El Paso,Continued
2023,04qrl,Wendell Carter,Vancouver,2023-04-09,2024,1,2023-10-24,San Diego,Documented trade
2024,04qrl,Wendell Carter,San Diego,2024-04-03,2025,1,2024-10-22,San Diego,Continued
2025,04qrl,Wendell Carter,San Diego,2025-04-02,2026,1,2025-10-21,El Paso,Documented trade
2026,04qrl,Wendell Carter,Lansing,2026-04-01,2027,1,2026-10-20,Lansing,Continued
2027,04qrl,Wendell Carter,Lansing,2027-04-11,,,,,Missing expiration
2021,04qrm,Collin Sexton,San Jose,2021-05-16,2022,1,2021-10-19,San Jose,Continued
2022,04qrm,Collin Sexton,San Diego,2022-04-10,2023,1,2022-10-18,San Diego,Continued
2023,04qrm,Collin Sexton,San Diego,2023-04-09,2024,1,2023-10-24,Lincoln,Missing expiration + move
2024,04qrm,Collin Sexton,St. Louis,2024-04-03,2025,1,2024-10-22,St. Louis,Continued
2025,04qrm,Collin Sexton,St. Louis,2025-04-02,2026,1,2025-10-21,Providence,Documented trade
2026,04qrm,Collin Sexton,Providence,2026-04-01,2027,1,2026-10-20,Providence,Continued
2027,04qrm,Collin Sexton,Providence,2027-04-11,,,,,Missing expiration
2021,04qrn,Mikal Bridges,Tulsa,2021-05-16,2022,1,2021-10-19,Anchorage,Documented release/signing
2022,04qrn,Mikal Bridges,Anchorage,2022-04-10,2023,1,2022-10-18,Anchorage,Continued
2023,04qrn,Mikal Bridges,Anchorage,2023-04-09,2024,1,2023-10-24,Austin,Documented trade
2024,04qrn,Mikal Bridges,Austin,2024-04-03,2025,1,2024-10-22,Austin,Continued
2025,04qrn,Mikal Bridges,Austin,2025-04-02,2026,1,2025-10-21,Cincinnati,Documented trade
2026,04qrn,Mikal Bridges,Cincinnati,2026-04-01,2027,1,2026-10-20,Cincinnati,Continued
2027,04qrn,Mikal Bridges,Cincinnati,2027-04-11,,,,,Missing expiration
2021,04qro,Shai Gilgeous-Alexander,Cincinnati,2021-05-16,2022,1,2021-10-19,Cincinnati,Continued
2022,04qro,Shai Gilgeous-Alexander,Honolulu,2022-04-10,2023,1,2022-10-18,Honolulu,Continued
2023,04qro,Shai Gilgeous-Alexander,Honolulu,2023-04-09,2024,1,2023-10-24,Honolulu,Continued
2024,04qro,Shai Gilgeous-Alexander,Honolulu,2024-04-03,2025,1,2024-10-22,Honolulu,Continued
2025,04qro,Shai Gilgeous-Alexander,Honolulu,2025-04-02,2026,1,2025-10-21,Honolulu,Continued
2026,04qro,Shai Gilgeous-Alexander,Honolulu,2026-04-01,2027,1,2026-10-20,Manchester,Missing expiration + move
2027,04qro,Shai Gilgeous-Alexander,Manchester,2027-04-11,,,,,Missing expiration
2021,04qrp,Miles Bridges,Seattle,2021-05-16,2022,1,2021-10-19,Seattle,Continued
2022,04qrp,Miles Bridges,Seattle,2022-04-10,2023,1,2022-10-18,Seattle,Continued
2023,04qrp,Miles Bridges,Seattle,2023-04-09,2024,1,2023-10-24,Seattle,Continued
2024,04qrp,Miles Bridges,Seattle,2024-04-03,2025,1,2024-10-22,Seattle,Continued
2025,04qrp,Miles Bridges,Seattle,2025-04-02,2026,1,2025-10-21,Seattle,Continued
2026,04qrp,Miles Bridges,Seattle,2026-04-01,2027,1,2026-10-20,Seattle,Continued
2027,04qrp,Miles Bridges,Seattle,2027-04-11,,,,,Missing expiration
2021,04qrq,Jerome Robinson,Columbus,2021-05-16,,,,,Missing expiration
2021,04qrr,Michael Porter,Jacksonville,2021-05-16,2022,1,2021-10-19,Jacksonville,Continued
2022,04qrr,Michael Porter,Jacksonville,2022-04-10,2023,1,2022-10-18,Jacksonville,Continued
2023,04qrr,Michael Porter,Jacksonville,2023-04-09,2024,1,2023-10-24,Jacksonville,Continued
2024,04qrr,Michael Porter,Jacksonville,2024-04-03,2025,1,2024-10-22,Jacksonville,Continued
2025,04qrr,Michael Porter,Jacksonville,2025-04-02,2026,1,2025-10-21,Jacksonville,Continued
2026,04qrr,Michael Porter,Baltimore,2026-04-01,2027,1,2026-10-20,Baltimore,Continued
2027,04qrr,Michael Porter,Baltimore,2027-04-11,,,,,Missing expiration
2021,04qrs,Troy Brown,Columbus,2021-05-16,2022,1,2021-10-19,Columbus,Continued
2023,04qrs,Troy Brown,Little Rock,2023-04-09,2024,1,2023-10-24,Little Rock,Continued
2024,04qrs,Troy Brown,Little Rock,2024-04-03,,,,,Missing expiration
2021,04qru,Donte DiVincenzo,Anaheim,2021-05-16,2022,1,2021-10-19,Anaheim,Continued
2022,04qru,Donte DiVincenzo,Cincinnati,2022-04-10,2023,1,2022-10-18,Cincinnati,Continued
2023,04qru,Donte DiVincenzo,Cincinnati,2023-04-09,2024,1,2023-10-24,Cincinnati,Continued
2024,04qru,Donte DiVincenzo,Cincinnati,2024-04-03,2025,1,2024-10-22,Cincinnati,Continued
2025,04qru,Donte DiVincenzo,Cincinnati,2025-04-02,2026,1,2025-10-21,Cincinnati,Continued
2026,04qru,Donte DiVincenzo,Honolulu,2026-04-01,2027,1,2026-10-20,Honolulu,Continued
2027,04qru,Donte DiVincenzo,Honolulu,2027-04-11,,,,,Missing expiration
2021,04qrv,Lonnie Walker,Columbus,2021-05-16,2022,1,2021-10-19,Columbus,Continued
2022,04qrv,Lonnie Walker,Columbus,2022-04-10,2023,1,2022-10-18,Columbus,Continued
2023,04qrv,Lonnie Walker,Kentucky,2023-04-09,2024,1,2023-10-24,Boise,Documented trade
2024,04qrv,Lonnie Walker,Boise,2024-04-03,2025,1,2024-10-22,Boise,Continued
2025,04qrv,Lonnie Walker,Boise,2025-04-02,2026,1,2025-10-21,Boise,Continued
2021,04qrw,Kevin Huerter,Seattle,2021-05-16,2022,1,2021-10-19,Seattle,Continued
2022,04qrw,Kevin Huerter,Buffalo,2022-04-10,2023,1,2022-10-18,Buffalo,Continued
2023,04qrw,Kevin Huerter,Buffalo,2023-04-09,2024,1,2023-10-24,Lansing,Documented trade
2024,04qrw,Kevin Huerter,Lansing,2024-04-03,2025,1,2024-10-22,Lansing,Continued
2025,04qrw,Kevin Huerter,Lansing,2025-04-02,2026,1,2025-10-21,Lansing,Continued
2026,04qrw,Kevin Huerter,Lansing,2026-04-01,2027,1,2026-10-20,Lansing,Continued
2027,04qrw,Kevin Huerter,Lansing,2027-04-11,,,,,Missing expiration
2021,04qrx,Josh Okogie,Columbus,2021-05-16,2022,1,2021-10-19,Columbus,Continued
2022,04qrx,Josh Okogie,Columbus,2022-04-10,2023,1,2022-10-18,Vegas,Missing expiration
2023,04qrx,Josh Okogie,Vegas,2023-04-09,2024,1,2023-10-24,Vegas,Continued
2024,04qrx,Josh Okogie,Vegas,2024-04-03,2025,1,2024-10-22,San Jose,Missing expiration
2025,04qrx,Josh Okogie,San Jose,2025-04-02,2026,1,2025-10-21,Austin,Missing expiration
2026,04qrx,Josh Okogie,Austin,2026-04-01,2027,1,2026-10-20,Austin,Continued
2027,04qrx,Josh Okogie,Austin,2027-04-11,,,,,Missing expiration
2021,04qry,Grayson Allen,Jacksonville,2021-05-16,2022,1,2021-10-19,Jacksonville,Continued
2022,04qry,Grayson Allen,Jacksonville,2022-04-10,2023,1,2022-10-18,Jacksonville,Continued
2023,04qry,Grayson Allen,Jacksonville,2023-04-09,2024,1,2023-10-24,Jacksonville,Continued
2024,04qry,Grayson Allen,Jacksonville,2024-04-03,2025,1,2024-10-22,Jacksonville,Continued
2025,04qry,Grayson Allen,Jacksonville,2025-04-02,2026,1,2025-10-21,Jacksonville,Continued
2026,04qry,Grayson Allen,Jacksonville,2026-04-01,2027,1,2026-10-20,Jacksonville,Continued
2027,04qry,Grayson Allen,Jacksonville,2027-04-11,,,,,Missing expiration
2021,04qrz,Chandler Hutchison,Vegas,2021-05-16,2022,1,2021-10-19,Vegas,Continued
2021,04qs0,Aaron Holiday,Manchester,2021-05-16,2022,1,2021-10-19,Manchester,Continued
2022,04qs0,Aaron Holiday,Vancouver,2022-04-10,2023,1,2022-10-18,San Diego,Missing expiration
2023,04qs0,Aaron Holiday,San Diego,2023-04-09,2024,1,2023-10-24,San Diego,Continued
2024,04qs0,Aaron Holiday,San Diego,2024-04-03,2025,1,2024-10-22,Seattle,Missing expiration
2025,04qs0,Aaron Holiday,Seattle,2025-04-02,2026,1,2025-10-21,Austin,Missing expiration
2026,04qs0,Aaron Holiday,Austin,2026-04-01,2027,1,2026-10-20,Jacksonville,Missing expiration + move
2027,04qs0,Aaron Holiday,Jacksonville,2027-04-11,,,,,Missing expiration
2021,04qs1,Anfernee Simons,Tulsa,2021-05-16,2022,1,2021-10-19,Kentucky,Documented release/signing
2022,04qs1,Anfernee Simons,Manchester,2022-04-10,2023,1,2022-10-18,Manchester,Continued
2023,04qs1,Anfernee Simons,Tulsa,2023-04-09,2024,1,2023-10-24,San Diego,Missing expiration + move
2024,04qs1,Anfernee Simons,San Diego,2024-04-03,2025,1,2024-10-22,San Diego,Continued
2025,04qs1,Anfernee Simons,San Diego,2025-04-02,2026,1,2025-10-21,San Diego,Continued
2026,04qs1,Anfernee Simons,Honolulu,2026-04-01,2027,1,2026-10-20,Honolulu,Continued
2027,04qs1,Anfernee Simons,Honolulu,2027-04-11,,,,,Missing expiration
2021,04qs2,Moritz Wagner,Albuquerque,2021-05-16,2022,1,2021-10-19,Albuquerque,Continued
2022,04qs2,Moritz Wagner,Albuquerque,2022-04-10,2023,1,2022-10-18,Albuquerque,Continued
2023,04qs2,Moritz Wagner,Cincinnati,2023-04-09,2024,1,2023-10-24,Albuquerque,Missing expiration + move
2024,04qs2,Moritz Wagner,Tampa Bay,2024-04-03,2025,1,2024-10-22,Tampa Bay,Continued
2025,04qs2,Moritz Wagner,Tampa Bay,2025-04-02,2026,1,2025-10-21,Tampa Bay,Continued
2026,04qs2,Moritz Wagner,Tampa Bay,2026-04-01,2027,1,2026-10-20,Tampa Bay,Continued
2027,04qs2,Moritz Wagner,Tampa Bay,2027-04-11,,,,,Missing expiration
2021,04qs3,Landry Shamet,Vancouver,2021-05-16,2022,1,2021-10-19,Vancouver,Continued
2022,04qs3,Landry Shamet,Tulsa,2022-04-10,2023,1,2022-10-18,Kentucky,Missing expiration
2023,04qs3,Landry Shamet,Manchester,2023-04-09,2024,1,2023-10-24,Manchester,Continued
2024,04qs3,Landry Shamet,Tulsa,2024-04-03,2026,24,2025-11-13,Lansing,Missing expiration
2026,04qs3,Landry Shamet,Lansing,2026-04-01,2027,1,2026-10-20,Lansing,Continued
2027,04qs3,Landry Shamet,Lansing,2027-04-11,,,,,Missing expiration
2021,04qs4,Robert Williams,Anchorage,2021-05-16,2022,1,2021-10-19,Anchorage,Continued
2022,04qs4,Robert Williams,Anchorage,2022-04-10,2023,1,2022-10-18,Anchorage,Continued
2023,04qs4,Robert Williams,Anchorage,2023-04-09,2024,1,2023-10-24,Anchorage,Continued
2024,04qs4,Robert Williams,Manchester,2024-04-03,2025,1,2024-10-22,Manchester,Continued
2025,04qs4,Robert Williams,Manchester,2025-04-02,2026,1,2025-10-21,Baltimore,Missing expiration
2026,04qs4,Robert Williams,Baltimore,2026-04-01,2027,1,2026-10-20,Baltimore,Continued
2027,04qs4,Robert Williams,Baltimore,2027-04-11,,,,,Missing expiration
2021,04qs9,Jevon Carter,Vegas,2021-05-16,2022,1,2021-10-19,Vegas,Continued
2022,04qs9,Jevon Carter,Vegas,2022-04-10,2023,1,2022-10-18,Vegas,Continued
2023,04qs9,Jevon Carter,Vegas,2023-04-09,2024,1,2023-10-24,Vegas,Continued
2024,04qs9,Jevon Carter,Vegas,2024-04-03,2025,1,2024-10-22,Vegas,Continued
2025,04qs9,Jevon Carter,Vegas,2025-04-02,2026,1,2025-10-21,Vegas,Continued
2026,04qs9,Jevon Carter,Vegas,2026-04-01,2027,1,2026-10-20,Vegas,Continued
2027,04qs9,Jevon Carter,Vegas,2027-04-11,,,,,Missing expiration
2021,04qsa,Jalen Brunson,Albuquerque,2021-05-16,2022,1,2021-10-19,Buffalo,Documented release/signing
2022,04qsa,Jalen Brunson,Anaheim,2022-04-10,2023,1,2022-10-18,Anaheim,Continued
2023,04qsa,Jalen Brunson,Manchester,2023-04-09,2024,1,2023-10-24,Manchester,Continued
2024,04qsa,Jalen Brunson,Manchester,2024-04-03,2025,1,2024-10-22,Pittsburgh,Missing expiration
2025,04qsa,Jalen Brunson,Pittsburgh,2025-04-02,2026,1,2025-10-21,Pittsburgh,Continued
2026,04qsa,Jalen Brunson,Pittsburgh,2026-04-01,2027,1,2026-10-20,Pittsburgh,Continued
2027,04qsa,Jalen Brunson,Pittsburgh,2027-04-11,,,,,Missing expiration
2021,04qsb,Devonte Graham,Birmingham,2021-05-16,2022,1,2021-10-19,Buffalo,Documented release/signing
2022,04qsb,Devonte Graham,Buffalo,2022-04-10,2023,1,2022-10-18,Buffalo,Continued
2023,04qsb,Devonte Graham,Buffalo,2023-04-09,2024,1,2023-10-24,Providence,Missing expiration
2024,04qsb,Devonte Graham,Providence,2024-04-03,2025,1,2024-10-22,Providence,Continued
2025,04qsb,Devonte Graham,Providence,2025-04-02,2026,1,2025-10-21,Providence,Continued
2026,04qsb,Devonte Graham,Providence,2026-04-01,,,,,Missing expiration
2021,04qsd,Mitchell Robinson,Cincinnati,2021-05-16,2022,1,2021-10-19,Cincinnati,Continued
2022,04qsd,Mitchell Robinson,Anaheim,2022-04-10,2023,1,2022-10-18,Anaheim,Continued
2023,04qsd,Mitchell Robinson,Anaheim,2023-04-09,2024,1,2023-10-24,Anaheim,Continued
2024,04qsd,Mitchell Robinson,Anaheim,2024-04-03,2025,1,2024-10-22,Anaheim,Continued
2025,04qsd,Mitchell Robinson,Anaheim,2025-04-02,2026,1,2025-10-21,Anaheim,Continued
2026,04qsd,Mitchell Robinson,Anaheim,2026-04-01,2027,1,2026-10-20,Anaheim,Continued
2027,04qsd,Mitchell Robinson,Anaheim,2027-04-11,,,,,Missing expiration
2021,04qse,Gary Trent,Manchester,2021-05-16,2022,1,2021-10-19,Kentucky,Documented release/signing
2022,04qse,Gary Trent,Manchester,2022-04-10,2023,1,2022-10-18,Lansing,Documented trade
2023,04qse,Gary Trent,Lansing,2023-04-09,2024,1,2023-10-24,Lansing,Continued
2024,04qse,Gary Trent,Pittsburgh,2024-04-03,2025,1,2024-10-22,San Jose,Missing expiration + move
2025,04qse,Gary Trent,San Jose,2025-04-02,2026,1,2025-10-21,San Jose,Continued
2026,04qse,Gary Trent,San Jose,2026-04-01,2027,1,2026-10-20,San Jose,Continued
2027,04qse,Gary Trent,San Jose,2027-04-11,,,,,Missing expiration
2021,04qsi,Jarred Vanderbilt,Manchester,2021-05-16,2022,1,2021-10-19,Manchester,Continued
2022,04qsi,Jarred Vanderbilt,Manchester,2022-04-10,2023,1,2022-10-18,Anchorage,Documented trade
2023,04qsi,Jarred Vanderbilt,Anchorage,2023-04-09,2024,1,2023-10-24,Baltimore,Documented trade
2024,04qsi,Jarred Vanderbilt,Baltimore,2024-04-03,2025,1,2024-10-22,Baltimore,Continued
2025,04qsi,Jarred Vanderbilt,Baltimore,2025-04-02,2026,1,2025-10-21,Baltimore,Continued
2026,04qsi,Jarred Vanderbilt,El Paso,2026-04-01,2027,1,2026-10-20,Vegas,Missing expiration + move
2027,04qsi,Jarred Vanderbilt,Vegas,2027-04-11,,,,,Missing expiration
2021,04qsj,Bruce Brown,Honolulu,2021-05-16,2022,1,2021-10-19,Anaheim,Documented release/signing
2022,04qsj,Bruce Brown,Anaheim,2022-04-10,2023,1,2022-10-18,Anaheim,Continued
2023,04qsj,Bruce Brown,Anaheim,2023-04-09,2024,1,2023-10-24,Anaheim,Continued
2024,04qsj,Bruce Brown,Anaheim,2024-04-03,2025,1,2024-10-22,Anaheim,Continued
2025,04qsj,Bruce Brown,Anaheim,2025-04-02,2026,1,2025-10-21,Anaheim,Continued
2026,04qsj,Bruce Brown,Lincoln,2026-04-01,2027,1,2026-10-20,Tampa Bay,Missing expiration + move
2027,04qsj,Bruce Brown,Tampa Bay,2027-04-11,,,,,Missing expiration
2021,04qsm,DeAnthony Melton,Lincoln,2021-05-16,2022,1,2021-10-19,Lincoln,Continued
2022,04qsm,DeAnthony Melton,Lincoln,2022-04-10,2023,1,2022-10-18,Lincoln,Continued
2023,04qsm,DeAnthony Melton,Anaheim,2023-04-09,2024,1,2023-10-24,Anaheim,Continued
2024,04qsm,DeAnthony Melton,Anaheim,2024-04-03,2025,1,2024-10-22,Anaheim,Continued
2025,04qsm,DeAnthony Melton,Anaheim,2025-04-02,2026,1,2025-10-21,Anaheim,Continued
2026,04qsm,DeAnthony Melton,Anaheim,2026-04-01,2027,1,2026-10-20,El Paso,Missing expiration + move
2027,04qsm,DeAnthony Melton,El Paso,2027-04-11,,,,,Missing expiration
2021,04qsn,Svi Mykhailiuk,Lansing,2021-05-16,2022,1,2021-10-19,Lansing,Continued
2022,04qsn,Svi Mykhailiuk,Kentucky,2022-04-10,2025,96,2025-01-25,Honolulu,Missing expiration
2026,04qsn,Svi Mykhailiuk,Kentucky,2026-04-01,2027,1,2026-10-20,Kentucky,Continued
2027,04qsn,Svi Mykhailiuk,Kentucky,2027-04-11,,,,,Missing expiration
2022,04qso,Keita Bates-Diop,San Jose,2022-04-10,2023,1,2022-10-18,St. Louis,Missing expiration
2023,04qso,Keita Bates-Diop,Birmingham,2023-04-09,2024,1,2023-10-24,Des Moines,Missing expiration
2024,04qso,Keita Bates-Diop,Des Moines,2024-04-03,2025,1,2024-10-22,Des Moines,Continued
2025,04qso,Keita Bates-Diop,Des Moines,2025-04-02,2026,1,2025-10-21,Des Moines,Continued
2026,04qso,Keita Bates-Diop,El Paso,2026-04-01,,,,,Missing expiration
2021,04qsp,Chimezie Metu,Kentucky,2021-05-16,2022,28,2021-11-15,Buffalo,Documented release/signing
2022,04qsp,Chimezie Metu,Buffalo,2022-04-10,2023,1,2022-10-18,Boise,Missing expiration
2023,04qsp,Chimezie Metu,Boise,2023-04-09,2024,1,2023-10-24,Honolulu,Missing expiration
2024,04qsp,Chimezie Metu,Albuquerque,2024-04-03,,,,,Missing expiration
2021,04qsq,Alize Johnson,San Diego,2021-05-16,2022,8,2021-10-26,St. Louis,Documented release/signing
2022,04qsq,Alize Johnson,St. Louis,2022-04-10,,,,,Missing expiration
2021,04qsu,Shake Milton,Seattle,2021-05-16,2022,1,2021-10-19,Seattle,Continued
2022,04qsu,Shake Milton,Seattle,2022-04-10,2023,1,2022-10-18,Columbus,Missing expiration + move
2023,04qsu,Shake Milton,Columbus,2023-04-09,2024,1,2023-10-24,Lansing,Missing expiration
2024,04qsu,Shake Milton,Lansing,2024-04-03,2025,1,2024-10-22,Lansing,Continued
2021,04s00,Duncan Robinson,Boise,2021-05-16,2022,1,2021-10-19,Boise,Continued
2022,04s00,Duncan Robinson,Boise,2022-04-10,2023,1,2022-10-18,Boise,Continued
2023,04s00,Duncan Robinson,Boise,2023-04-09,2024,1,2023-10-24,Boise,Continued
2024,04s00,Duncan Robinson,Boise,2024-04-03,2025,1,2024-10-22,Boise,Continued
2025,04s00,Duncan Robinson,Boise,2025-04-02,2026,1,2025-10-21,Boise,Continued
2026,04s00,Duncan Robinson,Boise,2026-04-01,2027,1,2026-10-20,Boise,Continued
2027,04s00,Duncan Robinson,Boise,2027-04-11,,,,,Missing expiration
2021,04t8w,Kenrich Williams,Tampa Bay,2021-05-16,2022,1,2021-10-19,Anchorage,Documented release/signing
2022,04t8w,Kenrich Williams,Anchorage,2022-04-10,2023,1,2022-10-18,San Diego,Missing expiration + move
2023,04t8w,Kenrich Williams,Kentucky,2023-04-09,2024,1,2023-10-24,Manchester,Missing expiration
2024,04t8w,Kenrich Williams,Manchester,2024-04-03,2025,1,2024-10-22,Manchester,Continued
2025,04t8w,Kenrich Williams,Tampa Bay,2025-04-02,2026,1,2025-10-21,Austin,Missing expiration
2026,04t8w,Kenrich Williams,Austin,2026-04-01,2027,1,2026-10-20,Lincoln,Missing expiration + move
2027,04t8w,Kenrich Williams,Lincoln,2027-04-11,,,,,Missing expiration
2021,04ug6,Gary Clark,Nashville,2021-05-16,2022,1,2021-10-19,Nashville,Continued
2022,04ug6,Gary Clark,Nashville,2022-04-10,,,,,Missing expiration
2023,04vu2,Wenyen Gabriel,St. Louis,2023-04-09,2024,1,2023-10-24,Albuquerque,Missing expiration
2024,04vu2,Wenyen Gabriel,Albuquerque,2024-04-03,,,,,Missing expiration
2021,04w4b,Brandon Goodwin,San Diego,2021-05-16,2022,109,2022-02-04,El Paso,Documented release/signing
2022,04w4b,Brandon Goodwin,El Paso,2022-04-10,,,,,Missing expiration
2021,04xdu,Drew Eubanks,Lansing,2021-05-16,2022,5,2021-10-23,Seattle,Documented release/signing
2022,04xdu,Drew Eubanks,Seattle,2022-04-10,2023,1,2022-10-18,Seattle,Continued
2023,04xdu,Drew Eubanks,Seattle,2023-04-09,2024,1,2023-10-24,Seattle,Continued
2024,04xdu,Drew Eubanks,Seattle,2024-04-03,2025,1,2024-10-22,El Paso,Missing expiration
2025,04xdu,Drew Eubanks,El Paso,2025-04-02,2026,1,2025-10-21,Little Rock,Missing expiration
2026,04xdu,Drew Eubanks,Little Rock,2026-04-01,2027,1,2026-10-20,Little Rock,Continued
2027,04xdu,Drew Eubanks,Little Rock,2027-04-11,,,,,Missing expiration
2021,04xgj,Kendrick Nunn,Cincinnati,2021-05-16,2022,1,2021-10-19,Cincinnati,Continued
2022,04xgj,Kendrick Nunn,Pittsburgh,2022-04-10,2023,1,2022-10-18,Pittsburgh,Continued
2023,04xgj,Kendrick Nunn,Pittsburgh,2023-04-09,2024,1,2023-10-24,Austin,Missing expiration + move
2024,04xgj,Kendrick Nunn,Austin,2024-04-03,2025,1,2024-10-22,Austin,Continued
2025,04xgj,Kendrick Nunn,Austin,2025-04-02,,,,,Missing expiration
2021,04xhy,Yuta Watanabe,Baltimore,2021-05-16,2022,1,2021-10-19,Cincinnati,Documented release/signing
2022,04xhy,Yuta Watanabe,Lincoln,2022-04-10,2023,1,2022-10-18,Lincoln,Continued
2023,04xhy,Yuta Watanabe,Anaheim,2023-04-09,2024,1,2023-10-24,Lansing,Documented trade
2024,04xhy,Yuta Watanabe,Lansing,2024-04-03,,,,,Missing expiration
2021,04xhz,Jordan McLaughlin,Columbus,2021-05-16,2022,1,2021-10-19,Columbus,Continued
2022,04xhz,Jordan McLaughlin,Columbus,2022-04-10,2023,1,2022-10-18,St. Louis,Missing expiration + move
2023,04xhz,Jordan McLaughlin,St. Louis,2023-04-09,2024,1,2023-10-24,St. Louis,Continued
2024,04xhz,Jordan McLaughlin,Lincoln,2024-04-03,2025,1,2024-10-22,Lincoln,Continued
2021,04xlm,Paul Watson,St. Louis,2021-05-16,,,,,Missing expiration
2023,04yk1,Haywood Highsmith,Des Moines,2023-04-09,2024,1,2023-10-24,Des Moines,Continued
2024,04yk1,Haywood Highsmith,Des Moines,2024-04-03,2025,1,2024-10-22,Tampa Bay,Missing expiration
2025,04yk1,Haywood Highsmith,Tampa Bay,2025-04-02,2026,1,2025-10-21,Tampa Bay,Continued
2026,04yk1,Haywood Highsmith,Tampa Bay,2026-04-01,,,,,Missing expiration
2021,051oh,Zion Williamson,Baltimore,2021-05-16,2022,1,2021-10-19,Baltimore,Continued
2022,051oh,Zion Williamson,Baltimore,2022-04-10,2023,1,2022-10-18,Baltimore,Continued
2023,051oh,Zion Williamson,Baltimore,2023-04-09,2024,1,2023-10-24,Baltimore,Continued
2024,051oh,Zion Williamson,Baltimore,2024-04-03,2025,1,2024-10-22,Baltimore,Continued
2025,051oh,Zion Williamson,Baltimore,2025-04-02,2026,1,2025-10-21,Cincinnati,Documented trade
2026,051oh,Zion Williamson,Cincinnati,2026-04-01,2027,1,2026-10-20,Cincinnati,Continued
2027,051oh,Zion Williamson,Cincinnati,2027-04-11,,,,,Missing expiration
2021,051oi,Ja Morant,Little Rock,2021-05-16,2022,1,2021-10-19,Little Rock,Continued
2022,051oi,Ja Morant,Little Rock,2022-04-10,2023,1,2022-10-18,Little Rock,Continued
2023,051oi,Ja Morant,Little Rock,2023-04-09,2024,1,2023-10-24,Little Rock,Continued
2024,051oi,Ja Morant,Little Rock,2024-04-03,2025,1,2024-10-22,Little Rock,Continued
2025,051oi,Ja Morant,Little Rock,2025-04-02,2026,1,2025-10-21,Little Rock,Continued
2026,051oi,Ja Morant,Little Rock,2026-04-01,2027,1,2026-10-20,Little Rock,Continued
2027,051oi,Ja Morant,Little Rock,2027-04-11,,,,,Missing expiration
2021,051oj,RJ Barrett,Honolulu,2021-05-16,2022,1,2021-10-19,Honolulu,Continued
2022,051oj,RJ Barrett,Honolulu,2022-04-10,2023,1,2022-10-18,Honolulu,Continued
2023,051oj,RJ Barrett,Manchester,2023-04-09,2024,1,2023-10-24,Manchester,Continued
2024,051oj,RJ Barrett,Baltimore,2024-04-03,2025,1,2024-10-22,Baltimore,Continued
2025,051oj,RJ Barrett,Baltimore,2025-04-02,2026,1,2025-10-21,Des Moines,Documented trade
2026,051oj,RJ Barrett,Des Moines,2026-04-01,2027,1,2026-10-20,Des Moines,Continued
2027,051oj,RJ Barrett,Des Moines,2027-04-11,,,,,Missing expiration
2021,051ok,DeAndre Hunter,Pittsburgh,2021-05-16,2022,1,2021-10-19,Pittsburgh,Continued
2022,051ok,DeAndre Hunter,Pittsburgh,2022-04-10,2023,1,2022-10-18,Pittsburgh,Continued
2023,051ok,DeAndre Hunter,Pittsburgh,2023-04-09,2024,1,2023-10-24,Pittsburgh,Continued
2024,051ok,DeAndre Hunter,Tulsa,2024-04-03,2025,1,2024-10-22,Tulsa,Continued
2025,051ok,DeAndre Hunter,Tulsa,2025-04-02,2026,1,2025-10-21,Tulsa,Continued
2026,051ok,DeAndre Hunter,Des Moines,2026-04-01,2027,1,2026-10-20,Des Moines,Continued
2027,051ok,DeAndre Hunter,Des Moines,2027-04-11,,,,,Missing expiration
2021,051ol,Darius Garland,Austin,2021-05-16,2022,1,2021-10-19,Austin,Continued
2022,051ol,Darius Garland,El Paso,2022-04-10,2023,1,2022-10-18,Cincinnati,Missing expiration + move
2023,051ol,Darius Garland,Cincinnati,2023-04-09,2024,1,2023-10-24,Cincinnati,Continued
2024,051ol,Darius Garland,Cincinnati,2024-04-03,2025,1,2024-10-22,Cincinnati,Continued
2025,051ol,Darius Garland,Cincinnati,2025-04-02,2026,1,2025-10-21,Baltimore,Documented trade
2026,051ol,Darius Garland,Baltimore,2026-04-01,2027,1,2026-10-20,Baltimore,Continued
2027,051ol,Darius Garland,Baltimore,2027-04-11,,,,,Missing expiration
2021,051om,Jarrett Culver,Vancouver,2021-05-16,2022,1,2021-10-19,Vancouver,Continued
2022,051om,Jarrett Culver,Birmingham,2022-04-10,2023,53,2022-12-09,Anchorage,Missing expiration
2023,051om,Jarrett Culver,Columbus,2023-04-09,,,,,Missing expiration
2021,051on,Coby White,Boise,2021-05-16,2022,1,2021-10-19,Boise,Continued
2022,051on,Coby White,Boise,2022-04-10,2023,1,2022-10-18,Tampa Bay,Missing expiration
2023,051on,Coby White,Nashville,2023-04-09,2024,1,2023-10-24,Nashville,Continued
2024,051on,Coby White,Nashville,2024-04-03,2025,1,2024-10-22,Nashville,Continued
2025,051on,Coby White,Nashville,2025-04-02,2026,1,2025-10-21,El Paso,Missing expiration
2026,051on,Coby White,Cincinnati,2026-04-01,2027,1,2026-10-20,Cincinnati,Continued
2027,051on,Coby White,Cincinnati,2027-04-11,,,,,Missing expiration
2021,051oo,Jaxson Hayes,Lansing,2021-05-16,2022,1,2021-10-19,Lansing,Continued
2022,051oo,Jaxson Hayes,Manchester,2022-04-10,2023,1,2022-10-18,Jacksonville,Missing expiration
2023,051oo,Jaxson Hayes,Jacksonville,2023-04-09,2024,1,2023-10-24,Kentucky,Missing expiration
2024,051oo,Jaxson Hayes,Kentucky,2024-04-03,2025,1,2024-10-22,Pittsburgh,Missing expiration
2025,051oo,Jaxson Hayes,Pittsburgh,2025-04-02,2026,1,2025-10-21,Jacksonville,Missing expiration
2026,051oo,Jaxson Hayes,Jacksonville,2026-04-01,2027,1,2026-10-20,Honolulu,Missing expiration + move
2027,051oo,Jaxson Hayes,Honolulu,2027-04-11,,,,,Missing expiration
2021,051op,Rui Hachimura,Boise,2021-05-16,2022,1,2021-10-19,Boise,Continued
2022,051op,Rui Hachimura,Columbus,2022-04-10,2023,1,2022-10-18,Columbus,Continued
2023,051op,Rui Hachimura,Cincinnati,2023-04-09,2024,1,2023-10-24,Cincinnati,Continued
2024,051op,Rui Hachimura,Cincinnati,2024-04-03,2025,1,2024-10-22,Cincinnati,Continued
2025,051op,Rui Hachimura,Cincinnati,2025-04-02,2026,1,2025-10-21,Cincinnati,Continued
2026,051op,Rui Hachimura,Anaheim,2026-04-01,2027,1,2026-10-20,Anaheim,Continued
2027,051op,Rui Hachimura,Anaheim,2027-04-11,,,,,Missing expiration
2021,051oq,Cam Reddish,Little Rock,2021-05-16,2022,1,2021-10-19,Little Rock,Continued
2022,051oq,Cam Reddish,Little Rock,2022-04-10,2023,1,2022-10-18,Vancouver,Missing expiration + move
2023,051oq,Cam Reddish,Vancouver,2023-04-09,2024,1,2023-10-24,Vancouver,Continued
2024,051oq,Cam Reddish,Vancouver,2024-04-03,2025,1,2024-10-22,Vancouver,Continued
2025,051oq,Cam Reddish,Vancouver,2025-04-02,2026,1,2025-10-21,Tampa Bay,Missing expiration
2021,051or,Cameron Johnson,Baltimore,2021-05-16,2022,1,2021-10-19,Baltimore,Continued
2022,051or,Cameron Johnson,Baltimore,2022-04-10,2023,1,2022-10-18,Baltimore,Continued
2023,051or,Cameron Johnson,Baltimore,2023-04-09,2024,1,2023-10-24,Baltimore,Continued
2024,051or,Cameron Johnson,Manchester,2024-04-03,2025,1,2024-10-22,Buffalo,Missing expiration + move
2025,051or,Cameron Johnson,Buffalo,2025-04-02,2026,1,2025-10-21,Buffalo,Continued
2026,051or,Cameron Johnson,Buffalo,2026-04-01,2027,1,2026-10-20,Buffalo,Continued
2027,051or,Cameron Johnson,Buffalo,2027-04-11,,,,,Missing expiration
2021,051os,P.J. Washington,Austin,2021-05-16,2022,1,2021-10-19,El Paso,Documented release/signing
2022,051os,P.J. Washington,El Paso,2022-04-10,2023,1,2022-10-18,Cincinnati,Missing expiration + move
2023,051os,P.J. Washington,Cincinnati,2023-04-09,2024,1,2023-10-24,Cincinnati,Continued
2024,051os,P.J. Washington,Boise,2024-04-03,2025,1,2024-10-22,Boise,Continued
2025,051os,P.J. Washington,Boise,2025-04-02,2026,1,2025-10-21,Boise,Continued
2026,051os,P.J. Washington,Boise,2026-04-01,2027,1,2026-10-20,Boise,Continued
2027,051os,P.J. Washington,Boise,2027-04-11,,,,,Missing expiration
2021,051ot,Tyler Herro,Austin,2021-05-16,2022,1,2021-10-19,Tulsa,Documented trade
2022,051ot,Tyler Herro,Tulsa,2022-04-10,2023,1,2022-10-18,Tulsa,Continued
2023,051ot,Tyler Herro,El Paso,2023-04-09,2024,1,2023-10-24,El Paso,Continued
2024,051ot,Tyler Herro,El Paso,2024-04-03,2025,1,2024-10-22,El Paso,Continued
2025,051ot,Tyler Herro,El Paso,2025-04-02,2026,1,2025-10-21,Vancouver,Documented trade
2026,051ot,Tyler Herro,Pittsburgh,2026-04-01,2027,1,2026-10-20,Pittsburgh,Continued
2027,051ot,Tyler Herro,Pittsburgh,2027-04-11,,,,,Missing expiration
2021,051ou,Romeo Langford,San Diego,2021-05-16,2022,1,2021-10-19,San Diego,Continued
2022,051ou,Romeo Langford,San Jose,2022-04-10,2023,1,2022-10-18,San Jose,Continued
2023,051ou,Romeo Langford,San Jose,2023-04-09,,,,,Missing expiration
2021,051ov,Sekou Doumbouya,Austin,2021-05-16,2022,21,2021-11-08,El Paso,Documented release/signing
2021,051ow,Chuma Okeke,Honolulu,2021-05-16,2022,1,2021-10-19,Honolulu,Continued
2022,051ow,Chuma Okeke,Honolulu,2022-04-10,2023,1,2022-10-18,Honolulu,Continued
2023,051ow,Chuma Okeke,Vegas,2023-04-09,2024,1,2023-10-24,Austin,Missing expiration + move
2024,051ow,Chuma Okeke,Austin,2024-04-03,2025,1,2024-10-22,Honolulu,Missing expiration
2021,051ox,Nickeil Alexander-Walker,Buffalo,2021-05-16,2022,1,2021-10-19,Buffalo,Continued
2022,051ox,Nickeil Alexander-Walker,Seattle,2022-04-10,2023,1,2022-10-18,Seattle,Continued
2023,051ox,Nickeil Alexander-Walker,Seattle,2023-04-09,2024,1,2023-10-24,Seattle,Continued
2024,051ox,Nickeil Alexander-Walker,Seattle,2024-04-03,2025,1,2024-10-22,Seattle,Continued
2025,051ox,Nickeil Alexander-Walker,Seattle,2025-04-02,2026,1,2025-10-21,Seattle,Continued
2026,051ox,Nickeil Alexander-Walker,Seattle,2026-04-01,2027,1,2026-10-20,Seattle,Continued
2027,051ox,Nickeil Alexander-Walker,Seattle,2027-04-11,,,,,Missing expiration
2021,051oy,Goga Bitadze,Lincoln,2021-05-16,2022,1,2021-10-19,Lincoln,Continued
2022,051oy,Goga Bitadze,Cincinnati,2022-04-10,2023,1,2022-10-18,Cincinnati,Continued
2023,051oy,Goga Bitadze,Des Moines,2023-04-09,2024,1,2023-10-24,Des Moines,Continued
2024,051oy,Goga Bitadze,Birmingham,2024-04-03,2025,1,2024-10-22,Birmingham,Continued
2025,051oy,Goga Bitadze,Birmingham,2025-04-02,2026,1,2025-10-21,Birmingham,Continued
2026,051oy,Goga Bitadze,Birmingham,2026-04-01,2027,1,2026-10-20,Birmingham,Continued
2027,051oy,Goga Bitadze,Birmingham,2027-04-11,,,,,Missing expiration
2021,051oz,Luka Samanic,Lansing,2021-05-16,2022,1,2021-10-19,Lansing,Continued
2022,051oz,Luka Samanic,Des Moines,2022-04-10,,,,,Missing expiration
2021,051p0,Matisse Thybulle,Birmingham,2021-05-16,2022,1,2021-10-19,Vegas,Documented release/signing
2022,051p0,Matisse Thybulle,Vegas,2022-04-10,2023,1,2022-10-18,Vegas,Continued
2023,051p0,Matisse Thybulle,Vegas,2023-04-09,2024,1,2023-10-24,Vegas,Continued
2024,051p0,Matisse Thybulle,Vegas,2024-04-03,2025,1,2024-10-22,Vegas,Continued
2025,051p0,Matisse Thybulle,Vegas,2025-04-02,2026,1,2025-10-21,Vegas,Continued
2026,051p0,Matisse Thybulle,Vegas,2026-04-01,2027,1,2026-10-20,Tampa Bay,Missing expiration + move
2027,051p0,Matisse Thybulle,Tampa Bay,2027-04-11,,,,,Missing expiration
2021,051p1,Brandon Clarke,Manchester,2021-05-16,2022,1,2021-10-19,Manchester,Continued
2022,051p1,Brandon Clarke,Birmingham,2022-04-10,2023,1,2022-10-18,Anaheim,Missing expiration + move
2023,051p1,Brandon Clarke,Anaheim,2023-04-09,2024,1,2023-10-24,Anaheim,Continued
2024,051p1,Brandon Clarke,Little Rock,2024-04-03,2025,1,2024-10-22,Little Rock,Continued
2025,051p1,Brandon Clarke,Little Rock,2025-04-02,2026,1,2025-10-21,Little Rock,Continued
2026,051p1,Brandon Clarke,Little Rock,2026-04-01,,,,,Missing expiration
2021,051p2,Grant Williams,Honolulu,2021-05-16,2022,1,2021-10-19,Honolulu,Continued
2022,051p2,Grant Williams,Honolulu,2022-04-10,2023,1,2022-10-18,Manchester,Missing expiration
2023,051p2,Grant Williams,Anaheim,2023-04-09,2024,1,2023-10-24,Anaheim,Continued
2024,051p2,Grant Williams,Manchester,2024-04-03,2025,1,2024-10-22,Albuquerque,Missing expiration
2025,051p2,Grant Williams,Albuquerque,2025-04-02,2026,1,2025-10-21,Nashville,Missing expiration + move
2026,051p2,Grant Williams,Nashville,2026-04-01,2027,1,2026-10-20,Nashville,Continued
2027,051p2,Grant Williams,Nashville,2027-04-11,,,,,Missing expiration
2021,051p3,Darius Bazley,Des Moines,2021-05-16,2022,1,2021-10-19,Des Moines,Continued
2022,051p3,Darius Bazley,Seattle,2022-04-10,2023,1,2022-10-18,Seattle,Continued
2023,051p3,Darius Bazley,Seattle,2023-04-09,2024,1,2023-10-24,Pittsburgh,Missing expiration
2024,051p3,Darius Bazley,Pittsburgh,2024-04-03,,,,,Missing expiration
2021,051p4,Ty Jerome,Buffalo,2021-05-16,2022,45,2021-12-02,Tampa Bay,Documented release/signing
2022,051p4,Ty Jerome,Lansing,2022-04-10,2023,28,2022-11-14,Baltimore,Missing expiration
2023,051p4,Ty Jerome,Baltimore,2023-04-09,2024,1,2023-10-24,Austin,Missing expiration
2024,051p4,Ty Jerome,Austin,2024-04-03,2025,1,2024-10-22,Austin,Continued
2025,051p4,Ty Jerome,Austin,2025-04-02,2026,1,2025-10-21,Baltimore,Missing expiration
2026,051p4,Ty Jerome,Anaheim,2026-04-01,2027,1,2026-10-20,Anaheim,Continued
2027,051p4,Ty Jerome,Anaheim,2027-04-11,,,,,Missing expiration
2021,051p5,Nassir Little,Birmingham,2021-05-16,2022,1,2021-10-19,Kentucky,Documented release/signing
2022,051p5,Nassir Little,Manchester,2022-04-10,2023,1,2022-10-18,Manchester,Continued
2023,051p5,Nassir Little,Manchester,2023-04-09,2024,1,2023-10-24,Buffalo,Missing expiration + move
2024,051p5,Nassir Little,Buffalo,2024-04-03,,,,,Missing expiration
2021,051p6,Dylan Windler,Vancouver,2021-05-16,2022,1,2021-10-19,Vancouver,Continued
2021,051p8,Jordan Poole,Lansing,2021-05-16,2022,1,2021-10-19,Lansing,Continued
2022,051p8,Jordan Poole,Austin,2022-04-10,2023,1,2022-10-18,Austin,Continued
2023,051p8,Jordan Poole,Austin,2023-04-09,2024,1,2023-10-24,Austin,Continued
2024,051p8,Jordan Poole,Austin,2024-04-03,2025,1,2024-10-22,Austin,Continued
2025,051p8,Jordan Poole,Austin,2025-04-02,2026,1,2025-10-21,Austin,Continued
2026,051p8,Jordan Poole,Austin,2026-04-01,2027,1,2026-10-20,Austin,Continued
2027,051p8,Jordan Poole,Austin,2027-04-11,,,,,Missing expiration
2021,051p9,Keldon Johnson,Jacksonville,2021-05-16,2022,1,2021-10-19,Jacksonville,Continued
2022,051p9,Keldon Johnson,Jacksonville,2022-04-10,2023,1,2022-10-18,Jacksonville,Continued
2023,051p9,Keldon Johnson,Jacksonville,2023-04-09,2024,1,2023-10-24,Jacksonville,Continued
2024,051p9,Keldon Johnson,Jacksonville,2024-04-03,2025,1,2024-10-22,Jacksonville,Continued
2025,051p9,Keldon Johnson,Jacksonville,2025-04-02,2026,1,2025-10-21,Jacksonville,Continued
2026,051p9,Keldon Johnson,Jacksonville,2026-04-01,2027,1,2026-10-20,Jacksonville,Continued
2027,051p9,Keldon Johnson,Jacksonville,2027-04-11,,,,,Missing expiration
2021,051pa,Kevin Porter,Honolulu,2021-05-16,2022,1,2021-10-19,Honolulu,Continued
2022,051pa,Kevin Porter,Honolulu,2022-04-10,2023,1,2022-10-18,Honolulu,Continued
2023,051pa,Kevin Porter,Honolulu,2023-04-09,2024,1,2023-10-24,Honolulu,Continued
2024,051pa,Kevin Porter,Pittsburgh,2024-04-03,2025,1,2024-10-22,Pittsburgh,Continued
2025,051pa,Kevin Porter,Pittsburgh,2025-04-02,2026,1,2025-10-21,Anaheim,Missing expiration
2026,051pa,Kevin Porter,Anaheim,2026-04-01,2027,1,2026-10-20,Anaheim,Continued
2027,051pa,Kevin Porter,Anaheim,2027-04-11,,,,,Missing expiration
2021,051pb,Nicolas Claxton,Honolulu,2021-05-16,2022,1,2021-10-19,Honolulu,Continued
2022,051pb,Nicolas Claxton,Honolulu,2022-04-10,2023,1,2022-10-18,Honolulu,Continued
2023,051pb,Nicolas Claxton,Honolulu,2023-04-09,2024,1,2023-10-24,Honolulu,Continued
2024,051pb,Nicolas Claxton,Honolulu,2024-04-03,2025,1,2024-10-22,Honolulu,Continued
2025,051pb,Nicolas Claxton,Honolulu,2025-04-02,2026,1,2025-10-21,Honolulu,Continued
2026,051pb,Nicolas Claxton,Honolulu,2026-04-01,2027,1,2026-10-20,Honolulu,Continued
2027,051pb,Nicolas Claxton,Honolulu,2027-04-11,,,,,Missing expiration
2021,051pc,KZ Okpala,Birmingham,2021-05-16,2022,1,2021-10-19,Birmingham,Continued
2022,051pc,KZ Okpala,Manchester,2022-04-10,,,,,Missing expiration
2021,051pd,Carsen Edwards,Birmingham,2021-05-16,2022,1,2021-10-19,Birmingham,Continued
2022,051pd,Carsen Edwards,Birmingham,2022-04-10,2023,1,2022-10-18,Birmingham,Continued
2023,051pd,Carsen Edwards,Birmingham,2023-04-09,,,,,Missing expiration
2024,051pe,Bruno Fernando,Lansing,2024-04-03,2025,1,2024-10-22,Lansing,Continued
2021,051pg,Cody Martin,Lincoln,2021-05-16,2022,14,2021-11-01,Lincoln,Documented release/signing
2022,051pg,Cody Martin,Lincoln,2022-04-10,2023,1,2022-10-18,Columbus,Missing expiration
2023,051pg,Cody Martin,Columbus,2023-04-09,2024,1,2023-10-24,Columbus,Continued
2024,051pg,Cody Martin,Columbus,2024-04-03,2025,1,2024-10-22,Buffalo,Missing expiration
2025,051pg,Cody Martin,Buffalo,2025-04-02,2026,1,2025-10-21,Buffalo,Continued
2021,051pi,Daniel Gafford,Honolulu,2021-05-16,2022,1,2021-10-19,Birmingham,Documented trade
2022,051pi,Daniel Gafford,Tampa Bay,2022-04-10,2023,1,2022-10-18,Tampa Bay,Continued
2023,051pi,Daniel Gafford,Tampa Bay,2023-04-09,2024,1,2023-10-24,Tampa Bay,Continued
2024,051pi,Daniel Gafford,Tampa Bay,2024-04-03,2025,1,2024-10-22,Tampa Bay,Continued
2025,051pi,Daniel Gafford,Tampa Bay,2025-04-02,2026,1,2025-10-21,Tampa Bay,Continued
2026,051pi,Daniel Gafford,Tampa Bay,2026-04-01,2027,1,2026-10-20,Columbus,Missing expiration + move
2027,051pi,Daniel Gafford,Columbus,2027-04-11,,,,,Missing expiration
2021,051pl,Eric Paschall,Austin,2021-05-16,2022,1,2021-10-19,Austin,Continued
2022,051pl,Eric Paschall,Austin,2022-04-10,,,,,Missing expiration
2021,051pm,Admiral Schofield,Birmingham,2021-05-16,2022,1,2021-10-19,Birmingham,Continued
2022,051pm,Admiral Schofield,Birmingham,2022-04-10,2023,66,2022-12-22,Honolulu,Missing expiration
2023,051pm,Admiral Schofield,Honolulu,2023-04-09,,,,,Missing expiration
2021,051pn,Jaylen Nowell,Providence,2021-05-16,2022,1,2021-10-19,Anchorage,Documented release/signing
2022,051pn,Jaylen Nowell,Anchorage,2022-04-10,2023,1,2022-10-18,San Diego,Missing expiration
2023,051pn,Jaylen Nowell,San Diego,2023-04-09,2024,1,2023-10-24,San Diego,Continued
2024,051pn,Jaylen Nowell,San Diego,2024-04-03,2025,1,2024-10-22,San Diego,Continued
2025,051pn,Jaylen Nowell,San Diego,2025-04-02,,,,,Missing expiration
2021,051po,Bol Bol,Des Moines,2021-05-16,2022,1,2021-10-19,Des Moines,Continued
2022,051po,Bol Bol,Des Moines,2022-04-10,2023,1,2022-10-18,Des Moines,Continued
2023,051po,Bol Bol,Anchorage,2023-04-09,2024,1,2023-10-24,Austin,Documented trade
2024,051po,Bol Bol,Austin,2024-04-03,2025,1,2024-10-22,El Paso,Missing expiration
2025,051po,Bol Bol,El Paso,2025-04-02,2026,1,2025-10-21,Austin,Missing expiration
2026,051po,Bol Bol,Austin,2026-04-01,,,,,Missing expiration
2021,051pp,Isaiah Roby,Seattle,2021-05-16,2022,1,2021-10-19,Columbus,Documented release/signing
2022,051pp,Isaiah Roby,Columbus,2022-04-10,2023,1,2022-10-18,Columbus,Continued
2023,051pp,Isaiah Roby,Columbus,2023-04-09,2024,1,2023-10-24,Little Rock,Missing expiration
2024,051pp,Isaiah Roby,Little Rock,2024-04-03,,,,,Missing expiration
2021,051pq,Talen Horton-Tucker,St. Louis,2021-05-16,2022,1,2021-10-19,Boise,Documented release/signing
2022,051pq,Talen Horton-Tucker,Boise,2022-04-10,2023,1,2022-10-18,Boise,Continued
2023,051pq,Talen Horton-Tucker,Boise,2023-04-09,2024,1,2023-10-24,Nashville,Missing expiration
2024,051pq,Talen Horton-Tucker,Nashville,2024-04-03,2025,1,2024-10-22,Nashville,Continued
2025,051pq,Talen Horton-Tucker,Nashville,2025-04-02,2026,1,2025-10-21,El Paso,Missing expiration
2026,051pq,Talen Horton-Tucker,El Paso,2026-04-01,,,,,Missing expiration
2021,051pr,Ignas Brazdeikis,San Diego,2021-05-16,2022,1,2021-10-19,San Diego,Continued
2022,051pr,Ignas Brazdeikis,St. Louis,2022-04-10,,,,,Missing expiration
2021,051ps,Terance Mann,Lincoln,2021-05-16,2022,1,2021-10-19,Lincoln,Continued
2022,051ps,Terance Mann,Lincoln,2022-04-10,2023,1,2022-10-18,Tulsa,Documented trade
2023,051ps,Terance Mann,Tulsa,2023-04-09,2024,1,2023-10-24,Boise,Missing expiration
2024,051ps,Terance Mann,Boise,2024-04-03,2025,1,2024-10-22,Boise,Continued
2025,051ps,Terance Mann,Boise,2025-04-02,2026,1,2025-10-21,Boise,Continued
2026,051ps,Terance Mann,Boise,2026-04-01,2027,1,2026-10-20,Albuquerque,Missing expiration + move
2027,051ps,Terance Mann,Albuquerque,2027-04-11,,,,,Missing expiration
2021,051pw,Jalen McDaniels,Tulsa,2021-05-16,2022,1,2021-10-19,El Paso,Documented release/signing
2022,051pw,Jalen McDaniels,El Paso,2022-04-10,2023,1,2022-10-18,El Paso,Continued
2023,051pw,Jalen McDaniels,El Paso,2023-04-09,2024,1,2023-10-24,St. Louis,Missing expiration
2024,051pw,Jalen McDaniels,St. Louis,2024-04-03,,,,,Missing expiration
2021,051q2,Miye Oni,Anaheim,2021-05-16,2022,1,2021-10-19,Tulsa,Documented release/signing
2022,051q2,Miye Oni,Providence,2022-04-10,,,,,Missing expiration
2021,0522u,Jaylen Hoard,Boise,2021-05-16,,,,,Missing expiration
2021,0524h,Jalen Lecque,Kentucky,2021-05-16,,,,,Missing expiration
2021,0527h,Naz Reid,Vancouver,2021-05-16,2022,1,2021-10-19,Vancouver,Continued
2022,0527h,Naz Reid,Vancouver,2022-04-10,2023,1,2022-10-18,Vancouver,Continued
2023,0527h,Naz Reid,Tampa Bay,2023-04-09,2024,1,2023-10-24,Tampa Bay,Continued
2024,0527h,Naz Reid,Tampa Bay,2024-04-03,2025,1,2024-10-22,Tampa Bay,Continued
2025,0527h,Naz Reid,Tampa Bay,2025-04-02,2026,1,2025-10-21,Tampa Bay,Continued
2026,0527h,Naz Reid,Tampa Bay,2026-04-01,2027,1,2026-10-20,Tampa Bay,Continued
2027,0527h,Naz Reid,Tampa Bay,2027-04-11,,,,,Missing expiration
2021,0527l,Luguentz Dort,Little Rock,2021-05-16,2022,1,2021-10-19,Little Rock,Continued
2022,0527l,Luguentz Dort,Little Rock,2022-04-10,2023,1,2022-10-18,Little Rock,Continued
2023,0527l,Luguentz Dort,Little Rock,2023-04-09,2024,1,2023-10-24,Austin,Missing expiration
2024,0527l,Luguentz Dort,Austin,2024-04-03,2025,1,2024-10-22,Austin,Continued
2025,0527l,Luguentz Dort,Austin,2025-04-02,2026,1,2025-10-21,Austin,Continued
2026,0527l,Luguentz Dort,Austin,2026-04-01,2027,1,2026-10-20,Austin,Continued
2027,0527l,Luguentz Dort,Austin,2027-04-11,,,,,Missing expiration
2021,05293,John Konchar,Austin,2021-05-16,2022,5,2021-10-23,Lincoln,Documented release/signing
2022,05293,John Konchar,Lincoln,2022-04-10,2023,1,2022-10-18,Lincoln,Continued
2023,05293,John Konchar,Baltimore,2023-04-09,2024,1,2023-10-24,Baltimore,Continued
2024,05293,John Konchar,Tulsa,2024-04-03,2025,1,2024-10-22,Jacksonville,Missing expiration
2025,05293,John Konchar,Jacksonville,2025-04-02,2026,1,2025-10-21,Austin,Missing expiration
2026,05293,John Konchar,Austin,2026-04-01,2027,1,2026-10-20,Lincoln,Missing expiration + move
2027,05293,John Konchar,Lincoln,2027-04-11,,,,,Missing expiration
2021,0529c,Dean Wade,Lincoln,2021-05-16,2022,21,2021-11-08,El Paso,Documented release/signing
2022,0529c,Dean Wade,Lincoln,2022-04-10,2023,1,2022-10-18,Baltimore,Missing expiration
2023,0529c,Dean Wade,Baltimore,2023-04-09,2024,7,2023-10-30,Honolulu,Missing expiration
2024,0529c,Dean Wade,Honolulu,2024-04-03,2025,1,2024-10-22,El Paso,Missing expiration
2025,0529c,Dean Wade,El Paso,2025-04-02,2026,1,2025-10-21,Pittsburgh,Missing expiration
2026,0529c,Dean Wade,Manchester,2026-04-01,2027,1,2026-10-20,Lincoln,Missing expiration + move
2027,0529c,Dean Wade,Lincoln,2027-04-11,,,,,Missing expiration
2021,052fs,Garrison Mathews,St. Louis,2021-05-16,2022,1,2021-10-19,Anchorage,Documented release/signing
2022,052fs,Garrison Mathews,Anchorage,2022-04-10,2023,12,2022-10-29,El Paso,Missing expiration
2024,052fs,Garrison Mathews,Baltimore,2024-04-03,2025,8,2024-10-29,Anaheim,Missing expiration
2025,052fs,Garrison Mathews,Tampa Bay,2025-04-02,,,,,Missing expiration
2021,052q1,Matt Thomas,Lincoln,2021-05-16,2022,1,2021-10-19,Lincoln,Continued
2021,0558t,Max Strus,San Diego,2021-05-16,2022,1,2021-10-19,San Diego,Continued
2022,0558t,Max Strus,Tampa Bay,2022-04-10,2023,1,2022-10-18,Tampa Bay,Continued
2023,0558t,Max Strus,Lincoln,2023-04-09,2024,1,2023-10-24,Nashville,Missing expiration
2024,0558t,Max Strus,Nashville,2024-04-03,2025,1,2024-10-22,Nashville,Continued
2025,0558t,Max Strus,Nashville,2025-04-02,2026,1,2025-10-21,Cincinnati,Documented trade
2026,0558t,Max Strus,San Diego,2026-04-01,2027,1,2026-10-20,Jacksonville,Missing expiration + move
2027,0558t,Max Strus,Jacksonville,2027-04-11,,,,,Missing expiration
2021,0558u,Tacko Fall,Providence,2021-05-16,,,,,Missing expiration
2022,0558v,Javonte Green,Lansing,2022-04-10,2023,1,2022-10-18,Lansing,Continued
2023,0558v,Javonte Green,Lansing,2023-04-09,2025,8,2024-10-29,Anaheim,Documented release/signing
2026,0558v,Javonte Green,Kentucky,2026-04-01,2027,1,2026-10-20,Tulsa,Missing expiration + move
2027,0558v,Javonte Green,Tulsa,2027-04-11,,,,,Missing expiration
2021,055qo,Caleb Martin,St. Louis,2021-05-16,2022,1,2021-10-19,St. Louis,Continued
2022,055qo,Caleb Martin,St. Louis,2022-04-10,2023,1,2022-10-18,Vancouver,Missing expiration
2023,055qo,Caleb Martin,El Paso,2023-04-09,2024,1,2023-10-24,El Paso,Continued
2024,055qo,Caleb Martin,El Paso,2024-04-03,2025,1,2024-10-22,Manchester,Missing expiration
2025,055qo,Caleb Martin,Manchester,2025-04-02,2026,1,2025-10-21,El Paso,Missing expiration
2026,055qo,Caleb Martin,Des Moines,2026-04-01,,,,,Missing expiration
2025,055sg,DaQuan Jeffries,St. Louis,2025-04-02,,,,,Missing expiration
2021,056aq,Terence Davis,St. Louis,2021-05-16,2022,1,2021-10-19,St. Louis,Continued
2022,056aq,Terence Davis,St. Louis,2022-04-10,2023,1,2022-10-18,Vancouver,Missing expiration + move
2023,056aq,Terence Davis,Vancouver,2023-04-09,,,,,Missing expiration
2021,058a2,Juwan Morgan,El Paso,2021-05-16,,,,,Missing expiration
2022,058n6,Armoni Brooks,San Diego,2022-04-10,,,,,Missing expiration
2021,0598b,Moses Brown,Buffalo,2021-05-16,2022,1,2021-10-19,Buffalo,Continued
2022,0598b,Moses Brown,Buffalo,2022-04-10,2023,5,2022-10-22,Austin,Missing expiration
2023,0598b,Moses Brown,Austin,2023-04-09,2024,1,2023-10-24,Providence,Missing expiration
2024,0598b,Moses Brown,Providence,2024-04-03,2025,1,2024-10-22,Providence,Continued
2025,0598b,Moses Brown,Providence,2025-04-02,2026,1,2025-10-21,Providence,Continued
2022,059ca,Oshae Brissett,Tampa Bay,2022-04-10,2023,1,2022-10-18,Tampa Bay,Continued
2023,059ca,Oshae Brissett,Lincoln,2023-04-09,2024,1,2023-10-24,Lincoln,Continued
2024,059ca,Oshae Brissett,Lincoln,2024-04-03,2025,1,2024-10-22,Lincoln,Continued
2025,059ca,Oshae Brissett,Lincoln,2025-04-02,2026,1,2025-10-21,Lincoln,Continued
2021,059ft,Mychal Mulder,Vegas,2021-05-16,,,,,Missing expiration
2022,059g0,Amir Coffey,Cincinnati,2022-04-10,2023,1,2022-10-18,St. Louis,Missing expiration + move
2023,059g0,Amir Coffey,St. Louis,2023-04-09,2024,1,2023-10-24,Tampa Bay,Missing expiration + move
2024,059g0,Amir Coffey,Lansing,2024-04-03,2025,1,2024-10-22,Lansing,Continued
2025,059g0,Amir Coffey,Lansing,2025-04-02,2026,1,2025-10-21,Lansing,Continued
2026,059g0,Amir Coffey,Lansing,2026-04-01,,,,,Missing expiration
2021,059q7,Juan Toscano-Anderson,Des Moines,2021-05-16,2022,1,2021-10-19,San Jose,Documented release/signing
2022,059q7,Juan Toscano-Anderson,San Jose,2022-04-10,2023,1,2022-10-18,San Jose,Continued
2023,059q7,Juan Toscano-Anderson,San Jose,2023-04-09,2024,1,2023-10-24,San Jose,Continued
2021,05g3q,Gabe Vincent,Providence,2021-05-16,2022,1,2021-10-19,Providence,Continued
2022,05g3q,Gabe Vincent,Providence,2022-04-10,2023,1,2022-10-18,Providence,Continued
2023,05g3q,Gabe Vincent,Des Moines,2023-04-09,2024,1,2023-10-24,Des Moines,Continued
2024,05g3q,Gabe Vincent,Des Moines,2024-04-03,2025,1,2024-10-22,Pittsburgh,Missing expiration + move
2025,05g3q,Gabe Vincent,Pittsburgh,2025-04-02,2026,1,2025-10-21,Vancouver,Missing expiration
2026,05g3q,Gabe Vincent,Vancouver,2026-04-01,,,,,Missing expiration
2021,05gwp,Jontay Porter,Anchorage,2021-05-16,2024,82,2024-01-13,Anaheim,Documented release/signing
2024,05gwp,Jontay Porter,Pittsburgh,2024-04-03,,,,,Missing expiration
2023,05qsj,Lamar Stevens,Boise,2023-04-09,2024,1,2023-10-24,Boise,Continued
2024,05qsj,Lamar Stevens,Boise,2024-04-03,,,,,Missing expiration
2021,05qsk,Isaac Okoro,Little Rock,2021-05-16,2022,1,2021-10-19,Little Rock,Continued
2022,05qsk,Isaac Okoro,Little Rock,2022-04-10,2023,1,2022-10-18,Vancouver,Missing expiration + move
2023,05qsk,Isaac Okoro,El Paso,2023-04-09,2024,1,2023-10-24,El Paso,Continued
2024,05qsk,Isaac Okoro,Kentucky,2024-04-03,2025,1,2024-10-22,Kentucky,Continued
2025,05qsk,Isaac Okoro,San Diego,2025-04-02,2026,1,2025-10-21,San Diego,Continued
2026,05qsk,Isaac Okoro,El Paso,2026-04-01,2027,1,2026-10-20,Seattle,Missing expiration + move
2027,05qsk,Isaac Okoro,Seattle,2027-04-11,,,,,Missing expiration
2021,05qsl,Patrick Williams,Lincoln,2021-05-16,2022,1,2021-10-19,Lincoln,Continued
2022,05qsl,Patrick Williams,Lincoln,2022-04-10,2023,1,2022-10-18,Lincoln,Continued
2023,05qsl,Patrick Williams,Lincoln,2023-04-09,2024,1,2023-10-24,Providence,Missing expiration + move
2024,05qsl,Patrick Williams,Providence,2024-04-03,2025,1,2024-10-22,Providence,Continued
2025,05qsl,Patrick Williams,Providence,2025-04-02,2026,1,2025-10-21,San Jose,Documented trade
2026,05qsl,Patrick Williams,San Jose,2026-04-01,2027,1,2026-10-20,San Jose,Continued
2027,05qsl,Patrick Williams,San Jose,2027-04-11,,,,,Missing expiration
2021,05qsn,Malachi Flynn,Little Rock,2021-05-16,2022,1,2021-10-19,Little Rock,Continued
2022,05qsn,Malachi Flynn,Manchester,2022-04-10,2023,1,2022-10-18,Columbus,Missing expiration + move
2023,05qsn,Malachi Flynn,Columbus,2023-04-09,2024,1,2023-10-24,Columbus,Continued
2024,05qsn,Malachi Flynn,Columbus,2024-04-03,,,,,Missing expiration
2021,05qsp,Isaiah Joe,Manchester,2021-05-16,2022,1,2021-10-19,Tulsa,Documented release/signing
2022,05qsp,Isaiah Joe,Tulsa,2022-04-10,2023,1,2022-10-18,St. Louis,Missing expiration + move
2023,05qsp,Isaiah Joe,St. Louis,2023-04-09,2024,1,2023-10-24,St. Louis,Continued
2024,05qsp,Isaiah Joe,St. Louis,2024-04-03,2025,1,2024-10-22,St. Louis,Continued
2025,05qsp,Isaiah Joe,St. Louis,2025-04-02,2026,1,2025-10-21,St. Louis,Continued
2026,05qsp,Isaiah Joe,St. Louis,2026-04-01,2027,1,2026-10-20,St. Louis,Continued
2027,05qsp,Isaiah Joe,St. Louis,2027-04-11,,,,,Missing expiration
2021,05qsq,Tyrese Maxey,Lincoln,2021-05-16,2022,1,2021-10-19,Tulsa,Documented release/signing
2022,05qsq,Tyrese Maxey,Tulsa,2022-04-10,2023,1,2022-10-18,Tulsa,Continued
2023,05qsq,Tyrese Maxey,Tulsa,2023-04-09,2024,1,2023-10-24,Tulsa,Continued
2024,05qsq,Tyrese Maxey,Tulsa,2024-04-03,2025,1,2024-10-22,Tulsa,Continued
2025,05qsq,Tyrese Maxey,Tulsa,2025-04-02,2026,1,2025-10-21,Vancouver,Documented trade
2026,05qsq,Tyrese Maxey,Vancouver,2026-04-01,2027,1,2026-10-20,Vancouver,Continued
2027,05qsq,Tyrese Maxey,Vancouver,2027-04-11,,,,,Missing expiration
2021,05qsr,Theo Maledon,Vegas,2021-05-16,2022,1,2021-10-19,Vegas,Continued
2022,05qsr,Theo Maledon,Vegas,2022-04-10,2023,1,2022-10-18,Vegas,Continued
2021,05qss,Tyler Bey,Kentucky,2021-05-16,,,,,Missing expiration
2021,05qst,Paul Reed,Pittsburgh,2021-05-16,2022,1,2021-10-19,Pittsburgh,Continued
2022,05qst,Paul Reed,San Diego,2022-04-10,2023,1,2022-10-18,Columbus,Missing expiration + move
2023,05qst,Paul Reed,Anchorage,2023-04-09,2024,1,2023-10-24,Anchorage,Continued
2024,05qst,Paul Reed,Anchorage,2024-04-03,2025,1,2024-10-22,Anchorage,Continued
2025,05qst,Paul Reed,Anchorage,2025-04-02,2026,1,2025-10-21,Anchorage,Continued
2026,05qst,Paul Reed,Anchorage,2026-04-01,2027,1,2026-10-20,Anchorage,Continued
2027,05qst,Paul Reed,Anchorage,2027-04-11,,,,,Missing expiration
2021,05qsv,Myles Powell,Manchester,2021-05-16,2022,1,2021-10-19,Seattle,Documented release/signing
2021,05qsw,Leandro Bolmaro,Honolulu,2021-05-16,2022,1,2021-10-19,Honolulu,Continued
2022,05qsw,Leandro Bolmaro,Des Moines,2022-04-10,2023,1,2022-10-18,Des Moines,Continued
2023,05qsw,Leandro Bolmaro,Des Moines,2023-04-09,,,,,Missing expiration
2021,05qsx,Obi Toppin,Austin,2021-05-16,2022,1,2021-10-19,Austin,Continued
2022,05qsx,Obi Toppin,Austin,2022-04-10,2023,1,2022-10-18,Pittsburgh,Missing expiration
2023,05qsx,Obi Toppin,Pittsburgh,2023-04-09,2024,1,2023-10-24,Pittsburgh,Continued
2024,05qsx,Obi Toppin,Honolulu,2024-04-03,2025,1,2024-10-22,Honolulu,Continued
2025,05qsx,Obi Toppin,Honolulu,2025-04-02,2026,1,2025-10-21,Tulsa,Missing expiration
2026,05qsx,Obi Toppin,Tulsa,2026-04-01,2027,1,2026-10-20,Tulsa,Continued
2027,05qsx,Obi Toppin,Tulsa,2027-04-11,,,,,Missing expiration
2021,05qsz,Reggie Perry,Providence,2021-05-16,2022,1,2021-10-19,Providence,Continued
2022,05qsz,Reggie Perry,Providence,2022-04-10,,,,,Missing expiration
2021,05qt0,Saddiq Bey,Vancouver,2021-05-16,2022,1,2021-10-19,Vancouver,Continued
2022,05qt0,Saddiq Bey,Vancouver,2022-04-10,2023,1,2022-10-18,Vancouver,Continued
2023,05qt0,Saddiq Bey,El Paso,2023-04-09,2024,1,2023-10-24,El Paso,Continued
2024,05qt0,Saddiq Bey,El Paso,2024-04-03,2025,1,2024-10-22,El Paso,Continued
2025,05qt0,Saddiq Bey,El Paso,2025-04-02,2026,1,2025-10-21,Manchester,Documented trade
2026,05qt0,Saddiq Bey,Kentucky,2026-04-01,2027,1,2026-10-20,Kentucky,Continued
2027,05qt0,Saddiq Bey,Kentucky,2027-04-11,,,,,Missing expiration
2021,05qt1,Payton Pritchard,Boise,2021-05-16,2022,1,2021-10-19,Boise,Continued
2022,05qt1,Payton Pritchard,Boise,2022-04-10,2023,1,2022-10-18,Boise,Continued
2023,05qt1,Payton Pritchard,Boise,2023-04-09,2024,1,2023-10-24,Boise,Continued
2024,05qt1,Payton Pritchard,Boise,2024-04-03,2025,1,2024-10-22,Boise,Continued
2025,05qt1,Payton Pritchard,Boise,2025-04-02,2026,1,2025-10-21,Boise,Continued
2026,05qt1,Payton Pritchard,Boise,2026-04-01,2027,1,2026-10-20,Boise,Continued
2027,05qt1,Payton Pritchard,Boise,2027-04-11,,,,,Missing expiration
2021,05qt3,Desmond Bane,Tulsa,2021-05-16,2022,1,2021-10-19,Baltimore,Documented release/signing
2022,05qt3,Desmond Bane,Baltimore,2022-04-10,2023,1,2022-10-18,Baltimore,Continued
2023,05qt3,Desmond Bane,Baltimore,2023-04-09,2024,1,2023-10-24,Baltimore,Continued
2024,05qt3,Desmond Bane,Baltimore,2024-04-03,2025,1,2024-10-22,Baltimore,Continued
2025,05qt3,Desmond Bane,Baltimore,2025-04-02,2026,1,2025-10-21,Baltimore,Continued
2026,05qt3,Desmond Bane,Baltimore,2026-04-01,2027,1,2026-10-20,Baltimore,Continued
2027,05qt3,Desmond Bane,Baltimore,2027-04-11,,,,,Missing expiration
2021,05qt4,Aaron Nesmith,Birmingham,2021-05-16,2022,1,2021-10-19,Honolulu,Documented trade
2022,05qt4,Aaron Nesmith,Honolulu,2022-04-10,2023,1,2022-10-18,Honolulu,Continued
2023,05qt4,Aaron Nesmith,Honolulu,2023-04-09,2024,1,2023-10-24,Honolulu,Continued
2024,05qt4,Aaron Nesmith,Honolulu,2024-04-03,2025,1,2024-10-22,Honolulu,Continued
2025,05qt4,Aaron Nesmith,Honolulu,2025-04-02,2026,1,2025-10-21,Honolulu,Continued
2026,05qt4,Aaron Nesmith,Honolulu,2026-04-01,2027,1,2026-10-20,Honolulu,Continued
2027,05qt4,Aaron Nesmith,Honolulu,2027-04-11,,,,,Missing expiration
2021,05qt5,R.J. Hampton,San Diego,2021-05-16,2022,1,2021-10-19,San Diego,Continued
2022,05qt5,R.J. Hampton,San Diego,2022-04-10,2023,1,2022-10-18,Tulsa,Missing expiration + move
2023,05qt5,R.J. Hampton,Providence,2023-04-09,2024,7,2023-10-30,Birmingham,Missing expiration
2024,05qt5,R.J. Hampton,Birmingham,2024-04-03,,,,,Missing expiration
2021,05qt6,Jordan Nwora,Jacksonville,2021-05-16,2022,1,2021-10-19,Jacksonville,Continued
2022,05qt6,Jordan Nwora,Jacksonville,2022-04-10,2023,1,2022-10-18,Jacksonville,Continued
2023,05qt6,Jordan Nwora,Jacksonville,2023-04-09,2024,1,2023-10-24,Jacksonville,Continued
2024,05qt6,Jordan Nwora,Jacksonville,2024-04-03,2025,1,2024-10-22,Jacksonville,Continued
2025,05qt6,Jordan Nwora,Jacksonville,2025-04-02,2026,1,2025-10-21,Nashville,Documented trade
2026,05qt6,Jordan Nwora,Nashville,2026-04-01,,,,,Missing expiration
2021,05qt8,Cassius Stanley,Boise,2021-05-16,2022,1,2021-10-19,Boise,Continued
2021,05qt9,Killian Hayes,Vancouver,2021-05-16,2022,1,2021-10-19,Vancouver,Continued
2022,05qt9,Killian Hayes,Manchester,2022-04-10,2023,1,2022-10-18,St. Louis,Missing expiration + move
2023,05qt9,Killian Hayes,St. Louis,2023-04-09,2024,1,2023-10-24,St. Louis,Continued
2024,05qt9,Killian Hayes,St. Louis,2024-04-03,,,,,Missing expiration
2021,05qta,Elijah Hughes,Manchester,2021-05-16,2022,1,2021-10-19,Manchester,Continued
2022,05qta,Elijah Hughes,Birmingham,2022-04-10,2023,1,2022-10-18,Birmingham,Continued
2023,05qta,Elijah Hughes,Birmingham,2023-04-09,,,,,Missing expiration
2021,05qtb,Sam Merrill,Providence,2021-05-16,2022,1,2021-10-19,Providence,Continued
2022,05qtb,Sam Merrill,Providence,2022-04-10,2023,1,2022-10-18,Providence,Continued
2023,05qtb,Sam Merrill,Providence,2023-04-09,2024,1,2023-10-24,Providence,Continued
2024,05qtb,Sam Merrill,Providence,2024-04-03,2025,1,2024-10-22,Little Rock,Missing expiration
2025,05qtb,Sam Merrill,Little Rock,2025-04-02,2026,1,2025-10-21,Little Rock,Continued
2026,05qtb,Sam Merrill,Little Rock,2026-04-01,2027,1,2026-10-20,Little Rock,Continued
2027,05qtb,Sam Merrill,Little Rock,2027-04-11,,,,,Missing expiration
2021,05qtc,Kira Lewis,Jacksonville,2021-05-16,2022,1,2021-10-19,Jacksonville,Continued
2022,05qtc,Kira Lewis,Jacksonville,2022-04-10,2023,1,2022-10-18,Jacksonville,Continued
2023,05qtc,Kira Lewis,Columbus,2023-04-09,2024,1,2023-10-24,Columbus,Continued
2024,05qtc,Kira Lewis,Columbus,2024-04-03,,,,,Missing expiration
2022,05qtd,Nick Richards,San Diego,2022-04-10,2023,1,2022-10-18,Des Moines,Missing expiration + move
2023,05qtd,Nick Richards,Jacksonville,2023-04-09,2024,1,2023-10-24,Jacksonville,Continued
2024,05qtd,Nick Richards,Jacksonville,2024-04-03,2025,1,2024-10-22,Jacksonville,Continued
2025,05qtd,Nick Richards,Jacksonville,2025-04-02,2026,1,2025-10-21,Jacksonville,Continued
2026,05qtd,Nick Richards,Austin,2026-04-01,2027,1,2026-10-20,Birmingham,Missing expiration + move
2027,05qtd,Nick Richards,Birmingham,2027-04-11,,,,,Missing expiration
2021,05qtf,Xavier Tillman,Lincoln,2021-05-16,2022,1,2021-10-19,Lincoln,Continued
2022,05qtf,Xavier Tillman,Lincoln,2022-04-10,2023,1,2022-10-18,Lincoln,Continued
2023,05qtf,Xavier Tillman,Tulsa,2023-04-09,2024,1,2023-10-24,Pittsburgh,Missing expiration + move
2024,05qtf,Xavier Tillman,Pittsburgh,2024-04-03,2025,1,2024-10-22,Pittsburgh,Continued
2025,05qtf,Xavier Tillman,Pittsburgh,2025-04-02,2026,1,2025-10-21,Pittsburgh,Continued
2026,05qtf,Xavier Tillman,Lincoln,2026-04-01,,,,,Missing expiration
2021,05qth,Tyrell Terry,Lincoln,2021-05-16,2022,1,2021-10-19,Lincoln,Continued
2021,05qti,Josh Green,San Diego,2021-05-16,2022,1,2021-10-19,San Diego,Continued
2022,05qti,Josh Green,San Diego,2022-04-10,2023,1,2022-10-18,Tulsa,Missing expiration + move
2023,05qti,Josh Green,Tulsa,2023-04-09,2024,1,2023-10-24,Tulsa,Continued
2024,05qti,Josh Green,Tulsa,2024-04-03,2025,1,2024-10-22,Tulsa,Continued
2025,05qti,Josh Green,Tulsa,2025-04-02,2026,1,2025-10-21,Tulsa,Continued
2026,05qti,Josh Green,Des Moines,2026-04-01,2027,1,2026-10-20,Manchester,Missing expiration + move
2027,05qti,Josh Green,Manchester,2027-04-11,,,,,Missing expiration
2021,05qtj,Deni Avdija,St. Louis,2021-05-16,2022,1,2021-10-19,St. Louis,Continued
2022,05qtj,Deni Avdija,Vancouver,2022-04-10,2023,1,2022-10-18,Anchorage,Missing expiration
2023,05qtj,Deni Avdija,Anchorage,2023-04-09,2024,1,2023-10-24,Pittsburgh,Missing expiration + move
2024,05qtj,Deni Avdija,Lansing,2024-04-03,2025,1,2024-10-22,Lansing,Continued
2025,05qtj,Deni Avdija,Lansing,2025-04-02,2026,1,2025-10-21,Lansing,Continued
2026,05qtj,Deni Avdija,Lansing,2026-04-01,2027,1,2026-10-20,Lansing,Continued
2027,05qtj,Deni Avdija,Lansing,2027-04-11,,,,,Missing expiration
2022,05qtk,Vit Krejci,Vegas,2022-04-10,2025,31,2024-11-21,Lansing,Missing expiration
2025,05qtk,Vit Krejci,Lansing,2025-04-02,2026,1,2025-10-21,Lansing,Continued
2026,05qtk,Vit Krejci,Lansing,2026-04-01,2027,1,2026-10-20,Pittsburgh,Missing expiration + move
2027,05qtk,Vit Krejci,Pittsburgh,2027-04-11,,,,,Missing expiration
2021,05qtl,Cole Anthony,Honolulu,2021-05-16,2022,1,2021-10-19,Honolulu,Continued
2022,05qtl,Cole Anthony,Cincinnati,2022-04-10,2023,1,2022-10-18,El Paso,Missing expiration + move
2023,05qtl,Cole Anthony,Vancouver,2023-04-09,2024,1,2023-10-24,Vancouver,Continued
2024,05qtl,Cole Anthony,Vancouver,2024-04-03,2025,1,2024-10-22,Vancouver,Continued
2025,05qtl,Cole Anthony,Vancouver,2025-04-02,2026,1,2025-10-21,Tulsa,Documented trade
2026,05qtl,Cole Anthony,Tulsa,2026-04-01,2027,1,2026-10-20,Tulsa,Continued
2027,05qtl,Cole Anthony,Tulsa,2027-04-11,,,,,Missing expiration
2021,05qtm,Precious Achiuwa,San Jose,2021-05-16,2022,1,2021-10-19,San Jose,Continued
2022,05qtm,Precious Achiuwa,San Jose,2022-04-10,2023,1,2022-10-18,San Jose,Continued
2023,05qtm,Precious Achiuwa,San Jose,2023-04-09,2024,1,2023-10-24,San Jose,Continued
2024,05qtm,Precious Achiuwa,San Jose,2024-04-03,2025,1,2024-10-22,San Jose,Continued
2025,05qtm,Precious Achiuwa,San Jose,2025-04-02,2026,1,2025-10-21,San Jose,Continued
2026,05qtm,Precious Achiuwa,San Jose,2026-04-01,2027,1,2026-10-20,San Jose,Continued
2027,05qtm,Precious Achiuwa,San Jose,2027-04-11,,,,,Missing expiration
2021,05qtn,Vernon Carey,Vancouver,2021-05-16,2022,1,2021-10-19,Vancouver,Continued
2022,05qtn,Vernon Carey,Vancouver,2022-04-10,,,,,Missing expiration
2021,05qto,LaMelo Ball,Lincoln,2021-05-16,2022,1,2021-10-19,Lincoln,Continued
2022,05qto,LaMelo Ball,Lincoln,2022-04-10,2023,1,2022-10-18,Lincoln,Continued
2023,05qto,LaMelo Ball,Lincoln,2023-04-09,2024,1,2023-10-24,Lincoln,Continued
2024,05qto,LaMelo Ball,Lincoln,2024-04-03,2025,1,2024-10-22,Lincoln,Continued
2025,05qto,LaMelo Ball,Lincoln,2025-04-02,2026,1,2025-10-21,Lincoln,Continued
2026,05qto,LaMelo Ball,Lincoln,2026-04-01,2027,1,2026-10-20,Lincoln,Continued
2027,05qto,LaMelo Ball,Lincoln,2027-04-11,,,,,Missing expiration
2021,05qtp,Grant Riller,St. Louis,2021-05-16,2022,1,2021-10-19,St. Louis,Continued
2021,05qtq,Tre Jones,Pittsburgh,2021-05-16,2022,1,2021-10-19,Pittsburgh,Continued
2022,05qtq,Tre Jones,Pittsburgh,2022-04-10,2023,1,2022-10-18,Pittsburgh,Continued
2023,05qtq,Tre Jones,Pittsburgh,2023-04-09,2024,1,2023-10-24,Anchorage,Missing expiration + move
2024,05qtq,Tre Jones,Anchorage,2024-04-03,2025,1,2024-10-22,Anchorage,Continued
2025,05qtq,Tre Jones,Anchorage,2025-04-02,2026,1,2025-10-21,Anchorage,Continued
2026,05qtq,Tre Jones,Anchorage,2026-04-01,2027,1,2026-10-20,Anchorage,Continued
2027,05qtq,Tre Jones,Anchorage,2027-04-11,,,,,Missing expiration
2021,05qtr,Devin Vassell,Tampa Bay,2021-05-16,2022,1,2021-10-19,Tampa Bay,Continued
2022,05qtr,Devin Vassell,Tampa Bay,2022-04-10,2023,1,2022-10-18,Tampa Bay,Continued
2023,05qtr,Devin Vassell,Tampa Bay,2023-04-09,2024,1,2023-10-24,Tampa Bay,Continued
2024,05qtr,Devin Vassell,Tampa Bay,2024-04-03,2025,1,2024-10-22,Tampa Bay,Continued
2025,05qtr,Devin Vassell,Tampa Bay,2025-04-02,2026,1,2025-10-21,Austin,Documented trade
2026,05qtr,Devin Vassell,Austin,2026-04-01,2027,1,2026-10-20,Austin,Continued
2027,05qtr,Devin Vassell,Austin,2027-04-11,,,,,Missing expiration
2021,05qtt,Onyeka Okongwu,Kentucky,2021-05-16,2022,1,2021-10-19,Austin,Documented release/signing
2022,05qtt,Onyeka Okongwu,Lansing,2022-04-10,2023,1,2022-10-18,Lansing,Continued
2023,05qtt,Onyeka Okongwu,Lansing,2023-04-09,2024,1,2023-10-24,Lansing,Continued
2024,05qtt,Onyeka Okongwu,Lansing,2024-04-03,2025,1,2024-10-22,Lansing,Continued
2025,05qtt,Onyeka Okongwu,Lansing,2025-04-02,2026,1,2025-10-21,Lansing,Continued
2026,05qtt,Onyeka Okongwu,Lansing,2026-04-01,2027,1,2026-10-20,Lansing,Continued
2027,05qtt,Onyeka Okongwu,Lansing,2027-04-11,,,,,Missing expiration
2021,05qtv,Tyrese Haliburton,Anchorage,2021-05-16,2022,1,2021-10-19,Anchorage,Continued
2022,05qtv,Tyrese Haliburton,Anchorage,2022-04-10,2023,1,2022-10-18,Anchorage,Continued
2023,05qtv,Tyrese Haliburton,Anchorage,2023-04-09,2024,1,2023-10-24,Anchorage,Continued
2024,05qtv,Tyrese Haliburton,Anchorage,2024-04-03,2025,1,2024-10-22,Anchorage,Continued
2025,05qtv,Tyrese Haliburton,Anchorage,2025-04-02,2026,1,2025-10-21,Anchorage,Continued
2026,05qtv,Tyrese Haliburton,Anchorage,2026-04-01,2027,1,2026-10-20,Anchorage,Continued
2027,05qtv,Tyrese Haliburton,Anchorage,2027-04-11,,,,,Missing expiration
2021,05qtw,Robert Woodard,Providence,2021-05-16,2022,1,2021-10-19,Providence,Continued
2022,05qtw,Robert Woodard,Providence,2022-04-10,2023,1,2022-10-18,Providence,Continued
2023,05qtw,Robert Woodard,Providence,2023-04-09,,,,,Missing expiration
2021,05qtx,Jahmius Ramsey,Lincoln,2021-05-16,2022,1,2021-10-19,Lincoln,Continued
2022,05qtx,Jahmius Ramsey,Lincoln,2022-04-10,,,,,Missing expiration
2021,05qty,Jalen Smith,Baltimore,2021-05-16,2022,1,2021-10-19,Baltimore,Continued
2022,05qty,Jalen Smith,Baltimore,2022-04-10,2023,1,2022-10-18,Des Moines,Missing expiration
2023,05qty,Jalen Smith,Des Moines,2023-04-09,2024,1,2023-10-24,Buffalo,Missing expiration + move
2024,05qty,Jalen Smith,Boise,2024-04-03,2025,1,2024-10-22,Boise,Continued
2025,05qty,Jalen Smith,Boise,2025-04-02,2026,1,2025-10-21,Boise,Continued
2026,05qty,Jalen Smith,Boise,2026-04-01,2027,1,2026-10-20,Boise,Continued
2027,05qty,Jalen Smith,Boise,2027-04-11,,,,,Missing expiration
2021,05qu0,Jaden McDaniels,Albuquerque,2021-05-16,2022,1,2021-10-19,Albuquerque,Continued
2022,05qu0,Jaden McDaniels,Albuquerque,2022-04-10,2023,1,2022-10-18,Albuquerque,Continued
2023,05qu0,Jaden McDaniels,Kentucky,2023-04-09,2024,1,2023-10-24,Anchorage,Missing expiration + move
2024,05qu0,Jaden McDaniels,Anchorage,2024-04-03,2025,1,2024-10-22,Anchorage,Continued
2025,05qu0,Jaden McDaniels,Anchorage,2025-04-02,2026,1,2025-10-21,Anchorage,Continued
2026,05qu0,Jaden McDaniels,Anchorage,2026-04-01,2027,1,2026-10-20,Anchorage,Continued
2027,05qu0,Jaden McDaniels,Anchorage,2027-04-11,,,,,Missing expiration
2021,05qu1,James Wiseman,San Diego,2021-05-16,2022,1,2021-10-19,Cincinnati,Documented release/signing
2022,05qu1,James Wiseman,Birmingham,2022-04-10,2023,1,2022-10-18,Nashville,Missing expiration + move
2023,05qu1,James Wiseman,Nashville,2023-04-09,2024,1,2023-10-24,Nashville,Continued
2024,05qu1,James Wiseman,Nashville,2024-04-03,2025,1,2024-10-22,Nashville,Continued
2025,05qu1,James Wiseman,Nashville,2025-04-02,2026,1,2025-10-21,Nashville,Continued
2026,05qu1,James Wiseman,Nashville,2026-04-01,,,,,Missing expiration
2021,05qu3,Nico Mannion,Tulsa,2021-05-16,,,,,Missing expiration
2021,05qu4,Saben Lee,Honolulu,2021-05-16,2022,1,2021-10-19,Anchorage,Documented release/signing
2022,05qu4,Saben Lee,Anchorage,2022-04-10,2023,95,2023-01-20,Kentucky,Missing expiration
2023,05qu4,Saben Lee,Kentucky,2023-04-09,,,,,Missing expiration
2021,05qu5,Udoka Azubuike,Vegas,2021-05-16,2022,1,2021-10-19,Vegas,Continued
2022,05qu5,Udoka Azubuike,Vegas,2022-04-10,2023,1,2022-10-18,Little Rock,Missing expiration
2023,05qu5,Udoka Azubuike,Kentucky,2023-04-09,,,,,Missing expiration
2022,05qu7,Trent Forrest,Lansing,2022-04-10,,,,,Missing expiration
2022,05qu8,Omer Yurtseven,San Diego,2022-04-10,2023,1,2022-10-18,Kentucky,Missing expiration + move
2024,05qu8,Omer Yurtseven,Kentucky,2024-04-03,,,,,Missing expiration
2021,05qu9,Immanuel Quickley,Anchorage,2021-05-16,2022,1,2021-10-19,Anchorage,Continued
2022,05qu9,Immanuel Quickley,Anchorage,2022-04-10,2023,1,2022-10-18,Anchorage,Continued
2023,05qu9,Immanuel Quickley,Anchorage,2023-04-09,2024,1,2023-10-24,Anchorage,Continued
2024,05qu9,Immanuel Quickley,Anchorage,2024-04-03,2025,1,2024-10-22,Anchorage,Continued
2025,05qu9,Immanuel Quickley,Anchorage,2025-04-02,2026,1,2025-10-21,Anchorage,Continued
2026,05qu9,Immanuel Quickley,Anchorage,2026-04-01,2027,1,2026-10-20,Anchorage,Continued
2027,05qu9,Immanuel Quickley,Anchorage,2027-04-11,,,,,Missing expiration
2021,05qua,Cassius Winston,Kentucky,2021-05-16,2022,1,2021-10-19,Manchester,Documented release/signing
2022,05qua,Cassius Winston,Manchester,2022-04-10,,,,,Missing expiration
2021,05qub,Isaiah Stewart,Seattle,2021-05-16,2022,1,2021-10-19,Seattle,Continued
2022,05qub,Isaiah Stewart,Seattle,2022-04-10,2023,1,2022-10-18,Baltimore,Missing expiration + move
2023,05qub,Isaiah Stewart,Baltimore,2023-04-09,2024,1,2023-10-24,Baltimore,Continued
2024,05qub,Isaiah Stewart,Baltimore,2024-04-03,2025,1,2024-10-22,Baltimore,Continued
2025,05qub,Isaiah Stewart,Baltimore,2025-04-02,2026,1,2025-10-21,Baltimore,Continued
2026,05qub,Isaiah Stewart,Baltimore,2026-04-01,2027,1,2026-10-20,Baltimore,Continued
2027,05qub,Isaiah Stewart,Baltimore,2027-04-11,,,,,Missing expiration
2021,05quc,CJ Elleby,Kentucky,2021-05-16,2022,1,2021-10-19,Tulsa,Documented release/signing
2022,05quc,CJ Elleby,San Diego,2022-04-10,2023,1,2022-10-18,St. Louis,Missing expiration
2021,05qud,Aleksej Pokusevski,Little Rock,2021-05-16,2022,1,2021-10-19,Little Rock,Continued
2022,05qud,Aleksej Pokusevski,Little Rock,2022-04-10,2023,1,2022-10-18,Little Rock,Continued
2023,05qud,Aleksej Pokusevski,Little Rock,2023-04-09,2024,1,2023-10-24,Little Rock,Continued
2024,05qud,Aleksej Pokusevski,Little Rock,2024-04-03,,,,,Missing expiration
2021,05qug,Anthony Edwards,Tulsa,2021-05-16,2022,1,2021-10-19,Tulsa,Continued
2022,05qug,Anthony Edwards,Des Moines,2022-04-10,2023,1,2022-10-18,Des Moines,Continued
2023,05qug,Anthony Edwards,Des Moines,2023-04-09,2024,1,2023-10-24,Des Moines,Continued
2024,05qug,Anthony Edwards,Des Moines,2024-04-03,2025,1,2024-10-22,Des Moines,Continued
2025,05qug,Anthony Edwards,Des Moines,2025-04-02,2026,1,2025-10-21,Des Moines,Continued
2026,05qug,Anthony Edwards,Des Moines,2026-04-01,2027,1,2026-10-20,Des Moines,Continued
2027,05qug,Anthony Edwards,Des Moines,2027-04-11,,,,,Missing expiration
2021,05quh,Zeke Nnaji,Baltimore,2021-05-16,2022,1,2021-10-19,Baltimore,Continued
2022,05quh,Zeke Nnaji,Baltimore,2022-04-10,2023,1,2022-10-18,St. Louis,Missing expiration
2023,05quh,Zeke Nnaji,St. Louis,2023-04-09,2024,1,2023-10-24,Lansing,Missing expiration
2024,05quh,Zeke Nnaji,Lansing,2024-04-03,2026,35,2025-11-24,Vegas,Missing expiration
2026,05quh,Zeke Nnaji,Vegas,2026-04-01,,,,,Missing expiration
2021,05qv8,Facundo Campazzo,St. Louis,2021-05-16,2022,1,2021-10-19,Columbus,Documented release/signing
2022,05qv8,Facundo Campazzo,Columbus,2022-04-10,2023,5,2022-10-22,Austin,Missing expiration
2023,05qv9,Anthony Gill,Lansing,2023-04-09,2024,1,2023-10-24,Lansing,Continued
2021,05qve,JaeSean Tate,Anaheim,2021-05-16,2022,1,2021-10-19,Anaheim,Continued
2022,05qve,JaeSean Tate,Buffalo,2022-04-10,2023,1,2022-10-18,Buffalo,Continued
2023,05qve,JaeSean Tate,Buffalo,2023-04-09,2024,1,2023-10-24,Buffalo,Continued
2024,05qve,JaeSean Tate,Des Moines,2024-04-03,2025,1,2024-10-22,Des Moines,Continued
2025,05qve,JaeSean Tate,Des Moines,2025-04-02,2026,102,2026-01-30,Tampa Bay,Missing expiration
2026,05qve,JaeSean Tate,Tampa Bay,2026-04-01,,,,,Missing expiration
2023,05qvg,Anthony Lamb,Manchester,2023-04-09,2024,1,2023-10-24,Manchester,Continued
2024,05qvg,Anthony Lamb,Manchester,2024-04-03,2025,1,2024-10-22,Manchester,Continued
2025,05qvg,Anthony Lamb,Manchester,2025-04-02,,,,,Missing expiration
2021,05qwu,Killian Tillie,Kentucky,2021-05-16,,,,,Missing expiration
2021,05qym,Kenyon Martin,Pittsburgh,2021-05-16,2022,1,2021-10-19,Pittsburgh,Continued
2022,05qym,Kenyon Martin,Pittsburgh,2022-04-10,2023,1,2022-10-18,Anaheim,Missing expiration + move
2023,05qym,Kenyon Martin,Anaheim,2023-04-09,2024,1,2023-10-24,Anaheim,Continued
2024,05qym,Kenyon Martin,Anaheim,2024-04-03,2025,1,2024-10-22,Albuquerque,Missing expiration
2025,05qym,Kenyon Martin,Albuquerque,2025-04-02,2026,1,2025-10-21,Albuquerque,Continued
2026,05qym,Kenyon Martin,Albuquerque,2026-04-01,2027,1,2026-10-20,Albuquerque,Continued
2027,05qym,Kenyon Martin,Albuquerque,2027-04-11,,,,,Missing expiration
2022,05qzh,Naji Marshall,Little Rock,2022-04-10,2023,8,2022-10-25,El Paso,Missing expiration
2023,05qzh,Naji Marshall,Lincoln,2023-04-09,2024,1,2023-10-24,Cincinnati,Missing expiration
2024,05qzh,Naji Marshall,Columbus,2024-04-03,2025,1,2024-10-22,Columbus,Continued
2025,05qzh,Naji Marshall,Columbus,2025-04-02,2026,1,2025-10-21,Vancouver,Missing expiration
2026,05qzh,Naji Marshall,Vancouver,2026-04-01,2027,1,2026-10-20,Vancouver,Continued
2027,05qzh,Naji Marshall,Vancouver,2027-04-11,,,,,Missing expiration
2022,05uib,Cade Cunningham,Anchorage,2022-04-10,2023,1,2022-10-18,Anchorage,Continued
2023,05uib,Cade Cunningham,Anchorage,2023-04-09,2024,1,2023-10-24,Anchorage,Continued
2024,05uib,Cade Cunningham,Anchorage,2024-04-03,2025,1,2024-10-22,Anchorage,Continued
2025,05uib,Cade Cunningham,Anchorage,2025-04-02,2026,1,2025-10-21,Anchorage,Continued
2026,05uib,Cade Cunningham,Anchorage,2026-04-01,2027,1,2026-10-20,Anchorage,Continued
2027,05uib,Cade Cunningham,Anchorage,2027-04-11,,,,,Missing expiration
2022,05uic,Jalen Green,Kentucky,2022-04-10,2023,1,2022-10-18,San Diego,Missing expiration + move
2023,05uic,Jalen Green,San Diego,2023-04-09,2024,1,2023-10-24,San Diego,Continued
2024,05uic,Jalen Green,San Diego,2024-04-03,2025,1,2024-10-22,San Diego,Continued
2025,05uic,Jalen Green,Kentucky,2025-04-02,2026,1,2025-10-21,Kentucky,Continued
2026,05uic,Jalen Green,Kentucky,2026-04-01,2027,1,2026-10-20,Kentucky,Continued
2027,05uic,Jalen Green,Kentucky,2027-04-11,,,,,Missing expiration
2022,05uid,Evan Mobley,Kentucky,2022-04-10,2023,1,2022-10-18,Kentucky,Continued
2023,05uid,Evan Mobley,Kentucky,2023-04-09,2024,1,2023-10-24,Kentucky,Continued
2024,05uid,Evan Mobley,Kentucky,2024-04-03,2025,1,2024-10-22,Kentucky,Continued
2025,05uid,Evan Mobley,Kentucky,2025-04-02,2026,1,2025-10-21,Kentucky,Continued
2026,05uid,Evan Mobley,Kentucky,2026-04-01,2027,1,2026-10-20,Kentucky,Continued
2027,05uid,Evan Mobley,Kentucky,2027-04-11,,,,,Missing expiration
2022,05uie,Scottie Barnes,Tulsa,2022-04-10,2023,1,2022-10-18,Tulsa,Continued
2023,05uie,Scottie Barnes,Tulsa,2023-04-09,2024,1,2023-10-24,Tulsa,Continued
2024,05uie,Scottie Barnes,Tulsa,2024-04-03,2025,1,2024-10-22,Tulsa,Continued
2025,05uie,Scottie Barnes,Tulsa,2025-04-02,2026,1,2025-10-21,El Paso,Missing expiration
2026,05uie,Scottie Barnes,San Diego,2026-04-01,2027,1,2026-10-20,San Diego,Continued
2027,05uie,Scottie Barnes,San Diego,2027-04-11,,,,,Missing expiration
2022,05uif,Jalen Suggs,San Diego,2022-04-10,2023,1,2022-10-18,San Diego,Continued
2023,05uif,Jalen Suggs,San Diego,2023-04-09,2024,1,2023-10-24,San Diego,Continued
2024,05uif,Jalen Suggs,San Diego,2024-04-03,2025,1,2024-10-22,San Diego,Continued
2025,05uif,Jalen Suggs,San Diego,2025-04-02,2026,1,2025-10-21,San Diego,Continued
2026,05uif,Jalen Suggs,Pittsburgh,2026-04-01,2027,1,2026-10-20,Pittsburgh,Continued
2027,05uif,Jalen Suggs,Pittsburgh,2027-04-11,,,,,Missing expiration
2022,05uig,Josh Giddey,Austin,2022-04-10,2023,1,2022-10-18,Austin,Continued
2023,05uig,Josh Giddey,Honolulu,2023-04-09,2024,1,2023-10-24,Honolulu,Continued
2024,05uig,Josh Giddey,Honolulu,2024-04-03,2025,1,2024-10-22,Honolulu,Continued
2025,05uig,Josh Giddey,Honolulu,2025-04-02,2026,1,2025-10-21,Honolulu,Continued
2026,05uig,Josh Giddey,Honolulu,2026-04-01,2027,1,2026-10-20,Honolulu,Continued
2027,05uig,Josh Giddey,Honolulu,2027-04-11,,,,,Missing expiration
2022,05uih,Jonathan Kuminga,Providence,2022-04-10,2023,1,2022-10-18,Providence,Continued
2023,05uih,Jonathan Kuminga,Providence,2023-04-09,2024,1,2023-10-24,Providence,Continued
2024,05uih,Jonathan Kuminga,Providence,2024-04-03,2025,1,2024-10-22,Providence,Continued
2025,05uih,Jonathan Kuminga,Providence,2025-04-02,2026,1,2025-10-21,Providence,Continued
2026,05uih,Jonathan Kuminga,Providence,2026-04-01,2027,1,2026-10-20,Providence,Continued
2027,05uih,Jonathan Kuminga,Providence,2027-04-11,,,,,Missing expiration
2022,05uii,Franz Wagner,Birmingham,2022-04-10,2023,1,2022-10-18,Birmingham,Continued
2023,05uii,Franz Wagner,Birmingham,2023-04-09,2024,1,2023-10-24,Cincinnati,Missing expiration + move
2024,05uii,Franz Wagner,Cincinnati,2024-04-03,2025,1,2024-10-22,Cincinnati,Continued
2025,05uii,Franz Wagner,Cincinnati,2025-04-02,2026,1,2025-10-21,Cincinnati,Continued
2026,05uii,Franz Wagner,Cincinnati,2026-04-01,2027,1,2026-10-20,Cincinnati,Continued
2027,05uii,Franz Wagner,Cincinnati,2027-04-11,,,,,Missing expiration
2022,05uij,Davion Mitchell,Lincoln,2022-04-10,2023,1,2022-10-18,Tulsa,Documented trade
2023,05uij,Davion Mitchell,Tulsa,2023-04-09,2024,1,2023-10-24,Albuquerque,Missing expiration + move
2024,05uij,Davion Mitchell,Albuquerque,2024-04-03,2025,1,2024-10-22,Albuquerque,Continued
2025,05uij,Davion Mitchell,Albuquerque,2025-04-02,2026,1,2025-10-21,Albuquerque,Continued
2026,05uij,Davion Mitchell,Albuquerque,2026-04-01,2027,1,2026-10-20,Albuquerque,Continued
2027,05uij,Davion Mitchell,Albuquerque,2027-04-11,,,,,Missing expiration
2022,05uik,Ziaire Williams,Pittsburgh,2022-04-10,2023,1,2022-10-18,Pittsburgh,Continued
2023,05uik,Ziaire Williams,Pittsburgh,2023-04-09,2024,1,2023-10-24,El Paso,Missing expiration + move
2024,05uik,Ziaire Williams,El Paso,2024-04-03,2025,1,2024-10-22,El Paso,Continued
2025,05uik,Ziaire Williams,El Paso,2025-04-02,2026,1,2025-10-21,Des Moines,Missing expiration
2026,05uik,Ziaire Williams,Des Moines,2026-04-01,2027,1,2026-10-20,Des Moines,Continued
2027,05uik,Ziaire Williams,Des Moines,2027-04-11,,,,,Missing expiration
2022,05uil,James Bouknight,Nashville,2022-04-10,2023,1,2022-10-18,Nashville,Continued
2023,05uil,James Bouknight,Nashville,2023-04-09,2024,1,2023-10-24,Nashville,Continued
2024,05uil,James Bouknight,Nashville,2024-04-03,2025,1,2024-10-22,Nashville,Continued
2025,05uil,James Bouknight,Nashville,2025-04-02,,,,,Missing expiration
2022,05uim,Joshua Primo,Vegas,2022-04-10,2023,1,2022-10-18,Vegas,Continued
2023,05uim,Joshua Primo,Vegas,2023-04-09,2024,1,2023-10-24,Vegas,Continued
2024,05uim,Joshua Primo,Vegas,2024-04-03,2025,1,2024-10-22,Vegas,Continued
2025,05uim,Joshua Primo,Vegas,2025-04-02,,,,,Missing expiration
2022,05uin,Chris Duarte,Seattle,2022-04-10,2023,1,2022-10-18,Seattle,Continued
2023,05uin,Chris Duarte,Seattle,2023-04-09,2024,1,2023-10-24,Seattle,Continued
2024,05uin,Chris Duarte,Seattle,2024-04-03,2025,1,2024-10-22,Seattle,Continued
2025,05uin,Chris Duarte,Seattle,2025-04-02,,,,,Missing expiration
2022,05uio,Moses Moody,San Diego,2022-04-10,2023,1,2022-10-18,San Diego,Continued
2023,05uio,Moses Moody,San Diego,2023-04-09,2024,1,2023-10-24,San Diego,Continued
2024,05uio,Moses Moody,San Diego,2024-04-03,2025,1,2024-10-22,San Diego,Continued
2025,05uio,Moses Moody,San Diego,2025-04-02,2026,1,2025-10-21,San Diego,Continued
2026,05uio,Moses Moody,Pittsburgh,2026-04-01,2027,1,2026-10-20,Pittsburgh,Continued
2027,05uio,Moses Moody,Pittsburgh,2027-04-11,,,,,Missing expiration
2022,05uip,Corey Kispert,Cincinnati,2022-04-10,2023,1,2022-10-18,El Paso,Missing expiration + move
2023,05uip,Corey Kispert,El Paso,2023-04-09,2024,1,2023-10-24,El Paso,Continued
2024,05uip,Corey Kispert,El Paso,2024-04-03,2025,1,2024-10-22,El Paso,Continued
2025,05uip,Corey Kispert,El Paso,2025-04-02,2026,1,2025-10-21,Buffalo,Missing expiration
2026,05uip,Corey Kispert,Buffalo,2026-04-01,2027,1,2026-10-20,Buffalo,Continued
2027,05uip,Corey Kispert,Buffalo,2027-04-11,,,,,Missing expiration
2022,05uiq,Alperen Sengun,Lansing,2022-04-10,2023,1,2022-10-18,Lansing,Continued
2023,05uiq,Alperen Sengun,Lansing,2023-04-09,2024,1,2023-10-24,Lansing,Continued
2024,05uiq,Alperen Sengun,Lansing,2024-04-03,2025,1,2024-10-22,Lansing,Continued
2025,05uiq,Alperen Sengun,Lansing,2025-04-02,2026,1,2025-10-21,Lansing,Continued
2026,05uiq,Alperen Sengun,Lansing,2026-04-01,2027,1,2026-10-20,Lansing,Continued
2027,05uiq,Alperen Sengun,Lansing,2027-04-11,,,,,Missing expiration
2022,05uir,Trey Murphy,Cincinnati,2022-04-10,2023,1,2022-10-18,El Paso,Missing expiration + move
2023,05uir,Trey Murphy,El Paso,2023-04-09,2024,1,2023-10-24,Anchorage,Documented trade
2024,05uir,Trey Murphy,Anchorage,2024-04-03,2025,1,2024-10-22,Anchorage,Continued
2025,05uir,Trey Murphy,Anchorage,2025-04-02,2026,1,2025-10-21,Anchorage,Continued
2026,05uir,Trey Murphy,Anchorage,2026-04-01,2027,1,2026-10-20,Anchorage,Continued
2027,05uir,Trey Murphy,Anchorage,2027-04-11,,,,,Missing expiration
2022,05uis,Tre Mann,Austin,2022-04-10,2023,1,2022-10-18,Des Moines,Missing expiration + move
2023,05uis,Tre Mann,Des Moines,2023-04-09,2024,1,2023-10-24,Tulsa,Missing expiration + move
2024,05uis,Tre Mann,Pittsburgh,2024-04-03,2025,1,2024-10-22,Pittsburgh,Continued
2025,05uis,Tre Mann,Pittsburgh,2025-04-02,2026,1,2025-10-21,El Paso,Missing expiration
2026,05uis,Tre Mann,El Paso,2026-04-01,2027,1,2026-10-20,Tulsa,Missing expiration + move
2027,05uis,Tre Mann,Tulsa,2027-04-11,,,,,Missing expiration
2022,05uit,Kai Jones,Overseas Players One,2022-04-10,2023,1,2022-10-18,Buffalo,Missing expiration + move
2023,05uit,Kai Jones,Buffalo,2023-04-09,2024,1,2023-10-24,Kentucky,Missing expiration + move
2024,05uit,Kai Jones,Columbus,2024-04-03,2025,1,2024-10-22,Manchester,Missing expiration + move
2025,05uit,Kai Jones,Manchester,2025-04-02,2026,1,2025-10-21,Columbus,Missing expiration
2022,05uiu,Jalen Johnson,Overseas Players Two,2022-04-10,2023,1,2022-10-18,Honolulu,Missing expiration + move
2023,05uiu,Jalen Johnson,Vegas,2023-04-09,2024,1,2023-10-24,Vegas,Continued
2024,05uiu,Jalen Johnson,Vegas,2024-04-03,2025,1,2024-10-22,Vegas,Continued
2025,05uiu,Jalen Johnson,Vegas,2025-04-02,2026,1,2025-10-21,Vegas,Continued
2026,05uiu,Jalen Johnson,Vegas,2026-04-01,2027,1,2026-10-20,Vegas,Continued
2027,05uiu,Jalen Johnson,Vegas,2027-04-11,,,,,Missing expiration
2022,05uiv,Keon Johnson,Tulsa,2022-04-10,2023,1,2022-10-18,St. Louis,Missing expiration + move
2023,05uiv,Keon Johnson,St. Louis,2023-04-09,2024,1,2023-10-24,St. Louis,Continued
2025,05uiv,Keon Johnson,St. Louis,2025-04-02,2026,1,2025-10-21,Vancouver,Missing expiration
2027,05uiv,Keon Johnson,Vancouver,2027-04-11,,,,,Missing expiration
2022,05uiw,Isaiah Jackson,Vancouver,2022-04-10,2023,1,2022-10-18,Vancouver,Continued
2023,05uiw,Isaiah Jackson,Vancouver,2023-04-09,2024,1,2023-10-24,Anchorage,Missing expiration + move
2024,05uiw,Isaiah Jackson,Anchorage,2024-04-03,2025,1,2024-10-22,Anchorage,Continued
2025,05uiw,Isaiah Jackson,Anchorage,2025-04-02,2026,1,2025-10-21,Anchorage,Continued
2026,05uiw,Isaiah Jackson,Anchorage,2026-04-01,2027,1,2026-10-20,Anchorage,Continued
2027,05uiw,Isaiah Jackson,Anchorage,2027-04-11,,,,,Missing expiration
2022,05uix,Usman Garuba,Little Rock,2022-04-10,2023,1,2022-10-18,Little Rock,Continued
2023,05uix,Usman Garuba,Little Rock,2023-04-09,2024,1,2023-10-24,Little Rock,Continued
2024,05uix,Usman Garuba,Little Rock,2024-04-03,,,,,Missing expiration
2022,05uiy,Josh Christopher,Pittsburgh,2022-04-10,2023,1,2022-10-18,Pittsburgh,Continued
2023,05uiy,Josh Christopher,Pittsburgh,2023-04-09,2024,1,2023-10-24,Pittsburgh,Continued
2022,05uiz,Quentin Grimes,Overseas Players One,2022-04-10,2023,1,2022-10-18,Baltimore,Missing expiration + move
2023,05uiz,Quentin Grimes,Baltimore,2023-04-09,2024,1,2023-10-24,Baltimore,Continued
2024,05uiz,Quentin Grimes,Baltimore,2024-04-03,2025,1,2024-10-22,Seattle,Missing expiration
2025,05uiz,Quentin Grimes,Seattle,2025-04-02,2026,1,2025-10-21,Seattle,Continued
2026,05uiz,Quentin Grimes,Seattle,2026-04-01,2027,1,2026-10-20,Manchester,Missing expiration + move
2027,05uiz,Quentin Grimes,Manchester,2027-04-11,,,,,Missing expiration
2022,05uj0,Bones Hyland,San Jose,2022-04-10,2023,1,2022-10-18,San Jose,Continued
2023,05uj0,Bones Hyland,San Jose,2023-04-09,2024,1,2023-10-24,San Jose,Continued
2024,05uj0,Bones Hyland,San Jose,2024-04-03,2025,1,2024-10-22,San Jose,Continued
2025,05uj0,Bones Hyland,San Jose,2025-04-02,2026,73,2026-01-01,Boise,Missing expiration
2026,05uj0,Bones Hyland,Boise,2026-04-01,2027,1,2026-10-20,Tampa Bay,Missing expiration + move
2027,05uj0,Bones Hyland,Tampa Bay,2027-04-11,,,,,Missing expiration
2022,05uj1,Cameron Thomas,Lincoln,2022-04-10,2023,1,2022-10-18,Lincoln,Continued
2023,05uj1,Cameron Thomas,Lincoln,2023-04-09,2024,1,2023-10-24,Lincoln,Continued
2024,05uj1,Cameron Thomas,Lincoln,2024-04-03,2025,1,2024-10-22,Lincoln,Continued
2025,05uj1,Cameron Thomas,Lincoln,2025-04-02,2026,1,2025-10-21,Lincoln,Continued
2026,05uj1,Cameron Thomas,Lincoln,2026-04-01,2027,1,2026-10-20,Lincoln,Continued
2027,05uj1,Cameron Thomas,Lincoln,2027-04-11,,,,,Missing expiration
2022,05uj2,Jaden Springer,St. Louis,2022-04-10,2023,1,2022-10-18,Manchester,Missing expiration + move
2023,05uj2,Jaden Springer,Columbus,2023-04-09,2024,1,2023-10-24,Columbus,Continued
2024,05uj2,Jaden Springer,Columbus,2024-04-03,,,,,Missing expiration
2022,05uj3,DayRon Sharpe,Nashville,2022-04-10,2023,1,2022-10-18,Nashville,Continued
2023,05uj3,DayRon Sharpe,Nashville,2023-04-09,2024,1,2023-10-24,Nashville,Continued
2024,05uj3,DayRon Sharpe,Nashville,2024-04-03,2025,1,2024-10-22,San Diego,Missing expiration
2025,05uj3,DayRon Sharpe,San Diego,2025-04-02,2026,1,2025-10-21,San Diego,Continued
2026,05uj3,DayRon Sharpe,Cincinnati,2026-04-01,2027,1,2026-10-20,Cincinnati,Continued
2027,05uj3,DayRon Sharpe,Cincinnati,2027-04-11,,,,,Missing expiration
2022,05uj4,Santi Aldama,Overseas Players Two,2022-04-10,2023,1,2022-10-18,Lincoln,Missing expiration + move
2023,05uj4,Santi Aldama,Lincoln,2023-04-09,2024,1,2023-10-24,Lincoln,Continued
2024,05uj4,Santi Aldama,Lincoln,2024-04-03,2025,1,2024-10-22,Lincoln,Continued
2025,05uj4,Santi Aldama,Lincoln,2025-04-02,2026,1,2025-10-21,Lincoln,Continued
2026,05uj4,Santi Aldama,Anaheim,2026-04-01,2027,1,2026-10-20,Anaheim,Continued
2027,05uj4,Santi Aldama,Anaheim,2027-04-11,,,,,Missing expiration
2022,05uj5,Isaiah Todd,Albuquerque,2022-04-10,2023,1,2022-10-18,Albuquerque,Continued
2023,05uj5,Isaiah Todd,Albuquerque,2023-04-09,2024,1,2023-10-24,Albuquerque,Continued
2024,05uj5,Isaiah Todd,Albuquerque,2024-04-03,,,,,Missing expiration
2022,05uj6,Jeremiah Robinson-Earl,Overseas Players Two,2022-04-10,2023,1,2022-10-18,Overseas Players One,Missing expiration
2023,05uj6,Jeremiah Robinson-Earl,El Paso,2023-04-09,2024,7,2023-10-30,Birmingham,Documented release/signing
2024,05uj6,Jeremiah Robinson-Earl,Birmingham,2024-04-03,2025,18,2024-11-08,Kentucky,Missing expiration
2025,05uj6,Jeremiah Robinson-Earl,Kentucky,2025-04-02,,,,,Missing expiration
2022,05uj7,Jason Preston,Overseas Players One,2022-04-10,2023,1,2022-10-18,Overseas Players One,Continued
2023,05uj7,Jason Preston,Overseas Players One,2023-04-09,,,,,Missing expiration
2022,05uj8,Rokas Jokubaitis,Overseas Players One,2022-04-10,2024,1,2023-10-24,Overseas Players Two,Missing expiration + move
2024,05uj8,Rokas Jokubaitis,Overseas Players Two,2024-04-03,2026,1,2025-10-21,Vegas,Missing expiration
2026,05uj8,Rokas Jokubaitis,Vegas,2026-04-01,2027,1,2026-10-20,Vegas,Continued
2027,05uj8,Rokas Jokubaitis,Vegas,2027-04-11,,,,,Missing expiration
2022,05uj9,Herbert Jones,Overseas Players Two,2022-04-10,2023,1,2022-10-18,Columbus,Missing expiration + move
2023,05uj9,Herbert Jones,Columbus,2023-04-09,2024,1,2023-10-24,Columbus,Continued
2024,05uj9,Herbert Jones,Columbus,2024-04-03,2025,1,2024-10-22,Columbus,Continued
2025,05uj9,Herbert Jones,Columbus,2025-04-02,2026,1,2025-10-21,Columbus,Continued
2026,05uj9,Herbert Jones,Columbus,2026-04-01,2027,1,2026-10-20,Columbus,Continued
2027,05uj9,Herbert Jones,Columbus,2027-04-11,,,,,Missing expiration
2022,05uja,Miles McBride,Overseas Players One,2022-04-10,2023,1,2022-10-18,Overseas Players One,Continued
2023,05uja,Miles McBride,Overseas Players One,2023-04-09,2024,1,2023-10-24,Overseas Players One,Continued
2024,05uja,Miles McBride,Overseas Players One,2024-04-03,2025,1,2024-10-22,Anaheim,Missing expiration
2025,05uja,Miles McBride,Anaheim,2025-04-02,2026,1,2025-10-21,Nashville,Documented trade
2026,05uja,Miles McBride,Nashville,2026-04-01,2027,1,2026-10-20,Tampa Bay,Missing expiration + move
2027,05uja,Miles McBride,Tampa Bay,2027-04-11,,,,,Missing expiration
2022,05ujb,JT Thor,Overseas Players One,2022-04-10,2023,1,2022-10-18,Overseas Players Two,Missing expiration + move
2023,05ujb,JT Thor,Overseas Players Two,2023-04-09,2024,1,2023-10-24,San Diego,Missing expiration + move
2024,05ujb,JT Thor,San Diego,2024-04-03,2025,1,2024-10-22,San Diego,Continued
2025,05ujb,JT Thor,San Diego,2025-04-02,,,,,Missing expiration
2022,05ujc,Ayo Dosunmu,Overseas Players Two,2022-04-10,2023,1,2022-10-18,Birmingham,Missing expiration + move
2023,05ujc,Ayo Dosunmu,Birmingham,2023-04-09,2024,1,2023-10-24,Kentucky,Missing expiration
2024,05ujc,Ayo Dosunmu,Kentucky,2024-04-03,2025,1,2024-10-22,Manchester,Missing expiration + move
2025,05ujc,Ayo Dosunmu,Tampa Bay,2025-04-02,2026,1,2025-10-21,Tampa Bay,Continued
2026,05ujc,Ayo Dosunmu,Tampa Bay,2026-04-01,2027,1,2026-10-20,Tampa Bay,Continued
2027,05ujc,Ayo Dosunmu,Tampa Bay,2027-04-11,,,,,Missing expiration
2022,05ujd,Neemias Queta,Overseas Players One,2022-04-10,2023,1,2022-10-18,Overseas Players Two,Missing expiration + move
2023,05ujd,Neemias Queta,Overseas Players Two,2023-04-09,2024,44,2023-12-06,Boise,Missing expiration
2024,05ujd,Neemias Queta,Boise,2024-04-03,2025,1,2024-10-22,Boise,Continued
2025,05ujd,Neemias Queta,Boise,2025-04-02,2026,1,2025-10-21,Boise,Continued
2026,05ujd,Neemias Queta,Boise,2026-04-01,2027,1,2026-10-20,El Paso,Missing expiration + move
2027,05ujd,Neemias Queta,El Paso,2027-04-11,,,,,Missing expiration
2022,05uje,Jared Butler,Overseas Players One,2022-04-10,2023,1,2022-10-18,Overseas Players One,Continued
2023,05uje,Jared Butler,Overseas Players One,2023-04-09,2024,53,2023-12-15,Anaheim,Missing expiration
2024,05uje,Jared Butler,Pittsburgh,2024-04-03,2025,83,2025-01-12,Tampa Bay,Missing expiration
2025,05uje,Jared Butler,Lansing,2025-04-02,2026,1,2025-10-21,Providence,Missing expiration
2022,05ujf,Joe Wieskamp,Overseas Players Two,2022-04-10,,,,,Missing expiration
2022,05ujg,Isaiah Livers,Albuquerque,2022-04-10,2023,1,2022-10-18,Albuquerque,Continued
2023,05ujg,Isaiah Livers,Albuquerque,2023-04-09,2024,1,2023-10-24,Albuquerque,Continued
2024,05ujg,Isaiah Livers,Albuquerque,2024-04-03,,,,,Missing expiration
2022,05ujh,Greg Brown,Overseas Players Two,2022-04-10,2023,1,2022-10-18,Lincoln,Missing expiration + move
2022,05uji,Kessler Edwards,Overseas Players Two,2022-04-10,2023,1,2022-10-18,Overseas Players One,Missing expiration
2023,05uji,Kessler Edwards,Vancouver,2023-04-09,2024,1,2023-10-24,Vancouver,Continued
2024,05uji,Kessler Edwards,Vancouver,2024-04-03,,,,,Missing expiration
2022,05ujj,Juhann Begarin,Overseas Players One,2022-04-10,,,,,Missing expiration
2022,05ujk,Dalano Banton,Overseas Players One,2022-04-10,2023,1,2022-10-18,Overseas Players One,Continued
2023,05ujk,Dalano Banton,Overseas Players One,2023-04-09,2024,1,2023-10-24,Tampa Bay,Missing expiration
2024,05ujk,Dalano Banton,El Paso,2024-04-03,2025,1,2024-10-22,Pittsburgh,Missing expiration
2025,05ujk,Dalano Banton,Pittsburgh,2025-04-02,2026,1,2025-10-21,Pittsburgh,Continued
2022,05ujl,David Johnson,Overseas Players One,2022-04-10,2023,1,2022-10-18,Providence,Missing expiration + move
2023,05ujl,David Johnson,Providence,2023-04-09,,,,,Missing expiration
2022,05ujm,Sharife Cooper,Overseas Players Two,2022-04-10,2023,1,2022-10-18,Overseas Players One,Missing expiration + move
2023,05ujm,Sharife Cooper,Overseas Players One,2023-04-09,2026,112,2026-02-09,Honolulu,Missing expiration
2026,05ujm,Sharife Cooper,Cincinnati,2026-04-01,,,,,Missing expiration
2022,05ujo,Filip Petrusev,Overseas Players Two,2022-04-10,,,,,Missing expiration
2022,05ujp,Brandon Boston,Austin,2022-04-10,2023,1,2022-10-18,San Diego,Missing expiration + move
2023,05ujp,Brandon Boston,San Diego,2023-04-09,2024,1,2023-10-24,Tampa Bay,Missing expiration
2025,05ujp,Brandon Boston,Pittsburgh,2025-04-02,,,,,Missing expiration
2022,05ujq,Luka Garza,Cincinnati,2022-04-10,2023,115,2023-02-09,Baltimore,Documented release/signing
2023,05ujq,Luka Garza,Baltimore,2023-04-09,2026,1,2025-10-21,Pittsburgh,Missing expiration
2026,05ujq,Luka Garza,Manchester,2026-04-01,2027,1,2026-10-20,Austin,Missing expiration + move
2027,05ujq,Luka Garza,Austin,2027-04-11,,,,,Missing expiration
2022,05ujr,Charles Bassey,Overseas Players One,2022-04-10,2023,1,2022-10-18,Overseas Players Two,Missing expiration + move
2023,05ujr,Charles Bassey,Overseas Players Two,2023-04-09,2024,1,2023-10-24,Little Rock,Missing expiration + move
2024,05ujr,Charles Bassey,Little Rock,2024-04-03,2025,1,2024-10-22,Little Rock,Continued
2025,05ujr,Charles Bassey,Little Rock,2025-04-02,2026,1,2025-10-21,Little Rock,Continued
2026,05ujr,Charles Bassey,Little Rock,2026-04-01,2027,1,2026-10-20,Little Rock,Continued
2027,05ujr,Charles Bassey,Little Rock,2027-04-11,,,,,Missing expiration
2022,05ujs,Sandro Mamukelashvili,Overseas Players One,2022-04-10,2023,1,2022-10-18,Lansing,Missing expiration + move
2023,05ujs,Sandro Mamukelashvili,Honolulu,2023-04-09,2024,1,2023-10-24,Honolulu,Continued
2024,05ujs,Sandro Mamukelashvili,Honolulu,2024-04-03,2025,1,2024-10-22,Honolulu,Continued
2025,05ujs,Sandro Mamukelashvili,Honolulu,2025-04-02,2026,1,2025-10-21,Manchester,Missing expiration
2026,05ujs,Sandro Mamukelashvili,Honolulu,2026-04-01,2027,1,2026-10-20,Vancouver,Missing expiration + move
2027,05ujs,Sandro Mamukelashvili,Vancouver,2027-04-11,,,,,Missing expiration
2022,05ujt,Aaron Wiggins,Honolulu,2022-04-10,2023,1,2022-10-18,Honolulu,Continued
2023,05ujt,Aaron Wiggins,Honolulu,2023-04-09,2024,1,2023-10-24,Honolulu,Continued
2024,05ujt,Aaron Wiggins,Honolulu,2024-04-03,2025,1,2024-10-22,Honolulu,Continued
2025,05ujt,Aaron Wiggins,Honolulu,2025-04-02,2026,1,2025-10-21,Honolulu,Continued
2026,05ujt,Aaron Wiggins,Manchester,2026-04-01,2027,1,2026-10-20,Manchester,Continued
2027,05ujt,Aaron Wiggins,Manchester,2027-04-11,,,,,Missing expiration
2022,05ujw,Jericho Sims,Overseas Players Two,2022-04-10,2023,1,2022-10-18,Overseas Players Two,Continued
2023,05ujw,Jericho Sims,Overseas Players Two,2023-04-09,2024,1,2023-10-24,El Paso,Missing expiration
2024,05ujw,Jericho Sims,El Paso,2024-04-03,2025,1,2024-10-22,El Paso,Continued
2025,05ujw,Jericho Sims,El Paso,2025-04-02,2026,1,2025-10-21,Austin,Missing expiration
2026,05ujw,Jericho Sims,Austin,2026-04-01,2027,1,2026-10-20,Pittsburgh,Missing expiration + move
2027,05ujw,Jericho Sims,Pittsburgh,2027-04-11,,,,,Missing expiration
2022,05uud,Justin Champagnie,Overseas Players Two,2022-04-10,2023,1,2022-10-18,Overseas Players Two,Continued
2023,05uud,Justin Champagnie,Overseas Players Two,2023-04-09,2024,1,2023-10-24,Overseas Players Two,Continued
2024,05uud,Justin Champagnie,Overseas Players Two,2024-04-03,2025,62,2024-12-22,Cincinnati,Missing expiration
2025,05uud,Justin Champagnie,Anaheim,2025-04-02,2026,1,2025-10-21,Austin,Missing expiration
2026,05uud,Justin Champagnie,Anaheim,2026-04-01,2027,1,2026-10-20,Anaheim,Continued
2027,05uud,Justin Champagnie,Anaheim,2027-04-11,,,,,Missing expiration
2023,05uue,Ishmail Wainright,Austin,2023-04-09,,,,,Missing expiration
2022,05uuf,Aaron Henry,Overseas Players One,2022-04-10,,,,,Missing expiration
2023,05uug,Sam Hauser,Anaheim,2023-04-09,2024,1,2023-10-24,Anaheim,Continued
2024,05uug,Sam Hauser,Anaheim,2024-04-03,2025,1,2024-10-22,Anaheim,Continued
2025,05uug,Sam Hauser,Anaheim,2025-04-02,2026,1,2025-10-21,Anaheim,Continued
2026,05uug,Sam Hauser,Anaheim,2026-04-01,2027,1,2026-10-20,Anaheim,Continued
2027,05uug,Sam Hauser,Anaheim,2027-04-11,,,,,Missing expiration
2022,05uuh,Duane Washington,St. Louis,2022-04-10,2023,1,2022-10-18,St. Louis,Continued
2023,05uuh,Duane Washington,Birmingham,2023-04-09,2024,1,2023-10-24,Honolulu,Documented trade
2022,05uuj,Terry Taylor,Anchorage,2022-04-10,2023,1,2022-10-18,Anchorage,Continued
2023,05uuj,Terry Taylor,Anchorage,2023-04-09,2024,1,2023-10-24,Birmingham,Missing expiration + move
2024,05uuj,Terry Taylor,Birmingham,2024-04-03,,,,,Missing expiration
2022,05uul,Jose Alvarado,Anaheim,2022-04-10,2023,1,2022-10-18,Vegas,Missing expiration + move
2023,05uul,Jose Alvarado,Honolulu,2023-04-09,2024,1,2023-10-24,Honolulu,Continued
2024,05uul,Jose Alvarado,Honolulu,2024-04-03,2025,1,2024-10-22,Honolulu,Continued
2025,05uul,Jose Alvarado,Honolulu,2025-04-02,2026,1,2025-10-21,Honolulu,Continued
2026,05uul,Jose Alvarado,Honolulu,2026-04-01,2027,1,2026-10-20,Honolulu,Continued
2027,05uul,Jose Alvarado,Honolulu,2027-04-11,,,,,Missing expiration
2024,05uuo,Eugene Omoruyi,Tampa Bay,2024-04-03,,,,,Missing expiration
2025,05uup,Jay Huff,Columbus,2025-04-02,2026,1,2025-10-21,El Paso,Missing expiration
2026,05uup,Jay Huff,Lansing,2026-04-01,2027,1,2026-10-20,Lansing,Continued
2027,05uup,Jay Huff,Lansing,2027-04-11,,,,,Missing expiration
2023,05uuq,Jock Landale,Vegas,2023-04-09,2024,1,2023-10-24,St. Louis,Missing expiration
2024,05uuq,Jock Landale,St. Louis,2024-04-03,2025,1,2024-10-22,St. Louis,Continued
2025,05uuq,Jock Landale,St. Louis,2025-04-02,2026,1,2025-10-21,Lincoln,Missing expiration
2026,05uuq,Jock Landale,Anaheim,2026-04-01,2027,1,2026-10-20,Anaheim,Continued
2027,05uuq,Jock Landale,Anaheim,2027-04-11,,,,,Missing expiration
2022,05uur,Joel Ayayi,Overseas Players One,2022-04-10,2023,1,2022-10-18,Overseas Players One,Continued
2023,05uur,Joel Ayayi,Overseas Players One,2023-04-09,,,,,Missing expiration
2022,05uus,Austin Reaves,Manchester,2022-04-10,2023,1,2022-10-18,Manchester,Continued
2023,05uus,Austin Reaves,Birmingham,2023-04-09,2024,1,2023-10-24,Vancouver,Missing expiration + move
2024,05uus,Austin Reaves,Vancouver,2024-04-03,2025,1,2024-10-22,Vancouver,Continued
2025,05uus,Austin Reaves,Vancouver,2025-04-02,2026,1,2025-10-21,Tulsa,Documented trade
2026,05uus,Austin Reaves,Des Moines,2026-04-01,2027,1,2026-10-20,Des Moines,Continued
2027,05uus,Austin Reaves,Des Moines,2027-04-11,,,,,Missing expiration
2022,05uuu,Mac McClung,Overseas Players One,2022-04-10,2023,1,2022-10-18,Overseas Players One,Continued
2023,05uuu,Mac McClung,Overseas Players One,2023-04-09,,,,,Missing expiration
2022,05uuv,Trendon Watford,Des Moines,2022-04-10,2023,1,2022-10-18,Des Moines,Continued
2023,05uuv,Trendon Watford,Des Moines,2023-04-09,2024,1,2023-10-24,Des Moines,Continued
2024,05uuv,Trendon Watford,Buffalo,2024-04-03,2025,1,2024-10-22,Manchester,Missing expiration + move
2025,05uuv,Trendon Watford,Honolulu,2025-04-02,2026,1,2025-10-21,Providence,Missing expiration
2026,05uuv,Trendon Watford,Providence,2026-04-01,,,,,Missing expiration
2023,05ux3,Jordan Goodwin,Anaheim,2023-04-09,2024,1,2023-10-24,Anaheim,Continued
2024,05ux3,Jordan Goodwin,Little Rock,2024-04-03,2025,130,2025-02-28,Anaheim,Missing expiration
2025,05ux3,Jordan Goodwin,Anaheim,2025-04-02,2026,1,2025-10-21,Jacksonville,Documented release/signing
2026,05ux3,Jordan Goodwin,St. Louis,2026-04-01,2027,1,2026-10-20,El Paso,Missing expiration + move
2027,05ux3,Jordan Goodwin,El Paso,2027-04-11,,,,,Missing expiration
2022,05uxx,DeJon Jarreau,Overseas Players One,2022-04-10,,,,,Missing expiration
2022,05vyx,Daishen Nix,Honolulu,2022-04-10,2023,1,2022-10-18,Honolulu,Continued
2023,05vyx,Daishen Nix,Honolulu,2023-04-09,2024,1,2023-10-24,Birmingham,Documented trade
2024,05vyx,Daishen Nix,Birmingham,2024-04-03,2025,1,2024-10-22,Birmingham,Continued
2025,05vyx,Daishen Nix,Birmingham,2025-04-02,2026,1,2025-10-21,Birmingham,Continued
2026,05vyx,Daishen Nix,Birmingham,2026-04-01,,,,,Missing expiration
2023,05wkd,Jeff Dowtin,Little Rock,2023-04-09,,,,,Missing expiration
2024,05wqo,Dru Smith,Buffalo,2024-04-03,2025,62,2024-12-22,Anaheim,Missing expiration
2026,05wqo,Dru Smith,Kentucky,2026-04-01,2027,1,2026-10-20,Anaheim,Missing expiration + move
2027,05wqo,Dru Smith,Anaheim,2027-04-11,,,,,Missing expiration
2026,05wqp,Micah Potter,Pittsburgh,2026-04-01,,,,,Missing expiration
2023,05wvu,David Duke,San Diego,2023-04-09,2024,1,2023-10-24,San Diego,Continued
2024,05wvu,David Duke,San Diego,2024-04-03,,,,,Missing expiration
2022,05y9y,Brandon Williams,El Paso,2022-04-10,2026,14,2025-11-03,Pittsburgh,Missing expiration
2026,05y9y,Brandon Williams,Pittsburgh,2026-04-01,,,,,Missing expiration
2022,05yoh,Lindy Waters,Vegas,2022-04-10,2023,84,2023-01-09,Boise,Missing expiration
2023,05yoh,Lindy Waters,Boise,2023-04-09,2025,12,2024-11-02,Tampa Bay,Missing expiration
2023,06210,Paolo Banchero,Kentucky,2023-04-09,2024,1,2023-10-24,Kentucky,Continued
2024,06210,Paolo Banchero,Kentucky,2024-04-03,2025,1,2024-10-22,Kentucky,Continued
2025,06210,Paolo Banchero,Kentucky,2025-04-02,2026,1,2025-10-21,Kentucky,Continued
2026,06210,Paolo Banchero,Kentucky,2026-04-01,2027,1,2026-10-20,Kentucky,Continued
2027,06210,Paolo Banchero,Kentucky,2027-04-11,,,,,Missing expiration
2023,06211,Chet Holmgren,Providence,2023-04-09,2024,1,2023-10-24,Providence,Continued
2024,06211,Chet Holmgren,Providence,2024-04-03,2025,1,2024-10-22,Providence,Continued
2025,06211,Chet Holmgren,Providence,2025-04-02,2026,1,2025-10-21,Providence,Continued
2026,06211,Chet Holmgren,Providence,2026-04-01,2027,1,2026-10-20,Providence,Continued
2027,06211,Chet Holmgren,Providence,2027-04-11,,,,,Missing expiration
2023,06212,Jabari Smith,Vancouver,2023-04-09,2024,1,2023-10-24,Vancouver,Continued
2024,06212,Jabari Smith,Vancouver,2024-04-03,2025,1,2024-10-22,Vancouver,Continued
2025,06212,Jabari Smith,Vancouver,2025-04-02,2026,1,2025-10-21,San Diego,Missing expiration
2026,06212,Jabari Smith,San Diego,2026-04-01,2027,1,2026-10-20,San Diego,Continued
2027,06212,Jabari Smith,San Diego,2027-04-11,,,,,Missing expiration
2023,06213,Keegan Murray,Honolulu,2023-04-09,2024,1,2023-10-24,Honolulu,Continued
2024,06213,Keegan Murray,Honolulu,2024-04-03,2025,1,2024-10-22,Honolulu,Continued
2025,06213,Keegan Murray,Honolulu,2025-04-02,2026,1,2025-10-21,Honolulu,Continued
2026,06213,Keegan Murray,Honolulu,2026-04-01,2027,1,2026-10-20,Honolulu,Continued
2027,06213,Keegan Murray,Honolulu,2027-04-11,,,,,Missing expiration
2023,06214,Jaden Ivey,Nashville,2023-04-09,2024,1,2023-10-24,Nashville,Continued
2024,06214,Jaden Ivey,Nashville,2024-04-03,2025,1,2024-10-22,Nashville,Continued
2025,06214,Jaden Ivey,Nashville,2025-04-02,2026,1,2025-10-21,Nashville,Continued
2026,06214,Jaden Ivey,Nashville,2026-04-01,2027,1,2026-10-20,Lansing,Missing expiration + move
2027,06214,Jaden Ivey,Lansing,2027-04-11,,,,,Missing expiration
2023,06215,Bennedict Mathurin,Pittsburgh,2023-04-09,2024,1,2023-10-24,Pittsburgh,Continued
2024,06215,Bennedict Mathurin,Pittsburgh,2024-04-03,2025,1,2024-10-22,Pittsburgh,Continued
2025,06215,Bennedict Mathurin,Pittsburgh,2025-04-02,2026,1,2025-10-21,Pittsburgh,Continued
2026,06215,Bennedict Mathurin,Cincinnati,2026-04-01,2027,1,2026-10-20,Cincinnati,Continued
2027,06215,Bennedict Mathurin,Cincinnati,2027-04-11,,,,,Missing expiration
2023,06216,Shaedon Sharpe,Vancouver,2023-04-09,2024,1,2023-10-24,Vancouver,Continued
2024,06216,Shaedon Sharpe,Vancouver,2024-04-03,2025,1,2024-10-22,Vancouver,Continued
2025,06216,Shaedon Sharpe,Vancouver,2025-04-02,2026,1,2025-10-21,Vancouver,Continued
2026,06216,Shaedon Sharpe,Vancouver,2026-04-01,2027,1,2026-10-20,Vancouver,Continued
2027,06216,Shaedon Sharpe,Vancouver,2027-04-11,,,,,Missing expiration
2023,06217,Dyson Daniels,Jacksonville,2023-04-09,2024,1,2023-10-24,Jacksonville,Continued
2024,06217,Dyson Daniels,Jacksonville,2024-04-03,2025,1,2024-10-22,Jacksonville,Continued
2025,06217,Dyson Daniels,Jacksonville,2025-04-02,2026,1,2025-10-21,Jacksonville,Continued
2026,06217,Dyson Daniels,San Diego,2026-04-01,2027,1,2026-10-20,San Diego,Continued
2027,06217,Dyson Daniels,San Diego,2027-04-11,,,,,Missing expiration
2023,06218,Jeremy Sochan,Vancouver,2023-04-09,2024,1,2023-10-24,Pittsburgh,Missing expiration + move
2024,06218,Jeremy Sochan,Pittsburgh,2024-04-03,2025,1,2024-10-22,Pittsburgh,Continued
2025,06218,Jeremy Sochan,Pittsburgh,2025-04-02,2026,1,2025-10-21,Pittsburgh,Continued
2026,06218,Jeremy Sochan,Jacksonville,2026-04-01,2027,1,2026-10-20,Jacksonville,Continued
2027,06218,Jeremy Sochan,Jacksonville,2027-04-11,,,,,Missing expiration
2023,06219,Johnny Davis,Des Moines,2023-04-09,2024,1,2023-10-24,Des Moines,Continued
2024,06219,Johnny Davis,Des Moines,2024-04-03,2025,1,2024-10-22,Des Moines,Continued
2025,06219,Johnny Davis,Des Moines,2025-04-02,,,,,Missing expiration
2023,0621a,Ousmane Dieng,Seattle,2023-04-09,2024,1,2023-10-24,Seattle,Continued
2024,0621a,Ousmane Dieng,Seattle,2024-04-03,2025,1,2024-10-22,Seattle,Continued
2025,0621a,Ousmane Dieng,Seattle,2025-04-02,2026,1,2025-10-21,Seattle,Continued
2026,0621a,Ousmane Dieng,Seattle,2026-04-01,2027,1,2026-10-20,Seattle,Continued
2027,0621a,Ousmane Dieng,Seattle,2027-04-11,,,,,Missing expiration
2023,0621b,Jalen Williams,Nashville,2023-04-09,2024,1,2023-10-24,Nashville,Continued
2024,0621b,Jalen Williams,Nashville,2024-04-03,2025,1,2024-10-22,Nashville,Continued
2025,0621b,Jalen Williams,Nashville,2025-04-02,2026,1,2025-10-21,Nashville,Continued
2026,0621b,Jalen Williams,Nashville,2026-04-01,2027,1,2026-10-20,Nashville,Continued
2027,0621b,Jalen Williams,Nashville,2027-04-11,,,,,Missing expiration
2023,0621c,Jalen Duren,Overseas Players One,2023-04-09,2024,1,2023-10-24,Des Moines,Missing expiration + move
2024,0621c,Jalen Duren,Des Moines,2024-04-03,2025,1,2024-10-22,Des Moines,Continued
2025,0621c,Jalen Duren,Des Moines,2025-04-02,2026,1,2025-10-21,Des Moines,Continued
2026,0621c,Jalen Duren,Tulsa,2026-04-01,2027,1,2026-10-20,Tulsa,Continued
2027,0621c,Jalen Duren,Tulsa,2027-04-11,,,,,Missing expiration
2023,0621d,Ochai Agbaji,Albuquerque,2023-04-09,2024,1,2023-10-24,Albuquerque,Continued
2024,0621d,Ochai Agbaji,Albuquerque,2024-04-03,2025,1,2024-10-22,Albuquerque,Continued
2025,0621d,Ochai Agbaji,Albuquerque,2025-04-02,2026,1,2025-10-21,Albuquerque,Continued
2026,0621d,Ochai Agbaji,Albuquerque,2026-04-01,2027,1,2026-10-20,Boise,Missing expiration + move
2027,0621d,Ochai Agbaji,Boise,2027-04-11,,,,,Missing expiration
2023,0621e,Mark Williams,Overseas Players Two,2023-04-09,2024,1,2023-10-24,Anchorage,Missing expiration + move
2024,0621e,Mark Williams,Anchorage,2024-04-03,2025,1,2024-10-22,Anchorage,Continued
2025,0621e,Mark Williams,Anchorage,2025-04-02,2026,1,2025-10-21,Anchorage,Continued
2026,0621e,Mark Williams,Anchorage,2026-04-01,2027,1,2026-10-20,Anchorage,Continued
2027,0621e,Mark Williams,Anchorage,2027-04-11,,,,,Missing expiration
2023,0621f,AJ Griffin,Lansing,2023-04-09,2024,1,2023-10-24,Buffalo,Documented trade
2024,0621f,AJ Griffin,Buffalo,2024-04-03,2025,1,2024-10-22,Buffalo,Continued
2025,0621f,AJ Griffin,Buffalo,2025-04-02,2026,1,2025-10-21,Buffalo,Continued
2026,0621f,AJ Griffin,Buffalo,2026-04-01,,,,,Missing expiration
2023,0621g,Tari Eason,Seattle,2023-04-09,2024,1,2023-10-24,Seattle,Continued
2024,0621g,Tari Eason,Seattle,2024-04-03,2025,1,2024-10-22,Seattle,Continued
2025,0621g,Tari Eason,Seattle,2025-04-02,2026,1,2025-10-21,Seattle,Continued
2026,0621g,Tari Eason,Seattle,2026-04-01,2027,1,2026-10-20,Seattle,Continued
2027,0621g,Tari Eason,Seattle,2027-04-11,,,,,Missing expiration
2023,0621h,Dalen Terry,Vegas,2023-04-09,2024,1,2023-10-24,Vegas,Continued
2024,0621h,Dalen Terry,Vegas,2024-04-03,2025,1,2024-10-22,Vegas,Continued
2025,0621h,Dalen Terry,Vegas,2025-04-02,2026,1,2025-10-21,Vegas,Continued
2026,0621h,Dalen Terry,Vegas,2026-04-01,2027,1,2026-10-20,San Jose,Missing expiration + move
2027,0621h,Dalen Terry,San Jose,2027-04-11,,,,,Missing expiration
2023,0621i,Jake LaRavia,St. Louis,2023-04-09,2024,1,2023-10-24,St. Louis,Continued
2024,0621i,Jake LaRavia,St. Louis,2024-04-03,2025,1,2024-10-22,St. Louis,Continued
2025,0621i,Jake LaRavia,St. Louis,2025-04-02,2026,1,2025-10-21,St. Louis,Continued
2026,0621i,Jake LaRavia,St. Louis,2026-04-01,2027,1,2026-10-20,St. Louis,Continued
2027,0621i,Jake LaRavia,St. Louis,2027-04-11,,,,,Missing expiration
2023,0621j,Malaki Branham,Overseas Players One,2023-04-09,2024,1,2023-10-24,Overseas Players One,Continued
2024,0621j,Malaki Branham,Overseas Players One,2024-04-03,2025,1,2024-10-22,Columbus,Documented trade
2025,0621j,Malaki Branham,Columbus,2025-04-02,2026,1,2025-10-21,Columbus,Continued
2023,0621k,Christian Braun,Overseas Players Two,2023-04-09,2024,1,2023-10-24,Seattle,Missing expiration + move
2024,0621k,Christian Braun,Seattle,2024-04-03,2025,1,2024-10-22,Seattle,Continued
2025,0621k,Christian Braun,Seattle,2025-04-02,2026,1,2025-10-21,Seattle,Continued
2026,0621k,Christian Braun,Seattle,2026-04-01,2027,1,2026-10-20,Columbus,Missing expiration + move
2027,0621k,Christian Braun,Columbus,2027-04-11,,,,,Missing expiration
2023,0621l,Walker Kessler,Anaheim,2023-04-09,2024,1,2023-10-24,Anaheim,Continued
2024,0621l,Walker Kessler,Anaheim,2024-04-03,2025,1,2024-10-22,Anaheim,Continued
2025,0621l,Walker Kessler,Anaheim,2025-04-02,2026,1,2025-10-21,Anaheim,Continued
2026,0621l,Walker Kessler,Anaheim,2026-04-01,2027,1,2026-10-20,Anaheim,Continued
2027,0621l,Walker Kessler,Anaheim,2027-04-11,,,,,Missing expiration
2023,0621m,David Roddy,Lincoln,2023-04-09,2024,1,2023-10-24,Lincoln,Continued
2024,0621m,David Roddy,St. Louis,2024-04-03,2025,12,2024-11-02,Honolulu,Documented release/signing
2023,0621n,MarJon Beauchamp,San Jose,2023-04-09,2024,1,2023-10-24,San Jose,Continued
2024,0621n,MarJon Beauchamp,San Jose,2024-04-03,2025,1,2024-10-22,San Jose,Continued
2025,0621n,MarJon Beauchamp,San Jose,2025-04-02,2026,1,2025-10-21,San Jose,Continued
2026,0621n,MarJon Beauchamp,San Jose,2026-04-01,,,,,Missing expiration
2023,0621o,Blake Wesley,Overseas Players One,2023-04-09,2024,1,2023-10-24,Columbus,Missing expiration + move
2024,0621o,Blake Wesley,Columbus,2024-04-03,2025,1,2024-10-22,Columbus,Continued
2025,0621o,Blake Wesley,Columbus,2025-04-02,2026,1,2025-10-21,Columbus,Continued
2023,0621p,Wendell Moore,Overseas Players Two,2023-04-09,2024,1,2023-10-24,Overseas Players Two,Continued
2024,0621p,Wendell Moore,Overseas Players Two,2024-04-03,2025,48,2024-12-08,Boise,Missing expiration
2025,0621p,Wendell Moore,Boise,2025-04-02,,,,,Missing expiration
2023,0621q,Nikola Jovic,Des Moines,2023-04-09,2024,1,2023-10-24,Buffalo,Missing expiration + move
2024,0621q,Nikola Jovic,Buffalo,2024-04-03,2025,1,2024-10-22,Buffalo,Continued
2025,0621q,Nikola Jovic,Buffalo,2025-04-02,2026,1,2025-10-21,Buffalo,Continued
2026,0621q,Nikola Jovic,Buffalo,2026-04-01,2027,1,2026-10-20,Buffalo,Continued
2027,0621q,Nikola Jovic,Buffalo,2027-04-11,,,,,Missing expiration
2023,0621r,Patrick Baldwin,Nashville,2023-04-09,2024,1,2023-10-24,Nashville,Continued
2024,0621r,Patrick Baldwin,Nashville,2024-04-03,2025,1,2024-10-22,Nashville,Continued
2025,0621r,Patrick Baldwin,Nashville,2025-04-02,2026,1,2025-10-21,Nashville,Continued
2026,0621r,Patrick Baldwin,Nashville,2026-04-01,,,,,Missing expiration
2023,0621s,TyTy Washington,Overseas Players One,2023-04-09,2024,1,2023-10-24,Overseas Players One,Continued
2024,0621s,TyTy Washington,Overseas Players One,2024-04-03,2025,1,2024-10-22,Overseas Players Two,Missing expiration + move
2025,0621s,TyTy Washington,Overseas Players Two,2025-04-02,2026,1,2025-10-21,Manchester,Missing expiration
2026,0621s,TyTy Washington,Manchester,2026-04-01,,,,,Missing expiration
2023,0621t,Peyton Watson,Overseas Players One,2023-04-09,2024,1,2023-10-24,Overseas Players One,Continued
2024,0621t,Peyton Watson,Overseas Players One,2024-04-03,2025,1,2024-10-22,Honolulu,Documented trade
2025,0621t,Peyton Watson,Honolulu,2025-04-02,2026,1,2025-10-21,Honolulu,Continued
2026,0621t,Peyton Watson,Honolulu,2026-04-01,2027,1,2026-10-20,Honolulu,Continued
2027,0621t,Peyton Watson,Honolulu,2027-04-11,,,,,Missing expiration
2023,0621u,Andrew Nembhard,Overseas Players Two,2023-04-09,2024,1,2023-10-24,Vegas,Missing expiration + move
2024,0621u,Andrew Nembhard,Vegas,2024-04-03,2025,1,2024-10-22,Vegas,Continued
2025,0621u,Andrew Nembhard,Vegas,2025-04-02,2026,1,2025-10-21,Vegas,Continued
2026,0621u,Andrew Nembhard,Vegas,2026-04-01,2027,1,2026-10-20,Vegas,Continued
2027,0621u,Andrew Nembhard,Vegas,2027-04-11,,,,,Missing expiration
2023,0621v,Caleb Houstan,Pittsburgh,2023-04-09,2024,1,2023-10-24,Albuquerque,Missing expiration
2024,0621v,Caleb Houstan,Albuquerque,2024-04-03,2025,1,2024-10-22,Albuquerque,Continued
2025,0621v,Caleb Houstan,Albuquerque,2025-04-02,2026,1,2025-10-21,Albuquerque,Continued
2026,0621v,Caleb Houstan,Albuquerque,2026-04-01,,,,,Missing expiration
2023,0621w,Christian Koloko,Overseas Players One,2023-04-09,2024,1,2023-10-24,Overseas Players One,Continued
2024,0621w,Christian Koloko,Overseas Players One,2024-04-03,2025,1,2024-10-22,Overseas Players One,Continued
2025,0621w,Christian Koloko,Overseas Players One,2025-04-02,2026,1,2025-10-21,Columbus,Missing expiration
2026,0621w,Christian Koloko,Columbus,2026-04-01,,,,,Missing expiration
2023,0621x,Jaylin Williams,Anchorage,2023-04-09,2024,1,2023-10-24,Pittsburgh,Missing expiration + move
2024,0621x,Jaylin Williams,Pittsburgh,2024-04-03,2025,1,2024-10-22,Pittsburgh,Continued
2025,0621x,Jaylin Williams,Pittsburgh,2025-04-02,2026,1,2025-10-21,El Paso,Missing expiration
2026,0621x,Jaylin Williams,El Paso,2026-04-01,2027,1,2026-10-20,Manchester,Missing expiration + move
2027,0621x,Jaylin Williams,Manchester,2027-04-11,,,,,Missing expiration
2023,0621y,Max Christie,Overseas Players Two,2023-04-09,2024,1,2023-10-24,Pittsburgh,Missing expiration + move
2024,0621y,Max Christie,Pittsburgh,2024-04-03,2025,1,2024-10-22,Pittsburgh,Continued
2025,0621y,Max Christie,Pittsburgh,2025-04-02,2026,1,2025-10-21,Pittsburgh,Continued
2026,0621y,Max Christie,Pittsburgh,2026-04-01,2027,1,2026-10-20,Pittsburgh,Continued
2027,0621y,Max Christie,Pittsburgh,2027-04-11,,,,,Missing expiration
2024,0621z,Gabriele Procida,Overseas Players One,2024-04-03,2026,1,2025-10-21,El Paso,Missing expiration
2026,0621z,Gabriele Procida,El Paso,2026-04-01,2027,1,2026-10-20,El Paso,Continued
2027,0621z,Gabriele Procida,El Paso,2027-04-11,,,,,Missing expiration
2023,06220,Jaden Hardy,Austin,2023-04-09,2024,1,2023-10-24,Austin,Continued
2024,06220,Jaden Hardy,Austin,2024-04-03,2025,1,2024-10-22,Austin,Continued
2025,06220,Jaden Hardy,Austin,2025-04-02,2026,1,2025-10-21,Austin,Continued
2026,06220,Jaden Hardy,Austin,2026-04-01,2027,1,2026-10-20,Des Moines,Missing expiration + move
2027,06220,Jaden Hardy,Des Moines,2027-04-11,,,,,Missing expiration
2023,06221,Kennedy Chandler,Overseas Players Two,2023-04-09,2024,1,2023-10-24,Overseas Players Two,Continued
2024,06221,Kennedy Chandler,Overseas Players Two,2024-04-03,,,,,Missing expiration
2024,06222,Khalifa Diop,Overseas Players Two,2024-04-03,2026,1,2025-10-21,Vegas,Missing expiration
2026,06222,Khalifa Diop,Vegas,2026-04-01,2027,1,2026-10-20,Vegas,Continued
2027,06222,Khalifa Diop,Vegas,2027-04-11,,,,,Missing expiration
2023,06223,Bryce McGowens,Overseas Players Two,2023-04-09,2024,1,2023-10-24,Overseas Players Two,Continued
2024,06223,Bryce McGowens,Overseas Players Two,2024-04-03,2025,1,2024-10-22,Overseas Players Two,Continued
2025,06223,Bryce McGowens,Overseas Players Two,2025-04-02,2026,49,2025-12-08,Vancouver,Missing expiration
2026,06223,Bryce McGowens,Vancouver,2026-04-01,2027,1,2026-10-20,San Jose,Missing expiration + move
2027,06223,Bryce McGowens,San Jose,2027-04-11,,,,,Missing expiration
2023,06224,E.J. Liddell,Boise,2023-04-09,2024,1,2023-10-24,Boise,Continued
2024,06224,E.J. Liddell,Boise,2024-04-03,2025,1,2024-10-22,Boise,Continued
2025,06224,E.J. Liddell,Boise,2025-04-02,,,,,Missing expiration
2023,06225,Trevor Keels,Overseas Players One,2023-04-09,2024,1,2023-10-24,Overseas Players One,Continued
2024,06225,Trevor Keels,Overseas Players One,2024-04-03,,,,,Missing expiration
2023,06226,Moussa Diabate,Overseas Players One,2023-04-09,2024,1,2023-10-24,Overseas Players One,Continued
2024,06226,Moussa Diabate,Overseas Players One,2024-04-03,2025,21,2024-11-11,Cincinnati,Missing expiration
2025,06226,Moussa Diabate,Cincinnati,2025-04-02,2026,1,2025-10-21,El Paso,Missing expiration
2026,06226,Moussa Diabate,Lansing,2026-04-01,2027,1,2026-10-20,Lansing,Continued
2027,06226,Moussa Diabate,Lansing,2027-04-11,,,,,Missing expiration
2023,06227,Ryan Rollins,Overseas Players One,2023-04-09,2024,1,2023-10-24,Overseas Players Two,Missing expiration + move
2024,06227,Ryan Rollins,Overseas Players Two,2024-04-03,2026,1,2025-10-21,St. Louis,Missing expiration
2026,06227,Ryan Rollins,St. Louis,2026-04-01,2027,1,2026-10-20,St. Louis,Continued
2027,06227,Ryan Rollins,St. Louis,2027-04-11,,,,,Missing expiration
2023,06228,Josh Minott,Overseas Players Two,2023-04-09,2024,1,2023-10-24,Des Moines,Missing expiration + move
2024,06228,Josh Minott,Des Moines,2024-04-03,2025,1,2024-10-22,St. Louis,Missing expiration
2025,06228,Josh Minott,St. Louis,2025-04-02,2026,1,2025-10-21,St. Louis,Continued
2026,06228,Josh Minott,St. Louis,2026-04-01,2027,1,2026-10-20,St. Louis,Continued
2027,06228,Josh Minott,St. Louis,2027-04-11,,,,,Missing expiration
2023,06229,Ismael Kamagate,Overseas Players Two,2023-04-09,2024,1,2023-10-24,San Diego,Missing expiration + move
2024,06229,Ismael Kamagate,San Diego,2024-04-03,,,,,Missing expiration
2024,0622a,Vince Williams,Lincoln,2024-04-03,2025,1,2024-10-22,Lincoln,Continued
2025,0622a,Vince Williams,Lincoln,2025-04-02,2026,1,2025-10-21,Lincoln,Continued
2026,0622a,Vince Williams,Lincoln,2026-04-01,2027,1,2026-10-20,Lincoln,Continued
2027,0622a,Vince Williams,Lincoln,2027-04-11,,,,,Missing expiration
2023,0622b,Kendall Brown,Overseas Players One,2023-04-09,2024,1,2023-10-24,Overseas Players One,Continued
2024,0622b,Kendall Brown,Overseas Players One,2024-04-03,,,,,Missing expiration
2023,0622c,Isaiah Mobley,Overseas Players One,2023-04-09,2024,1,2023-10-24,Overseas Players Two,Missing expiration + move
2024,0622c,Isaiah Mobley,Overseas Players Two,2024-04-03,,,,,Missing expiration
2024,0622d,Matteo Spagnolo,Overseas Players One,2024-04-03,2026,1,2025-10-21,Birmingham,Missing expiration
2026,0622d,Matteo Spagnolo,Birmingham,2026-04-01,2027,1,2026-10-20,Birmingham,Continued
2027,0622d,Matteo Spagnolo,Birmingham,2027-04-11,,,,,Missing expiration
2023,0622e,Tyrese Martin,Pittsburgh,2023-04-09,2025,79,2025-01-08,Lincoln,Missing expiration
2025,0622e,Tyrese Martin,Lincoln,2025-04-02,2026,1,2025-10-21,Manchester,Missing expiration
2026,0622e,Tyrese Martin,Manchester,2026-04-01,,,,,Missing expiration
2024,0622f,Karlo Matkovic,Overseas Players One,2024-04-03,2025,1,2024-10-22,Overseas Players One,Continued
2025,0622f,Karlo Matkovic,Overseas Players One,2025-04-02,2026,1,2025-10-21,Birmingham,Missing expiration
2026,0622f,Karlo Matkovic,Birmingham,2026-04-01,2027,1,2026-10-20,Birmingham,Continued
2027,0622f,Karlo Matkovic,Birmingham,2027-04-11,,,,,Missing expiration
2026,0622g,JD Davison,Buffalo,2026-04-01,,,,,Missing expiration
2024,0622h,Yannick Nzosa,Overseas Players Two,2024-04-03,2026,1,2025-10-21,Providence,Missing expiration
2026,0622h,Yannick Nzosa,Providence,2026-04-01,2027,1,2026-10-20,Providence,Continued
2027,0622h,Yannick Nzosa,Providence,2027-04-11,,,,,Missing expiration
2026,0622i,Gui Santos,Cincinnati,2026-04-01,2027,1,2026-10-20,Buffalo,Missing expiration + move
2027,0622i,Gui Santos,Buffalo,2027-04-11,,,,,Missing expiration
2023,0622k,Jabari Walker,Overseas Players Two,2023-04-09,2024,1,2023-10-24,Little Rock,Missing expiration + move
2024,0622k,Jabari Walker,Little Rock,2024-04-03,2025,1,2024-10-22,Little Rock,Continued
2025,0622k,Jabari Walker,Little Rock,2025-04-02,2026,1,2025-10-21,Little Rock,Continued
2026,0622k,Jabari Walker,Little Rock,2026-04-01,2027,1,2026-10-20,Boise,Missing expiration + move
2027,0622k,Jabari Walker,Boise,2027-04-11,,,,,Missing expiration
2024,0622l,Hugo Besson,Overseas Players Two,2024-04-03,2026,1,2025-10-21,Kentucky,Missing expiration
2026,0622l,Hugo Besson,Kentucky,2026-04-01,2027,1,2026-10-20,Kentucky,Continued
2027,0622l,Hugo Besson,Kentucky,2027-04-11,,,,,Missing expiration
2023,0622z,Orlando Robinson,Kentucky,2023-04-09,2024,1,2023-10-24,Albuquerque,Missing expiration
2024,0622z,Orlando Robinson,Albuquerque,2024-04-03,2025,1,2024-10-22,Albuquerque,Continued
2025,0622z,Orlando Robinson,Albuquerque,2025-04-02,,,,,Missing expiration
2026,06233,Ron Harper,San Diego,2026-04-01,2027,1,2026-10-20,Manchester,Missing expiration + move
2027,06233,Ron Harper,Manchester,2027-04-11,,,,,Missing expiration
2023,06234,AJ Green,Tampa Bay,2023-04-09,2024,115,2024-02-15,Kentucky,Missing expiration
2024,06234,AJ Green,Kentucky,2024-04-03,2025,1,2024-10-22,Cincinnati,Documented trade
2025,06234,AJ Green,Cincinnati,2025-04-02,2026,1,2025-10-21,Albuquerque,Documented trade
2026,06234,AJ Green,Honolulu,2026-04-01,2027,1,2026-10-20,Honolulu,Continued
2027,06234,AJ Green,Honolulu,2027-04-11,,,,,Missing expiration
2024,06235,Kenneth Lofton,Cincinnati,2024-04-03,,,,,Missing expiration
2024,0623a,Scotty Pippen,Tampa Bay,2024-04-03,2025,1,2024-10-22,Seattle,Missing expiration
2025,0623a,Scotty Pippen,Kentucky,2025-04-02,2026,1,2025-10-21,Kentucky,Continued
2026,0623a,Scotty Pippen,Kentucky,2026-04-01,2027,1,2026-10-20,Lincoln,Missing expiration + move
2027,0623a,Scotty Pippen,Lincoln,2027-04-11,,,,,Missing expiration
2023,0623d,Johnny Juzang,Overseas Players One,2023-04-09,2024,1,2023-10-24,Overseas Players One,Continued
2024,0623d,Johnny Juzang,Overseas Players One,2024-04-03,2025,1,2024-10-22,Overseas Players One,Continued
2025,0623d,Johnny Juzang,Overseas Players One,2025-04-02,2026,1,2025-10-21,Boise,Missing expiration
2026,0623d,Johnny Juzang,Boise,2026-04-01,,,,,Missing expiration
2024,0623e,Collin Gillespie,El Paso,2024-04-03,2026,1,2025-10-21,Pittsburgh,Missing expiration
2026,0623e,Collin Gillespie,Pittsburgh,2026-04-01,2027,1,2026-10-20,Pittsburgh,Continued
2027,0623e,Collin Gillespie,Pittsburgh,2027-04-11,,,,,Missing expiration
2024,0623f,Justin Lewis,Buffalo,2024-04-03,,,,,Missing expiration
2024,0623m,Keon Ellis,Little Rock,2024-04-03,2025,1,2024-10-22,Little Rock,Continued
2025,0623m,Keon Ellis,Little Rock,2025-04-02,2026,1,2025-10-21,Little Rock,Continued
2026,0623m,Keon Ellis,Little Rock,2026-04-01,2027,1,2026-10-20,St. Louis,Missing expiration + move
2027,0623m,Keon Ellis,St. Louis,2027-04-11,,,,,Missing expiration
2023,0626t,Dominick Barlow,Des Moines,2023-04-09,2024,1,2023-10-24,Buffalo,Missing expiration + move
2024,0626t,Dominick Barlow,Buffalo,2024-04-03,2025,1,2024-10-22,Buffalo,Continued
2025,0626t,Dominick Barlow,Buffalo,2025-04-02,2026,5,2025-10-25,Manchester,Missing expiration
2026,0626t,Dominick Barlow,Honolulu,2026-04-01,2027,1,2026-10-20,Vegas,Missing expiration + move
2027,0626t,Dominick Barlow,Vegas,2027-04-11,,,,,Missing expiration
2023,062dn,Julian Champagnie,Overseas Players Two,2023-04-09,2024,1,2023-10-24,St. Louis,Missing expiration + move
2024,062dn,Julian Champagnie,St. Louis,2024-04-03,2025,1,2024-10-22,St. Louis,Continued
2025,062dn,Julian Champagnie,St. Louis,2025-04-02,2026,1,2025-10-21,St. Louis,Continued
2026,062dn,Julian Champagnie,St. Louis,2026-04-01,2027,1,2026-10-20,St. Louis,Continued
2027,062dn,Julian Champagnie,St. Louis,2027-04-11,,,,,Missing expiration
2024,062k1,Javon Freeman-Liberty,Pittsburgh,2024-04-03,,,,,Missing expiration
2023,062pk,Simone Fontecchio,Providence,2023-04-09,2024,1,2023-10-24,Providence,Continued
2024,062pk,Simone Fontecchio,Providence,2024-04-03,2025,1,2024-10-22,Providence,Continued
2025,062pk,Simone Fontecchio,Providence,2025-04-02,2026,1,2025-10-21,San Diego,Missing expiration + move
2026,062pk,Simone Fontecchio,Tulsa,2026-04-01,2027,1,2026-10-20,Kentucky,Missing expiration + move
2027,062pk,Simone Fontecchio,Kentucky,2027-04-11,,,,,Missing expiration
2026,0633h,Pat Spencer,Vancouver,2026-04-01,,,,,Missing expiration
2026,064q6,Daeqwon Plowden,Honolulu,2026-04-01,,,,,Missing expiration
2026,064tp,Quenton Jackson,Lansing,2026-04-01,,,,,Missing expiration
2024,065ut,Jacob Gilyard,Lincoln,2024-04-03,,,,,Missing expiration
2023,065uu,Justin Bean,Overseas Players Two,2023-04-09,,,,,Missing expiration
2023,065vc,John Butler,Overseas Players Two,2023-04-09,,,,,Missing expiration
2023,0661b,Jamal Cain,Albuquerque,2023-04-09,2024,1,2023-10-24,Buffalo,Missing expiration
2024,0661b,Jamal Cain,Buffalo,2024-04-03,,,,,Missing expiration
2024,06ca2,Kobe Brown,Overseas Players Two,2024-04-03,2025,1,2024-10-22,Overseas Players Two,Continued
2025,06ca2,Kobe Brown,Overseas Players Two,2025-04-02,2026,1,2025-10-21,Vegas,Missing expiration
2026,06ca2,Kobe Brown,Vegas,2026-04-01,2027,1,2026-10-20,Vegas,Continued
2027,06ca2,Kobe Brown,Vegas,2027-04-11,,,,,Missing expiration
2024,06ca3,Julian Strawther,Overseas Players One,2024-04-03,2025,1,2024-10-22,Overseas Players One,Continued
2025,06ca3,Julian Strawther,Overseas Players One,2025-04-02,2026,1,2025-10-21,Providence,Missing expiration
2026,06ca3,Julian Strawther,Providence,2026-04-01,2027,1,2026-10-20,Providence,Continued
2027,06ca3,Julian Strawther,Providence,2027-04-11,,,,,Missing expiration
2024,06ca4,Kobe Bufkin,Seattle,2024-04-03,2025,1,2024-10-22,Seattle,Continued
2025,06ca4,Kobe Bufkin,Seattle,2025-04-02,2026,1,2025-10-21,Seattle,Continued
2026,06ca4,Kobe Bufkin,Seattle,2026-04-01,2027,1,2026-10-20,Columbus,Missing expiration + move
2027,06ca4,Kobe Bufkin,Columbus,2027-04-11,,,,,Missing expiration
2024,06ca5,Kris Murray,Austin,2024-04-03,2025,1,2024-10-22,Austin,Continued
2025,06ca5,Kris Murray,Austin,2025-04-02,2026,1,2025-10-21,Austin,Continued
2026,06ca5,Kris Murray,Austin,2026-04-01,2027,1,2026-10-20,Austin,Continued
2027,06ca5,Kris Murray,Austin,2027-04-11,,,,,Missing expiration
2024,06ca7,Cam Whitmore,Vegas,2024-04-03,2025,1,2024-10-22,Vegas,Continued
2025,06ca7,Cam Whitmore,Vegas,2025-04-02,2026,1,2025-10-21,Vegas,Continued
2026,06ca7,Cam Whitmore,Vegas,2026-04-01,2027,1,2026-10-20,Vegas,Continued
2027,06ca7,Cam Whitmore,Vegas,2027-04-11,,,,,Missing expiration
2024,06ca8,Amen Thompson,Des Moines,2024-04-03,2025,1,2024-10-22,Des Moines,Continued
2025,06ca8,Amen Thompson,Des Moines,2025-04-02,2026,1,2025-10-21,Des Moines,Continued
2026,06ca8,Amen Thompson,Des Moines,2026-04-01,2027,1,2026-10-20,Des Moines,Continued
2027,06ca8,Amen Thompson,Des Moines,2027-04-11,,,,,Missing expiration
2024,06ca9,Jordan Hawkins,Lincoln,2024-04-03,2025,1,2024-10-22,Lincoln,Continued
2025,06ca9,Jordan Hawkins,Lincoln,2025-04-02,2026,1,2025-10-21,Lincoln,Continued
2026,06ca9,Jordan Hawkins,Lincoln,2026-04-01,2027,1,2026-10-20,Lincoln,Continued
2027,06ca9,Jordan Hawkins,Lincoln,2027-04-11,,,,,Missing expiration
2024,06caa,Ben Sheppard,St. Louis,2024-04-03,2025,1,2024-10-22,St. Louis,Continued
2025,06caa,Ben Sheppard,St. Louis,2025-04-02,2026,1,2025-10-21,Providence,Documented trade
2026,06caa,Ben Sheppard,Providence,2026-04-01,2027,1,2026-10-20,Providence,Continued
2027,06caa,Ben Sheppard,Providence,2027-04-11,,,,,Missing expiration
2024,06cab,Jarace Walker,Overseas Players One,2024-04-03,2025,1,2024-10-22,Columbus,Documented trade
2025,06cab,Jarace Walker,Columbus,2025-04-02,2026,1,2025-10-21,Columbus,Continued
2026,06cab,Jarace Walker,Columbus,2026-04-01,2027,1,2026-10-20,Columbus,Continued
2027,06cab,Jarace Walker,Columbus,2027-04-11,,,,,Missing expiration
2024,06cac,Cason Wallace,Lincoln,2024-04-03,2025,1,2024-10-22,Lincoln,Continued
2025,06cac,Cason Wallace,Lincoln,2025-04-02,2026,1,2025-10-21,Lincoln,Continued
2026,06cac,Cason Wallace,Lincoln,2026-04-01,2027,1,2026-10-20,Lincoln,Continued
2027,06cac,Cason Wallace,Lincoln,2027-04-11,,,,,Missing expiration
2026,06cbj,James Nnaji,Columbus,2026-04-01,2027,1,2026-10-20,Columbus,Continued
2027,06cbj,James Nnaji,Columbus,2027-04-11,,,,,Missing expiration
2026,06cbt,Amari Bailey,Austin,2026-04-01,,,,,Missing expiration
2024,06cbx,Jaime Jaquez,Boise,2024-04-03,2025,1,2024-10-22,Boise,Continued
2025,06cbx,Jaime Jaquez,Boise,2025-04-02,2026,1,2025-10-21,Boise,Continued
2026,06cbx,Jaime Jaquez,Boise,2026-04-01,2027,1,2026-10-20,Boise,Continued
2027,06cbx,Jaime Jaquez,Boise,2027-04-11,,,,,Missing expiration
2024,06cby,Keyonte George,El Paso,2024-04-03,2025,1,2024-10-22,El Paso,Continued
2025,06cby,Keyonte George,El Paso,2025-04-02,2026,1,2025-10-21,Vancouver,Documented trade
2026,06cby,Keyonte George,Vancouver,2026-04-01,2027,1,2026-10-20,Vancouver,Continued
2027,06cby,Keyonte George,Vancouver,2027-04-11,,,,,Missing expiration
2024,06cbz,Brice Sensabaugh,Baltimore,2024-04-03,2025,1,2024-10-22,Baltimore,Continued
2025,06cbz,Brice Sensabaugh,Baltimore,2025-04-02,2026,1,2025-10-21,Baltimore,Continued
2026,06cbz,Brice Sensabaugh,Baltimore,2026-04-01,2027,1,2026-10-20,Baltimore,Continued
2027,06cbz,Brice Sensabaugh,Baltimore,2027-04-11,,,,,Missing expiration
2024,06cc0,Taylor Hendricks,St. Louis,2024-04-03,2025,1,2024-10-22,St. Louis,Continued
2025,06cc0,Taylor Hendricks,St. Louis,2025-04-02,2026,1,2025-10-21,San Diego,Documented trade
2026,06cc0,Taylor Hendricks,Pittsburgh,2026-04-01,2027,1,2026-10-20,Pittsburgh,Continued
2027,06cc0,Taylor Hendricks,Pittsburgh,2027-04-11,,,,,Missing expiration
2024,06cc1,Bilal Coulibaly,Buffalo,2024-04-03,2025,1,2024-10-22,Buffalo,Continued
2025,06cc1,Bilal Coulibaly,Buffalo,2025-04-02,2026,1,2025-10-21,Buffalo,Continued
2026,06cc1,Bilal Coulibaly,Buffalo,2026-04-01,2027,1,2026-10-20,Buffalo,Continued
2027,06cc1,Bilal Coulibaly,Buffalo,2027-04-11,,,,,Missing expiration
2024,06cc2,Gradey Dick,Birmingham,2024-04-03,2025,1,2024-10-22,Kentucky,Missing expiration + move
2025,06cc2,Gradey Dick,Kentucky,2025-04-02,2026,1,2025-10-21,Kentucky,Continued
2026,06cc2,Gradey Dick,Kentucky,2026-04-01,2027,1,2026-10-20,Kentucky,Continued
2027,06cc2,Gradey Dick,Kentucky,2027-04-11,,,,,Missing expiration
2024,06cc5,Anthony Black,Tulsa,2024-04-03,2025,1,2024-10-22,Tulsa,Continued
2025,06cc5,Anthony Black,Tulsa,2025-04-02,2026,1,2025-10-21,Tulsa,Continued
2026,06cc5,Anthony Black,San Diego,2026-04-01,2027,1,2026-10-20,San Diego,Continued
2027,06cc5,Anthony Black,San Diego,2027-04-11,,,,,Missing expiration
2024,06cc6,Jett Howard,Providence,2024-04-03,2025,1,2024-10-22,Providence,Continued
2025,06cc6,Jett Howard,Providence,2025-04-02,2026,1,2025-10-21,San Jose,Documented trade
2026,06cc6,Jett Howard,San Jose,2026-04-01,2027,1,2026-10-20,San Jose,Continued
2027,06cc6,Jett Howard,San Jose,2027-04-11,,,,,Missing expiration
2024,06cc7,Brandin Podziemski,Birmingham,2024-04-03,2025,1,2024-10-22,Birmingham,Continued
2025,06cc7,Brandin Podziemski,Birmingham,2025-04-02,2026,1,2025-10-21,Birmingham,Continued
2026,06cc7,Brandin Podziemski,Birmingham,2026-04-01,2027,1,2026-10-20,Birmingham,Continued
2027,06cc7,Brandin Podziemski,Birmingham,2027-04-11,,,,,Missing expiration
2024,06cc8,Dereck Lively,Albuquerque,2024-04-03,2025,1,2024-10-22,Albuquerque,Continued
2025,06cc8,Dereck Lively,Albuquerque,2025-04-02,2026,1,2025-10-21,Albuquerque,Continued
2026,06cc8,Dereck Lively,Albuquerque,2026-04-01,2027,1,2026-10-20,Albuquerque,Continued
2027,06cc8,Dereck Lively,Albuquerque,2027-04-11,,,,,Missing expiration
2024,06cc9,Olivier-Maxence Prosper,Birmingham,2024-04-03,2025,1,2024-10-22,Birmingham,Continued
2025,06cc9,Olivier-Maxence Prosper,Birmingham,2025-04-02,2026,1,2025-10-21,Birmingham,Continued
2026,06cc9,Olivier-Maxence Prosper,Birmingham,2026-04-01,2027,1,2026-10-20,Birmingham,Continued
2027,06cc9,Olivier-Maxence Prosper,Birmingham,2027-04-11,,,,,Missing expiration
2024,06cca,Brandon Miller,Nashville,2024-04-03,2025,1,2024-10-22,Nashville,Continued
2025,06cca,Brandon Miller,Nashville,2025-04-02,2026,1,2025-10-21,Nashville,Continued
2026,06cca,Brandon Miller,Nashville,2026-04-01,2027,1,2026-10-20,Nashville,Continued
2027,06cca,Brandon Miller,Nashville,2027-04-11,,,,,Missing expiration
2024,06ccb,Nick Smith,St. Louis,2024-04-03,2025,93,2025-01-22,Cincinnati,Documented release/signing
2025,06ccb,Nick Smith,Cincinnati,2025-04-02,2026,1,2025-10-21,Tampa Bay,Missing expiration
2026,06ccb,Nick Smith,Tampa Bay,2026-04-01,,,,,Missing expiration
2024,06ccc,Dariq Whitehead,Overseas Players Two,2024-04-03,2025,1,2024-10-22,Overseas Players Two,Continued
2025,06ccc,Dariq Whitehead,Overseas Players Two,2025-04-02,2026,1,2025-10-21,Pittsburgh,Missing expiration
2026,06ccc,Dariq Whitehead,Pittsburgh,2026-04-01,2027,1,2026-10-20,Pittsburgh,Continued
2027,06ccc,Dariq Whitehead,Pittsburgh,2027-04-11,,,,,Missing expiration
2024,06ccd,Noah Clowney,San Diego,2024-04-03,2025,1,2024-10-22,San Diego,Continued
2025,06ccd,Noah Clowney,San Diego,2025-04-02,2026,1,2025-10-21,San Diego,Continued
2026,06ccd,Noah Clowney,San Diego,2026-04-01,2027,1,2026-10-20,San Diego,Continued
2027,06ccd,Noah Clowney,San Diego,2027-04-11,,,,,Missing expiration
2024,06cce,Jalen Hood-Schifino,Overseas Players One,2024-04-03,2025,1,2024-10-22,Overseas Players One,Continued
2025,06cce,Jalen Hood-Schifino,Overseas Players One,2025-04-02,2026,1,2025-10-21,Columbus,Missing expiration
2026,06cce,Jalen Hood-Schifino,Columbus,2026-04-01,2027,1,2026-10-20,Columbus,Continued
2027,06cce,Jalen Hood-Schifino,Columbus,2027-04-11,,,,,Missing expiration
2024,06ccf,Ausar Thompson,Vancouver,2024-04-03,2025,1,2024-10-22,Vancouver,Continued
2025,06ccf,Ausar Thompson,Vancouver,2025-04-02,2026,1,2025-10-21,Vancouver,Continued
2026,06ccf,Ausar Thompson,Vancouver,2026-04-01,2027,1,2026-10-20,Vancouver,Continued
2027,06ccf,Ausar Thompson,Vancouver,2027-04-11,,,,,Missing expiration
2024,06ccg,Marcus Sasser,Birmingham,2024-04-03,2025,1,2024-10-22,Birmingham,Continued
2025,06ccg,Marcus Sasser,Birmingham,2025-04-02,2026,1,2025-10-21,Birmingham,Continued
2026,06ccg,Marcus Sasser,Birmingham,2026-04-01,2027,1,2026-10-20,Birmingham,Continued
2027,06ccg,Marcus Sasser,Birmingham,2027-04-11,,,,,Missing expiration
2024,06cch,Victor Wembanyama,Vancouver,2024-04-03,2025,1,2024-10-22,Vancouver,Continued
2025,06cch,Victor Wembanyama,Vancouver,2025-04-02,2026,1,2025-10-21,Vancouver,Continued
2026,06cch,Victor Wembanyama,Vancouver,2026-04-01,2027,1,2026-10-20,Vancouver,Continued
2027,06cch,Victor Wembanyama,Vancouver,2027-04-11,,,,,Missing expiration
2026,06ccr,Tarik Biberovic,Lansing,2026-04-01,,,,,Missing expiration
2024,06ccu,Tristan Vukcevic,Overseas Players Two,2024-04-03,2025,1,2024-10-22,Overseas Players Two,Continued
2025,06ccu,Tristan Vukcevic,Overseas Players Two,2025-04-02,2026,1,2025-10-21,Pittsburgh,Missing expiration
2026,06ccu,Tristan Vukcevic,Anaheim,2026-04-01,2027,1,2026-10-20,Buffalo,Missing expiration + move
2027,06ccu,Tristan Vukcevic,Buffalo,2027-04-11,,,,,Missing expiration
2024,06ccv,Trayce Jackson-Davis,Overseas Players One,2024-04-03,2025,1,2024-10-22,Overseas Players One,Continued
2025,06ccv,Trayce Jackson-Davis,Overseas Players One,2025-04-02,2026,1,2025-10-21,Columbus,Missing expiration
2026,06ccv,Trayce Jackson-Davis,Columbus,2026-04-01,2027,1,2026-10-20,Columbus,Continued
2027,06ccv,Trayce Jackson-Davis,Columbus,2027-04-11,,,,,Missing expiration
2026,06ccw,Jordan Miller,Pittsburgh,2026-04-01,2027,1,2026-10-20,Pittsburgh,Continued
2027,06ccw,Jordan Miller,Pittsburgh,2027-04-11,,,,,Missing expiration
2024,06ccx,Hunter Tyson,Overseas Players Two,2024-04-03,2025,1,2024-10-22,Overseas Players Two,Continued
2025,06ccx,Hunter Tyson,Overseas Players Two,2025-04-02,2026,1,2025-10-21,San Diego,Missing expiration
2026,06ccx,Hunter Tyson,Cincinnati,2026-04-01,,,,,Missing expiration
2024,06ccy,Jalen Pickett,Overseas Players Two,2024-04-03,2025,1,2024-10-22,Overseas Players Two,Continued
2025,06ccy,Jalen Pickett,Overseas Players Two,2025-04-02,2026,1,2025-10-21,St. Louis,Missing expiration
2026,06ccy,Jalen Pickett,St. Louis,2026-04-01,,,,,Missing expiration
2024,06ccz,Mouhamed Gueye,Overseas Players Two,2024-04-03,2025,1,2024-10-22,Overseas Players Two,Continued
2025,06ccz,Mouhamed Gueye,Overseas Players Two,2025-04-02,2026,1,2025-10-21,Vegas,Missing expiration
2026,06ccz,Mouhamed Gueye,Vegas,2026-04-01,2027,1,2026-10-20,Vegas,Continued
2027,06ccz,Mouhamed Gueye,Vegas,2027-04-11,,,,,Missing expiration
2024,06cd0,Seth Lundy,Columbus,2024-04-03,,,,,Missing expiration
2024,06cd1,Jordan Walsh,Baltimore,2024-04-03,2025,1,2024-10-22,Baltimore,Continued
2025,06cd1,Jordan Walsh,Baltimore,2025-04-02,2026,1,2025-10-21,Baltimore,Continued
2026,06cd1,Jordan Walsh,Baltimore,2026-04-01,2027,1,2026-10-20,Buffalo,Missing expiration + move
2027,06cd1,Jordan Walsh,Buffalo,2027-04-11,,,,,Missing expiration
2024,06cd2,Rayan Rupert,Overseas Players Two,2024-04-03,2025,1,2024-10-22,Overseas Players Two,Continued
2025,06cd2,Rayan Rupert,Overseas Players Two,2025-04-02,2026,1,2025-10-21,Nashville,Missing expiration
2026,06cd2,Rayan Rupert,Nashville,2026-04-01,2027,1,2026-10-20,St. Louis,Missing expiration + move
2027,06cd2,Rayan Rupert,St. Louis,2027-04-11,,,,,Missing expiration
2024,06cd3,Emoni Bates,Overseas Players Two,2024-04-03,2025,1,2024-10-22,Overseas Players Two,Continued
2025,06cd3,Emoni Bates,Overseas Players Two,2025-04-02,2026,1,2025-10-21,Vegas,Missing expiration
2026,06cd3,Emoni Bates,Vegas,2026-04-01,,,,,Missing expiration
2024,06cd4,Toumani Camara,Overseas Players One,2024-04-03,2025,1,2024-10-22,Overseas Players One,Continued
2025,06cd4,Toumani Camara,Overseas Players One,2025-04-02,2026,1,2025-10-21,Birmingham,Missing expiration
2026,06cd4,Toumani Camara,Birmingham,2026-04-01,2027,1,2026-10-20,Birmingham,Continued
2027,06cd4,Toumani Camara,Birmingham,2027-04-11,,,,,Missing expiration
2024,06cd5,Isaiah Wong,Overseas Players One,2024-04-03,2025,1,2024-10-22,Overseas Players One,Continued
2025,06cd5,Isaiah Wong,Overseas Players One,2025-04-02,,,,,Missing expiration
2024,06cd7,Keyontae Johnson,Overseas Players One,2024-04-03,,,,,Missing expiration
2024,06cd9,Jaylen Clark,Overseas Players Two,2024-04-03,2025,1,2024-10-22,Overseas Players One,Missing expiration + move
2025,06cd9,Jaylen Clark,Overseas Players One,2025-04-02,2026,1,2025-10-21,Jacksonville,Missing expiration
2026,06cd9,Jaylen Clark,Jacksonville,2026-04-01,2027,1,2026-10-20,Jacksonville,Continued
2027,06cd9,Jaylen Clark,Jacksonville,2027-04-11,,,,,Missing expiration
2024,06cda,James Nnaji,Overseas Players One,2024-04-03,,,,,Missing expiration
2024,06cdb,Amari Bailey,Overseas Players One,2024-04-03,2025,1,2024-10-22,Overseas Players One,Continued
2025,06cdb,Amari Bailey,Overseas Players One,2025-04-02,,,,,Missing expiration
2024,06cdc,Jalen Wilson,Overseas Players One,2024-04-03,2025,1,2024-10-22,Overseas Players One,Continued
2025,06cdc,Jalen Wilson,Overseas Players One,2025-04-02,2026,1,2025-10-21,Austin,Missing expiration
2026,06cdc,Jalen Wilson,Austin,2026-04-01,,,,,Missing expiration
2024,06cdd,Andre Jackson,Jacksonville,2024-04-03,2025,1,2024-10-22,Jacksonville,Continued
2025,06cdd,Andre Jackson,Jacksonville,2025-04-02,2026,1,2025-10-21,Jacksonville,Continued
2026,06cdd,Andre Jackson,Jacksonville,2026-04-01,,,,,Missing expiration
2024,06cde,Chris Livingston,Overseas Players Two,2024-04-03,2025,1,2024-10-22,Overseas Players Two,Continued
2025,06cde,Chris Livingston,Overseas Players Two,2025-04-02,2026,1,2025-10-21,San Diego,Missing expiration
2026,06cde,Chris Livingston,El Paso,2026-04-01,,,,,Missing expiration
2024,06cdf,Julian Phillips,Overseas Players One,2024-04-03,2025,1,2024-10-22,Overseas Players One,Continued
2025,06cdf,Julian Phillips,Overseas Players One,2025-04-02,2026,1,2025-10-21,Buffalo,Missing expiration
2026,06cdf,Julian Phillips,Buffalo,2026-04-01,,,,,Missing expiration
2024,06cdg,Maxwell Lewis,Overseas Players One,2024-04-03,2025,1,2024-10-22,Overseas Players One,Continued
2025,06cdg,Maxwell Lewis,Overseas Players One,2025-04-02,2026,1,2025-10-21,Birmingham,Missing expiration
2026,06cdg,Maxwell Lewis,Birmingham,2026-04-01,,,,,Missing expiration
2024,06cdh,GG Jackson,Overseas Players Two,2024-04-03,2025,1,2024-10-22,Overseas Players Two,Continued
2025,06cdh,GG Jackson,Overseas Players Two,2025-04-02,2026,1,2025-10-21,Pittsburgh,Missing expiration
2026,06cdh,GG Jackson,San Diego,2026-04-01,2027,1,2026-10-20,San Diego,Continued
2027,06cdh,GG Jackson,San Diego,2027-04-11,,,,,Missing expiration
2024,06cdi,Tarik Biberovic,Overseas Players Two,2024-04-03,2027,1,2026-10-20,Lansing,Missing expiration
2027,06cdi,Tarik Biberovic,Lansing,2027-04-11,,,,,Missing expiration
2024,06cdj,Colby Jones,Overseas Players Two,2024-04-03,2025,1,2024-10-22,Overseas Players Two,Continued
2025,06cdj,Colby Jones,Overseas Players Two,2025-04-02,2026,1,2025-10-21,Vegas,Missing expiration
2026,06cdj,Colby Jones,Vegas,2026-04-01,,,,,Missing expiration
2024,06cdk,Jalen Slawson,Overseas Players One,2024-04-03,2025,1,2024-10-22,Overseas Players One,Continued
2025,06cdk,Jalen Slawson,Overseas Players One,2025-04-02,,,,,Missing expiration
2024,06cdn,Scoot Henderson,San Diego,2024-04-03,2025,1,2024-10-22,San Diego,Continued
2025,06cdn,Scoot Henderson,San Diego,2025-04-02,2026,1,2025-10-21,St. Louis,Documented trade
2026,06cdn,Scoot Henderson,St. Louis,2026-04-01,2027,1,2026-10-20,St. Louis,Continued
2027,06cdn,Scoot Henderson,St. Louis,2027-04-11,,,,,Missing expiration
2024,06cef,Oscar Tshiebwe,Overseas Players One,2024-04-03,2025,1,2024-10-22,Overseas Players One,Continued
2025,06cef,Oscar Tshiebwe,Overseas Players One,2025-04-02,2026,1,2025-10-21,Tampa Bay,Missing expiration
2026,06cef,Oscar Tshiebwe,Tampa Bay,2026-04-01,2027,1,2026-10-20,Tampa Bay,Continued
2027,06cef,Oscar Tshiebwe,Tampa Bay,2027-04-11,,,,,Missing expiration
2024,06ceg,Ricky Council,Overseas Players Two,2024-04-03,2025,1,2024-10-22,Lincoln,Documented trade
2025,06ceg,Ricky Council,Lincoln,2025-04-02,2026,1,2025-10-21,Lincoln,Continued
2026,06ceg,Ricky Council,Lincoln,2026-04-01,,,,,Missing expiration
2024,06cei,Leonard Miller,Overseas Players One,2024-04-03,2025,1,2024-10-22,Overseas Players One,Continued
2025,06cei,Leonard Miller,Overseas Players One,2025-04-02,2026,1,2025-10-21,Cincinnati,Missing expiration
2026,06cei,Leonard Miller,Cincinnati,2026-04-01,2027,1,2026-10-20,Cincinnati,Continued
2027,06cei,Leonard Miller,Cincinnati,2027-04-11,,,,,Missing expiration
2024,06cek,Adama Sanogo,Buffalo,2024-04-03,2025,1,2024-10-22,Little Rock,Missing expiration
2025,06cek,Adama Sanogo,Little Rock,2025-04-02,2026,1,2025-10-21,Little Rock,Continued
2026,06cek,Adama Sanogo,Little Rock,2026-04-01,,,,,Missing expiration
2024,06cel,Sidy Cissoko,Overseas Players Two,2024-04-03,2025,1,2024-10-22,Overseas Players Two,Continued
2025,06cel,Sidy Cissoko,Overseas Players Two,2025-04-02,2026,1,2025-10-21,Vancouver,Missing expiration
2026,06cel,Sidy Cissoko,Vancouver,2026-04-01,2027,1,2026-10-20,Pittsburgh,Missing expiration + move
2027,06cel,Sidy Cissoko,Pittsburgh,2027-04-11,,,,,Missing expiration
2024,06cet,Terquavion Smith,Overseas Players Two,2024-04-03,2025,1,2024-10-22,Overseas Players Two,Continued
2025,06cet,Terquavion Smith,Overseas Players Two,2025-04-02,2026,1,2025-10-21,Manchester,Missing expiration
2026,06cet,Terquavion Smith,Manchester,2026-04-01,,,,,Missing expiration
2024,06cp2,Colin Castleton,Overseas Players One,2024-04-03,2025,1,2024-10-22,Overseas Players One,Continued
2025,06cp2,Colin Castleton,Overseas Players One,2025-04-02,,,,,Missing expiration
2024,06cp4,Craig Porter,Birmingham,2024-04-03,2025,1,2024-10-22,Birmingham,Continued
2025,06cp4,Craig Porter,Birmingham,2025-04-02,2026,1,2025-10-21,Birmingham,Continued
2026,06cp4,Craig Porter,Birmingham,2026-04-01,2027,1,2026-10-20,Lincoln,Missing expiration + move
2027,06cp4,Craig Porter,Lincoln,2027-04-11,,,,,Missing expiration
2024,06dq7,Onuralp Bitim,Lincoln,2024-04-03,2025,1,2024-10-22,Lincoln,Continued
2025,06dq7,Onuralp Bitim,Lincoln,2025-04-02,2026,1,2025-10-21,Lincoln,Continued
2026,06dq7,Onuralp Bitim,Vegas,2026-04-01,,,,,Missing expiration
2024,06gix,Duop Reath,Providence,2024-04-03,2025,1,2024-10-22,Providence,Continued
2025,06gix,Duop Reath,Providence,2025-04-02,2026,1,2025-10-21,Providence,Continued
2026,06gix,Duop Reath,Providence,2026-04-01,,,,,Missing expiration
2024,06hdz,Nathan Mensah,Pittsburgh,2024-04-03,,,,,Missing expiration
2024,06him,Trey Jemison,Anaheim,2024-04-03,2025,1,2024-10-22,Anaheim,Continued
2025,06mjt,Zaccharie Risacher,San Jose,2025-04-02,2026,1,2025-10-21,San Jose,Continued
2026,06mjt,Zaccharie Risacher,San Jose,2026-04-01,2027,1,2026-10-20,San Jose,Continued
2027,06mjt,Zaccharie Risacher,San Jose,2027-04-11,,,,,Missing expiration
2025,06mju,Alex Sarr,St. Louis,2025-04-02,2026,1,2025-10-21,St. Louis,Continued
2026,06mju,Alex Sarr,St. Louis,2026-04-01,2027,1,2026-10-20,St. Louis,Continued
2027,06mju,Alex Sarr,St. Louis,2027-04-11,,,,,Missing expiration
2025,06mjv,Reed Sheppard,Buffalo,2025-04-02,2026,1,2025-10-21,Buffalo,Continued
2026,06mjv,Reed Sheppard,Buffalo,2026-04-01,2027,1,2026-10-20,Buffalo,Continued
2027,06mjv,Reed Sheppard,Buffalo,2027-04-11,,,,,Missing expiration
2025,06mjw,Stephon Castle,Nashville,2025-04-02,2026,1,2025-10-21,Nashville,Continued
2026,06mjw,Stephon Castle,Nashville,2026-04-01,2027,1,2026-10-20,Nashville,Continued
2027,06mjw,Stephon Castle,Nashville,2027-04-11,,,,,Missing expiration
2025,06mjx,Ron Holland,Kentucky,2025-04-02,2026,1,2025-10-21,Kentucky,Continued
2026,06mjx,Ron Holland,Buffalo,2026-04-01,2027,1,2026-10-20,Buffalo,Continued
2027,06mjx,Ron Holland,Buffalo,2027-04-11,,,,,Missing expiration
2025,06mjy,Tidjane Salaun,San Jose,2025-04-02,2026,1,2025-10-21,San Jose,Continued
2026,06mjy,Tidjane Salaun,San Jose,2026-04-01,2027,1,2026-10-20,San Jose,Continued
2027,06mjy,Tidjane Salaun,San Jose,2027-04-11,,,,,Missing expiration
2025,06mjz,Donovan Clingan,Birmingham,2025-04-02,2026,1,2025-10-21,Birmingham,Continued
2026,06mjz,Donovan Clingan,Birmingham,2026-04-01,2027,1,2026-10-20,Birmingham,Continued
2027,06mjz,Donovan Clingan,Birmingham,2027-04-11,,,,,Missing expiration
2025,06mk0,Rob Dillingham,Columbus,2025-04-02,2026,1,2025-10-21,Columbus,Continued
2026,06mk0,Rob Dillingham,Vegas,2026-04-01,2027,1,2026-10-20,Vegas,Continued
2027,06mk0,Rob Dillingham,Vegas,2027-04-11,,,,,Missing expiration
2025,06mk1,Zach Edey,Anchorage,2025-04-02,2026,1,2025-10-21,Anchorage,Continued
2026,06mk1,Zach Edey,Anchorage,2026-04-01,2027,1,2026-10-20,Anchorage,Continued
2027,06mk1,Zach Edey,Anchorage,2027-04-11,,,,,Missing expiration
2025,06mk2,Cody Williams,San Diego,2025-04-02,2026,1,2025-10-21,San Diego,Continued
2026,06mk2,Cody Williams,San Diego,2026-04-01,2027,1,2026-10-20,San Diego,Continued
2027,06mk2,Cody Williams,San Diego,2027-04-11,,,,,Missing expiration
2025,06mk3,Matas Buzelis,Vegas,2025-04-02,2026,1,2025-10-21,Vegas,Continued
2026,06mk3,Matas Buzelis,Vegas,2026-04-01,2027,1,2026-10-20,Vegas,Continued
2027,06mk3,Matas Buzelis,Vegas,2027-04-11,,,,,Missing expiration
2025,06mk4,Nikola Topic,Buffalo,2025-04-02,2026,1,2025-10-21,Buffalo,Continued
2026,06mk4,Nikola Topic,Buffalo,2026-04-01,2027,1,2026-10-20,Cincinnati,Missing expiration + move
2027,06mk4,Nikola Topic,Cincinnati,2027-04-11,,,,,Missing expiration
2025,06mk5,Devin Carter,Lansing,2025-04-02,2026,1,2025-10-21,Lansing,Continued
2026,06mk5,Devin Carter,Lansing,2026-04-01,2027,1,2026-10-20,Lansing,Continued
2027,06mk5,Devin Carter,Lansing,2027-04-11,,,,,Missing expiration
2025,06mk6,Carlton Carrington,Columbus,2025-04-02,2026,1,2025-10-21,Columbus,Continued
2026,06mk6,Carlton Carrington,Columbus,2026-04-01,2027,1,2026-10-20,Columbus,Continued
2027,06mk6,Carlton Carrington,Columbus,2027-04-11,,,,,Missing expiration
2025,06mk7,Kelel Ware,Vancouver,2025-04-02,2026,1,2025-10-21,Vancouver,Continued
2026,06mk7,Kelel Ware,Vancouver,2026-04-01,2027,1,2026-10-20,Vancouver,Continued
2027,06mk7,Kelel Ware,Vancouver,2027-04-11,,,,,Missing expiration
2025,06mk8,Jared McCain,Nashville,2025-04-02,2026,1,2025-10-21,Cincinnati,Documented trade
2026,06mk8,Jared McCain,Cincinnati,2026-04-01,2027,1,2026-10-20,Cincinnati,Continued
2027,06mk8,Jared McCain,Cincinnati,2027-04-11,,,,,Missing expiration
2025,06mk9,Dalton Knecht,Albuquerque,2025-04-02,2026,1,2025-10-21,Albuquerque,Continued
2026,06mk9,Dalton Knecht,Albuquerque,2026-04-01,2027,1,2026-10-20,Albuquerque,Continued
2027,06mk9,Dalton Knecht,Albuquerque,2027-04-11,,,,,Missing expiration
2025,06mka,Tristan da Silva,Seattle,2025-04-02,2026,1,2025-10-21,Seattle,Continued
2026,06mka,Tristan da Silva,Seattle,2026-04-01,2027,1,2026-10-20,Seattle,Continued
2027,06mka,Tristan da Silva,Seattle,2027-04-11,,,,,Missing expiration
2025,06mkb,JaKobe Walter,Baltimore,2025-04-02,2026,1,2025-10-21,Baltimore,Continued
2026,06mkb,JaKobe Walter,Baltimore,2026-04-01,2027,1,2026-10-20,Baltimore,Continued
2027,06mkb,JaKobe Walter,Baltimore,2027-04-11,,,,,Missing expiration
2025,06mkc,Jaylon Tyson,Overseas Players Two,2025-04-02,2026,1,2025-10-21,St. Louis,Missing expiration
2026,06mkc,Jaylon Tyson,St. Louis,2026-04-01,2027,1,2026-10-20,St. Louis,Continued
2027,06mkc,Jaylon Tyson,St. Louis,2027-04-11,,,,,Missing expiration
2025,06mkd,Yves Missi,Manchester,2025-04-02,2026,1,2025-10-21,Manchester,Continued
2026,06mkd,Yves Missi,Honolulu,2026-04-01,2027,1,2026-10-20,Honolulu,Continued
2027,06mkd,Yves Missi,Honolulu,2027-04-11,,,,,Missing expiration
2025,06mke,DaRon Holmes,Overseas Players One,2025-04-02,2026,1,2025-10-21,Cincinnati,Missing expiration
2026,06mke,DaRon Holmes,El Paso,2026-04-01,2027,1,2026-10-20,El Paso,Continued
2027,06mke,DaRon Holmes,El Paso,2027-04-11,,,,,Missing expiration
2025,06mkf,AJ Johnson,Overseas Players One,2025-04-02,2026,1,2025-10-21,Columbus,Missing expiration
2026,06mkf,AJ Johnson,Columbus,2026-04-01,2027,1,2026-10-20,Columbus,Continued
2027,06mkf,AJ Johnson,Columbus,2027-04-11,,,,,Missing expiration
2025,06mkg,Kyshawn George,Overseas Players One,2025-04-02,2026,1,2025-10-21,St. Louis,Missing expiration
2026,06mkg,Kyshawn George,St. Louis,2026-04-01,2027,1,2026-10-20,St. Louis,Continued
2027,06mkg,Kyshawn George,St. Louis,2027-04-11,,,,,Missing expiration
2025,06mkh,Pacome Dadiet,Overseas Players One,2025-04-02,2026,1,2025-10-21,Columbus,Missing expiration
2026,06mkh,Pacome Dadiet,Columbus,2026-04-01,,,,,Missing expiration
2025,06mki,Dillon Jones,Overseas Players One,2025-04-02,2026,1,2025-10-21,Seattle,Missing expiration
2026,06mki,Dillon Jones,Seattle,2026-04-01,2027,1,2026-10-20,Seattle,Continued
2027,06mki,Dillon Jones,Seattle,2027-04-11,,,,,Missing expiration
2025,06mkj,Terrence Shannon,Albuquerque,2025-04-02,2026,1,2025-10-21,Albuquerque,Continued
2026,06mkj,Terrence Shannon,Albuquerque,2026-04-01,2027,1,2026-10-20,Albuquerque,Continued
2027,06mkj,Terrence Shannon,Albuquerque,2027-04-11,,,,,Missing expiration
2025,06mkk,Ryan Dunn,Overseas Players One,2025-04-02,2026,1,2025-10-21,Honolulu,Missing expiration
2026,06mkk,Ryan Dunn,Honolulu,2026-04-01,2027,1,2026-10-20,Honolulu,Continued
2027,06mkk,Ryan Dunn,Honolulu,2027-04-11,,,,,Missing expiration
2025,06mkl,Isaiah Collier,Little Rock,2025-04-02,2026,1,2025-10-21,Little Rock,Continued
2026,06mkl,Isaiah Collier,Little Rock,2026-04-01,2027,1,2026-10-20,Little Rock,Continued
2027,06mkl,Isaiah Collier,Little Rock,2027-04-11,,,,,Missing expiration
2025,06mkm,Baylor Scheierman,Overseas Players Two,2025-04-02,2026,1,2025-10-21,Nashville,Missing expiration
2026,06mkm,Baylor Scheierman,Nashville,2026-04-01,2027,1,2026-10-20,Nashville,Continued
2027,06mkm,Baylor Scheierman,Nashville,2027-04-11,,,,,Missing expiration
2025,06mld,Jonathan Mogbo,Overseas Players One,2025-04-02,2026,1,2025-10-21,Anaheim,Missing expiration
2026,06mld,Jonathan Mogbo,Lincoln,2026-04-01,2027,1,2026-10-20,Lincoln,Continued
2027,06mld,Jonathan Mogbo,Lincoln,2027-04-11,,,,,Missing expiration
2025,06mle,Kyle Filipowski,Overseas Players Two,2025-04-02,2026,1,2025-10-21,Pittsburgh,Missing expiration
2026,06mle,Kyle Filipowski,San Diego,2026-04-01,2027,1,2026-10-20,San Diego,Continued
2027,06mle,Kyle Filipowski,San Diego,2027-04-11,,,,,Missing expiration
2025,06mlf,Tyler Smith,Tulsa,2025-04-02,2026,1,2025-10-21,Tulsa,Continued
2026,06mlf,Tyler Smith,El Paso,2026-04-01,2027,1,2026-10-20,Tulsa,Missing expiration + move
2027,06mlf,Tyler Smith,Tulsa,2027-04-11,,,,,Missing expiration
2025,06mlg,Tyler Kolek,Albuquerque,2025-04-02,2026,1,2025-10-21,Albuquerque,Continued
2026,06mlg,Tyler Kolek,Albuquerque,2026-04-01,,,,,Missing expiration
2025,06mlh,Johnny Furphy,Overseas Players One,2025-04-02,2026,1,2025-10-21,Jacksonville,Missing expiration
2026,06mlh,Johnny Furphy,Jacksonville,2026-04-01,2027,1,2026-10-20,Jacksonville,Continued
2027,06mlh,Johnny Furphy,Jacksonville,2027-04-11,,,,,Missing expiration
2025,06mli,Juan Nunez,Overseas Players Two,2025-04-02,2026,1,2025-10-21,Vegas,Missing expiration
2026,06mli,Juan Nunez,Vegas,2026-04-01,2027,1,2026-10-20,Vegas,Continued
2027,06mli,Juan Nunez,Vegas,2027-04-11,,,,,Missing expiration
2025,06mlj,Bobi Klintman,Overseas Players Two,2025-04-02,2026,1,2025-10-21,Vegas,Missing expiration
2026,06mlj,Bobi Klintman,Vegas,2026-04-01,2027,1,2026-10-20,Vegas,Continued
2027,06mlj,Bobi Klintman,Vegas,2027-04-11,,,,,Missing expiration
2025,06mlk,Ajay Mitchell,Overseas Players One,2025-04-02,2026,1,2025-10-21,Columbus,Missing expiration
2026,06mlk,Ajay Mitchell,Columbus,2026-04-01,2027,1,2026-10-20,Columbus,Continued
2027,06mlk,Ajay Mitchell,Columbus,2027-04-11,,,,,Missing expiration
2025,06mll,Jaylen Wells,Vancouver,2025-04-02,2026,1,2025-10-21,Vancouver,Continued
2026,06mll,Jaylen Wells,Vancouver,2026-04-01,2027,1,2026-10-20,San Diego,Missing expiration + move
2027,06mll,Jaylen Wells,San Diego,2027-04-11,,,,,Missing expiration
2025,06mlm,Oso Ighodaro,Overseas Players One,2025-04-02,2026,1,2025-10-21,Columbus,Missing expiration
2026,06mlm,Oso Ighodaro,Columbus,2026-04-01,2027,1,2026-10-20,Columbus,Continued
2027,06mlm,Oso Ighodaro,Columbus,2027-04-11,,,,,Missing expiration
2025,06mln,Adem Bona,Overseas Players Two,2025-04-02,2026,1,2025-10-21,San Diego,Missing expiration
2026,06mln,Adem Bona,Cincinnati,2026-04-01,2027,1,2026-10-20,Cincinnati,Continued
2027,06mln,Adem Bona,Cincinnati,2027-04-11,,,,,Missing expiration
2025,06mlo,KJ Simpson,Overseas Players One,2025-04-02,2026,1,2025-10-21,Birmingham,Missing expiration
2026,06mlo,KJ Simpson,Birmingham,2026-04-01,,,,,Missing expiration
2025,06mlp,Nikola Djurisic,Overseas Players Two,2025-04-02,2026,1,2025-10-21,Anaheim,Missing expiration
2026,06mlp,Nikola Djurisic,Anaheim,2026-04-01,,,,,Missing expiration
2025,06mlq,Pelle Larsson,Overseas Players One,2025-04-02,2026,1,2025-10-21,El Paso,Missing expiration
2026,06mlq,Pelle Larsson,El Paso,2026-04-01,2027,1,2026-10-20,El Paso,Continued
2027,06mlq,Pelle Larsson,El Paso,2027-04-11,,,,,Missing expiration
2025,06mlr,Jamal Shead,Overseas Players One,2025-04-02,2026,1,2025-10-21,Austin,Missing expiration
2026,06mlr,Jamal Shead,Austin,2026-04-01,2027,1,2026-10-20,Austin,Continued
2027,06mlr,Jamal Shead,Austin,2027-04-11,,,,,Missing expiration
2025,06mls,Cam Christie,Overseas Players Two,2025-04-02,2026,1,2025-10-21,Vegas,Missing expiration
2026,06mls,Cam Christie,Vegas,2026-04-01,2027,1,2026-10-20,Vegas,Continued
2027,06mls,Cam Christie,Vegas,2027-04-11,,,,,Missing expiration
2025,06mlu,Harrison Ingram,Overseas Players Two,2025-04-02,2026,1,2025-10-21,Providence,Missing expiration
2026,06mlu,Harrison Ingram,Providence,2026-04-01,,,,,Missing expiration
2025,06mlv,Tristen Newton,Overseas Players One,2025-04-02,2026,1,2025-10-21,Columbus,Missing expiration
2026,06mlv,Tristen Newton,Columbus,2026-04-01,,,,,Missing expiration
2025,06mlw,Enrique Freeman,Overseas Players One,2025-04-02,2026,1,2025-10-21,Anaheim,Missing expiration
2026,06mlw,Enrique Freeman,Anaheim,2026-04-01,,,,,Missing expiration
2025,06mlx,Melvin Ajinca,Overseas Players Two,2025-04-02,,,,,Missing expiration
2025,06mly,Quinten Post,Overseas Players One,2025-04-02,2026,1,2025-10-21,Columbus,Missing expiration
2026,06mly,Quinten Post,Columbus,2026-04-01,2027,1,2026-10-20,Lincoln,Missing expiration + move
2027,06mly,Quinten Post,Lincoln,2027-04-11,,,,,Missing expiration
2025,06mlz,Cam Spencer,Overseas Players One,2025-04-02,2026,1,2025-10-21,Columbus,Missing expiration
2026,06mlz,Cam Spencer,Columbus,2026-04-01,2027,1,2026-10-20,Columbus,Continued
2027,06mlz,Cam Spencer,Columbus,2027-04-11,,,,,Missing expiration
2025,06mm0,Anton Watson,Overseas Players Two,2025-04-02,2026,1,2025-10-21,Providence,Missing expiration
2026,06mm0,Anton Watson,Providence,2026-04-01,,,,,Missing expiration
2025,06mm1,Bronny James,Albuquerque,2025-04-02,2026,1,2025-10-21,Albuquerque,Continued
2026,06mm1,Bronny James,Albuquerque,2026-04-01,,,,,Missing expiration
2025,06mm2,Kevin McCullar,Overseas Players Two,2025-04-02,2026,1,2025-10-21,Lincoln,Missing expiration
2026,06mm2,Kevin McCullar,Lincoln,2026-04-01,,,,,Missing expiration
2025,06mm3,Ulrich Chomche,Overseas Players Two,2025-04-02,2026,1,2025-10-21,Pittsburgh,Missing expiration
2026,06mm3,Ulrich Chomche,Tulsa,2026-04-01,,,,,Missing expiration
2025,06mm4,Ariel Hukporti,Overseas Players Two,2025-04-02,2026,1,2025-10-21,Pittsburgh,Missing expiration
2026,06mm4,Ariel Hukporti,Pittsburgh,2026-04-01,2027,1,2026-10-20,Pittsburgh,Continued
2027,06mm4,Ariel Hukporti,Pittsburgh,2027-04-11,,,,,Missing expiration
2026,06mm5,PJ Hall,Buffalo,2026-04-01,,,,,Missing expiration
2025,06mmc,Justin Edwards,Little Rock,2025-04-02,2026,1,2025-10-21,Little Rock,Continued
2026,06mmc,Justin Edwards,Little Rock,2026-04-01,2027,1,2026-10-20,Little Rock,Continued
2027,06mmc,Justin Edwards,Little Rock,2027-04-11,,,,,Missing expiration
2025,06mmd,Blake Hinson,Overseas Players One,2025-04-02,,,,,Missing expiration
2026,06mmf,Daniss Jenkins,San Diego,2026-04-01,2027,1,2026-10-20,Buffalo,Missing expiration + move
2027,06mmf,Daniss Jenkins,Buffalo,2027-04-11,,,,,Missing expiration
2025,06mmg,Isaiah Crawford,Overseas Players One,2025-04-02,2026,1,2025-10-21,Birmingham,Missing expiration
2026,06mmg,Isaiah Crawford,Birmingham,2026-04-01,,,,,Missing expiration
2025,06mmh,Isaac Jones,Pittsburgh,2025-04-02,2026,1,2025-10-21,Pittsburgh,Continued
2026,06mmh,Isaac Jones,San Diego,2026-04-01,,,,,Missing expiration
2026,06mmi,Branden Carlson,Tampa Bay,2026-04-01,2027,1,2026-10-20,Tampa Bay,Continued
2027,06mmi,Branden Carlson,Tampa Bay,2027-04-11,,,,,Missing expiration
2025,06mp4,Trey Alexander,Overseas Players One,2025-04-02,2026,1,2025-10-21,Jacksonville,Missing expiration
2026,06mp4,Trey Alexander,Baltimore,2026-04-01,2027,1,2026-10-20,Baltimore,Continued
2027,06mp4,Trey Alexander,Baltimore,2027-04-11,,,,,Missing expiration
2026,06nv9,Spencer Jones,Anaheim,2026-04-01,2027,1,2026-10-20,Manchester,Missing expiration + move
2027,06nv9,Spencer Jones,Manchester,2027-04-11,,,,,Missing expiration
2026,06prl,NaeQwan Tomlin,Buffalo,2026-04-01,2027,1,2026-10-20,Buffalo,Continued
2027,06prl,NaeQwan Tomlin,Buffalo,2027-04-11,,,,,Missing expiration
2026,06pvy,Yuki Kawamura,Lincoln,2026-04-01,,,,,Missing expiration
2026,06pw1,RayJ Dennis,Buffalo,2026-04-01,,,,,Missing expiration
2025,06q2e,Jamison Battle,Pittsburgh,2025-04-02,2026,1,2025-10-21,Manchester,Documented release/signing
2026,06q2e,Jamison Battle,Manchester,2026-04-01,,,,,Missing expiration
2026,06v55,Kasparas Jakucionis,Buffalo,2026-04-01,2027,1,2026-10-20,Buffalo,Continued
2027,06v55,Kasparas Jakucionis,Buffalo,2027-04-11,,,,,Missing expiration
2026,06v56,Walter Clayton,Tulsa,2026-04-01,2027,1,2026-10-20,Tulsa,Continued
2027,06v56,Walter Clayton,Tulsa,2027-04-11,,,,,Missing expiration
2026,06v57,Ace Bailey,Nashville,2026-04-01,2027,1,2026-10-20,Nashville,Continued
2027,06v57,Ace Bailey,Nashville,2027-04-11,,,,,Missing expiration
2026,06v58,Tre Johnson,Cincinnati,2026-04-01,2027,1,2026-10-20,Cincinnati,Continued
2027,06v58,Tre Johnson,Cincinnati,2027-04-11,,,,,Missing expiration
2026,06v59,Will Riley,Nashville,2026-04-01,2027,1,2026-10-20,Nashville,Continued
2027,06v59,Will Riley,Nashville,2027-04-11,,,,,Missing expiration
2026,06v5a,Collin Murray-Boyles,El Paso,2026-04-01,2027,1,2026-10-20,El Paso,Continued
2027,06v5a,Collin Murray-Boyles,El Paso,2027-04-11,,,,,Missing expiration
2026,06v5b,Yanic Konan Niederhauser,Jacksonville,2026-04-01,2027,1,2026-10-20,Jacksonville,Continued
2027,06v5b,Yanic Konan Niederhauser,Jacksonville,2027-04-11,,,,,Missing expiration
2026,06v5c,Asa Newell,Albuquerque,2026-04-01,2027,1,2026-10-20,Albuquerque,Continued
2027,06v5c,Asa Newell,Albuquerque,2027-04-11,,,,,Missing expiration
2026,06v5d,Hugo Gonzalez,Vegas,2026-04-01,2027,1,2026-10-20,Vegas,Continued
2027,06v5d,Hugo Gonzalez,Vegas,2027-04-11,,,,,Missing expiration
2026,06v5e,Yang Hansen,Tulsa,2026-04-01,2027,1,2026-10-20,Austin,Missing expiration + move
2027,06v5e,Yang Hansen,Austin,2027-04-11,,,,,Missing expiration
2026,06v5f,Khaman Maluach,Vegas,2026-04-01,2027,1,2026-10-20,Vegas,Continued
2027,06v5f,Khaman Maluach,Vegas,2027-04-11,,,,,Missing expiration
2026,06v5g,Jeremiah Fears,Tulsa,2026-04-01,2027,1,2026-10-20,Tulsa,Continued
2027,06v5g,Jeremiah Fears,Tulsa,2027-04-11,,,,,Missing expiration
2026,06v5h,Derik Queen,Columbus,2026-04-01,2027,1,2026-10-20,Columbus,Continued
2027,06v5h,Derik Queen,Columbus,2027-04-11,,,,,Missing expiration
2026,06v5i,Thomas Sorber,Seattle,2026-04-01,2027,1,2026-10-20,Seattle,Continued
2027,06v5i,Thomas Sorber,Seattle,2027-04-11,,,,,Missing expiration
2026,06v5j,Jase Richardson,Jacksonville,2026-04-01,2027,1,2026-10-20,Jacksonville,Continued
2027,06v5j,Jase Richardson,Jacksonville,2027-04-11,,,,,Missing expiration
2026,06v5k,VJ Edgecombe,Albuquerque,2026-04-01,2027,1,2026-10-20,Albuquerque,Continued
2027,06v5k,VJ Edgecombe,Albuquerque,2027-04-11,,,,,Missing expiration
2026,06v5l,Cooper Flagg,Manchester,2026-04-01,2027,1,2026-10-20,Manchester,Continued
2027,06v5l,Cooper Flagg,Manchester,2027-04-11,,,,,Missing expiration
2026,06v5m,Joan Beringer,Lincoln,2026-04-01,2027,1,2026-10-20,Lincoln,Continued
2027,06v5m,Joan Beringer,Lincoln,2027-04-11,,,,,Missing expiration
2026,06v5n,Kon Knueppel,El Paso,2026-04-01,2027,1,2026-10-20,El Paso,Continued
2027,06v5n,Kon Knueppel,El Paso,2027-04-11,,,,,Missing expiration
2026,06v5o,Liam McNeeley,San Jose,2026-04-01,2027,1,2026-10-20,San Jose,Continued
2027,06v5o,Liam McNeeley,San Jose,2027-04-11,,,,,Missing expiration
2026,06v5p,Nolan Traore,Tampa Bay,2026-04-01,2027,1,2026-10-20,Tampa Bay,Continued
2027,06v5p,Nolan Traore,Tampa Bay,2027-04-11,,,,,Missing expiration
2026,06v5q,Danny Wolf,Baltimore,2026-04-01,2027,1,2026-10-20,Baltimore,Continued
2027,06v5q,Danny Wolf,Baltimore,2027-04-11,,,,,Missing expiration
2026,06v5r,Egor Demin,Providence,2026-04-01,2027,1,2026-10-20,Providence,Continued
2027,06v5r,Egor Demin,Providence,2027-04-11,,,,,Missing expiration
2026,06v5s,Drake Powell,Columbus,2026-04-01,2027,1,2026-10-20,Columbus,Continued
2027,06v5s,Drake Powell,Columbus,2027-04-11,,,,,Missing expiration
2026,06v5t,Ben Saraf,Boise,2026-04-01,2027,1,2026-10-20,Boise,Continued
2027,06v5t,Ben Saraf,Boise,2027-04-11,,,,,Missing expiration
2026,06v5u,Noa Essengue,San Jose,2026-04-01,2027,1,2026-10-20,San Jose,Continued
2027,06v5u,Noa Essengue,San Jose,2027-04-11,,,,,Missing expiration
2026,06v5v,Cedric Coward,Seattle,2026-04-01,2027,1,2026-10-20,Seattle,Continued
2027,06v5v,Cedric Coward,Seattle,2027-04-11,,,,,Missing expiration
2026,06v5w,Nique Clifford,Cincinnati,2026-04-01,2027,1,2026-10-20,Cincinnati,Continued
2027,06v5w,Nique Clifford,Cincinnati,2027-04-11,,,,,Missing expiration
2026,06v5x,Carter Bryant,Tulsa,2026-04-01,2027,1,2026-10-20,Kentucky,Missing expiration + move
2027,06v5x,Carter Bryant,Kentucky,2027-04-11,,,,,Missing expiration
2026,06v5y,Dylan Harper,Birmingham,2026-04-01,2027,1,2026-10-20,Birmingham,Continued
2027,06v5y,Dylan Harper,Birmingham,2027-04-11,,,,,Missing expiration
2026,06v72,Rasheer Fleming,Tulsa,2026-04-01,2027,1,2026-10-20,Tulsa,Continued
2027,06v72,Rasheer Fleming,Tulsa,2027-04-11,,,,,Missing expiration
2026,06v7y,Noah Penda,Manchester,2026-04-01,2027,1,2026-10-20,Cincinnati,Missing expiration + move
2027,06v7y,Noah Penda,Cincinnati,2027-04-11,,,,,Missing expiration
2026,06v7z,Sion James,Seattle,2026-04-01,2027,1,2026-10-20,Seattle,Continued
2027,06v7z,Sion James,Seattle,2027-04-11,,,,,Missing expiration
2026,06v80,Ryan Kalkbrenner,Columbus,2026-04-01,2027,1,2026-10-20,Columbus,Continued
2027,06v80,Ryan Kalkbrenner,Columbus,2027-04-11,,,,,Missing expiration
2026,06v81,Johni Broome,Jacksonville,2026-04-01,2027,1,2026-10-20,Jacksonville,Continued
2027,06v81,Johni Broome,Jacksonville,2027-04-11,,,,,Missing expiration
2026,06v82,Adou Thiero,Birmingham,2026-04-01,2027,1,2026-10-20,Birmingham,Continued
2027,06v82,Adou Thiero,Birmingham,2027-04-11,,,,,Missing expiration
2026,06v83,Chaz Lanier,Austin,2026-04-01,2027,1,2026-10-20,Austin,Continued
2027,06v83,Chaz Lanier,Austin,2027-04-11,,,,,Missing expiration
2026,06v84,Kam Jones,Columbus,2026-04-01,2027,1,2026-10-20,Columbus,Continued
2027,06v84,Kam Jones,Columbus,2027-04-11,,,,,Missing expiration
2026,06v85,Alijah Martin,San Diego,2026-04-01,2027,1,2026-10-20,San Diego,Continued
2027,06v85,Alijah Martin,San Diego,2027-04-11,,,,,Missing expiration
2026,06v86,Micah Peavy,Vegas,2026-04-01,2027,1,2026-10-20,Vegas,Continued
2027,06v86,Micah Peavy,Vegas,2027-04-11,,,,,Missing expiration
2026,06v87,Koby Brea,Cincinnati,2026-04-01,2027,1,2026-10-20,Cincinnati,Continued
2027,06v87,Koby Brea,Cincinnati,2027-04-11,,,,,Missing expiration
2026,06v88,Maxime Raynaud,Pittsburgh,2026-04-01,2027,1,2026-10-20,Pittsburgh,Continued
2027,06v88,Maxime Raynaud,Pittsburgh,2027-04-11,,,,,Missing expiration
2026,06v89,Jamir Watkins,Buffalo,2026-04-01,2027,1,2026-10-20,Buffalo,Continued
2027,06v89,Jamir Watkins,Buffalo,2027-04-11,,,,,Missing expiration
2026,06v8a,Brooks Barnhizer,Columbus,2026-04-01,2027,1,2026-10-20,Columbus,Continued
2027,06v8a,Brooks Barnhizer,Columbus,2027-04-11,,,,,Missing expiration
2026,06v8b,Rocco Zikarsky,St. Louis,2026-04-01,2027,1,2026-10-20,St. Louis,Continued
2027,06v8b,Rocco Zikarsky,St. Louis,2027-04-11,,,,,Missing expiration
2026,06v8c,Amari Williams,Little Rock,2026-04-01,2027,1,2026-10-20,Little Rock,Continued
2027,06v8c,Amari Williams,Little Rock,2027-04-11,,,,,Missing expiration
2026,06v8d,Bogoljub Markovic,Columbus,2026-04-01,2027,1,2026-10-20,Columbus,Continued
2027,06v8d,Bogoljub Markovic,Columbus,2027-04-11,,,,,Missing expiration
2026,06v8e,Javon Small,Vegas,2026-04-01,2027,1,2026-10-20,Vegas,Continued
2027,06v8e,Javon Small,Vegas,2027-04-11,,,,,Missing expiration
2026,06v8f,Tyrese Proctor,Vancouver,2026-04-01,2027,1,2026-10-20,Vancouver,Continued
2027,06v8f,Tyrese Proctor,Vancouver,2027-04-11,,,,,Missing expiration
2026,06v8g,Kobe Sanders,Providence,2026-04-01,2027,1,2026-10-20,Providence,Continued
2027,06v8g,Kobe Sanders,Providence,2027-04-11,,,,,Missing expiration
2026,06v8h,Mohamed Diawara,Birmingham,2026-04-01,2027,1,2026-10-20,Birmingham,Continued
2027,06v8h,Mohamed Diawara,Birmingham,2027-04-11,,,,,Missing expiration
2026,06v8i,Alex Toohey,Jacksonville,2026-04-01,2027,1,2026-10-20,Jacksonville,Continued
2027,06v8i,Alex Toohey,Jacksonville,2027-04-11,,,,,Missing expiration
2026,06v8j,John Tonje,Kentucky,2026-04-01,2027,1,2026-10-20,Kentucky,Continued
2027,06v8j,John Tonje,Kentucky,2027-04-11,,,,,Missing expiration
2026,06v8p,Will Richard,Anaheim,2026-04-01,2027,1,2026-10-20,Anaheim,Continued
2027,06v8p,Will Richard,Anaheim,2027-04-11,,,,,Missing expiration
2026,06vxp,Taelon Peter,Vegas,2026-04-01,2027,1,2026-10-20,Vegas,Continued
2027,06vxp,Taelon Peter,Vegas,2027-04-11,,,,,Missing expiration
2026,06vxq,Jahmai Mashack,Pittsburgh,2026-04-01,2027,1,2026-10-20,Pittsburgh,Continued
2027,06vxq,Jahmai Mashack,Pittsburgh,2027-04-11,,,,,Missing expiration
2026,06vxy,Vladislav Goldin,Cincinnati,2026-04-01,2027,1,2026-10-20,Cincinnati,Continued
2027,06vxy,Vladislav Goldin,Cincinnati,2027-04-11,,,,,Missing expiration
2026,06vy1,Eric Dixon,Boise,2026-04-01,2027,1,2026-10-20,Boise,Continued
2027,06vy1,Eric Dixon,Boise,2027-04-11,,,,,Missing expiration
2026,06vy3,Caleb Love,Albuquerque,2026-04-01,2027,1,2026-10-20,Albuquerque,Continued
2027,06vy3,Caleb Love,Albuquerque,2027-04-11,,,,,Missing expiration
2026,06vyb,Lachlan Olbrich,Nashville,2026-04-01,2027,1,2026-10-20,Nashville,Continued
2027,06vyb,Lachlan Olbrich,Nashville,2027-04-11,,,,,Missing expiration
2026,06y2o,Dylan Cardwell,Lincoln,2026-04-01,2027,1,2026-10-20,Lincoln,Continued
2027,06y2o,Dylan Cardwell,Lincoln,2027-04-11,,,,,Missing expiration
2026,06y3q,Ryan Nembhard,Providence,2026-04-01,2027,1,2026-10-20,Lincoln,Missing expiration + move
2027,06y3q,Ryan Nembhard,Lincoln,2027-04-11,,,,,Missing expiration
2026,07215,Moussa Cisse,Pittsburgh,2026-04-01,,,,,Missing expiration
2027,076su,Aday Mara,Tulsa,2027-04-11,,,,,Missing expiration
2027,076sv,Bennett Stirtz,Seattle,2027-04-11,,,,,Missing expiration
2027,076sw,Labaron Philon,Des Moines,2027-04-11,,,,,Missing expiration
2027,076sx,Yaxel Lendeborg,Birmingham,2027-04-11,,,,,Missing expiration
2027,076sy,Morez Johnson,Albuquerque,2027-04-11,,,,,Missing expiration
2027,076sz,Sergio De Larrea,San Diego,2027-04-11,,,,,Missing expiration
2027,076t0,Caleb Wilson,Nashville,2027-04-11,,,,,Missing expiration
2027,076t1,Dailyn Swain,Buffalo,2027-04-11,,,,,Missing expiration
2027,076t2,Cameron Carr,Tulsa,2027-04-11,,,,,Missing expiration
2027,076t3,Karim Lopez,Providence,2027-04-11,,,,,Missing expiration
2027,076t4,Ebuka Okorie,Jacksonville,2027-04-11,,,,,Missing expiration
2027,076t5,Alex Karaban,Baltimore,2027-04-11,,,,,Missing expiration
2027,076t6,Darius Acuff,Tulsa,2027-04-11,,,,,Missing expiration
2027,076t7,Tarris Reed,Baltimore,2027-04-11,,,,,Missing expiration
2027,076t8,Jayden Quaintance,Honolulu,2027-04-11,,,,,Missing expiration
2027,076t9,Darryn Peterson,Tulsa,2027-04-11,,,,,Missing expiration
2027,076ta,AJ Dybantsa,Manchester,2027-04-11,,,,,Missing expiration
2027,076tb,Allen Graves,Lincoln,2027-04-11,,,,,Missing expiration
2027,076tc,Keaton Wagler,Little Rock,2027-04-11,,,,,Missing expiration
2027,076td,Zuby Ejiofor,Lansing,2027-04-11,,,,,Missing expiration
2027,076te,Kingston Flemings,El Paso,2027-04-11,,,,,Missing expiration
2027,076tf,Chris Cenac,Austin,2027-04-11,,,,,Missing expiration
2027,076tg,Koa Peat,Columbus,2027-04-11,,,,,Missing expiration
2027,076th,Christian Anderson,Providence,2027-04-11,,,,,Missing expiration
2027,076ti,Hannes Steinbach,Buffalo,2027-04-11,,,,,Missing expiration
2027,076tj,Joshua Jefferson,Anchorage,2027-04-11,,,,,Missing expiration
2027,076tk,Mikel Brown,Vegas,2027-04-11,,,,,Missing expiration
2027,076tl,Brayden Burries,San Jose,2027-04-11,,,,,Missing expiration
2027,076tm,Nate Ament,Columbus,2027-04-11,,,,,Missing expiration
2027,076tq,Ryan Conwell,Vegas,2027-04-11,,,,,Missing expiration
2027,076tr,Jack Kayil,Seattle,2027-04-11,,,,,Missing expiration
2027,076ts,Tyler Nickel,Columbus,2027-04-11,,,,,Missing expiration
2027,076tt,Ugonna Onyenso,Pittsburgh,2027-04-11,,,,,Missing expiration
2027,076tu,Felix Okpara,Columbus,2027-04-11,,,,,Missing expiration
2027,076tv,Jaden Bradley,Kentucky,2027-04-11,,,,,Missing expiration
2027,076tw,Nick Martinelli,Columbus,2027-04-11,,,,,Missing expiration
2027,076ty,Baba Miller,Manchester,2027-04-11,,,,,Missing expiration
2027,076tz,Trevon Brazile,Vancouver,2027-04-11,,,,,Missing expiration
2027,076u0,Bryce Hopkins,Des Moines,2027-04-11,,,,,Missing expiration
2027,076u1,Henri Veesaar,Little Rock,2027-04-11,,,,,Missing expiration
2027,076u2,Dillon Mitchell,Des Moines,2027-04-11,,,,,Missing expiration
2027,076u3,Bruce Thornton,El Paso,2027-04-11,,,,,Missing expiration
2027,076u4,Meleek Thomas,Providence,2027-04-11,,,,,Missing expiration
2027,076u5,Jaron Pierre,Pittsburgh,2027-04-11,,,,,Missing expiration
2027,076u6,Braden Smith,Columbus,2027-04-11,,,,,Missing expiration
2027,076u7,Otega Oweh,Seattle,2027-04-11,,,,,Missing expiration
2027,076u9,Izaiyah Nelson,Vegas,2027-04-11,,,,,Missing expiration
2027,076ub,Tobi Lawal,San Jose,2027-04-11,,,,,Missing expiration
2027,076ud,Isaiah Evans,Tulsa,2027-04-11,,,,,Missing expiration
2027,076uf,Tyler Bilodeau,Columbus,2027-04-11,,,,,Missing expiration
2027,076uh,AK Okereke,Manchester,2027-04-11,,,,,Missing expiration
2027,076ui,Richie Saunders,Kentucky,2027-04-11,,,,,Missing expiration
2027,076uj,Emanuel Sharp,Vancouver,2027-04-11,,,,,Missing expiration
2027,076uk,JaKobi Gillespie,Columbus,2027-04-11,,,,,Missing expiration
2027,076ul,Maliq Brown,Birmingham,2027-04-11,,,,,Missing expiration
2027,076um,Quadir Copeland,Vegas,2027-04-11,,,,,Missing expiration
2027,076vc,Cameron Boozer,El Paso,2027-04-11,,,,,Missing expiration
2027,0779m,Alpha Diallo,Vegas,2027-04-11,,,,,Missing expiration
